bacdive_id	species	gtdb_species	gtdb_genus	gtdb_phylum	gtdb_accession	ncbi_assembly_accession	assembly_genbank	assembly_refseq	match_method	type_strain_bacdive	gtdb_is_type_strain_of_species	gram	gram_fine	shape	shape_fine	motility	motility_fine	spore	spore_fine	oxygen	oxygen_fine	temperature	temperature_fine	temperature_bin_source	temperature_point	oxygen_microaerophile_folded	ph	ph_bin_source	halophily_level
12	Acetobacter cerevisiae	Acetobacter cerevisiae	Acetobacter	Pseudomonadota	RS_GCF_001580535.1	GCF_001580535.1	GCA_001580535.1	GCF_001580535.1	accession	True	True	negative	negative	rod	rod	no	no	no	no	aerobe	aerobe	meso	meso	growth_range	31.5	False		none	
19	Acetobacter oeni	Acetobacter oeni	Acetobacter	Pseudomonadota	RS_GCF_011516825.1	GCF_011516825.1	GCA_011516825.1	GCF_011516825.1	accession	True	True	negative	negative	rod	rod	yes	yes	no	no	aerobe	aerobe	meso	meso	optimum	28.0	False		none	
21	Acetobacter senegalensis	Acetobacter senegalensis	Acetobacter	Pseudomonadota	RS_GCF_001580995.1	GCF_001580995.1	GCA_001580995.1	GCF_001580995.1	accession	False	True	negative	negative	coccus	coccus	yes	yes	no	no	aerobe	aerobe	meso	meso	optimum	35.0	False		none	
63	Saccharibacter floricola	Saccharibacter floricola	Saccharibacter	Pseudomonadota	RS_GCF_000378165.1	GCF_000378165.1	GCA_000378165.1	GCF_000378165.1	accession	True	True	negative	negative	rod	rod	no	no	no	no	aerobe	aerobe	meso	meso	growth_single_point	28.0	False	neutrophile	optimum	
72	Roseomonas aquatica	Belnapia aquatica	Belnapia	Pseudomonadota	RS_GCF_030409335.1	GCF_030409335.1	GCA_030409335.1	GCF_030409335.1	accession	True	True	negative	negative	other	other	no	no	no	no	aerobe	aerobe	meso	meso	optimum	26.5	False	neutrophile	optimum	
73	Roseomonas vinacea	Roseomonas vinacea	Roseomonas	Pseudomonadota	RS_GCF_042433125.1	GCF_042433125.1	GCA_042433125.1	GCF_042433125.1	designation	True	True	negative	negative	rod	rod	no	no	no	no	aerobe	aerobe	meso	meso	optimum	31.0	False	neutrophile	optimum	
99	Acidaminococcus intestini	Acidaminococcus intestini	Acidaminococcus	Bacillota	RS_GCF_000425045.1	GCF_000425045.1	GCA_000425045.1	GCF_000425045.1	accession	True	True	negative	negative	coccus	coccus	no	no	no	no	anaerobe	anaerobe	meso	meso	growth_single_point	37.0	False		none	
103	Succiniclasticum ruminis	Succiniclasticum ruminis	Succiniclasticum	Bacillota	RS_GCF_900112895.1	GCF_900112895.1	GCA_900112895.1	GCF_900112895.1	accession	True	True	negative	negative	rod	rod	no	no	no	no	anaerobe	anaerobe	meso	meso	growth_range	38.0	False		none	
105	Succinispira mobilis	Succinispira mobilis	Succinispira	Bacillota	RS_GCF_000384135.1	GCF_000384135.1	GCA_000384135.1	GCF_000384135.1	accession	True	True	negative	negative	other	spiral	yes	yes	no	no	anaerobe	anaerobe	meso	meso	optimum	37.0	False	neutrophile	optimum	
135	Terriglobus saanensis	Terriglobus saanensis	Terriglobus	Acidobacteriota	RS_GCF_000179915.2	GCF_000179915.2	GCA_000179915.2	GCF_000179915.2	accession	True	True	negative	negative	rod	rod	no	no	no	no	aerobe	aerobe	meso	meso	optimum	25.0	False	neutrophile	optimum	
136	Granulicella rosea	Edaphobacter rosea	Edaphobacter	Acidobacteriota	RS_GCF_900188085.1	GCF_900188085.1	GCA_900188085.1	GCF_900188085.1	accession	True	True	negative	negative	rod	rod	no	no	no	no	aerobe	aerobe	meso	meso	optimum	20.0	False	acidophile	optimum	
137	Granulicella pectinivorans	Edaphobacter pectinivorans	Edaphobacter	Acidobacteriota	RS_GCF_900114625.1	GCF_900114625.1	GCA_900114625.1	GCF_900114625.1	accession	True	True	negative	negative	rod	rod	no	no	no	no	aerobe	aerobe	meso	meso	optimum	20.0	False	acidophile	optimum	
138	Granulicella aggregans	Edaphobacter aggregans_B	Edaphobacter	Acidobacteriota	RS_GCF_025685565.1	GCF_025685565.1	GCA_025685565.1	GCF_025685565.1	accession	True	True	negative	negative	rod	rod	no	no	no	no	aerobe	aerobe	meso	meso	optimum	20.0	False	acidophile	optimum	
139	Granulicella paludicola	Granulicella paludicola	Granulicella	Acidobacteriota	RS_GCF_025685545.1	GCF_025685545.1	GCA_025685545.1	GCF_025685545.1	accession	True	True	negative	negative	rod	rod	no	no	no	no	aerobe	aerobe	meso	meso	optimum	20.0	False	acidophile	optimum	
144	Actinobaculum suis	Actinobaculum suis	Actinobaculum	Actinomycetota	RS_GCF_900102025.1	GCF_900102025.1	GCA_900102025.1	GCF_900102025.1	accession	True	True	positive	positive	rod	rod	no	no	no	no	anaerobe	anaerobe	meso	meso	optimum	37.0	False	neutrophile	optimum	
161	Schaalia meyeri	Pauljensenia meyeri	Pauljensenia	Actinomycetota	RS_GCF_900105015.1	GCF_900105015.1	GCA_900105015.1	GCF_900105015.1	accession	True	True	positive	positive	rod	rod	no	no	no	no	anaerobe	anaerobe	meso	meso	optimum	33.5	False		none	
167	Winkia neuii subsp. neuii	Winkia neuii	Winkia	Actinomycetota	RS_GCF_000420405.1	GCF_000420405.1	GCA_000420405.1	GCF_000420405.1	accession	True	True	positive	positive	rod	rod	no	no	no	no	facultative		meso	meso	growth_range	35.5	False		none	
206	Mobiluncus mulieris	Mobiluncus mulieris	Mobiluncus	Actinomycetota	RS_GCF_000160615.1	GCF_000160615.1	GCA_000160615.1	GCF_000160615.1	accession	True	True	negative	negative	rod	rod	yes	yes	no	no	anaerobe	anaerobe	meso	meso	growth_range	38.5	False		none	
222	Aerococcus urinaeequi	Aerococcus urinaeequi	Aerococcus	Bacillota	RS_GCF_001543205.1	GCF_001543205.1	GCA_001543205.1	GCF_001543205.1	accession	True	True	positive	positive	coccus	coccus	no	no	no	no	facultative		meso	meso	optimum	27.5	False	alkaliphile	optimum	
224	Aerococcus sanguinicola	Aerococcus sanguinicola	Aerococcus	Bacillota	RS_GCF_001543145.1	GCF_001543145.1	GCA_001543145.1	GCF_001543145.1	accession	True	True	positive	positive	coccus	coccus	no	no	no	no	facultative	facultative	meso	meso	growth_range	33.0	False		none	
235	Ignavigranum ruoffiae	Ignavigranum ruoffiae	Ignavigranum	Bacillota	RS_GCF_900110675.1	GCF_900110675.1	GCA_900110675.1	GCF_900110675.1	accession	True	True	positive	positive	coccus	coccus	no	no	no	no	facultative		meso	meso	growth_range	35.0	False		none	
271	Pseudaeromonas sharmana	Pseudaeromonas sharmana	Pseudaeromonas	Pseudomonadota	RS_GCF_042649925.1	GCF_042649925.1	GCA_042649925.1	GCF_042649925.1	accession	True	True	negative	negative	rod	rod	yes	yes	no	no	facultative	facultative	meso	meso	growth_range	27.5	False	neutrophile	growth_range	
283	Aeromonas fluvialis	Aeromonas fluvialis	Aeromonas	Pseudomonadota	RS_GCF_000819885.1	GCF_000819885.1	GCA_000819885.1	GCF_000819885.1	accession	True	True	negative	negative	rod	rod	yes	yes	no	no	facultative	facultative	meso	meso	optimum	30.0	False	alkaliphile	growth_single_point	
285	Aeromonas taiwanensis	Aeromonas taiwanensis	Aeromonas	Pseudomonadota	RS_GCF_000820165.1	GCF_000820165.1	GCA_000820165.1	GCF_000820165.1	accession	True	True	negative	negative	rod	rod	yes	yes	no	no	facultative	facultative	meso	meso	optimum	30.0	False	alkaliphile	optimum	
286	Aeromonas sanarellii	Aeromonas sanarellii	Aeromonas	Pseudomonadota	RS_GCF_000820085.1	GCF_000820085.1	GCA_000820085.1	GCF_000820085.1	accession	True	True	negative	negative	rod	rod	yes	yes	no	no	facultative	facultative	meso	meso	optimum	30.0	False	alkaliphile	growth_single_point	
296	Zobellella denitrificans	Oceanimonas denitrificans	Oceanimonas	Pseudomonadota	RS_GCF_002237365.1	GCF_002237365.1	GCA_002237365.1	GCF_002237365.1	accession	True	True	negative	negative	rod	rod	yes	yes	no	no	facultative	facultative	meso	meso	optimum	32.5	False	neutrophile	optimum	
355	Oligella urethralis	Oligella urethralis	Oligella	Pseudomonadota	RS_GCF_000372065.1	GCF_000372065.1	GCA_000372065.1	GCF_000372065.1	accession	True	True	negative	negative	rod	rod	no	no	no	no	aerobe	aerobe	meso	meso	growth_range	36.0	False		none	
360	Pigmentiphaga daeguensis	Pigmentiphaga daeguensis	Pigmentiphaga	Pseudomonadota	RS_GCF_039523035.1	GCF_039523035.1	GCA_039523035.1	GCF_039523035.1	accession	True	True	negative	negative	rod	rod	no	no	no	no	aerobe	aerobe	meso	meso	optimum	37.0	False	neutrophile	optimum	
361	Pigmentiphaga litoralis	Pigmentiphaga litoralis	Pigmentiphaga	Pseudomonadota	RS_GCF_014651835.1	GCF_014651835.1	GCA_014651835.1	GCF_014651835.1	accession	True	True	negative	negative	rod	rod	no	no	no	no	facultative	facultative	meso	meso	optimum	27.5	False	neutrophile	optimum	
363	Pusillimonas soli	Allopusillimonas soli	Allopusillimonas	Pseudomonadota	RS_GCF_004153445.1	GCF_004153445.1	GCA_004153445.1	GCF_004153445.1	accession	True	True	negative	negative	rod	rod	yes	yes	no	no	aerobe	aerobe	meso	meso	optimum	30.0	False	neutrophile	optimum	
364	Pusillimonas ginsengisoli	Allopusillimonas ginsengisoli	Allopusillimonas	Pseudomonadota	RS_GCF_004153455.1	GCF_004153455.1	GCA_004153455.1	GCF_004153455.1	accession	True	True	negative	negative	rod	rod	yes	yes	no	no	aerobe	aerobe	meso	meso	optimum	30.0	False	neutrophile	optimum	
377	Bordetella avium	Bordetella avium	Bordetella	Pseudomonadota	RS_GCF_900445835.1	GCF_900445835.1	GCA_900445835.1	GCF_900445835.1	accession	True	True	negative	negative	rod	rod	yes	yes	no	no	aerobe	aerobe	meso	meso	optimum	37.0	False		none	
384	Advenella mimigardefordensis	Advenella mimigardefordensis	Advenella	Pseudomonadota	RS_GCF_000521505.1	GCF_000521505.1	GCA_000521505.1	GCF_000521505.1	accession	True	True	negative	negative	other	other	yes	yes	no	no	aerobe	aerobe	meso	meso	optimum	33.5	False		none	
394	Alcanivorax dieselolei	Alloalcanivorax dieselolei	Alloalcanivorax	Pseudomonadota	RS_GCF_014644575.1	GCF_014644575.1	GCA_014644575.1	GCF_014644575.1	accession	True	True	negative	negative	rod	rod	yes	yes	no	no	aerobe	aerobe	meso	meso	optimum	28.0	False		none	halophilic
428	Alicyclobacillus sacchari	Alicyclobacillus sacchari	Alicyclobacillus	Bacillota	RS_GCF_004366795.1	GCF_004366795.1	GCA_004366795.1	GCF_004366795.1	accession	True	True	positive	positive	rod	rod	yes	yes	yes	yes	aerobe	aerobe	thermo	thermo	optimum	47.5	False	acidophile	optimum	
429	Alicyclobacillus contaminans	Alicyclobacillus_A contaminans	Alicyclobacillus_A	Bacillota	RS_GCF_000429525.1	GCF_000429525.1	GCA_000429525.1	GCF_000429525.1	accession	True	True	positive	positive	rod	rod	yes	yes	yes	yes	aerobe	aerobe	thermo	thermo	optimum	52.5	False	acidophile	optimum	
430	Alicyclobacillus fastidiosus	Alicyclobacillus fastidiosus	Alicyclobacillus	Bacillota	RS_GCF_026651875.1	GCF_026651875.1	GCA_026651875.1	GCF_026651875.1	accession	True	True	positive	positive	rod	rod	no	no	yes	yes	aerobe	aerobe	meso	meso	optimum	42.5	False	acidophile	optimum	
431	Alicyclobacillus kakegawensis	Alicyclobacillus_G kakegawensis	Alicyclobacillus_G	Bacillota	RS_GCF_001552655.1	GCF_001552655.1	GCA_001552655.1	GCF_001552655.1	accession	True	True	positive	positive	rod	rod	yes	yes	yes	yes	aerobe	aerobe	thermo	thermo	optimum	52.5	False	acidophile	optimum	
432	Alicyclobacillus macrosporangiidus	Alicyclobacillus_H macrosporangiidus	Alicyclobacillus_H	Bacillota	RS_GCF_900116805.1	GCF_900116805.1	GCA_900116805.1	GCF_900116805.1	accession	True	True	positive	positive	rod	rod	yes	yes	yes	yes	aerobe	aerobe	thermo	thermo	optimum	52.5	False	acidophile	optimum	
433	Alicyclobacillus shizuokensis	Alicyclobacillus_G shizuokensis	Alicyclobacillus_G	Bacillota	RS_GCF_001552255.1	GCF_001552255.1	GCA_001552255.1	GCF_001552255.1	accession	True	True	positive	positive	rod	rod	yes	yes	yes	yes	aerobe	aerobe	thermo	thermo	optimum	47.5	False	acidophile	optimum	
434	Effusibacillus pohliae	Effusibacillus pohliae	Effusibacillus	Bacillota	RS_GCF_000376225.1	GCF_000376225.1	GCA_000376225.1	GCF_000376225.1	accession	True	True	positive	positive	rod	rod	no	no	yes	yes	aerobe	aerobe	thermo	thermo	optimum	55.0	False	neutrophile	optimum	
435	Alicyclobacillus ferrooxydans	Alicyclobacillus_B ferrooxydans	Alicyclobacillus_B	Bacillota	RS_GCF_001399675.1	GCF_001399675.1	GCA_001399675.1	GCF_001399675.1	accession	True	True	positive	positive	other	other	no	no	yes	yes	aerobe	aerobe	meso	meso	optimum	28.0	False	acidophile	optimum	
437	Aestuariibacter halophilus	Fluctibacter halophilus	Fluctibacter	Pseudomonadota	RS_GCF_020687825.1	GCF_020687825.1	GCA_020687825.1	GCF_020687825.1	accession	True	True	negative	negative	rod	rod	yes	yes	no	no	aerobe	aerobe	meso	meso	optimum	40.0	False	neutrophile	optimum	halophilic
438	Aestuariibacter salexigens	Aestuariibacter salexigens	Aestuariibacter	Pseudomonadota	RS_GCF_000429145.1	GCF_000429145.1	GCA_000429145.1	GCF_000429145.1	accession	True	True	negative	negative	rod	rod	yes	yes	no	no	aerobe	aerobe	meso	meso	optimum	35.0	False	neutrophile	optimum	halophilic
451	Glaciecola pallidula	Glaciecola pallidula	Glaciecola	Pseudomonadota	RS_GCF_000428905.1	GCF_000428905.1	GCA_000428905.1	GCF_000428905.1	accession	True	True	negative	negative	rod	rod	yes	yes	no	no	facultative	facultative	psychro	psychro	optimum	12.5	False		none	slightly halophilic
455	Marinimicrobium koreense	Marinimicrobium koreense	Marinimicrobium	Pseudomonadota	RS_GCF_003762925.1	GCF_003762925.1	GCA_003762925.1	GCF_003762925.1	accession	True	True	negative	negative	rod	rod	yes	yes	no	no	aerobe	aerobe	meso	meso	optimum	37.5	False	neutrophile	optimum	
456	Marinimicrobium agarilyticum	Marinimicrobium agarilyticum	Marinimicrobium	Pseudomonadota	RS_GCF_000423345.1	GCF_000423345.1	GCA_000423345.1	GCF_000423345.1	accession	True	True	negative	negative	rod	rod	yes	yes	no	no	aerobe	aerobe	meso	meso	optimum	35.0	False	neutrophile	optimum	
468	Microbulbifer epialgicus	Microbulbifer epialgicus	Microbulbifer	Pseudomonadota	RS_GCF_041447265.1	GCF_041447265.1	GCA_041447265.1	GCF_041447265.1	accession	True	True	negative	negative	other	other	no	no	no	no	aerobe	aerobe	meso	meso	optimum	30.0	False	neutrophile	optimum	
471	Salinimonas chungwhensis	Alteromonas chungwhensis	Alteromonas	Pseudomonadota	RS_GCF_000378185.1	GCF_000378185.1	GCA_000378185.1	GCF_000378185.1	accession	True	True	negative	negative	rod	rod	yes	yes	no	no	aerobe	aerobe	meso	meso	optimum	32.5	False	neutrophile	optimum	
482	Marinobacter algicola	Marinobacter algicola	Marinobacter	Pseudomonadota	RS_GCF_000170835.1	GCF_000170835.1	GCA_000170835.1	GCF_000170835.1	accession	True	True	negative	negative	rod	rod	yes	yes	no	no	aerobe	aerobe	meso	meso	optimum	27.5	False	neutrophile	optimum	
486	Marinobacter maritimus	Marinobacter maritimus	Marinobacter	Pseudomonadota	RS_GCF_007671675.1	GCF_007671675.1	GCA_007671675.1	GCF_007671675.1	accession	True	True	negative	negative	rod	rod	yes	yes	no	no	aerobe	aerobe	meso	meso	optimum	22.0	False	alkaliphile	optimum	
490	Marinobacter goseongensis	Marinobacter goseongensis	Marinobacter	Pseudomonadota	RS_GCF_023156235.1	GCF_023156235.1	GCA_023156235.1	GCF_023156235.1	accession	True	True	negative	negative	rod	rod	no	no	no	no	aerobe	aerobe	meso	meso	optimum	27.5	False	neutrophile	optimum	
491	Marinobacter santoriniensis	Marinobacter santoriniensis	Marinobacter	Pseudomonadota	RS_GCF_000347775.1	GCF_000347775.1	GCA_000347775.1	GCF_000347775.1	accession	True	True	negative	negative	rod	rod	yes	yes	no	no	facultative	facultative	meso	meso	optimum	37.5	False	neutrophile	optimum	moderately halophilic
492	Marinobacter oulmenensis	Marinobacter oulmenensis	Marinobacter	Pseudomonadota	RS_GCF_014201735.1	GCF_014201735.1	GCA_014201735.1	GCF_014201735.1	accession	True	True	negative	negative	rod	rod	yes	yes	no	no	aerobe	aerobe	meso	meso	optimum	38.5	False	neutrophile	optimum	moderately halophilic
493	Marinobacter adhaerens	Marinobacter adhaerens	Marinobacter	Pseudomonadota	RS_GCF_000166295.1	GCF_000166295.1	GCA_000166295.1	GCF_000166295.1	accession	True	True	negative	negative	rod	rod	yes	yes	no	no	aerobe	aerobe	meso	meso	optimum	36.0	False	neutrophile	optimum	
501	Anaerolinea thermophila	Anaerolinea thermophila	Anaerolinea	Chloroflexota	RS_GCF_000199675.1	GCF_000199675.1	GCA_000199675.1	GCF_000199675.1	accession	True	True	negative	negative	other	filamentous	no	no	no	no	anaerobe	anaerobe	thermo	thermo	optimum	55.0	False	neutrophile	optimum	
503	Leptolinea tardivitalis	Leptolinea tardivitalis	Leptolinea	Chloroflexota	RS_GCF_001050275.1	GCF_001050275.1	GCA_001050275.1	GCF_001050275.1	accession	True	True	negative	negative	other	filamentous	no	no	no	no	anaerobe	anaerobe	meso	meso	optimum	37.0	False	neutrophile	optimum	
504	Levilinea saccharolytica	Levilinea saccharolytica	Levilinea	Chloroflexota	RS_GCF_001306035.1	GCF_001306035.1	GCA_001306035.1	GCF_001306035.1	accession	True	True	negative	negative	other	filamentous	no	no	no	no	anaerobe	anaerobe	meso	meso	optimum	37.0	False	neutrophile	optimum	
506	Ornatilinea apprima	Ornatilinea apprima	Ornatilinea	Chloroflexota	RS_GCF_001306115.1	GCF_001306115.1	GCA_001306115.1	GCF_001306115.1	accession	True	True	negative	negative	other	filamentous	no	no	no	no	anaerobe	anaerobe	meso	meso	optimum	43.5	False	neutrophile	optimum	
512	Hydrogenobacter thermophilus	Hydrogenobacter thermophilus	Hydrogenobacter	Aquificota	RS_GCF_000010785.1	GCF_000010785.1	GCA_000010785.1	GCF_000010785.1	accession	True	True	negative	negative	rod	rod	no	no	no	no	aerobe	aerobe	thermo	thermo	optimum	72.5	False		none	
531	Martelella mediterranea	Martelella mediterranea	Martelella	Pseudomonadota	RS_GCF_002043005.1	GCF_002043005.1	GCA_002043005.1	GCF_002043005.1	accession	True	True	negative	negative	rod	rod	no	no	no	no	aerobe	aerobe	meso	meso	optimum	28.0	False	neutrophile	optimum	halotolerant
532	Aureimonas altamirensis	Aureimonas altamirensis	Aureimonas	Pseudomonadota	RS_GCF_001463885.1	GCF_001463885.1	GCA_001463885.1	GCF_001463885.1	accession	True	True	negative	negative	rod	rod	no	no	no	no	aerobe	aerobe	meso	meso	optimum	28.0	False		none	halophilic
545	Alkalibacillus filiformis	Alkalibacillus filiformis	Alkalibacillus	Bacillota	RS_GCF_030814115.1	GCF_030814115.1	GCA_030814115.1	GCF_030814115.1	accession	True	True	positive	positive	rod	rod	no	no	yes	yes	aerobe	aerobe	meso	meso	optimum	30.0	False	alkaliphile	optimum	
546	Alkalibacillus salilacus	Alkalibacillus salilacus	Alkalibacillus	Bacillota	RS_GCF_030812915.1	GCF_030812915.1	GCA_030812915.1	GCF_030812915.1	accession	True	True	positive	positive	rod	rod	yes	yes	yes	yes	aerobe	aerobe	meso	meso	growth_single_point	30.0	False		none	
547	Alkalibacillus silvisoli	Alkalibacillus silvisoli	Alkalibacillus	Bacillota	RS_GCF_039521975.1	GCF_039521975.1	GCA_039521975.1	GCF_039521975.1	accession	True	True	positive	positive	rod	rod	yes	yes	yes	yes	aerobe	aerobe	meso	meso	optimum	33.5	False	alkaliphile	optimum	
549	Alkalibacillus flavidus	Alkalibacillus flavidus	Alkalibacillus	Bacillota	RS_GCF_040545925.1	GCF_040545925.1	GCA_040545925.1	GCF_040545925.1	accession	True	True	positive	positive	rod	rod	yes	yes	yes	yes	aerobe	aerobe	meso	meso	optimum	37.0	False	alkaliphile	optimum	
556	Anoxybacillus tepidamans	Anoxybacteroides tepidamans	Anoxybacteroides	Bacillota	RS_GCF_014201465.1	GCF_014201465.1	GCA_014201465.1	GCF_014201465.1	accession	True	True	positive	positive	rod	rod	yes	yes	yes	yes	aerobe	aerobe	thermo	thermo	optimum	55.0	False	neutrophile	optimum	
560	Anoxybacillus amylolyticus	Anoxybacteroides amylolyticum	Anoxybacteroides	Bacillota	RS_GCF_001634285.1	GCF_001634285.1	GCA_001634285.1	GCF_001634285.1	accession	True	True	positive	positive	rod	rod	yes	yes	yes	yes	facultative	facultative	thermo	thermo	growth_range	48.5	False	neutrophile	growth_single_point	
577	Bacillus aminovorans	Domibacillus aminovorans	Domibacillus	Bacillota	RS_GCF_001643235.1	GCF_001643235.1	GCA_001643235.1	GCF_001643235.1	accession	False	True	positive	positive	rod	rod	yes	yes	no	no	aerobe	aerobe	meso	meso	growth_range	29.5	False		none	
599	Schinkia azotoformans	Schinkia azotoformans	Schinkia	Bacillota	RS_GCF_000307855.1	GCF_000307855.1	GCA_000307855.1	GCF_000307855.1	accession	True	True	positive	positive	rod	rod	yes	yes	yes	yes	aerobe	aerobe	meso	meso	growth_range	34.0	False		none	
602	Bacillus badius	Pseudobacillus badius	Pseudobacillus	Bacillota	RS_GCF_001591605.1	GCF_001591605.1	GCA_001591605.1	GCF_001591605.1	accession	True	True	positive	positive	rod	rod	yes	yes	yes	yes	aerobe	aerobe	meso	meso	growth_range	33.5	False	neutrophile	growth_single_point	
622	Bacillus cereus	Bacillus_A tropicus	Bacillus_A	Bacillota	GB_GCA_918183835.1	GCA_918183835.1	GCA_918183835.1		accession	False	False	positive	positive	rod	rod	yes	yes	yes	yes	facultative	facultative	meso	meso	growth_range	33.5	False	neutrophile	growth_single_point	
624	Bacillus cereus	Bacillus_A cereus	Bacillus_A	Bacillota	RS_GCF_000007825.1	GCF_000007825.1	GCA_000007825.1	GCF_000007825.1	accession	True	True	positive	positive	rod	rod	yes	yes	yes	yes	facultative	facultative	meso	meso	growth_range	33.5	False		none	
675	Cytobacillus firmus	Cytobacillus firmus	Cytobacillus	Bacillota	RS_GCF_001591465.1	GCF_001591465.1	GCA_001591465.1	GCF_001591465.1	accession	True	True	positive	positive	rod	rod	yes	yes	yes	yes	aerobe	aerobe	meso	meso	growth_range	23.5	False	neutrophile	growth_single_point	
678	Priestia flexa	Priestia flexa	Priestia	Bacillota	RS_GCF_001591565.1	GCF_001591565.1	GCA_001591565.1	GCF_001591565.1	accession	True	True	positive	positive	rod	rod	yes	yes	yes	yes	aerobe	aerobe	meso	meso	growth_single_point	30.0	False	neutrophile	growth_single_point	
683	Lederbergia lenta	Lederbergia lenta	Lederbergia	Bacillota	RS_GCF_001591545.1	GCF_001591545.1	GCA_001591545.1	GCF_001591545.1	accession	True	True	positive	positive	rod	rod	yes	yes	yes	yes	aerobe	aerobe	meso	meso	growth_range	23.5	False	neutrophile	growth_single_point	
689	Bacillus licheniformis	Bacillus licheniformis	Bacillus	Bacillota	RS_GCF_000011645.1	GCF_000011645.1	GCA_000011645.1	GCF_000011645.1	accession	True	True	positive	positive	rod	rod	yes	yes	yes	yes	facultative	facultative	meso	meso	growth_range	38.5	False	neutrophile	growth_single_point	
733	Priestia megaterium	Priestia megaterium	Priestia	Bacillota	RS_GCF_000832985.1	GCF_000832985.1	GCA_000832985.1	GCF_000832985.1	accession	True	True	positive	positive	rod	rod	no	no	yes	yes	aerobe	aerobe	meso	meso	growth_range	33.5	False	neutrophile	growth_single_point	
745	Bacillus mycoides	Bacillus_A mycoides	Bacillus_A	Bacillota	RS_GCF_000832605.1	GCF_000832605.1	GCA_000832605.1	GCF_000832605.1	accession	True	True	positive	positive	rod	rod	no	no	yes	yes	aerobe	aerobe	meso	meso	growth_range	31.0	False		none	
752	Bacillus pumilus	Bacillus sp002998085	Bacillus	Bacillota	RS_GCF_029478105.1	GCF_029478105.1	GCA_029478105.2	GCF_029478105.1	accession	False	False	positive	positive	rod	rod	yes	yes	yes	yes	aerobe	aerobe	meso	meso	growth_single_point	30.0	False		none	
782	Hydrogenibacillus schlegelii	Hydrogenibacillus schlegelii	Hydrogenibacillus	Bacillota	RS_GCF_001653195.1	GCF_001653195.1	GCA_001653195.1	GCF_001653195.1	accession	True	True	negative	negative	rod	rod	no	no	yes	yes	facultative	facultative	thermo	thermo	optimum	72.5	False	neutrophile	optimum	
830	Paenibacillus xerothermodurans	Paenibacillus_S xerothermodurans	Paenibacillus_S	Bacillota	RS_GCF_002220865.2	GCF_002220865.2	GCA_002220865.2	GCF_002220865.2	accession	True	True	positive	positive	rod	rod	yes	yes	yes	yes	facultative	facultative	meso	meso	optimum	37.0	False	neutrophile	optimum	
1069	Bacillus benzoevorans	Bacillus_BD benzoevorans	Bacillus_BD	Bacillota	RS_GCF_014207535.1	GCF_014207535.1	GCA_014207535.1	GCF_014207535.1	accession	True	True	positive	positive	rod	rod	yes	yes	yes	yes	facultative	facultative	meso	meso	growth_range	29.5	False		none	
1077	Bacillus atrophaeus	Bacillus atrophaeus	Bacillus	Bacillota	RS_GCF_001584335.1	GCF_001584335.1	GCA_001584335.1	GCF_001584335.1	accession	True	True	positive	positive	rod	rod	yes	yes	yes	yes	aerobe	aerobe	meso	meso	optimum	29.0	False	neutrophile	growth_range	
1093	Bacillus mojavensis	Bacillus mojavensis	Bacillus	Bacillota	RS_GCF_031316635.1	GCF_031316635.1	GCA_031316635.1	GCF_031316635.1	accession	True	True	positive	positive	rod	rod	yes	yes	yes	yes	aerobe	aerobe	meso	meso	optimum	29.0	False	neutrophile	growth_single_point	
1127	Shouchella clausii	Shouchella clausii	Shouchella	Bacillota	RS_GCF_002250115.1	GCF_002250115.1	GCA_002250115.1	GCF_002250115.1	accession	True	True	positive	positive	rod	rod	yes	yes	yes	yes	aerobe	aerobe	meso	meso	growth_range	27.5	False	neutrophile	growth_single_point	
1135	Alkalicoccobacillus gibsonii	Alkalicoccobacillus gibsonii	Alkalicoccobacillus	Bacillota	RS_GCF_028610635.1	GCF_028610635.1	GCA_028610635.1	GCF_028610635.1	accession	True	True	positive	positive	rod	rod	yes	yes	yes	yes	aerobe	aerobe	meso	meso	growth_range	23.5	False	neutrophile	growth_single_point	
1150	Bacillus vallismortis	Bacillus vallismortis	Bacillus	Bacillota	RS_GCF_004116955.1	GCF_004116955.1	GCA_004116955.1	GCF_004116955.1	accession	True	True	positive	positive	rod	rod	yes	yes	yes	yes	facultative	facultative	meso	meso	optimum	29.0	False	neutrophile	growth_range	
1151	Bacillus pseudomycoides	Bacillus_A pseudomycoides	Bacillus_A	Bacillota	RS_GCF_000161455.1	GCF_000161455.1	GCA_000161455.1	GCF_000161455.1	accession	True	True	positive	positive	rod	rod	no	no	yes	yes	facultative	facultative	meso	meso	optimum	28.0	False	neutrophile	growth_range	
1154	Bacillus horti	Bacillus_CH horti	Bacillus_CH	Bacillota	RS_GCF_030813115.1	GCF_030813115.1	GCA_030813115.1	GCF_030813115.1	accession	True	True	negative	negative	rod	rod	yes	yes	yes	yes	aerobe	aerobe	meso	meso	growth_range	27.5	False	alkaliphile	optimum	
1172	Bacillus subtilis	Bacillus subtilis	Bacillus	Bacillota	RS_GCF_905315035.2	GCF_905315035.2	GCA_905315035.2	GCF_905315035.2	accession	True	False	positive	positive	rod	rod	yes	yes	yes	yes	facultative	facultative	meso	meso	optimum	30.0	False	neutrophile	growth_single_point	
1193	Bacillus spizizenii	Bacillus spizizenii	Bacillus	Bacillota	RS_GCF_000227465.1	GCF_000227465.1	GCA_000227465.1	GCF_000227465.1	accession	True	True	positive	positive	rod	rod	yes	yes	yes	yes	aerobe	aerobe	meso	meso	growth_range	29.5	False	neutrophile	growth_single_point	
1194	Robertmurraya siralis	Robertmurraya siralis	Robertmurraya	Bacillota	RS_GCF_005502275.1	GCF_005502275.1	GCA_005502275.1	GCF_005502275.1	accession	True	True	positive	positive	rod	rod	yes	yes	yes	yes	aerobe	aerobe	meso	meso	growth_range	33.5	False		none	
1199	Halalkalibacterium halodurans	Halalkalibacterium halodurans	Halalkalibacterium	Bacillota	RS_GCF_001274915.2	GCF_001274915.2	GCA_001274915.2	GCF_001274915.2	accession	False	False	positive	positive	rod	rod	yes	yes	yes	yes	aerobe	aerobe	meso	meso	growth_range	38.5	False		none	
1201	Bacillus sonorensis	Bacillus sonorensis	Bacillus	Bacillota	RS_GCF_001592005.1	GCF_001592005.1	GCA_001592005.1	GCF_001592005.1	accession	True	True	positive	positive	rod	rod	yes	yes	yes	yes	facultative	facultative	meso	meso	growth_range	35.0	False	neutrophile	growth_range	
1203	Priestia endophytica	Bacillus_I endophytica	Bacillus_I	Bacillota	RS_GCF_900115845.1	GCF_900115845.1	GCA_900115845.1	GCF_900115845.1	accession	True	True	positive	positive	rod	rod	no	no	yes	yes	aerobe	aerobe	meso	meso	optimum	28.0	False	neutrophile	growth_single_point	
1205	Fictibacillus barbaricus	Fictibacillus barbaricus	Fictibacillus	Bacillota	RS_GCF_014635025.1	GCF_014635025.1	GCA_014635025.1	GCF_014635025.1	accession	True	True	positive	positive	rod	rod	no	no	yes	yes	aerobe	aerobe	meso	meso	growth_range	29.5	False	neutrophile	growth_single_point	
1216	Neobacillus novalis	Neobacillus novalis	Neobacillus	Bacillota	RS_GCF_001591805.1	GCF_001591805.1	GCA_001591805.1	GCF_001591805.1	accession	True	True	positive	positive	rod	rod	yes	yes	yes	yes	facultative	facultative	meso	meso	optimum	35.0	False	neutrophile	optimum	
1222	Caldalkalibacillus mannanilyticus	Bacillus_AT mannanilyticus	Bacillus_AT	Bacillota	RS_GCF_000615945.1	GCF_000615945.1	GCA_000615945.1	GCF_000615945.1	accession	True	True	positive	positive	rod	rod	yes	yes	yes	yes	aerobe	aerobe	meso	meso	optimum	37.0	False	alkaliphile	optimum	
1224	Rossellomorea marisflavi	Rossellomorea marisflavi	Rossellomorea	Bacillota	RS_GCF_001274775.1	GCF_001274775.1	GCA_001274775.1	GCF_001274775.1	accession	True	True	positive	positive	rod	rod	yes	yes	yes	yes	aerobe	aerobe	meso	meso	optimum	33.5	False	neutrophile	optimum	moderately halophilic
1225	Rossellomorea aquimaris	Rossellomorea aquimaris	Rossellomorea	Bacillota	RS_GCF_001648555.1	GCF_001648555.1	GCA_001648555.1	GCF_001648555.1	accession	True	True	positive	positive	rod	rod	yes	yes	yes	yes	aerobe	aerobe	meso	meso	optimum	33.5	False	neutrophile	optimum	moderately halophilic
1228	Metabacillus litoralis	Metabacillus litoralis	Metabacillus	Bacillota	RS_GCF_007994985.1	GCF_007994985.1	GCA_007994985.1	GCF_007994985.1	accession	True	True	positive	positive	rod	rod	yes	yes	yes	yes	aerobe	aerobe	meso	meso	optimum	37.0	False	neutrophile	optimum	
1229	Alkalihalobacillus macyae	Guptibacillus hwajinpoensis	Guptibacillus	Bacillota	RS_GCF_001039475.1	GCF_001039475.1	GCA_001039475.1	GCF_001039475.1	accession	True	False	positive	positive	rod	rod	yes	yes	yes	yes	anaerobe	anaerobe	meso	meso	optimum	32.5	False	neutrophile	optimum	
1233	Metabacillus indicus	Bacillus_P indicus	Bacillus_P	Bacillota	RS_GCF_000708755.2	GCF_000708755.2	GCA_000708755.2	GCF_000708755.2	accession	True	True	positive	positive	rod	rod	no	no	yes	yes	aerobe	aerobe	meso	meso	optimum	30.0	False	neutrophile	growth_range	
1234	Shouchella patagoniensis	Shouchella patagoniensis	Shouchella	Bacillota	RS_GCF_002019705.1	GCF_002019705.1	GCA_002019705.1	GCF_002019705.1	accession	True	True	positive	positive	rod	rod	no	no	yes	yes	aerobe	aerobe	meso	meso	growth_range	20.0	False		none	
1235	Alkalicoccus saliphilus	Alkalicoccus saliphilus	Alkalicoccus	Bacillota	RS_GCF_003044065.1	GCF_003044065.1	GCA_003044065.1	GCF_003044065.1	accession	True	True	positive	positive	coccus	coccus	no	no	no	no	aerobe	aerobe	meso	meso	optimum	37.0	False	alkaliphile	optimum	moderately halophilic
1237	Fictibacillus arsenicus	Fictibacillus arsenicus	Fictibacillus	Bacillota	RS_GCF_001999465.1	GCF_001999465.1	GCA_001999465.1	GCF_001999465.1	accession	True	False	positive	positive	rod	rod	yes	yes	yes	yes	aerobe	aerobe	meso	meso	optimum	30.0	False	neutrophile	optimum	
1240	Halalkalibacter wakoensis	Halalkalibacter wakoensis	Halalkalibacter	Bacillota	RS_GCF_000513095.1	GCF_000513095.1	GCA_000513095.1	GCF_000513095.1	accession	True	True	positive	positive	rod	rod	yes	yes	yes	yes	aerobe	aerobe	meso	meso	optimum	37.0	False	alkaliphile	optimum	
1241	Halalkalibacter hemicellulosilyticus	Halalkalibacter hemicellulosilyticus	Halalkalibacter	Bacillota	RS_GCF_000513115.1	GCF_000513115.1	GCA_000513115.1	GCF_000513115.1	accession	True	True	positive	positive	rod	rod	yes	yes	yes	yes	aerobe	aerobe	meso	meso	optimum	37.0	False	alkaliphile	optimum	
1243	Metabacillus niabensis	Metabacillus niabensis	Metabacillus	Bacillota	RS_GCF_030813165.1	GCF_030813165.1	GCA_030813165.1	GCF_030813165.1	accession	True	True	positive	positive	rod	rod	yes	yes	yes	yes	facultative	facultative	meso	meso	optimum	30.0	False	neutrophile	optimum	
1244	Priestia koreensis	Bacillus_AG koreensis	Bacillus_AG	Bacillota	RS_GCF_001274935.1	GCF_001274935.1	GCA_001274935.1	GCF_001274935.1	accession	True	True	positive	positive	rod	rod	yes	yes	yes	yes	aerobe	aerobe	meso	meso	optimum	37.5	False	neutrophile	optimum	
1247	Heyndrickxia ginsengihumi	Weizmannia ginsengihumi	Weizmannia	Bacillota	RS_GCF_011008565.1	GCF_011008565.1	GCA_011008565.1	GCF_011008565.1	accession	True	True	positive	positive	rod	rod	no	no	yes	yes	aerobe	aerobe	meso	meso	growth_single_point	30.0	False		none	
1249	Neobacillus pocheonensis	Neobacillus pocheonensis	Neobacillus	Bacillota	GB_GCA_023702235.1	GCA_023702235.1	GCA_023702235.1		accession	True	True	positive	positive	rod	rod	no	no	yes	yes	aerobe	aerobe	meso	meso	growth_range	27.5	False		none	
1254	Alteribacter aurantiacus	Alteribacter aurantiacus	Alteribacter	Bacillota	RS_GCF_000429705.1	GCF_000429705.1	GCA_000429705.1	GCF_000429705.1	accession	True	True	positive	positive	rod	rod	no	no	yes	yes	aerobe	aerobe	meso	meso	optimum	28.0	False	alkaliphile	optimum	
1255	Mesobacillus selenatarsenatis	Mesobacillus selenatarsenatis	Mesobacillus	Bacillota	RS_GCF_000813125.1	GCF_000813125.1	GCA_000813125.1	GCF_000813125.1	accession	True	True	positive	positive	rod	rod	yes	yes	yes	yes	facultative	facultative	meso	meso	optimum	32.5	False	neutrophile	optimum	
1257	Heyndrickxia shackletonii	Margalitia shackletonii	Margalitia	Bacillota	RS_GCF_001420715.1	GCF_001420715.1	GCA_001420715.1	GCF_001420715.1	accession	True	True	positive	positive	rod	rod	yes	yes	yes	yes	aerobe	aerobe	meso	meso	optimum	37.0	False	neutrophile	optimum	
1258	Rossellomorea vietnamensis	Rossellomorea vietnamensis	Rossellomorea	Bacillota	RS_GCF_001591825.1	GCF_001591825.1	GCA_001591825.1	GCF_001591825.1	accession	True	True	positive	positive	rod	rod	yes	yes	yes	yes	aerobe	aerobe	meso	meso	optimum	35.0	False	neutrophile	optimum	
1260	Bacillus alveayuensis	Bacillus_CB alveayuensis	Bacillus_CB	Bacillota	RS_GCF_030812955.1	GCF_030812955.1	GCA_030812955.1	GCF_030812955.1	accession	True	True	positive	positive	rod	rod	yes	yes	yes	yes	aerobe	aerobe	thermo	thermo	optimum	55.0	False	neutrophile	optimum	
1262	Halalkalibacter okhensis	Halalkalibacter okhensis	Halalkalibacter	Bacillota	RS_GCF_000787375.1	GCF_000787375.1	GCA_000787375.1	GCF_000787375.1	accession	True	True	positive	positive	rod	rod	yes	yes	no	no	aerobe	aerobe	meso	meso	optimum	37.0	False	alkaliphile	optimum	
1264	Bacillus safensis subsp. safensis	Bacillus safensis	Bacillus	Bacillota	RS_GCF_000691165.1	GCF_000691165.1	GCA_000691165.1	GCF_000691165.1	accession	True	True	positive	positive	rod	rod	yes	yes	yes	yes	facultative	facultative	meso	meso	growth_range	30.0	False		none	
1271	Peribacillus butanolivorans	Peribacillus butanolivorans	Peribacillus	Bacillota	RS_GCF_001273755.1	GCF_001273755.1	GCA_001273755.1	GCF_001273755.1	accession	True	True	positive	positive	rod	rod	yes	yes	yes	yes	aerobe	aerobe	meso	meso	optimum	25.0	False	neutrophile	optimum	
1273	Shouchella oshimensis	Shouchella oshimensis	Shouchella	Bacillota	RS_GCF_004375095.1	GCF_004375095.1	GCA_004375095.1	GCF_004375095.1	accession	True	True	positive	positive	rod	rod	yes	yes	yes	yes	aerobe	aerobe	meso	meso	optimum	25.0	False	neutrophile	optimum	
1275	Bacillus decisifrondis	Lysinibacillus agricola	Lysinibacillus	Bacillota	RS_GCF_001278875.1	GCF_001278875.1	GCA_001278875.1	GCF_001278875.1	accession	True	False	positive	positive	rod	rod	yes	yes	yes	yes	aerobe	aerobe	meso	meso	optimum	40.0	False	neutrophile	optimum	
1276	Salibacterium qingdaonense	Salibacterium qingdaonense	Salibacterium	Bacillota	RS_GCF_900114715.1	GCF_900114715.1	GCA_900114715.1	GCF_900114715.1	accession	True	True	positive	positive	rod	rod	no	no	no	no	aerobe	aerobe	meso	meso	optimum	37.0	False	alkaliphile	optimum	
1279	Peribacillus kribbensis	Paraperibacillus kribbensis	Paraperibacillus	Bacillota	RS_GCF_000430765.1	GCF_000430765.1	GCA_000430765.1	GCF_000430765.1	accession	True	True	positive	positive	rod	rod	yes	yes	yes	yes	aerobe	aerobe	meso	meso	optimum	31.5	False	neutrophile	optimum	
1281	Bacillus cecembensis	Solibacillus cecembensis	Solibacillus	Bacillota	GB_GCA_001439635.1	GCA_001439635.1	GCA_001439635.1		accession	True	True	positive	positive	rod	rod	yes	yes	yes	yes	aerobe	aerobe	meso	meso	optimum	25.0	False	neutrophile	optimum	
1284	Salibacterium aidingense	Salibacterium aidingense	Salibacterium	Bacillota	RS_GCF_000429685.1	GCF_000429685.1	GCA_000429685.1	GCF_000429685.1	accession	True	True	positive	positive	rod	rod	yes	yes	yes	yes	aerobe	aerobe	meso	meso	optimum	37.0	False	neutrophile	optimum	
1285	Fictibacillus solisalsi	Fictibacillus_C solisalsi	Fictibacillus_C	Bacillota	RS_GCF_900103485.1	GCF_900103485.1	GCA_900103485.1	GCF_900103485.1	accession	True	True	positive	positive	rod	rod	yes	yes	yes	yes	facultative	facultative	meso	meso	optimum	38.5	False	alkaliphile	optimum	
1286	Heyndrickxia acidiproducens	Weizmannia acidiproducens	Weizmannia	Bacillota	RS_GCF_000374345.1	GCF_000374345.1	GCA_000374345.1	GCF_000374345.1	accession	True	True	positive	positive	rod	rod	yes	yes	yes	yes	aerobe	aerobe	meso	meso	growth_range	33.5	False		none	
1294	Alkalihalobacillus trypoxylicola	Alkalihalobacillus trypoxylicola	Alkalihalobacillus	Bacillota	RS_GCF_001590785.1	GCF_001590785.1	GCA_001590785.1	GCF_001590785.1	accession	True	True	positive	positive	rod	rod	no	no	yes	yes	aerobe	aerobe	meso	meso	optimum	30.0	False	alkaliphile	optimum	
1297	Cytobacillus horneckiae	Cytobacillus horneckiae	Cytobacillus	Bacillota	RS_GCF_002835735.1	GCF_002835735.1	GCA_002835735.1	GCF_002835735.1	accession	True	True	positive	positive	rod	rod	yes	yes	yes	yes	aerobe	aerobe	meso	meso	optimum	30.0	False	neutrophile	optimum	
1299	Bacillus chungangensis	Bacillus_CF chungangensis	Bacillus_CF	Bacillota	RS_GCF_030812995.1	GCF_030812995.1	GCA_030812995.1	GCF_030812995.1	accession	True	True	positive	positive	rod	rod	yes	yes	yes	yes	aerobe	aerobe	meso	meso	optimum	30.0	False	neutrophile	optimum	
1300	Alkalihalophilus marmarensis	Alkalihalophilus marmarensis	Alkalihalophilus	Bacillota	RS_GCF_000474275.2	GCF_000474275.2	GCA_000474275.2	GCF_000474275.2	accession	True	True	positive	positive	rod	rod	yes	yes	yes	yes	aerobe	aerobe	meso	meso	optimum	35.0	False	alkaliphile	optimum	
1303	Cytobacillus oceanisediminis	Cytobacillus oceanisediminis	Cytobacillus	Bacillota	RS_GCF_007830235.1	GCF_007830235.1	GCA_007830235.1	GCF_007830235.1	accession	True	True	positive	positive	rod	rod	yes	yes	yes	yes	aerobe	aerobe	meso	meso	optimum	37.0	False	neutrophile	optimum	
1304	Fictibacillus nanhaiensis	Fictibacillus nanhaiensis	Fictibacillus	Bacillota	RS_GCF_017052515.1	GCF_017052515.1	GCA_017052515.1	GCF_017052515.1	accession	True	True	positive	positive	rod	rod	yes	yes	yes	yes	aerobe	aerobe	meso	meso	optimum	30.0	False	neutrophile	optimum	
1305	Shouchella hunanensis	Shouchella hunanensis	Shouchella	Bacillota	RS_GCF_028735875.1	GCF_028735875.1	GCA_028735875.1	GCF_028735875.1	accession	True	True	positive	positive	rod	rod	yes	yes	yes	yes	aerobe	aerobe	meso	meso	growth_range	29.0	False		none	
1317	Alteribacillus iranensis	Alteribacillus_A iranensis	Alteribacillus_A	Bacillota	RS_GCF_900113025.1	GCF_900113025.1	GCA_900113025.1	GCF_900113025.1	accession	True	True	positive	positive	rod	rod	yes	yes	yes	yes	aerobe	aerobe	meso	meso	optimum	35.0	False	neutrophile	optimum	
1318	Cytobacillus kochii	Cytobacillus kochii	Cytobacillus	Bacillota	RS_GCF_030812975.1	GCF_030812975.1	GCA_030812975.1	GCF_030812975.1	accession	True	True	positive	positive	rod	rod	yes	yes	yes	yes	aerobe	aerobe	meso	meso	optimum	30.0	False	neutrophile	optimum	
1324	Caldibacillus debilis	Caldibacillus debilis	Caldibacillus	Bacillota	RS_GCF_000383875.1	GCF_000383875.1	GCA_000383875.1	GCF_000383875.1	accession	True	True	negative	negative	rod	rod	yes	yes	yes	yes	aerobe	aerobe	thermo	thermo	growth_range	60.0	False		none	
1325	Cerasibacillus quisquiliarum	Cerasibacillus quisquiliarum	Cerasibacillus	Bacillota	RS_GCF_014202495.1	GCF_014202495.1	GCA_014202495.1	GCF_014202495.1	accession	True	True	positive	positive	rod	rod	yes	yes	yes	yes	aerobe	aerobe	thermo	thermo	optimum	50.0	False	alkaliphile	optimum	
1327	Halobacillus halophilus	Halobacillus halophilus	Halobacillus	Bacillota	RS_GCF_000284515.1	GCF_000284515.1	GCA_000284515.1	GCF_000284515.1	accession	True	True	positive	positive	rod	rod	yes	yes	yes	yes	aerobe	aerobe	meso	meso	growth_single_point	30.0	False		none	moderately halophilic
1348	Halobacillus dabanensis	Halobacillus dabanensis	Halobacillus	Bacillota	RS_GCF_900114165.1	GCF_900114165.1	GCA_900114165.1	GCF_900114165.1	accession	True	True	positive	positive	rod	rod	yes	yes	yes	yes	facultative	facultative	meso	meso	optimum	35.0	False	neutrophile	optimum	
1352	Halobacillus faecis	Halobacillus faecis	Halobacillus	Bacillota	RS_GCF_007991335.1	GCF_007991335.1	GCA_007991335.1	GCF_007991335.1	accession	True	True	positive	positive	rod	rod	no	no	yes	yes	aerobe	aerobe	meso	meso	growth_range	30.0	False	neutrophile	growth_range	halophilic
1354	Halobacillus seohaensis	Halobacillus_A seohaensis	Halobacillus_A	Bacillota	RS_GCF_042663045.1	GCF_042663045.1	GCA_042663045.1	GCF_042663045.1	accession	True	True	positive	positive	rod	rod	yes	yes	yes	yes	aerobe	aerobe	meso	meso	optimum	37.0	False	neutrophile	optimum	moderately halophilic
1355	Halobacillus alkaliphilus	Halobacillus alkaliphilus	Halobacillus	Bacillota	RS_GCF_900113125.1	GCF_900113125.1	GCA_900113125.1	GCF_900113125.1	accession	True	True	positive	positive	coccus	coccus	no	no	yes	yes	aerobe	aerobe	meso	meso	optimum	37.0	False	alkaliphile	optimum	halophilic
1357	Halolactibacillus halophilus	Halolactibacillus halophilus	Halolactibacillus	Bacillota	RS_GCF_900115605.1	GCF_900115605.1	GCA_900115605.1	GCF_900115605.1	accession	True	True	positive	positive	rod	rod	yes	yes	no	no	facultative	microaerophile	meso	meso	optimum	33.5	True	alkaliphile	optimum	
1358	Halolactibacillus miurensis	Halolactibacillus miurensis	Halolactibacillus	Bacillota	RS_GCF_900116255.1	GCF_900116255.1	GCA_900116255.1	GCF_900116255.1	accession	True	True	positive	positive	rod	rod	yes	yes	no	no	facultative	microaerophile	meso	meso	optimum	38.5	True	alkaliphile	optimum	
1359	Lentibacillus salicampi	Lentibacillus salicampi	Lentibacillus	Bacillota	RS_GCF_004565465.1	GCF_004565465.1	GCA_004565465.1	GCF_004565465.1	accession	True	False	positive	positive	rod	rod	yes	yes	yes	yes	aerobe	aerobe	meso	meso	growth_range	27.5	False	neutrophile	optimum	moderately halophilic
1363	Lentibacillus kapialis	Lentibacillus kapialis	Lentibacillus	Bacillota	RS_GCF_014646635.1	GCF_014646635.1	GCA_014646635.1	GCF_014646635.1	accession	True	True	positive	positive	rod	rod	no	no	yes	yes	aerobe	aerobe	meso	meso	optimum	37.0	False	neutrophile	optimum	moderately halophilic
1365	Lentibacillus salinarum	Lentibacillus salinarum	Lentibacillus	Bacillota	RS_GCF_042679865.1	GCF_042679865.1	GCA_042679865.1	GCF_042679865.1	accession	True	True	positive	positive	rod	rod	yes	yes	yes	yes	facultative	facultative	meso	meso	optimum	38.5	False	neutrophile	optimum	moderately halophilic
1367	Lentibacillus jeotgali	Lentibacillus jeotgali	Lentibacillus	Bacillota	RS_GCF_000224785.1	GCF_000224785.1	GCA_000224785.2	GCF_000224785.1	accession	True	True	positive	positive	rod	rod	no	no	yes	yes	aerobe	aerobe	meso	meso	optimum	37.0	False	neutrophile	optimum	moderately halophilic
1368	Lentibacillus persicus	Lentibacillus persicus	Lentibacillus	Bacillota	RS_GCF_900112705.1	GCF_900112705.1	GCA_900112705.1	GCF_900112705.1	accession	True	True	positive	positive	rod	rod	yes	yes	yes	yes	facultative	facultative	meso	meso	optimum	32.5	False	neutrophile	optimum	moderately halophilic
1370	Marinococcus halotolerans	Marinococcus halotolerans	Marinococcus	Bacillota	RS_GCF_000420725.1	GCF_000420725.1	GCA_000420725.1	GCF_000420725.1	accession	True	True	positive	positive	coccus	coccus	yes	yes	no	no	aerobe	aerobe	meso	meso	optimum	28.0	False	neutrophile	optimum	
1371	Marinococcus luteus	Marinococcus luteus	Marinococcus	Bacillota	RS_GCF_900106595.1	GCF_900106595.1	GCA_900106595.1	GCF_900106595.1	accession	True	True	positive	positive	coccus	coccus	yes	yes	no	no	aerobe	aerobe	meso	meso	optimum	28.0	False	neutrophile	optimum	
1376	Oceanobacillus profundus	Oceanobacillus profundus	Oceanobacillus	Bacillota	RS_GCF_003515705.1	GCF_003515705.1	GCA_003515705.1	GCF_003515705.1	accession	True	True	positive	positive	rod	rod	yes	yes	yes	yes	aerobe	aerobe	meso	meso	optimum	35.0	False	neutrophile	optimum	halotolerant
1378	Oceanobacillus kapialis	Oceanobacillus_B kapialis	Oceanobacillus_B	Bacillota	RS_GCF_042685265.1	GCF_042685265.1	GCA_042685265.1	GCF_042685265.1	accession	True	True	positive	positive	rod	rod	yes	yes	yes	yes	aerobe	aerobe	meso	meso	optimum	37.0	False	neutrophile	optimum	moderately halophilic
1380	Oceanobacillus neutriphilus	Oceanobacillus neutriphilus	Oceanobacillus	Bacillota	RS_GCF_014645515.1	GCF_014645515.1	GCA_014645515.1	GCF_014645515.1	accession	True	True	positive	positive	rod	rod	yes	yes	yes	yes	aerobe	aerobe	meso	meso	optimum	37.0	False	neutrophile	optimum	
1381	Ornithinibacillus bavariensis	Ornithinibacillus bavariensis	Ornithinibacillus	Bacillota	RS_GCF_050433565.1	GCF_050433565.1	GCA_050433565.1	GCF_050433565.1	accession	True	True	positive	positive	rod	rod	yes	yes	yes	yes	aerobe	aerobe	meso	meso	optimum	42.0	False	alkaliphile	growth_range	halotolerant
1382	Ornithinibacillus californiensis	Ornithinibacillus californiensis	Ornithinibacillus	Bacillota	RS_GCF_001038485.1	GCF_001038485.1	GCA_001038485.1	GCF_001038485.1	accession	True	True	positive	positive	rod	rod	yes	yes	yes	yes	aerobe	aerobe	meso	meso	optimum	30.0	False	neutrophile	growth_range	moderately halophilic
1385	Paraliobacillus quinghaiensis	Paraliobacillus_A quinghaiensis	Paraliobacillus_A	Bacillota	RS_GCF_003426025.1	GCF_003426025.1	GCA_003426025.1	GCF_003426025.1	accession	True	True	positive	positive	rod	rod	yes	yes	yes	yes	aerobe	aerobe	meso	meso	optimum	37.0	False	neutrophile	optimum	moderately halophilic
1386	Pontibacillus chungwhensis	Pontibacillus chungwhensis	Pontibacillus	Bacillota	RS_GCF_000770675.1	GCF_000770675.1	GCA_000770675.1	GCF_000770675.1	accession	True	True	positive	positive	rod	rod	yes	yes	yes	yes	aerobe	aerobe	meso	meso	optimum	32.5	False	neutrophile	optimum	moderately halophilic
1387	Pontibacillus marinus	Pontibacillus marinus	Pontibacillus	Bacillota	RS_GCF_000425225.1	GCF_000425225.1	GCA_000425225.1	GCF_000425225.1	accession	True	True	positive	positive	rod	rod	yes	yes	yes	yes	aerobe	aerobe	meso	meso	optimum	30.0	False	neutrophile	optimum	moderately halophilic
1389	Pontibacillus litoralis	Pontibacillus litoralis	Pontibacillus	Bacillota	RS_GCF_000775615.1	GCF_000775615.1	GCA_000775615.1	GCF_000775615.1	accession	True	True	positive	positive	rod	rod	yes	yes	yes	yes	facultative	facultative	meso	meso	optimum	35.0	False	neutrophile	optimum	moderately halophilic
1391	Thalassobacillus devorans	Thalassobacillus devorans	Thalassobacillus	Bacillota	RS_GCF_011761345.1	GCF_011761345.1	GCA_011761345.1	GCF_011761345.1	accession	True	True	positive	positive	rod	rod	yes	yes	yes	yes	aerobe	aerobe	meso	meso	optimum	37.0	False	neutrophile	optimum	moderately halophilic
1392	Thalassobacillus cyri	Thalassobacillus cyri	Thalassobacillus	Bacillota	RS_GCF_900107755.1	GCF_900107755.1	GCA_900107755.1	GCF_900107755.1	accession	True	True	positive	positive	rod	rod	yes	yes	yes	yes	aerobe	aerobe	meso	meso	optimum	40.0	False	neutrophile	optimum	moderately halophilic
1393	Thalassobacillus pellis	Thalassobacillus pellis	Thalassobacillus	Bacillota	RS_GCF_016908295.1	GCF_016908295.1	GCA_016908295.1	GCF_016908295.1	accession	True	True	positive	positive	rod	rod	yes	yes	yes	yes	aerobe	aerobe	meso	meso	optimum	37.0	False	neutrophile	optimum	moderately halophilic
1398	Ureibacillus suwonensis	Ureibacillus suwonensis	Ureibacillus	Bacillota	RS_GCF_042655065.1	GCF_042655065.1	GCA_042655065.1	GCF_042655065.1	accession	True	True	negative	negative	rod	rod	yes	yes	yes	yes	aerobe	aerobe	thermo	thermo	growth_range	47.5	False		none	
1402	Vulcanibacillus modesticaldus	Vulcanibacillus modesticaldus	Vulcanibacillus	Bacillota	RS_GCF_001730235.1	GCF_001730235.1	GCA_001730235.1	GCF_001730235.1	accession	True	True	positive	positive	rod	rod	no	no	yes	yes	anaerobe	anaerobe	thermo	thermo	optimum	55.0	False	neutrophile	optimum	
1403	Amphibacillus xylanus	Amphibacillus xylanus	Amphibacillus	Bacillota	RS_GCF_000307165.1	GCF_000307165.1	GCA_000307165.1	GCF_000307165.1	accession	True	True	positive	positive	rod	rod	no	no	yes	yes	facultative	facultative	meso	meso	growth_range	34.5	False	alkaliphile	growth_range	
1407	Amphibacillus jilinensis	Amphibacillus_C jilinensis	Amphibacillus_C	Bacillota	RS_GCF_000306965.1	GCF_000306965.1	GCA_000306965.1	GCF_000306965.1	accession	True	True	positive	positive	rod	rod	yes	yes	yes	yes	facultative	facultative	meso	meso	optimum	32.0	False	alkaliphile	optimum	halotolerant
1409	Falsibacillus pallidus	Falsibacillus pallidus	Falsibacillus	Bacillota	RS_GCF_003350505.1	GCF_003350505.1	GCA_003350505.1	GCF_003350505.1	accession	True	True	positive	positive	rod	rod	yes	yes	yes	yes	aerobe	aerobe	meso	meso	optimum	33.5	False	neutrophile	optimum	
1419	Geobacillus stearothermophilus	Geobacillus stearothermophilus	Geobacillus	Bacillota	RS_GCF_030369615.1	GCF_030369615.1	GCA_030369615.1	GCF_030369615.1	accession	True	True	positive	positive	rod	rod	yes	yes	yes	yes	facultative	facultative	thermo	thermo	optimum	60.0	False		growth_range	
1437	Geobacillus kaustophilus	Geobacillus thermoleovorans	Geobacillus	Bacillota	RS_GCF_005160065.1	GCF_005160065.1	GCA_005160065.1	GCF_005160065.1	accession	True	True	positive	positive	rod	rod	no	no	yes	yes	aerobe	aerobe	thermo	thermo	optimum	60.0	False	neutrophile	optimum	
1438	Parageobacillus thermantarcticus	Parageobacillus thermantarcticus	Parageobacillus	Bacillota	RS_GCF_900111865.1	GCF_900111865.1	GCA_900111865.1	GCF_900111865.1	accession	True	True	positive	positive	rod	rod	yes	yes	yes	yes	aerobe	aerobe	thermo	thermo	optimum	60.0	False	neutrophile	optimum	
1459	Gracilibacillus dipsosauri	Gracilibacillus dipsosauri	Gracilibacillus	Bacillota	RS_GCF_003176895.1	GCF_003176895.1	GCA_003176895.1	GCF_003176895.1	accession	True	True	positive	positive	rod	rod	yes	yes	yes	yes	aerobe	aerobe	meso	meso	growth_range	33.5	False	neutrophile	growth_single_point	
1460	Gracilibacillus halotolerans	Gracilibacillus halotolerans	Gracilibacillus	Bacillota	RS_GCF_014206945.1	GCF_014206945.1	GCA_014206945.1	GCF_014206945.1	accession	True	True	positive	positive	rod	rod	yes	yes	yes	yes	aerobe	aerobe	thermo	thermo	optimum	47.0	False	neutrophile	optimum	halotolerant
1463	Gracilibacillus halophilus	Gracilibacillus halophilus	Gracilibacillus	Bacillota	RS_GCF_000359605.1	GCF_000359605.1	GCA_000359605.1	GCF_000359605.1	accession	True	True	positive	positive	rod	rod	yes	yes	yes	yes	aerobe	aerobe	thermo	thermo	optimum	47.5	False	neutrophile	optimum	halophilic
1464	Gracilibacillus lacisalsi	Gracilibacillus lacisalsi	Gracilibacillus	Bacillota	RS_GCF_000377765.1	GCF_000377765.1	GCA_000377765.1	GCF_000377765.1	accession	True	True	positive	positive	rod	rod	yes	yes	yes	yes	aerobe	aerobe	meso	meso	optimum	40.0	False	neutrophile	optimum	halophilic
1468	Gracilibacillus kekensis	Gracilibacillus kekensis	Gracilibacillus	Bacillota	RS_GCF_900143085.1	GCF_900143085.1	GCA_900143085.1	GCF_900143085.1	accession	True	True	positive	positive	rod	rod	yes	yes	yes	yes	aerobe	aerobe	meso	meso	optimum	40.0	False	neutrophile	optimum	halophilic
1474	Virgibacillus pantothenticus	Virgibacillus pantothenticus	Virgibacillus	Bacillota	RS_GCF_018075365.1	GCF_018075365.1	GCA_018075365.1	GCF_018075365.1	accession	True	True	positive	positive	rod	rod	yes	yes	yes	yes	facultative	facultative	meso	meso	optimum	37.0	False		none	
1476	Virgibacillus salexigens	Virgibacillus salexigens	Virgibacillus	Bacillota	RS_GCF_014905415.1	GCF_014905415.1	GCA_014905415.1	GCF_014905415.1	accession	True	True	positive	positive	rod	rod	yes	yes	yes	yes	aerobe	aerobe	meso	meso	optimum	37.0	False	neutrophile	optimum	
1481	Virgibacillus necropolis	Virgibacillus_F necropolis	Virgibacillus_F	Bacillota	RS_GCF_002224365.1	GCF_002224365.1	GCA_002224365.1	GCF_002224365.1	accession	True	True	positive	positive	rod	rod	yes	yes	yes	yes	aerobe	aerobe	meso	meso	optimum	30.0	False	neutrophile	growth_single_point	
1483	Virgibacillus halophilus	Tigheibacillus halophilus	Tigheibacillus	Bacillota	RS_GCF_042683165.1	GCF_042683165.1	GCA_042683165.1	GCF_042683165.1	designation	True	True	positive	positive	rod	rod	yes	yes	yes	yes	aerobe	aerobe	meso	meso	growth_range	25.0	False	neutrophile	growth_range	halophilic
1488	Virgibacillus kekensis	Lentibacillus kekensis	Lentibacillus	Bacillota	RS_GCF_042654125.1	GCF_042654125.1	GCA_042654125.1	GCF_042654125.1	accession	True	True	positive	positive	rod	rod	yes	yes	yes	yes	aerobe	aerobe	meso	meso	optimum	37.0	False	neutrophile	optimum	moderately halophilic
1489	Virgibacillus sediminis	Virgibacillus_O sediminis	Virgibacillus_O	Bacillota	RS_GCF_042643265.1	GCF_042643265.1	GCA_042643265.1	GCF_042643265.1	accession	True	True	positive	positive	rod	rod	yes	yes	yes	yes	aerobe	aerobe	meso	meso	optimum	37.5	False	neutrophile	optimum	moderately halophilic
1493	Virgibacillus subterraneus	Lentibacillus subterraneus	Lentibacillus	Bacillota	RS_GCF_900110695.1	GCF_900110695.1	GCA_900110695.1	GCF_900110695.1	accession	True	True	positive	positive	rod	rod	yes	yes	yes	yes	aerobe	aerobe	meso	meso	optimum	30.0	False	neutrophile	optimum	
1495	Virgibacillus litoralis	Lentibacillus litoralis	Lentibacillus	Bacillota	RS_GCF_017873675.1	GCF_017873675.1	GCA_017873675.1	GCF_017873675.1	accession	True	True	positive	positive	rod	rod	yes	yes	yes	yes	aerobe	aerobe	meso	meso	growth_single_point	30.0	False		none	
1498	Caldalkalibacillus uzonensis	Caldalkalibacillus uzonensis	Caldalkalibacillus	Bacillota	RS_GCF_030814135.1	GCF_030814135.1	GCA_030814135.1	GCF_030814135.1	accession	True	True	positive	positive	rod	rod	yes	yes	yes	yes	aerobe	aerobe	thermo	thermo	optimum	51.0	False	neutrophile	optimum	
1513	Jeotgalibacillus salarius	Jeotgalibacillus salarius	Jeotgalibacillus	Bacillota	RS_GCF_004405125.1	GCF_004405125.1	GCA_004405125.1	GCF_004405125.1	accession	True	True	positive	positive	rod	rod	yes	yes	yes	yes	aerobe	aerobe	meso	meso	optimum	30.0	False	neutrophile	optimum	
1514	Jeotgalibacillus soli	Jeotgalibacillus soli	Jeotgalibacillus	Bacillota	RS_GCF_000829435.1	GCF_000829435.1	GCA_000829435.1	GCF_000829435.1	accession	True	True	positive	positive	rod	rod	yes	yes	yes	yes	aerobe	aerobe	meso	meso	optimum	33.5	False	neutrophile	optimum	
1515	Paucisalibacillus globulus	Ornithinibacillus globulus	Ornithinibacillus	Bacillota	RS_GCF_000482485.1	GCF_000482485.1	GCA_000482485.1	GCF_000482485.1	accession	True	True	positive	positive	rod	rod	yes	yes	yes	yes	aerobe	aerobe	meso	meso	optimum	37.0	False	neutrophile	optimum	
1517	Terribacillus goriensis	Terribacillus saccharophilus	Terribacillus	Bacillota	RS_GCF_002884435.1	GCF_002884435.1	GCA_002884435.1	GCF_002884435.1	accession	True	False	positive	positive	rod	rod	yes	yes	yes	yes	aerobe	aerobe	meso	meso	optimum	30.0	False	neutrophile	optimum	
1532	Lysinibacillus sphaericus	Lysinibacillus sphaericus	Lysinibacillus	Bacillota	RS_GCF_002982115.1	GCF_002982115.1	GCA_002982115.1	GCF_002982115.1	accession	True	True	positive	positive	rod	rod	yes	yes	yes	yes	aerobe	aerobe	meso	meso	growth_range	33.5	False	neutrophile	growth_single_point	
1537	Lysinibacillus odysseyi	Lysinibacillus_B odysseyi	Lysinibacillus_B	Bacillota	RS_GCF_001591965.1	GCF_001591965.1	GCA_001591965.1	GCF_001591965.1	accession	True	True	positive	positive	rod	rod	yes	yes	yes	yes	aerobe	aerobe	meso	meso	optimum	32.5	False	neutrophile	optimum	
1538	Lysinibacillus boronitolerans	Lysinibacillus boronitolerans	Lysinibacillus	Bacillota	RS_GCF_000772935.1	GCF_000772935.1	GCA_000772935.1	GCF_000772935.1	accession	True	True	positive	positive	rod	rod	yes	yes	yes	yes	aerobe	aerobe	meso	meso	optimum	37.0	False	neutrophile	optimum	moderately halophilic
1539	Lysinibacillus parviboronicapiens	Lysinibacillus parviboronicapiens	Lysinibacillus	Bacillota	RS_GCF_003049575.1	GCF_003049575.1	GCA_003049575.1	GCF_003049575.1	accession	True	True	positive	positive	rod	rod	yes	yes	yes	yes	aerobe	aerobe	meso	meso	optimum	30.0	False	neutrophile	optimum	
1540	Lysinibacillus xylanilyticus	Lysinibacillus xylanilyticus	Lysinibacillus	Bacillota	RS_GCF_001183605.1	GCF_001183605.1	GCA_001183605.1	GCF_001183605.1	accession	True	True	positive	positive	rod	rod	yes	yes	yes	yes	aerobe	aerobe	meso	meso	optimum	30.0	False	neutrophile	growth_range	
1544	Piscibacillus salipiscarius	Piscibacillus salipiscarius	Piscibacillus	Bacillota	RS_GCF_001311865.1	GCF_001311865.1	GCA_001311865.1	GCF_001311865.1	accession	True	True	positive	positive	rod	rod	yes	yes	yes	yes	aerobe	aerobe	meso	meso	optimum	37.0	False	neutrophile	optimum	
1546	Salirhabdus euzebyi	Salirhabdus euzebyi	Salirhabdus	Bacillota	RS_GCF_014207435.1	GCF_014207435.1	GCA_014207435.1	GCF_014207435.1	accession	True	True	positive	positive	rod	rod	yes	yes	yes	yes	aerobe	aerobe	meso	meso	optimum	37.5	False	neutrophile	optimum	
1547	Aquisalibacillus elongatus	Aquisalibacillus elongatus	Aquisalibacillus	Bacillota	RS_GCF_003843875.1	GCF_003843875.1	GCA_003843875.1	GCF_003843875.1	accession	True	True	positive	positive	rod	rod	no	no	no	no	aerobe	aerobe	meso	meso	optimum	37.0	False	neutrophile	optimum	
1548	Salsuginibacillus kocurii	Salsuginibacillus kocurii	Salsuginibacillus	Bacillota	RS_GCF_000377705.1	GCF_000377705.1	GCA_000377705.1	GCF_000377705.1	accession	True	True	positive	positive	rod	rod	yes	yes	yes	yes	aerobe	aerobe	meso	meso	optimum	35.0	False	alkaliphile	optimum	
1553	Tumebacillus permanentifrigoris	Tumebacillus permanentifrigoris	Tumebacillus	Bacillota	RS_GCF_003148565.1	GCF_003148565.1	GCA_003148565.1	GCF_003148565.1	accession	True	True	positive	positive	rod	rod	no	no	yes	yes	aerobe	aerobe	meso	meso	optimum	27.5	False		none	
1555	Sediminibacillus halophilus	Sediminibacillus halophilus	Sediminibacillus	Bacillota	RS_GCF_900103695.1	GCF_900103695.1	GCA_900103695.1	GCF_900103695.1	accession	True	True	positive	positive	rod	rod	yes	yes	no	no	facultative	facultative	meso	meso	optimum	37.0	False	neutrophile	optimum	
1556	Sediminibacillus albus	Sediminibacillus albus	Sediminibacillus	Bacillota	RS_GCF_900101125.1	GCF_900101125.1	GCA_900101125.1	GCF_900101125.1	accession	True	True	positive	positive	rod	rod	yes	yes	yes	yes	aerobe	aerobe	meso	meso	optimum	37.0	False	neutrophile	optimum	
1558	Anaerobacillus arseniciselenatis	Anaerobacillus arseniciselenatis	Anaerobacillus	Bacillota	RS_GCF_001865995.1	GCF_001865995.1	GCA_001865995.1	GCF_001865995.1	accession	True	True	positive	positive	rod	rod	no	no	yes	yes	anaerobe	anaerobe	meso	meso	growth_single_point	30.0	False		none	
1566	Psychrobacillus psychrodurans	Psychrobacillus psychrodurans	Psychrobacillus	Bacillota	RS_GCF_027563345.1	GCF_027563345.1	GCA_027563345.1	GCF_027563345.1	accession	True	True	positive	positive	rod	rod	yes	yes	yes	yes	aerobe	aerobe	meso	meso	growth_range	33.5	False	neutrophile	growth_single_point	
1568	Psychrobacillus psychrotolerans	Psychrobacillus psychrotolerans	Psychrobacillus	Bacillota	RS_GCF_900115805.1	GCF_900115805.1	GCA_900115805.1	GCF_900115805.1	accession	True	True	positive	positive	rod	rod	yes	yes	yes	yes	aerobe	aerobe	meso	meso	growth_range	20.0	False	neutrophile	growth_single_point	
1569	Streptohalobacillus salinus	Streptohalobacillus salinus	Streptohalobacillus	Bacillota	RS_GCF_003201605.1	GCF_003201605.1	GCA_003201605.1	GCF_003201605.1	accession	True	True	positive	positive	rod	rod	yes	yes	no	no	facultative		meso	meso	optimum	37.0	False	neutrophile	optimum	
1570	Natribacillus halophilus	Natribacillus halophilus	Natribacillus	Bacillota	RS_GCF_900100185.1	GCF_900100185.1	GCA_900100185.1	GCF_900100185.1	accession	True	True	positive	positive	rod	rod	yes	yes	yes	yes	aerobe	aerobe	meso	meso	optimum	30.0	False	neutrophile	optimum	
1571	Salisediminibacterium halotolerans	Salisediminibacterium halotolerans	Salisediminibacterium	Bacillota	RS_GCF_003814815.1	GCF_003814815.1	GCA_003814815.1	GCF_003814815.1	accession	True	True	positive	positive	rod	rod	no	no	no	no	facultative	facultative	meso	meso	optimum	37.0	False	neutrophile	optimum	
1572	Alteribacillus persepolensis	Alteribacillus persepolensis	Alteribacillus	Bacillota	RS_GCF_900099605.1	GCF_900099605.1	GCA_900099605.1	GCF_900099605.1	accession	True	True	positive	positive	rod	rod	yes	yes	yes	yes	aerobe	aerobe	meso	meso	optimum	40.0	False	neutrophile	optimum	
1573	Alteribacillus bidgolensis	Alteribacillus bidgolensis	Alteribacillus	Bacillota	RS_GCF_002886255.1	GCF_002886255.1	GCA_002886255.1	GCF_002886255.1	accession	True	True	positive	positive	rod	rod	no	no	yes	yes	aerobe	aerobe	meso	meso	optimum	35.0	False	neutrophile	optimum	
1607	Phocaeicola plebeius	Phocaeicola plebeius	Phocaeicola	Bacteroidota	RS_GCF_000187895.1	GCF_000187895.1	GCA_000187895.1	GCF_000187895.1	accession	True	True	negative	negative	rod	rod	no	no	no	no	anaerobe	anaerobe	meso	meso	optimum	37.0	False		none	
1608	Phocaeicola coprocola	Phocaeicola coprocola	Phocaeicola	Bacteroidota	RS_GCF_000154845.1	GCF_000154845.1	GCA_000154845.1	GCF_000154845.1	accession	True	True	negative	negative	rod	rod	no	no	no	no	anaerobe	anaerobe	meso	meso	optimum	37.0	False		none	
1609	Bacteroides intestinalis	Bacteroides intestinalis	Bacteroides	Bacteroidota	RS_GCF_000172175.1	GCF_000172175.1	GCA_000172175.1	GCF_000172175.1	accession	True	True	negative	negative	rod	rod	no	no	no	no	anaerobe	anaerobe	meso	meso	optimum	37.0	False	neutrophile	optimum	
1610	Bacteroides finegoldii	Bacteroides finegoldii	Bacteroides	Bacteroidota	GB_GCA_030295565.1	GCA_030295565.1	GCA_030295565.1		accession	True	True	negative	negative	rod	rod	no	no	no	no	anaerobe	anaerobe	meso	meso	optimum	37.0	False	neutrophile	optimum	
1611	Phocaeicola massiliensis	Phocaeicola massiliensis	Phocaeicola	Bacteroidota	RS_GCF_000382445.1	GCF_000382445.1	GCA_000382445.1	GCF_000382445.1	accession	True	True	negative	negative	rod	rod	no	no	no	no	anaerobe	anaerobe	meso	meso	optimum	37.0	False		none	
1612	Phocaeicola dorei	Phocaeicola dorei	Phocaeicola	Bacteroidota	RS_GCF_013009555.1	GCF_013009555.1	GCA_013009555.1	GCF_013009555.1	accession	True	True	negative	negative	rod	rod	no	no	no	no	anaerobe	anaerobe	meso	meso	optimum	37.0	False	neutrophile	optimum	
1613	Bacteroides coprosuis	Bacteroides_E coprosuis	Bacteroides_E	Bacteroidota	GB_GCA_000212915.1	GCA_000212915.1	GCA_000212915.1		accession	True	True	negative	negative	rod	rod	no	no	no	no	anaerobe	anaerobe	meso	meso	optimum	37.0	False		none	
1621	Bacteroides propionicifaciens	Bacteroides_E propionicifaciens	Bacteroides_E	Bacteroidota	RS_GCF_000375405.1	GCF_000375405.1	GCA_000375405.1	GCF_000375405.1	accession	True	True	negative	negative	rod	rod	no	no	no	no	anaerobe	anaerobe	meso	meso	optimum	30.0	False	neutrophile	optimum	
1623	Bacteroides cellulosilyticus	Bacteroides cellulosilyticus	Bacteroides	Bacteroidota	RS_GCF_028539415.1	GCF_028539415.1	GCA_028539415.1	GCF_028539415.1	accession	True	True	negative	negative	rod	rod	no	no	no	no	anaerobe	anaerobe	meso	meso	optimum	37.0	False	neutrophile	optimum	
1624	Bacteroides graminisolvens	Bacteroides graminisolvens	Bacteroides	Bacteroidota	RS_GCF_000428125.1	GCF_000428125.1	GCA_000428125.1	GCF_000428125.1	accession	True	True	negative	negative	rod	rod	no	no	no	no	anaerobe	anaerobe	meso	meso	optimum	33.0	False	neutrophile	optimum	
1625	Phocaeicola paurosaccharolyticus	Phocaeicola paurosaccharolyticus	Phocaeicola	Bacteroidota	RS_GCF_000613805.1	GCF_000613805.1	GCA_000613805.1	GCF_000613805.1	accession	True	True	negative	negative	rod	rod	no	no	no	no	anaerobe	anaerobe	meso	meso	optimum	35.0	False	neutrophile	optimum	
1626	Bacteroides xylanisolvens	Bacteroides xylanisolvens	Bacteroides	Bacteroidota	RS_GCF_000210075.1	GCF_000210075.1	GCA_000210075.1	GCF_000210075.1	accession	True	True	negative	negative	rod	rod	no	no	no	no	anaerobe	anaerobe	meso	meso	optimum	38.0	False	neutrophile	optimum	
1628	Bacteroides clarus	Bacteroides clarus	Bacteroides	Bacteroidota	RS_GCF_900129655.1	GCF_900129655.1	GCA_900129655.1	GCF_900129655.1	accession	True	True	negative	negative	rod	rod	no	no	no	no	anaerobe	anaerobe	meso	meso	optimum	37.0	False	neutrophile	optimum	
1629	Bacteroides fluxus	Bacteroides fluxus	Bacteroides	Bacteroidota	RS_GCF_000195635.1	GCF_000195635.1	GCA_000195635.1	GCF_000195635.1	accession	True	True	negative	negative	rod	rod	no	no	no	no	anaerobe	anaerobe	meso	meso	optimum	37.0	False	neutrophile	optimum	
1630	Bacteroides oleiciplenus	Bacteroides oleiciplenus	Bacteroides	Bacteroidota	RS_GCF_000315485.1	GCF_000315485.1	GCA_000315485.1	GCF_000315485.1	accession	True	True	negative	negative	rod	rod	no	no	no	no	anaerobe	anaerobe	meso	meso	optimum	37.0	False	neutrophile	optimum	
1631	Bacteroides faecis	Bacteroides faecis	Bacteroides	Bacteroidota	RS_GCF_900106755.1	GCF_900106755.1	GCA_900106755.1	GCF_900106755.1	accession	True	True	negative	negative	rod	rod	no	no	no	no	anaerobe	anaerobe	meso	meso	optimum	37.0	False		none	
1674	Camelimonas lactis	Camelimonas lactis	Camelimonas	Pseudomonadota	RS_GCF_004342915.1	GCF_004342915.1	GCA_004342915.1	GCF_004342915.1	accession	True	True	negative	negative	rod	rod	no	no	no	no	aerobe	aerobe	meso	meso	optimum	27.5	False	neutrophile	optimum	
1723	Bifidobacterium ruminantium	Bifidobacterium ruminantium	Bifidobacterium	Actinomycetota	RS_GCF_000770925.1	GCF_000770925.1	GCA_000770925.1	GCF_000770925.1	accession	True	True	positive	positive	rod	rod	no	no	no	no	anaerobe	anaerobe	meso	meso	optimum	40.0	False	neutrophile	optimum	
1726	Bifidobacterium merycicum	Bifidobacterium merycicum	Bifidobacterium	Actinomycetota	RS_GCF_900129045.1	GCF_900129045.1	GCA_900129045.1	GCF_900129045.1	accession	True	True	positive	positive	rod	rod	no	no	no	no	anaerobe	anaerobe	meso	meso	optimum	40.0	False	neutrophile	optimum	
1739	Bifidobacterium bombi	Bifidobacterium bombi	Bifidobacterium	Actinomycetota	RS_GCF_000737845.1	GCF_000737845.1	GCA_000737845.1	GCF_000737845.1	accession	True	True	positive	positive	rod	rod	no	no	no	no	anaerobe	anaerobe	meso	meso	optimum	30.0	False	acidophile	growth_single_point	
1748	Bifidobacterium adolescentis	Bifidobacterium adolescentis	Bifidobacterium	Actinomycetota	RS_GCF_000771705.1	GCF_000771705.1	GCA_000771705.1	GCF_000771705.1	accession	False	False	positive	positive	rod	rod	no	no	no	no	anaerobe	anaerobe	meso	meso	optimum	37.0	False	neutrophile	optimum	
1765	Scardovia wiggsiae	Scardovia wiggsiae	Scardovia	Actinomycetota	RS_GCF_051045985.1	GCF_051045985.1	GCA_051045985.1	GCF_051045985.1	accession	True	True	positive	positive	other		no	no	no	no	anaerobe	anaerobe	meso	meso	growth_single_point	35.0	False		none	
1774	Georgenia thermotolerans	Georgenia thermotolerans	Georgenia	Actinomycetota	RS_GCF_009193185.1	GCF_009193185.1	GCA_009193185.1	GCF_009193185.1	accession	True	True	positive	positive	rod	rod	yes	yes	no	no	facultative	microaerophile	meso	meso	optimum	28.0	True	neutrophile	optimum	
1861	Brevibacterium celere	Brevibacterium sanguinis	Brevibacterium	Actinomycetota	RS_GCF_039529075.1	GCF_039529075.1	GCA_039529075.1	GCF_039529075.1	accession	True	True	positive	positive	rod	rod	no	no	no	no	aerobe	aerobe	meso	meso	optimum	27.0	False	alkaliphile	optimum	
1863	Brevibacterium aurantiacum	Brevibacterium aurantiacum	Brevibacterium	Actinomycetota	RS_GCF_900169065.1	GCF_900169065.1	GCA_900169065.1	GCF_900169065.1	accession	True	True	positive	positive	rod	rod	no	no	no	no	aerobe	aerobe	meso	meso	growth_range	29.0	False		none	
1865	Brevibacterium samyangense	Brevibacterium samyangense	Brevibacterium	Actinomycetota	RS_GCF_039529845.1	GCF_039529845.1	GCA_039529845.1	GCF_039529845.1	accession	True	True	positive	positive	other	other	yes	yes	yes	yes	aerobe	aerobe	meso	meso	optimum	42.5	False	alkaliphile	optimum	
1867	Brevibacterium marinum	Brevibacterium marinum	Brevibacterium	Actinomycetota	RS_GCF_011927955.1	GCF_011927955.1	GCA_011927955.1	GCF_011927955.1	accession	True	True	positive	positive	rod	rod	no	no	no	no	aerobe	aerobe	meso	meso	optimum	29.0	False	alkaliphile	growth_range	
1868	Brevibacterium album	Brevibacterium album	Brevibacterium	Actinomycetota	RS_GCF_000426445.1	GCF_000426445.1	GCA_000426445.1	GCF_000426445.1	accession	True	True	positive	positive	rod	rod	yes	yes	no	no	aerobe	aerobe	meso	meso	optimum	35.5	False	neutrophile	optimum	
1887	Brucella oryzae	Brucella oryzae	Brucella	Pseudomonadota	RS_GCF_041929965.1	GCF_041929965.1	GCA_041929965.1	GCF_041929965.1	accession	True	True	negative	negative	rod	rod	yes	yes	no	no	aerobe	aerobe	meso	meso	optimum	30.0	False	neutrophile	optimum	
1890	Ochrobactrum cytisi	Brucella cytisi	Brucella	Pseudomonadota	RS_GCF_041930165.1	GCF_041930165.1	GCA_041930165.1	GCF_041930165.1	accession	True	True	negative	negative	rod	rod	yes	yes	no	no	aerobe	aerobe	meso	meso	growth_range	31.0	False		none	
1893	Brucella haematophila	Brucella haematophila	Brucella	Pseudomonadota	RS_GCF_005938105.1	GCF_005938105.1	GCA_005938105.1	GCF_005938105.1	accession	True	True	negative	negative	rod	rod	no	no	no	no	aerobe	aerobe	meso	meso	growth_range	27.5	False		none	
1896	Brucella pituitosa	Brucella pituitosa	Brucella	Pseudomonadota	RS_GCF_003049685.1	GCF_003049685.1	GCA_003049685.2	GCF_003049685.1	accession	True	True	negative	negative	rod	rod	yes	yes	no	no	aerobe	aerobe	meso	meso	growth_range	27.5	False		none	
1900	Pseudochrobactrum saccharolyticum	Pseudochrobactrum saccharolyticum	Pseudochrobactrum	Pseudomonadota	RS_GCF_008801715.1	GCF_008801715.1	GCA_008801715.1	GCF_008801715.1	accession	True	True	negative	negative	rod	rod	no	no	no	no	aerobe	aerobe	meso	meso	growth_range	27.5	False		none	
1901	Pseudochrobactrum asaccharolyticum	Pseudochrobactrum asaccharolyticum	Pseudochrobactrum	Pseudomonadota	RS_GCF_003314995.1	GCF_003314995.1	GCA_003314995.1	GCF_003314995.1	accession	True	True	negative	negative	rod	rod	no	no	no	no	aerobe	aerobe	meso	meso	growth_range	31.0	False		none	
1944	Paraburkholderia tropica	Paraburkholderia tropica	Paraburkholderia	Pseudomonadota	RS_GCF_900109265.1	GCF_900109265.1	GCA_900109265.1	GCF_900109265.1	accession	True	True	negative	negative	rod	rod	yes	yes	no	no	aerobe	aerobe	meso	meso	optimum	30.0	False	acidophile	optimum	
1968	Paraburkholderia terrae	Paraburkholderia terrae	Paraburkholderia	Pseudomonadota	RS_GCF_002902925.1	GCF_002902925.1	GCA_002902925.1	GCF_002902925.1	accession	True	True	negative	negative	rod	rod	yes	yes	no	no	aerobe	aerobe	meso	meso	optimum	27.5	False	neutrophile	optimum	
1973	Paraburkholderia silvatlantica	Paraburkholderia silvatlantica	Paraburkholderia	Pseudomonadota	RS_GCF_042659005.1	GCF_042659005.1	GCA_042659005.1	GCF_042659005.1	accession	True	True	negative	negative	rod	rod	yes	yes	no	no	aerobe	aerobe	meso	meso	optimum	33.0	False	neutrophile	optimum	
1983	Burkholderia arboris	Burkholderia arboris	Burkholderia	Pseudomonadota	RS_GCF_902499125.1	GCF_902499125.1	GCA_902499125.1	GCF_902499125.1	accession	True	True	negative	negative	rod	rod	yes	yes	no	no	aerobe	aerobe	meso	meso	growth_range	36.0	False		none	
1990	Burkholderia lata	Burkholderia lata	Burkholderia	Pseudomonadota	RS_GCF_000012945.1	GCF_000012945.1	GCA_000012945.1	GCF_000012945.1	accession	True	True	negative	negative	rod	rod	no	no	no	no	aerobe	aerobe	meso	meso	growth_range	33.5	False		none	
1991	Paraburkholderia oxyphila	Paraburkholderia oxyphila	Paraburkholderia	Pseudomonadota	RS_GCF_000685075.1	GCF_000685075.1	GCA_000685075.1	GCF_000685075.1	accession	True	True	negative	negative	rod	rod	no	no	no	no	aerobe	aerobe	meso	meso	optimum	30.0	False	neutrophile	optimum	
2056	Pandoraea norimbergensis	Pandoraea norimbergensis	Pandoraea	Pseudomonadota	RS_GCF_001465545.3	GCF_001465545.3	GCA_001465545.3	GCF_001465545.3	accession	True	True	negative	negative	rod	rod	yes	yes	no	no	aerobe	aerobe	meso	meso	growth_range	31.0	False		none	
2057	Pandoraea sputorum	Pandoraea sputorum	Pandoraea	Pseudomonadota	RS_GCF_000814845.2	GCF_000814845.2	GCA_000814845.2	GCF_000814845.2	accession	True	True	negative	negative	rod	rod	yes	yes	no	no	aerobe	aerobe	meso	meso	growth_range	33.0	False		none	
2058	Pandoraea pulmonicola	Pandoraea pulmonicola	Pandoraea	Pseudomonadota	RS_GCF_000815105.2	GCF_000815105.2	GCA_000815105.2	GCF_000815105.2	accession	True	True	negative	negative	rod	rod	yes	yes	no	no	aerobe	aerobe	meso	meso	growth_range	33.5	False		none	
2059	Pandoraea apista	Pandoraea apista	Pandoraea	Pseudomonadota	RS_GCF_001465595.2	GCF_001465595.2	GCA_001465595.2	GCF_001465595.2	accession	True	True	negative	negative	rod	rod	yes	yes	no	no	aerobe	aerobe	meso	meso	growth_range	33.0	False		none	
2060	Pandoraea pnomenusa	Pandoraea pnomenusa	Pandoraea	Pseudomonadota	RS_GCF_000767615.3	GCF_000767615.3	GCA_000767615.3	GCF_000767615.3	accession	True	True	negative	negative	rod	rod	yes	yes	no	no	aerobe	aerobe	meso	meso	growth_range	33.5	False		none	
2132	Campylobacter insulaenigrae	Campylobacter_D insulaenigrae	Campylobacter_D	Campylobacterota	RS_GCF_000816185.1	GCF_000816185.1	GCA_000816185.1	GCF_000816185.1	accession	True	True	negative	negative	rod	rod	yes	yes	no	no	facultative	microaerophile	meso	meso	growth_single_point	37.0	True		none	
2138	Campylobacter hominis	Campylobacter_B hominis	Campylobacter_B	Campylobacterota	RS_GCF_019930945.1	GCF_019930945.1	GCA_019930945.1	GCF_019930945.1	accession	True	False	negative	negative	rod	rod	no	no	no	no	anaerobe	anaerobe	meso	meso	optimum	37.0	False		none	
2141	Campylobacter volucris	Campylobacter_D volucris	Campylobacter_D	Campylobacterota	RS_GCF_008245045.1	GCF_008245045.1	GCA_008245045.1	GCF_008245045.1	accession	True	True	negative	negative	rod	rod	yes	yes	no	no	facultative	microaerophile	meso	meso	growth_range	39.5	True		none	
2243	Alkalibacterium kapii	Alkalibacterium kapii	Alkalibacterium	Bacillota	RS_GCF_007988865.1	GCF_007988865.1	GCA_007988865.1	GCF_007988865.1	accession	True	True	positive	positive	rod	rod	yes	yes	no	no	facultative	microaerophile	meso	meso	optimum	31.0	True	alkaliphile	optimum	
2250	Atopococcus tabaci	Atopococcus tabaci	Atopococcus	Bacillota	RS_GCF_000429585.1	GCF_000429585.1	GCA_000429585.1	GCF_000429585.1	accession	True	True	positive	positive	coccus	coccus	no	no	no	no	aerobe	aerobe	meso	meso	optimum	30.0	False		none	
2278	Marinilactibacillus piezotolerans	Marinilactibacillus piezotolerans	Marinilactibacillus	Bacillota	RS_GCF_900114235.1	GCF_900114235.1	GCA_900114235.1	GCF_900114235.1	accession	True	True	positive	positive	rod	rod	no	no	no	no	facultative	facultative	meso	meso	optimum	38.5	False	neutrophile	optimum	
2312	Brevundimonas kwangchunensis	Brevundimonas kwangchunensis	Brevundimonas	Pseudomonadota	RS_GCF_039523815.1	GCF_039523815.1	GCA_039523815.1	GCF_039523815.1	accession	True	False	negative	negative	rod	rod	yes	yes	no	no	aerobe	aerobe	meso	meso	optimum	30.0	False	neutrophile	optimum	
2343	Phenylobacterium koreense	Phenylobacterium koreense	Phenylobacterium	Pseudomonadota	RS_GCF_040545335.1	GCF_040545335.1	GCA_040545335.1	GCF_040545335.1	accession	True	True	negative	negative	rod	rod	no	no	no	no	aerobe	aerobe	meso	meso	optimum	29.0	False	neutrophile	optimum	
2376	Cellulomonas oligotrophica	Cellulomonas oligotrophica	Cellulomonas	Actinomycetota	RS_GCF_013409875.1	GCF_013409875.1	GCA_013409875.1	GCF_013409875.1	accession	True	True	positive	positive	rod	rod	yes	yes	no	no	aerobe	aerobe	meso	meso	optimum	26.0	False	alkaliphile	optimum	
2456	Rheinheimera texasensis	Pararheinheimera texasensis	Pararheinheimera	Pseudomonadota	RS_GCF_000711985.1	GCF_000711985.1	GCA_000711985.1	GCF_000711985.1	accession	True	True	negative	negative	rod	rod	yes	yes	no	no	anaerobe	anaerobe	meso	meso	optimum	33.5	False	neutrophile	optimum	
2460	Rheinheimera aquimaris	Alishewanella aquimaris	Alishewanella	Pseudomonadota	RS_GCF_020531985.1	GCF_020531985.1	GCA_020531985.1	GCF_020531985.1	accession	True	True	negative	negative	rod	rod	yes	yes	no	no	aerobe	aerobe	meso	meso	optimum	33.5	False	neutrophile	optimum	
2462	Rheinheimera tangshanensis	Pararheinheimera tangshanensis	Pararheinheimera	Pseudomonadota	RS_GCF_014645135.1	GCF_014645135.1	GCA_014645135.1	GCF_014645135.1	accession	True	True	negative	negative	rod	rod	yes	yes	no	no	aerobe	aerobe	meso	meso	optimum	30.0	False	neutrophile	optimum	
2472	Thiorhodococcus mannitoliphagus	Thiorhodococcus mannitoliphagus	Thiorhodococcus	Pseudomonadota	RS_GCF_010915725.1	GCF_010915725.1	GCA_010915725.1	GCF_010915725.1	accession	True	True	negative	negative	coccus	coccus	yes	yes	no	no	anaerobe	anaerobe	meso	meso	optimum	27.5	False	neutrophile	optimum	
2515	Tepidimicrobium xylanilyticum	Tepidimicrobium xylanilyticum	Tepidimicrobium	Bacillota	RS_GCF_900106765.1	GCF_900106765.1	GCA_900106765.1	GCF_900106765.1	accession	True	True	positive	positive	rod	rod	yes	yes	yes	yes	anaerobe	anaerobe	thermo	thermo	optimum	60.0	False	alkaliphile	optimum	
2523	Caloramator australicus	Caloramator australicus	Caloramator	Bacillota	RS_GCF_000297115.1	GCF_000297115.1	GCA_000297115.1	GCF_000297115.1	accession	True	True	positive	positive	rod	rod	yes	yes	no	no	anaerobe	anaerobe	thermo	thermo	optimum	60.0	False	neutrophile	optimum	
2537	Gottschalkia acidurici	Gottschalkia acidurici	Gottschalkia	Bacillota	RS_GCF_000299355.1	GCF_000299355.1	GCA_000299355.1	GCF_000299355.1	accession	True	True	positive	positive	rod	rod	yes	yes	yes	yes	anaerobe	anaerobe	meso	meso	optimum	34.0	False	neutrophile	optimum	
2543	Clostridium felsineum	Clostridium_S felsineum	Clostridium_S	Bacillota	RS_GCF_002006235.2	GCF_002006235.2	GCA_002006235.2	GCF_002006235.2	accession	False	False	positive	positive	rod	rod	no	no	no	no	anaerobe	anaerobe	meso	meso	growth_single_point	37.0	False		none	
2548	Clostridium beijerinckii	Clostridium beijerinckii	Clostridium	Bacillota	RS_GCF_018223745.1	GCF_018223745.1	GCA_018223745.1	GCF_018223745.1	accession	True	True	positive	positive	rod	rod	yes	yes	yes	yes	anaerobe	anaerobe	meso	meso	growth_single_point	37.0	False		none	
2559	Paraclostridium bifermentans subsp. bifermentans	Paraclostridium bifermentans	Paraclostridium	Bacillota	RS_GCF_019916025.1	GCF_019916025.1	GCA_019916025.1	GCF_019916025.1	accession	True	True	positive	positive	rod	rod	yes	yes	yes	yes	anaerobe	anaerobe	meso	meso	growth_single_point	37.0	False		none	
2564	Clostridium cadaveris	Clostridium_X cadaveris	Clostridium_X	Bacillota	RS_GCF_039521325.1	GCF_039521325.1	GCA_039521325.1	GCF_039521325.1	accession	True	True	positive	positive	rod	rod	yes	yes	yes	yes	anaerobe	anaerobe	meso	meso	growth_single_point	37.0	False		none	
2568	Clostridium cellulovorans	Clostridium_K cellulovorans	Clostridium_K	Bacillota	RS_GCF_000145275.1	GCF_000145275.1	GCA_000145275.1	GCF_000145275.1	accession	True	True	negative	negative	other	other	no	no	yes	yes	anaerobe	anaerobe	meso	meso	optimum	37.0	False	neutrophile	optimum	
2582	Clostridioides difficile	Clostridioides difficile	Clostridioides	Bacillota	RS_GCF_001077535.1	GCF_001077535.1	GCA_001077535.2	GCF_001077535.1	accession	True	True	positive	positive	rod	rod	no	no	yes	yes	anaerobe	anaerobe	meso	meso	growth_single_point	37.0	False		none	
2601	Hathewaya histolytica	Hathewaya histolytica	Hathewaya	Bacillota	RS_GCF_901482605.1	GCF_901482605.1	GCA_901482605.1	GCF_901482605.1	accession	True	True	positive	positive	rod	rod	yes	yes	yes	yes	anaerobe	anaerobe	meso	meso	optimum	37.0	False	alkaliphile	optimum	
2613	Hathewaya limosa	Hathewaya limosa	Hathewaya	Bacillota	RS_GCF_030815255.1	GCF_030815255.1	GCA_030815255.1	GCF_030815255.1	accession	True	True	positive	positive	rod	rod	yes	yes	yes	yes	anaerobe	anaerobe	meso	meso	optimum	37.0	False		none	
2621	Faecalicatena orotica	Faecalicatena_A orotica	Faecalicatena_A	Bacillota	RS_GCF_040545875.1	GCF_040545875.1	GCA_040545875.1	GCF_040545875.1	accession	True	True	positive	positive	rod	rod	yes	yes	yes	yes	anaerobe	anaerobe	meso	meso	optimum	37.0	False	neutrophile	optimum	
2646	Anaerotignum propionicum	Chakrabartyella propionicum	Chakrabartyella	Bacillota	RS_GCF_001561955.1	GCF_001561955.1	GCA_001561955.1	GCF_001561955.1	accession	True	True	positive	positive	rod	rod	yes	yes	yes	yes	anaerobe	anaerobe	meso	meso	growth_range	36.0	False		none	
2648	Hathewaya proteolytica	Hathewaya proteolytica	Hathewaya	Bacillota	RS_GCF_900142225.1	GCF_900142225.1	GCA_900142225.1	GCF_900142225.1	accession	True	True	positive	positive	rod	rod	no	no	yes	yes	anaerobe	anaerobe	meso	meso	optimum	33.5	False	neutrophile	optimum	
2650	Gottschalkia purinilytica	Gottschalkia_A purinilytica	Gottschalkia_A	Bacillota	RS_GCF_001190785.1	GCF_001190785.1	GCA_001190785.1	GCF_001190785.1	accession	True	True	positive	positive	rod	rod	yes	yes	yes	yes	anaerobe	anaerobe	meso	meso	optimum	36.0	False	neutrophile	optimum	
2666	Paeniclostridium sordellii	Paraclostridium sordellii	Paraclostridium	Bacillota	RS_GCF_000953675.1	GCF_000953675.1	GCA_000953675.1	GCF_000953675.1	accession	True	True	positive	positive	rod	rod	no	no	yes	yes	anaerobe	anaerobe	meso	meso	growth_single_point	37.0	False		none	
2710	Clostridium sporogenes	Clostridium_F sporogenes	Clostridium_F	Bacillota	RS_GCF_001020205.1	GCF_001020205.1	GCA_001020205.1	GCF_001020205.1	accession	True	True	positive	positive	rod	rod	no	no	yes	yes	anaerobe	anaerobe	meso	meso	growth_single_point	37.0	False		none	
2738	Clostridium tyrobutyricum	Clostridium_B tyrobutyricum	Clostridium_B	Bacillota	RS_GCF_000359585.1	GCF_000359585.1	GCA_000359585.1	GCF_000359585.1	accession	True	True	positive	positive	rod	rod	no	no	yes	yes	anaerobe	anaerobe	meso	meso	growth_single_point	37.0	False		none	
2741	Peptoclostridium litorale	Peptoclostridium litorale	Peptoclostridium	Bacillota	RS_GCF_900141635.1	GCF_900141635.1	GCA_900141635.1	GCF_900141635.1	accession	True	True	negative	negative	other	spiral	yes	yes	yes	yes	anaerobe	anaerobe	meso	meso	growth_range	27.5	False	neutrophile	optimum	
2748	Clostridium scindens	Clostridium_AP scindens	Clostridium_AP	Bacillota	RS_GCF_004295125.1	GCF_004295125.1	GCA_004295125.1	GCF_004295125.1	accession	True	True	positive	positive	rod	rod	no	no	no	no	anaerobe	anaerobe	meso	meso	growth_range	36.0	False		none	
2760	Ruminiclostridium cellulolyticum	Ruminiclostridium cellulolyticum	Ruminiclostridium	Bacillota	RS_GCF_000022065.1	GCF_000022065.1	GCA_000022065.1	GCF_000022065.1	accession	True	True	positive	positive	rod	rod	yes	yes	yes	yes	anaerobe	anaerobe	meso	meso	optimum	33.5	False		none	
2765	Anaerotignum neopropionicum	Chakrabartyella neopropionicum	Chakrabartyella	Bacillota	RS_GCF_001571775.1	GCF_001571775.1	GCA_001571775.1	GCF_001571775.1	accession	True	True	negative	negative	rod	rod	yes	yes	yes	yes	anaerobe	anaerobe	meso	meso	growth_single_point	30.0	False		none	
2776	Clostridium estertheticum subsp. estertheticum	Clostridium_AD estertheticum	Clostridium_AD	Bacillota	RS_GCF_001877035.1	GCF_001877035.1	GCA_001877035.1	GCF_001877035.1	accession	True	True	positive	positive	rod	rod	no	no	yes	yes	anaerobe	anaerobe	psychro	psychro	growth_single_point	10.0	False		none	
2783	Clostridium pascui	Clostridium_AK pascui	Clostridium_AK	Bacillota	RS_GCF_016908015.1	GCF_016908015.1	GCA_016908015.1	GCF_016908015.1	accession	True	True	positive	positive	rod	rod	no	no	yes	yes	anaerobe	anaerobe	meso	meso	growth_single_point	37.0	False		none	
2811	Clostridium hylemonae	Extibacter hylemonae	Extibacter	Bacillota	RS_GCF_008281175.1	GCF_008281175.1	GCA_008281175.1	GCF_008281175.1	accession	True	True	positive	positive	rod	rod	no	no	yes	yes	anaerobe	anaerobe	meso	meso	growth_single_point	37.0	False		none	
2817	Clostridium carboxidivorans	Clostridium_AM carboxidivorans	Clostridium_AM	Bacillota	RS_GCF_001038625.1	GCF_001038625.1	GCA_001038625.1	GCF_001038625.1	accession	True	True	positive	positive	rod	rod	yes	yes	yes	yes	anaerobe	anaerobe	meso	meso	optimum	38.0	False	neutrophile	optimum	
2820	Clostridium colicanis	Clostridium_H thermopalmarium	Clostridium_H	Bacillota	RS_GCF_001593985.1	GCF_001593985.1	GCA_001593985.1	GCF_001593985.1	accession	True	True	positive	positive	rod	rod	no	no	yes	yes	anaerobe	anaerobe	meso	meso	growth_single_point	37.0	False		none	
2831	Clostridium lundense	Clostridium_AO lundense	Clostridium_AO	Bacillota	RS_GCF_000619945.1	GCF_000619945.1	GCA_000619945.1	GCF_000619945.1	accession	True	True	positive	positive	rod	rod	no	no	yes	yes	anaerobe	anaerobe	meso	meso	optimum	37.0	False	neutrophile	optimum	
2833	Clostridium aciditolerans	Clostridium_AM aciditolerans	Clostridium_AM	Bacillota	RS_GCF_016316925.1	GCF_016316925.1	GCA_016316925.1	GCF_016316925.1	accession	True	True	positive	positive	rod	rod	yes	yes	yes	yes	anaerobe	anaerobe	meso	meso	optimum	35.0	False	neutrophile	optimum	
2836	Clostridium drakei	Clostridium_AM drakei	Clostridium_AM	Bacillota	RS_GCF_000633595.2	GCF_000633595.2	GCA_000633595.2	GCF_000633595.2	accession	True	True	negative	negative	rod	rod	yes	yes	yes	yes	anaerobe	anaerobe	meso	meso	optimum	33.5	False	neutrophile	optimum	
2841	Clostridium phytofermentans	Lachnoclostridium phytofermentans	Lachnoclostridium	Bacillota	RS_GCF_000018685.1	GCF_000018685.1	GCA_000018685.1	GCF_000018685.1	accession	True	True	negative	negative	rod	rod	yes	yes	yes	yes	anaerobe	anaerobe	meso	meso	optimum	37.0	False	neutrophile	optimum	
2842	Clostridium ganghwense	Clostridium_H ganghwense	Clostridium_H	Bacillota	RS_GCF_026735165.1	GCF_026735165.1	GCA_026735165.1	GCF_026735165.1	accession	True	True	negative	negative	rod	rod	yes	yes	no	no	anaerobe	anaerobe	meso	meso	optimum	35.0	False	neutrophile	optimum	
2846	Clostridium aestuarii	Clostridium_H aestuarii	Clostridium_H	Bacillota	RS_GCF_026735135.1	GCF_026735135.1	GCA_026735135.1	GCF_026735135.1	accession	True	True	negative	negative	rod	rod	yes	yes	yes	yes	anaerobe	anaerobe	meso	meso	optimum	30.0	False	neutrophile	optimum	
2848	Ruminiclostridium sufflavum	Ruminiclostridium sufflavum	Ruminiclostridium	Bacillota	RS_GCF_003208175.1	GCF_003208175.1	GCA_003208175.1	GCF_003208175.1	accession	True	True	negative	negative	rod	rod	yes	yes	yes	yes	anaerobe	anaerobe	meso	meso	optimum	33.0	False	neutrophile	optimum	
2850	Clostridium amylolyticum	Clostridium_AA amylolyticum	Clostridium_AA	Bacillota	RS_GCF_900142075.1	GCF_900142075.1	GCA_900142075.1	GCF_900142075.1	accession	True	True	positive	positive	rod	rod	yes	yes	yes	yes	anaerobe	anaerobe	meso	meso	optimum	37.0	False	neutrophile	optimum	
2851	Clostridium tagluense	Clostridium_AD tagluense	Clostridium_AD	Bacillota	RS_GCF_003865095.1	GCF_003865095.1	GCA_003865095.1	GCF_003865095.1	accession	True	True	positive	positive	rod	rod	yes	yes	yes	yes	anaerobe	anaerobe	meso	meso	optimum	17.5	False	neutrophile	optimum	
2854	Thermoclostridium caenicola	Thermoclostridium_A caenicola	Thermoclostridium_A	Bacillota	RS_GCF_900142095.1	GCF_900142095.1	GCA_900142095.1	GCF_900142095.1	accession	True	True	negative	negative	rod	rod	yes	yes	yes	yes	anaerobe	anaerobe	thermo	thermo	optimum	60.0	False	neutrophile	optimum	
2867	Geosporobacter subterraneus	Geosporobacter subterraneus	Geosporobacter	Bacillota	RS_GCF_900142145.1	GCF_900142145.1	GCA_900142145.1	GCF_900142145.1	accession	True	True	positive	positive	rod	rod	no	no	yes	yes	anaerobe	anaerobe	meso	meso	optimum	42.0	False	neutrophile	optimum	
2868	Anaerosporobacter mobilis	Anaerosporobacter mobilis	Anaerosporobacter	Bacillota	RS_GCF_900142955.1	GCF_900142955.1	GCA_900142955.1	GCF_900142955.1	accession	True	True	positive	positive	rod	rod	yes	yes	yes	yes	anaerobe	anaerobe	meso	meso	optimum	30.0	False	neutrophile	optimum	
2869	Clostridiisalibacter paucivorans	Clostridiisalibacter paucivorans	Clostridiisalibacter	Bacillota	RS_GCF_000620125.1	GCF_000620125.1	GCA_000620125.1	GCF_000620125.1	accession	True	True	positive	positive	rod	rod	yes	yes	yes	yes	anaerobe	anaerobe	meso	meso	optimum	42.0	False	neutrophile	optimum	
2870	Lutispora thermophila	Lutispora thermophila	Lutispora	Bacillota	RS_GCF_900142105.1	GCF_900142105.1	GCA_900142105.1	GCF_900142105.1	accession	True	True	positive	positive	rod	rod	yes	yes	yes	yes	anaerobe	anaerobe	thermo	thermo	optimum	56.5	False	neutrophile	optimum	
2871	Butyricicoccus pullicaecorum	Butyricicoccus pullicaecorum	Butyricicoccus	Bacillota	RS_GCF_900167005.1	GCF_900167005.1	GCA_900167005.1	GCF_900167005.1	accession	True	True	positive	positive	coccus	coccus	no	no	no	no	anaerobe	anaerobe	meso	meso	optimum	42.0	False		none	
2872	Proteiniclasticum ruminis	Proteiniclasticum ruminis	Proteiniclasticum	Bacillota	RS_GCF_000701905.1	GCF_000701905.1	GCA_000701905.1	GCF_000701905.1	accession	True	True	negative	negative	rod	rod	no	no	no	no	anaerobe	anaerobe	meso	meso	optimum	38.5	False	neutrophile	optimum	
2873	Sporosalibacterium faouarense	Sporosalibacterium faouarense	Sporosalibacterium	Bacillota	RS_GCF_016765695.1	GCF_016765695.1	GCA_016765695.1	GCF_016765695.1	accession	True	True	positive	positive	other	other	yes	yes	yes	yes	anaerobe	anaerobe	meso	meso	optimum	40.0	False	neutrophile	optimum	
2883	Thalassotalea agarivorans	Thalassotalea_D agarivorans	Thalassotalea_D	Pseudomonadota	RS_GCF_030295955.1	GCF_030295955.1	GCA_030295955.1	GCF_030295955.1	accession	True	True	negative	negative	rod	rod	no	no	no	no	aerobe	aerobe	meso	meso	optimum	25.0	False	neutrophile	optimum	
2903	Acidovorax caeni	Paenacidovorax caeni	Paenacidovorax	Pseudomonadota	RS_GCF_001298675.1	GCF_001298675.1	GCA_001298675.1	GCF_001298675.1	accession	True	True	negative	negative	rod	rod	yes	yes	no	no	facultative	facultative	meso	meso	growth_range	26.0	False	neutrophile	growth_range	
2936	Comamonas odontotermitis	Comamonas odontotermitis	Comamonas	Pseudomonadota	RS_GCF_042748965.1	GCF_042748965.1	GCA_042748965.1	GCF_042748965.1	accession	True	True	negative	negative	rod	rod	yes	yes	no	no	aerobe	aerobe	meso	meso	optimum	31.5	False	neutrophile	optimum	
2937	Comamonas composti	Comamonas composti	Comamonas	Pseudomonadota	RS_GCF_000429845.1	GCF_000429845.1	GCA_000429845.1	GCF_000429845.1	accession	True	True	negative	negative	rod	rod	yes	yes	no	no	aerobe	aerobe	meso	meso	optimum	30.0	False	neutrophile	optimum	
2979	Ottowia thiooxydans	Ottowia thiooxydans	Ottowia	Pseudomonadota	RS_GCF_000422885.1	GCF_000422885.1	GCA_000422885.1	GCF_000422885.1	accession	True	True	negative	negative	rod	rod	no	no	no	no	facultative	facultative	meso	meso	optimum	26.0	False	neutrophile	optimum	
2982	Polaromonas naphthalenivorans	Polaromonas naphthalenivorans	Polaromonas	Pseudomonadota	RS_GCF_000015505.1	GCF_000015505.1	GCA_000015505.1	GCF_000015505.1	accession	True	True	negative	negative	coccus	coccus	no	no	no	no	aerobe	aerobe	meso	meso	optimum	20.0	False	neutrophile	optimum	
2984	Polaromonas jejuensis	Polaromonas jejuensis	Polaromonas	Pseudomonadota	RS_GCF_042656865.1	GCF_042656865.1	GCA_042656865.1	GCF_042656865.1	accession	True	True	negative	negative	rod	rod	no	no	no	no	aerobe	aerobe	meso	meso	optimum	29.0	False	neutrophile	optimum	
3015	Variovorax dokdonensis	Variovorax dokdonensis	Variovorax	Pseudomonadota	RS_GCF_042675585.1	GCF_042675585.1	GCA_042675585.1	GCF_042675585.1	accession	True	False	negative	negative	rod	rod	yes	yes	no	no	aerobe	aerobe	meso	meso	optimum	30.0	False	neutrophile	optimum	
3016	Variovorax soli	Variovorax soli	Variovorax	Pseudomonadota	RS_GCF_042657085.1	GCF_042657085.1	GCA_042657085.1	GCF_042657085.1	accession	True	True	negative	negative	rod	rod	yes	yes	no	no	aerobe	aerobe	meso	meso	optimum	30.0	False	neutrophile	optimum	
3017	Variovorax boronicumulans	Variovorax boronicumulans	Variovorax	Pseudomonadota	RS_GCF_001591345.1	GCF_001591345.1	GCA_001591345.1	GCF_001591345.1	accession	True	True	negative	negative	rod	rod	yes	yes	no	no	aerobe	aerobe	meso	meso	optimum	30.0	False	neutrophile	optimum	
3020	Xenophilus aerolatus	Xenophilus aerolatus	Xenophilus	Pseudomonadota	GB_GCA_029968055.1	GCA_029968055.1	GCA_029968055.1		accession	True	True	negative	negative	rod	rod	yes	yes	no	no	aerobe	aerobe	meso	meso	optimum	27.5	False	neutrophile	optimum	
3021	Tepidicella xavieri	Tepidicella xavieri	Tepidicella	Pseudomonadota	RS_GCF_004363315.1	GCF_004363315.1	GCA_004363315.1	GCF_004363315.1	accession	True	True	negative	negative	rod	rod	yes	yes	no	no	aerobe	aerobe	thermo	thermo	optimum	45.0	False	alkaliphile	optimum	
3050	Collinsella tanakaei	Collinsella tanakaei	Collinsella	Actinomycetota	RS_GCF_000225705.1	GCF_000225705.1	GCA_000225705.1	GCF_000225705.1	accession	True	True	positive	positive	rod	rod	no	no	no	no	anaerobe	anaerobe	meso	meso	optimum	37.0	False	neutrophile	optimum	
3053	Cryptobacterium curtum	Cryptobacterium curtum	Cryptobacterium	Actinomycetota	RS_GCF_000023845.1	GCF_000023845.1	GCA_000023845.1	GCF_000023845.1	accession	True	True	positive	positive	rod	rod	no	no	no	no	anaerobe	anaerobe	meso	meso	growth_single_point	37.0	False		none	
3062	Olsenella umbonata	Parafannyhessea umbonata	Parafannyhessea	Actinomycetota	RS_GCF_900105025.1	GCF_900105025.1	GCA_900105025.1	GCF_900105025.1	accession	True	True	positive	positive	rod	rod	no	no	no	no	anaerobe	anaerobe	meso	meso	growth_single_point	37.0	False		none	
3064	Slackia exigua	Slackia exigua	Slackia	Actinomycetota	RS_GCF_000162875.1	GCF_000162875.1	GCA_000162875.1	GCF_000162875.1	accession	True	True	positive	positive	rod	rod	no	no	no	no	anaerobe	anaerobe	meso	meso	growth_single_point	37.0	False		none	
3065	Slackia faecicanis	Slackia faecicanis	Slackia	Actinomycetota	RS_GCF_003725295.1	GCF_003725295.1	GCA_003725295.1	GCF_003725295.1	accession	True	True	positive	positive	rod	rod	no	no	no	no	anaerobe	anaerobe	meso	meso	optimum	37.0	False		none	
3067	Slackia equolifaciens	Slackia equolifaciens	Slackia	Actinomycetota	RS_GCF_003725995.1	GCF_003725995.1	GCA_003725995.1	GCF_003725995.1	accession	True	True	positive	positive	rod	rod	no	no	no	no	anaerobe	anaerobe	meso	meso	growth_single_point	37.0	False		none	
3068	Slackia piriformis	Slackia piriformis	Slackia	Actinomycetota	RS_GCF_000296445.1	GCF_000296445.1	GCA_000296445.1	GCF_000296445.1	accession	True	True	positive	positive	rod	rod	no	no	no	no	anaerobe	anaerobe	meso	meso	optimum	37.0	False	neutrophile	optimum	
3073	Adlercreutzia equolifaciens subsp. equolifaciens	Adlercreutzia equolifaciens	Adlercreutzia	Actinomycetota	RS_GCF_000478885.1	GCF_000478885.1	GCA_000478885.1	GCF_000478885.1	accession	True	True	positive	positive	other	other	no	no	no	no	anaerobe	anaerobe	meso	meso	growth_single_point	37.0	False		none	
3075	Gordonibacter pamelaeae	Gordonibacter pamelaeae	Gordonibacter	Actinomycetota	RS_GCF_042665095.1	GCF_042665095.1	GCA_042665095.1	GCF_042665095.1	accession	True	True	positive	positive	other	other	yes	yes	no	no	anaerobe	anaerobe	meso	meso	optimum	37.0	False		none	
3077	Adlercreutzia caecimuris	Adlercreutzia caecimuris	Adlercreutzia	Actinomycetota	RS_GCF_000403355.2	GCF_000403355.2	GCA_000403355.2	GCF_000403355.2	accession	True	True	positive	positive	rod	rod	no	no	no	no	anaerobe	anaerobe	meso	meso	optimum	37.0	False	neutrophile	optimum	
3153	Corynebacterium diphtheriae subsp. diphtheriae	Corynebacterium diphtheriae	Corynebacterium	Actinomycetota	RS_GCF_001457455.1	GCF_001457455.1	GCA_001457455.1	GCF_001457455.1	accession	True	True	positive	positive	rod	rod	no	no	no	no	aerobe	aerobe	meso	meso	optimum	37.0	False		none	
3161	Corynebacterium argentoratense	Corynebacterium argentoratense	Corynebacterium	Actinomycetota	RS_GCF_000590555.1	GCF_000590555.1	GCA_000590555.1	GCF_000590555.1	accession	True	True	positive	positive	rod	rod	no	no	no	no	facultative	facultative	meso	meso	optimum	28.0	False		none	
3163	Corynebacterium mucifaciens	Corynebacterium mucifaciens	Corynebacterium	Actinomycetota	RS_GCF_012396315.1	GCF_012396315.1	GCA_012396315.1	GCF_012396315.1	accession	True	True	positive	positive	rod	rod	no	no	no	no	aerobe	aerobe	meso	meso	optimum	37.0	False		none	
3172	Corynebacterium propinquum	Corynebacterium propinquum	Corynebacterium	Actinomycetota	RS_GCF_000375525.1	GCF_000375525.1	GCA_000375525.1	GCF_000375525.1	accession	True	True	positive	positive	rod	rod	no	no	no	no	aerobe	aerobe	meso	meso	optimum	37.0	False		none	
3180	Corynebacterium falsenii	Corynebacterium falsenii	Corynebacterium	Actinomycetota	RS_GCF_020099275.1	GCF_020099275.1	GCA_020099275.1	GCF_020099275.1	accession	True	False	positive	positive	rod	rod	no	no	no	no	facultative	facultative	meso	meso	optimum	37.0	False		none	
3183	Corynebacterium confusum	Corynebacterium confusum	Corynebacterium	Actinomycetota	RS_GCF_030408715.1	GCF_030408715.1	GCA_030408715.1	GCF_030408715.1	accession	True	True	positive	positive	rod	rod	no	no	no	no	facultative		meso	meso	optimum	37.0	False		none	
3184	Corynebacterium kroppenstedtii	Corynebacterium kroppenstedtii	Corynebacterium	Actinomycetota	RS_GCF_000023145.1	GCF_000023145.1	GCA_000023145.1	GCF_000023145.1	accession	True	True	positive	positive	rod	rod	no	no	no	no	facultative	facultative	meso	meso	optimum	37.0	False		none	
3190	Corynebacterium freneyi	Corynebacterium freneyi	Corynebacterium	Actinomycetota	RS_GCF_030408835.1	GCF_030408835.1	GCA_030408835.1	GCF_030408835.1	accession	True	True	positive	positive	rod	rod	no	no	no	no	aerobe	aerobe	meso	meso	optimum	37.0	False		none	
3208	Corynebacterium terpenotabidum	Corynebacterium terpenotabidum	Corynebacterium	Actinomycetota	RS_GCF_000418365.1	GCF_000418365.1	GCA_000418365.1	GCF_000418365.1	accession	True	True	positive	positive	rod	rod	no	no	no	no	aerobe	aerobe	meso	meso	growth_range	31.0	False		none	
3212	Corynebacterium sphenisci	Corynebacterium sphenisci	Corynebacterium	Actinomycetota	RS_GCF_001941505.1	GCF_001941505.1	GCA_001941505.1	GCF_001941505.1	accession	True	True	positive	positive	rod	rod	no	no	no	no	facultative	facultative	meso	meso	growth_range	31.0	False		none	
3213	Corynebacterium atypicum	Corynebacterium atypicum	Corynebacterium	Actinomycetota	RS_GCF_000732945.1	GCF_000732945.1	GCA_000732945.1	GCF_000732945.1	accession	True	True	positive	positive	rod	rod	no	no	no	no	facultative		meso	meso	growth_range	31.0	False		none	
3215	Corynebacterium suicordis	Corynebacterium suicordis	Corynebacterium	Actinomycetota	RS_GCF_015351405.1	GCF_015351405.1	GCA_015351405.1	GCF_015351405.1	accession	True	True	positive	positive	rod	rod	no	no	no	no	facultative		meso	meso	growth_range	23.5	False		none	
3227	Corynebacterium hansenii	Corynebacterium hansenii	Corynebacterium	Actinomycetota	RS_GCF_030408795.1	GCF_030408795.1	GCA_030408795.1	GCF_030408795.1	accession	True	True	positive	positive	rod	rod	no	no	no	no	aerobe	aerobe	meso	meso	optimum	24.0	False		none	
3228	Corynebacterium sputi	Corynebacterium sputi	Corynebacterium	Actinomycetota	RS_GCF_000427865.1	GCF_000427865.1	GCA_000427865.1	GCF_000427865.1	accession	True	True	positive	positive	rod	rod	no	no	no	no	facultative		meso	meso	optimum	37.0	False	neutrophile	optimum	
3229	Corynebacterium ulceribovis	Corynebacterium ulceribovis	Corynebacterium	Actinomycetota	RS_GCF_000372445.1	GCF_000372445.1	GCA_000372445.1	GCF_000372445.1	accession	True	True	positive	positive	coccus	coccus	no	no	no	no	facultative		meso	meso	optimum	28.0	False		none	
3234	Corynebacterium maris	Corynebacterium maris	Corynebacterium	Actinomycetota	RS_GCF_000442645.1	GCF_000442645.1	GCA_000442645.1	GCF_000442645.1	accession	True	True	positive	positive	other	other	no	no	no	no	aerobe	aerobe	meso	meso	optimum	25.0	False	neutrophile	growth_range	
3235	Corynebacterium doosanense	Corynebacterium doosanense	Corynebacterium	Actinomycetota	RS_GCF_000767055.1	GCF_000767055.1	GCA_000767055.1	GCF_000767055.1	accession	True	True	positive	positive	rod	rod	no	no	no	no	aerobe	aerobe	meso	meso	growth_range	29.0	False		none	
3238	Corynebacterium pilbarense	Corynebacterium pilbarense	Corynebacterium	Actinomycetota	RS_GCF_026930265.1	GCF_026930265.1	GCA_026930265.1	GCF_026930265.1	accession	True	True	positive	positive	rod	rod	no	no	no	no	facultative		meso	meso	growth_single_point	37.0	False		none	
3239	Corynebacterium canis	Corynebacterium canis	Corynebacterium	Actinomycetota	RS_GCF_030408595.1	GCF_030408595.1	GCA_030408595.1	GCF_030408595.1	accession	True	True	positive	positive	rod	rod	no	no	no	no	facultative		meso	meso	optimum	35.0	False	neutrophile	optimum	
3766	Arcicella aurantiaca	Arcicella aurantiaca	Arcicella	Bacteroidota	RS_GCF_003148625.1	GCF_003148625.1	GCA_003148625.1	GCF_003148625.1	accession	True	True	negative	negative	rod	rod	no	no	no	no	aerobe	aerobe	meso	meso	optimum	25.0	False	neutrophile	optimum	
3783	Emticicia oligotrophica	Emticicia oligotrophica	Emticicia	Bacteroidota	RS_GCF_000263195.1	GCF_000263195.1	GCA_000263195.1	GCF_000263195.1	accession	True	True	negative	negative	rod	rod	no	no	no	no	aerobe	aerobe	meso	meso	optimum	37.0	False	alkaliphile	optimum	
3804	Hymenobacter psychrotolerans	Hymenobacter psychrotolerans	Hymenobacter	Bacteroidota	RS_GCF_900142395.1	GCF_900142395.1	GCA_900142395.1	GCF_900142395.1	accession	True	True	negative	negative	rod	rod	no	no	no	no	aerobe	aerobe	meso	meso	optimum	18.0	False	neutrophile	optimum	
3810	Hymenobacter daecheongensis	Hymenobacter daecheongensis	Hymenobacter	Bacteroidota	RS_GCF_900141805.1	GCF_900141805.1	GCA_900141805.1	GCF_900141805.1	accession	True	True	negative	negative	rod	rod	no	no	no	no	aerobe	aerobe	meso	meso	optimum	17.0	False	neutrophile	optimum	
3822	Spirosoma panaciterrae	Spirosoma panaciterrae	Spirosoma	Bacteroidota	RS_GCF_000374025.1	GCF_000374025.1	GCA_000374025.1	GCF_000374025.1	accession	True	True	negative	negative	rod	rod	no	no	no	no	aerobe	aerobe	meso	meso	optimum	30.0	False	neutrophile	optimum	
3829	Pontibacter roseus	Pontibacter roseus	Pontibacter	Bacteroidota	RS_GCF_000373265.1	GCF_000373265.1	GCA_000373265.1	GCF_000373265.1	accession	True	True	negative	negative	rod	rod	no	no	no	no	aerobe	aerobe	meso	meso	optimum	33.5	False	alkaliphile	optimum	
3834	Rudanella lutea	Rudanella lutea	Rudanella	Bacteroidota	RS_GCF_000383955.1	GCF_000383955.1	GCA_000383955.1	GCF_000383955.1	accession	True	True	negative	negative	rod	rod	no	no	no	no	aerobe	aerobe	meso	meso	optimum	30.0	False	neutrophile	optimum	
3837	Pseudarcicella hirudinis	Pseudarcicella hirudinis	Pseudarcicella	Bacteroidota	RS_GCF_900115665.1	GCF_900115665.1	GCA_900115665.1	GCF_900115665.1	accession	True	True	negative	negative	rod	rod	no	no	no	no	aerobe	aerobe	meso	meso	optimum	26.5	False	alkaliphile	growth_range	
3845	Deferribacter autotrophicus	Deferribacter autotrophicus	Deferribacter	Chrysiogenota	RS_GCF_008362905.1	GCF_008362905.1	GCA_008362905.1	GCF_008362905.1	accession	True	True	negative	negative	rod	rod	yes	yes	no	no	anaerobe	anaerobe	thermo	thermo	optimum	60.0	False	neutrophile	optimum	
3846	Calditerrivibrio nitroreducens	Calditerrivibrio nitroreducens	Calditerrivibrio	Chrysiogenota	RS_GCF_000183405.1	GCF_000183405.1	GCA_000183405.1	GCF_000183405.1	accession	True	True	negative	negative	other	other	yes	yes	no	no	anaerobe	anaerobe	thermo	thermo	optimum	55.0	False	neutrophile	optimum	
3855	Deinococcus geothermalis	Deinococcus geothermalis	Deinococcus	Deinococcota	RS_GCF_000196275.1	GCF_000196275.1	GCA_000196275.1	GCF_000196275.1	accession	True	True	positive	positive	coccus	coccus	no	no	no	no	aerobe	aerobe	thermo	thermo	optimum	47.0	False	neutrophile	optimum	
3882	Deinococcus aquaticus	Deinococcus aquaticus	Deinococcus	Deinococcota	RS_GCF_039544915.1	GCF_039544915.1	GCA_039544915.1	GCF_039544915.1	accession	True	True	negative	negative	rod	rod	no	no	no	no	aerobe	aerobe	meso	meso	optimum	30.0	False	neutrophile	optimum	
3885	Deinococcus ficus	Deinococcus ficus	Deinococcus	Deinococcota	RS_GCF_003444775.1	GCF_003444775.1	GCA_003444775.1	GCF_003444775.1	accession	True	True	positive	positive	rod	rod	no	no	no	no	aerobe	aerobe	meso	meso	optimum	37.0	False	neutrophile	optimum	
3886	Deinococcus yunweiensis	Deinococcus yunweiensis	Deinococcus	Deinococcota	RS_GCF_046774955.1	GCF_046774955.1	GCA_046774955.1	GCF_046774955.1	accession	True	False	negative	negative	rod	rod	no	no	no	no	aerobe	aerobe	meso	meso	optimum	30.0	False	neutrophile	optimum	
3890	Deinococcus roseus	Deinococcus_C roseus	Deinococcus_C	Deinococcota	RS_GCF_014646895.1	GCF_014646895.1	GCA_014646895.1	GCF_014646895.1	accession	True	True	positive	positive	rod	rod	no	no	no	no	aerobe	aerobe	meso	meso	optimum	37.0	False	neutrophile	optimum	
3891	Deinococcus aquatilis	Deinococcus aquatilis	Deinococcus	Deinococcota	RS_GCF_000378445.1	GCF_000378445.1	GCA_000378445.1	GCF_000378445.1	accession	True	True	positive	positive	rod	rod	no	no	no	no	aerobe	aerobe	meso	meso	optimum	30.0	False	alkaliphile	optimum	
3893	Deinococcus gobiensis	Deinococcus gobiensis	Deinococcus	Deinococcota	RS_GCF_000252445.1	GCF_000252445.1	GCA_000252445.1	GCF_000252445.1	accession	True	True	positive	positive	coccus	coccus	no	no	no	no	facultative	facultative	meso	meso	optimum	30.0	False	neutrophile	optimum	
3900	Deinococcus daejeonensis	Deinococcus grandis	Deinococcus	Deinococcota	RS_GCF_014647175.1	GCF_014647175.1	GCA_014647175.1	GCF_014647175.1	accession	True	True	positive	positive	coccus	coccus	no	no	no	no	aerobe	aerobe	meso	meso	optimum	30.0	False	neutrophile	optimum	
3901	Deinobacterium chartae	Deinobacterium chartae	Deinobacterium	Deinococcota	RS_GCF_014202645.1	GCF_014202645.1	GCA_014202645.1	GCF_014202645.1	accession	True	True	negative	negative	rod	rod	no	no	no	no	aerobe	aerobe	meso	meso	optimum	41.0	False	neutrophile	growth_range	
3915	Brachybacterium phenoliresistens	Brachybacterium phenoliresistens	Brachybacterium	Actinomycetota	RS_GCF_039530785.1	GCF_039530785.1	GCA_039530785.1	GCF_039530785.1	accession	True	True	positive	positive	other	other	no	no	no	no	facultative	facultative	meso	meso	optimum	32.5	False	neutrophile	optimum	
3919	Devriesea agamarum	Devriesea agamarum	Devriesea	Actinomycetota	RS_GCF_900070355.1	GCF_900070355.1	GCA_900070355.1	GCF_900070355.1	accession	True	True	positive	positive	rod	rod	no	no	yes	yes	facultative		meso	meso	optimum	27.5	False	neutrophile	optimum	
3920	Helcobacillus massiliensis	Helcobacillus massiliensis	Helcobacillus	Actinomycetota	RS_GCF_014191425.1	GCF_014191425.1	GCA_014191425.1	GCF_014191425.1	accession	True	True	positive	positive	rod	rod	no	no	no	no	aerobe	aerobe	meso	meso	optimum	32.5	False		none	
3931	Yimella lutea	Yimella lutea	Yimella	Actinomycetota	RS_GCF_006715095.1	GCF_006715095.1	GCA_006715095.1	GCF_006715095.1	accession	True	True	positive	positive	coccus	coccus	no	no	no	no	aerobe	aerobe	meso	meso	optimum	28.0	False	neutrophile	optimum	
3935	Barrientosiimonas humi	Barrientosiimonas humi	Barrientosiimonas	Actinomycetota	RS_GCF_006716095.1	GCF_006716095.1	GCA_006716095.1	GCF_006716095.1	accession	True	True	positive	positive	coccus	coccus	no	no	no	no	aerobe	aerobe	meso	meso	optimum	32.0	False	neutrophile	optimum	
3946	Desulfatibacillum aliphaticivorans	Desulfatibacillum aliphaticivorans	Desulfatibacillum	Desulfobacterota	RS_GCF_000429905.1	GCF_000429905.1	GCA_000429905.1	GCF_000429905.1	accession	True	True	negative	negative	rod	rod	no	no	no	no	anaerobe	anaerobe	meso	meso	optimum	31.5	False	neutrophile	optimum	
3947	Desulfatibacillum alkenivorans	Desulfatibacillum alkenivorans	Desulfatibacillum	Desulfobacterota	RS_GCF_900142135.1	GCF_900142135.1	GCA_900142135.1	GCF_900142135.1	accession	True	True	negative	negative	rod	rod	no	no	no	no	anaerobe	anaerobe	meso	meso	optimum	29.0	False	neutrophile	optimum	
3997	Desulfoluna spongiiphila	Desulfoluna spongiiphila	Desulfoluna	Desulfobacterota	RS_GCF_900101345.1	GCF_900101345.1	GCA_900101345.1	GCF_900101345.1	accession	True	True	negative	negative	rod	rod	no	no	no	no	anaerobe	anaerobe	meso	meso	optimum	28.0	False	neutrophile	optimum	
4015	Desulfogranum japonicum	Desulfogranum japonicum	Desulfogranum	Desulfobacterota	RS_GCF_000429945.1	GCF_000429945.1	GCA_000429945.1	GCF_000429945.1	accession	True	True	negative	negative	rod	rod	yes	yes	no	no	anaerobe	anaerobe	meso	meso	optimum	35.0	False	neutrophile	optimum	
4043	Desulfohalobium retbaense	Desulfohalobium retbaense	Desulfohalobium	Desulfobacterota	RS_GCF_000024325.1	GCF_000024325.1	GCA_000024325.1	GCF_000024325.1	accession	True	True	negative	negative	rod	rod	yes	yes	no	no	anaerobe	anaerobe	meso	meso	optimum	38.5	False	neutrophile	optimum	
4147	Maridesulfovibrio bastinii	Maridesulfovibrio bastinii	Maridesulfovibrio	Desulfobacterota	RS_GCF_000429985.1	GCF_000429985.1	GCA_000429985.1	GCF_000429985.1	accession	True	True	negative	negative	other	spiral	yes	yes	no	no	anaerobe	anaerobe	meso	meso	optimum	37.5	False	neutrophile	optimum	moderately halophilic
4150	Oleidesulfovibrio alaskensis	Oleidesulfovibrio alaskensis	Oleidesulfovibrio	Desulfobacterota	RS_GCF_000482745.1	GCF_000482745.1	GCA_000482745.1	GCF_000482745.1	accession	True	True	negative	negative	other	spiral	yes	yes	no	no	anaerobe	anaerobe	meso	meso	optimum	37.0	False	neutrophile	optimum	
4157	Maridesulfovibrio frigidus	Maridesulfovibrio frigidus	Maridesulfovibrio	Desulfobacterota	RS_GCF_000711735.1	GCF_000711735.1	GCA_000711735.1	GCF_000711735.1	accession	True	True	negative	negative	rod	rod	yes	yes	no	no	anaerobe	anaerobe	meso	meso	optimum	21.5	False	neutrophile	optimum	
4158	Maridesulfovibrio ferrireducens	Maridesulfovibrio ferrireducens	Maridesulfovibrio	Desulfobacterota	RS_GCF_900101105.1	GCF_900101105.1	GCA_900101105.1	GCF_900101105.1	accession	True	True	negative	negative	rod	rod	yes	yes	no	no	anaerobe	anaerobe	meso	meso	optimum	23.0	False	neutrophile	optimum	
4164	Pseudodesulfovibrio tunisiensis	Pseudodesulfovibrio tunisiensis	Pseudodesulfovibrio	Desulfobacterota	RS_GCF_022809775.1	GCF_022809775.1	GCA_022809775.1	GCF_022809775.1	designation	True	True	negative	negative	rod	rod	yes	yes	no	no	anaerobe	anaerobe	meso	meso	optimum	37.0	False	neutrophile	optimum	
4167	Desulfovibrio psychrotolerans	Halodesulfovibrio psychrotolerans	Halodesulfovibrio	Desulfobacterota	RS_GCF_013340305.1	GCF_013340305.1	GCA_013340305.1	GCF_013340305.1	accession	True	True	negative	negative	other	spiral	yes	yes	no	no	anaerobe	anaerobe	meso	meso	growth_range	30.0	False	alkaliphile	optimum	
4178	Desulfobaculum xiamenense	Desulfobaculum xiamenense	Desulfobaculum	Desulfobacterota	RS_GCF_011927665.1	GCF_011927665.1	GCA_011927665.1	GCF_011927665.1	accession	True	True	negative	negative	rod	rod	yes	yes	no	no	anaerobe	anaerobe	meso	meso	optimum	37.5	False	neutrophile	optimum	
4239	Dictyoglomus thermophilum	Dictyoglomus thermophilum	Dictyoglomus	Dictyoglomota	RS_GCF_000020965.1	GCF_000020965.1	GCA_000020965.1	GCF_000020965.1	accession	True	True	negative	negative	rod	rod	no	no	no	no	anaerobe	anaerobe	thermo	thermo	optimum	75.5	False	neutrophile	optimum	
4258	Dietzia kunjamensis subsp. kunjamensis	Dietzia kunjamensis	Dietzia	Actinomycetota	RS_GCF_003610395.1	GCF_003610395.1	GCA_003610395.1	GCF_003610395.1	accession	True	True	positive	positive	other	other	no	no	no	no	aerobe	aerobe	meso	meso	optimum	27.5	False	neutrophile	optimum	
4260	Dietzia cercidiphylli	Dietzia natronolimnaea	Dietzia	Actinomycetota	RS_GCF_039531545.1	GCF_039531545.1	GCA_039531545.1	GCF_039531545.1	accession	True	True	positive	positive	rod	rod	no	no	no	no	aerobe	aerobe	meso	meso	optimum	28.0	False	neutrophile	optimum	
4300	Thiohalospira halophila	Thiohalospira halophila	Thiohalospira	Pseudomonadota	RS_GCF_900112605.1	GCF_900112605.1	GCA_900112605.1	GCF_900112605.1	accession	True	True	negative	negative	rod	rod	yes	yes	no	no	aerobe	aerobe	meso	meso	optimum	33.5	False	neutrophile	optimum	
4301	Aquisalimonas asiatica	Aquisalimonas asiatica	Aquisalimonas	Pseudomonadota	RS_GCF_900110585.1	GCF_900110585.1	GCA_900110585.1	GCF_900110585.1	accession	True	True	negative	negative	rod	rod	yes	yes	no	no	facultative	facultative	meso	meso	optimum	37.0	False	neutrophile	optimum	
4358	Klebsiella aerogenes	Klebsiella aerogenes	Klebsiella	Pseudomonadota	RS_GCF_000215745.1	GCF_000215745.1	GCA_000215745.1	GCF_000215745.1	accession	True	True	negative	negative	rod	rod	yes	yes	no	no	facultative	facultative	meso	meso	growth_range	25.5	False		none	
4373	Enterobacter cloacae subsp. cloacae	Enterobacter cloacae	Enterobacter	Pseudomonadota	RS_GCF_000025565.1	GCF_000025565.1	GCA_000025565.1	GCF_000025565.1	accession	True	True	negative	negative	rod	rod	yes	yes	no	no	facultative	facultative	meso	meso	growth_range	25.5	False		none	
4383	Kosakonia arachidis	Kosakonia arachidis	Kosakonia	Pseudomonadota	RS_GCF_900116535.1	GCF_900116535.1	GCA_900116535.1	GCF_900116535.1	accession	True	True	negative	negative	rod	rod	yes	yes	no	no	aerobe	aerobe	meso	meso	optimum	28.0	False	neutrophile	optimum	
4404	Erwinia piriflorinigrans	Erwinia piriflorinigrans	Erwinia	Pseudomonadota	RS_GCF_001050515.1	GCF_001050515.1	GCA_001050515.1	GCF_001050515.1	accession	True	True	negative	negative	rod	rod	yes	yes	no	no	facultative	facultative	meso	meso	optimum	25.0	False		none	
5009	Pantoea deleyi	Pantoea deleyi	Pantoea	Pseudomonadota	RS_GCF_022647325.1	GCF_022647325.1	GCA_022647325.1	GCF_022647325.1	accession	True	True	negative	negative	rod	rod	yes	yes	no	no	facultative	facultative	meso	meso	growth_single_point	28.0	False		none	
5010	Pantoea eucalypti	Pantoea eucalypti	Pantoea	Pseudomonadota	RS_GCF_009646115.1	GCF_009646115.1	GCA_009646115.1	GCF_009646115.1	accession	True	True	negative	negative	rod	rod	yes	yes	no	no	facultative	facultative	meso	meso	growth_single_point	28.0	False		none	
5012	Mixta calida	Mixta calida	Mixta	Pseudomonadota	RS_GCF_002953215.1	GCF_002953215.1	GCA_002953215.1	GCF_002953215.1	accession	True	True	negative	negative	other	other	yes	yes	no	no	facultative	facultative	meso	meso	optimum	40.5	False		none	
5017	Pantoea allii	Pantoea allii	Pantoea	Pseudomonadota	RS_GCF_002307475.1	GCF_002307475.1	GCA_002307475.1	GCF_002307475.1	accession	True	True	negative	negative	rod	rod	yes	yes	no	no	facultative	facultative	meso	meso	growth_range	34.0	False		none	
5107	Salmonella enterica subsp. enterica	Salmonella enterica	Salmonella	Pseudomonadota	RS_GCF_000743055.1	GCF_000743055.1	GCA_000743055.1	GCF_000743055.1	accession	False	False	negative	negative	rod	rod	yes	yes	no	no	facultative	facultative	meso	meso	growth_range	35.5	False		none	
5168	Serratia nematodiphila	Serratia nematodiphila	Serratia	Pseudomonadota	RS_GCF_000738675.1	GCF_000738675.1	GCA_000738675.1	GCF_000738675.1	accession	True	True	negative	negative	rod	rod	yes	yes	no	no	aerobe	aerobe	meso	meso	optimum	33.5	False	neutrophile	optimum	
5180	Tatumella morbirosei	Tatumella morbirosei	Tatumella	Pseudomonadota	RS_GCF_000757425.2	GCF_000757425.2	GCA_000757425.2	GCF_000757425.2	accession	True	True	negative	negative	rod	rod	no	no	no	no	facultative	facultative	meso	meso	growth_single_point	28.0	False		none	
5211	Yersinia enterocolitica subsp. palearctica	Yersinia enterocolitica	Yersinia	Pseudomonadota	RS_GCF_900635745.1	GCF_900635745.1	GCA_900635745.1	GCF_900635745.1	designation	False	False	negative	negative	rod	rod	yes	yes	no	no	facultative	facultative	meso	meso	growth_range	23.0	False		none	
5252	Catellicoccus marimammalium	Catellicoccus marimammalium	Catellicoccus	Bacillota	RS_GCF_965139335.1	GCF_965139335.1	GCA_965139335.1	GCF_965139335.1	designation	True	True	positive	positive	coccus	coccus	no	no	no	no	facultative		meso	meso	optimum	37.0	False		none	
5258	Tetragenococcus koreensis	Tetragenococcus koreensis	Tetragenococcus	Bacillota	RS_GCF_003795145.1	GCF_003795145.1	GCA_003795145.1	GCF_003795145.1	accession	True	True	positive	positive	coccus	coccus	no	no	no	no	facultative		meso	meso	optimum	30.0	False	alkaliphile	optimum	
5259	Tetragenococcus osmophilus	Tetragenococcus osmophilus	Tetragenococcus	Bacillota	RS_GCF_003795125.1	GCF_003795125.1	GCA_003795125.1	GCF_003795125.1	accession	True	True	positive	positive	coccus	coccus	no	no	no	no	facultative		meso	meso	optimum	30.0	False	neutrophile	optimum	
5278	Enterococcus durans	Enterococcus_B durans	Enterococcus_B	Bacillota	RS_GCF_001544215.1	GCF_001544215.1	GCA_001544215.1	GCF_001544215.1	accession	True	True	positive	positive	coccus	coccus	no	no	no	no	facultative		meso	meso	growth_range	27.5	False		none	
5342	Enterococcus italicus	Enterococcus_G italicus	Enterococcus_G	Bacillota	RS_GCF_000185365.1	GCF_000185365.1	GCA_000185365.1	GCF_000185365.1	accession	True	True	positive	positive	coccus	coccus	no	no	no	no	facultative		meso	meso	optimum	37.0	False	alkaliphile	optimum	
5362	Enterococcus lactis	Enterococcus_B lactis	Enterococcus_B	Bacillota	RS_GCF_015904215.1	GCF_015904215.1	GCA_015904215.1	GCF_015904215.1	accession	True	True	positive	positive	coccus	coccus	no	no	no	no	facultative		meso	meso	growth_range	27.5	False	alkaliphile	growth_single_point	
5372	Erysipelothrix inopinata	Erysipelothrix inopinata	Erysipelothrix	Bacillota_I	RS_GCF_014396165.1	GCF_014396165.1	GCA_014396165.1	GCF_014396165.1	accession	True	True	positive	positive	rod	rod	no	no	no	no	facultative		meso	meso	optimum	27.5	False	neutrophile	optimum	
5376	Sharpea azabuensis	Sharpea azabuensis	Sharpea	Bacillota_I	RS_GCF_000702165.1	GCF_000702165.1	GCA_000702165.1	GCF_000702165.1	accession	True	True	positive	positive	rod	rod	no	no	no	no	anaerobe	anaerobe	meso	meso	optimum	37.0	False	neutrophile	optimum	
5396	Erythrobacter dokdonensis	Erythrobacter dokdonensis	Erythrobacter	Pseudomonadota	RS_GCF_001677335.1	GCF_001677335.1	GCA_001677335.1	GCF_001677335.1	accession	True	True	negative	negative	other	other	no	no	no	no	aerobe	aerobe	meso	meso	optimum	36.0	False	neutrophile	optimum	
5415	Peptoclostridium acidaminophilum	Peptoclostridium_A acidaminophilum	Peptoclostridium_A	Bacillota	RS_GCF_000597865.1	GCF_000597865.1	GCA_000597865.1	GCF_000597865.1	accession	True	True	positive	positive	other	spiral	yes	yes	no	no	anaerobe	anaerobe	meso	meso	growth_range	27.5	False	neutrophile	optimum	
5416	Andreesenia angusta	Andreesenia angusta	Andreesenia	Bacillota	RS_GCF_001855385.1	GCF_001855385.1	GCA_001855385.1	GCF_001855385.1	accession	True	True	positive	positive	rod	rod	no	no	no	no	anaerobe	anaerobe	meso	meso	optimum	33.5	False	neutrophile	optimum	
5417	Holdemanella biformis	Holdemanella biformis	Holdemanella	Bacillota_I	RS_GCF_000156655.1	GCF_000156655.1	GCA_000156655.1	GCF_000156655.1	accession	True	True	positive	positive	coccus	coccus	no	no	no	no	anaerobe	anaerobe	meso	meso	growth_single_point	37.0	False		none	
5422	Faecalicatena contorta	Faecalicatena contorta	Faecalicatena	Bacillota	RS_GCF_039521745.1	GCF_039521745.1	GCA_039521745.1	GCF_039521745.1	accession	True	True	positive	positive	rod	rod	no	no	no	no	anaerobe	anaerobe	meso	meso	optimum	37.0	False	neutrophile	optimum	
5453	Alkalibaculum bacchi	Alkalibaculum bacchi	Alkalibaculum	Bacillota	RS_GCF_003317055.1	GCF_003317055.1	GCA_003317055.1	GCF_003317055.1	accession	True	True	negative	negative	rod	rod	yes	yes	no	no	anaerobe	anaerobe	meso	meso	optimum	37.0	False	neutrophile	optimum	
5480	Algibacter lectus	Algibacter lectus	Algibacter	Bacteroidota	RS_GCF_900112395.1	GCF_900112395.1	GCA_900112395.1	GCF_900112395.1	accession	True	True	negative	negative	rod	rod	yes	yes	no	no	facultative	facultative	meso	meso	optimum	22.0	False	neutrophile	optimum	
5505	Dokdonia donghaensis	Dokdonia donghaensis	Dokdonia	Bacteroidota	RS_GCF_001653755.1	GCF_001653755.1	GCA_001653755.1	GCF_001653755.1	accession	True	True	negative	negative	rod	rod	no	no	no	no	aerobe	aerobe	meso	meso	optimum	30.0	False	neutrophile	optimum	
5509	Chryseobacterium tenax	Epilithonimonas tenax	Epilithonimonas	Bacteroidota	RS_GCF_000428485.1	GCF_000428485.1	GCA_000428485.1	GCF_000428485.1	accession	True	True	negative	negative	rod	rod	no	no	no	no	aerobe	aerobe	meso	meso	optimum	30.0	False	neutrophile	optimum	
5545	Flavobacterium suncheonense	Flavobacterium suncheonense	Flavobacterium	Bacteroidota	RS_GCF_000430025.1	GCF_000430025.1	GCA_000430025.1	GCF_000430025.1	accession	True	True	negative	negative	rod	rod	no	no	no	no	aerobe	aerobe	meso	meso	optimum	33.5	False	neutrophile	optimum	
5546	Flavobacterium daejeonense	Flavobacterium daejeonense	Flavobacterium	Bacteroidota	RS_GCF_000425425.1	GCF_000425425.1	GCA_000425425.1	GCF_000425425.1	accession	True	True	negative	negative	rod	rod	no	no	no	no	aerobe	aerobe	meso	meso	optimum	32.5	False	neutrophile	optimum	
5547	Flavobacterium granuli	Flavobacterium granuli	Flavobacterium	Bacteroidota	RS_GCF_900129705.1	GCF_900129705.1	GCA_900129705.1	GCF_900129705.1	accession	True	True	negative	negative	rod	rod	no	no	no	no	aerobe	aerobe	meso	meso	optimum	27.5	False		none	
5557	Flavobacterium antarcticum	Flavobacterium antarcticum	Flavobacterium	Bacteroidota	RS_GCF_000419685.1	GCF_000419685.1	GCA_000419685.1	GCF_000419685.1	accession	True	True	negative	negative	rod	rod	no	no	no	no	aerobe	aerobe	meso	meso	optimum	21.2	False	neutrophile	optimum	
5558	Flavobacterium saliperosum	Flavobacterium saliperosum	Flavobacterium	Bacteroidota	RS_GCF_900100625.1	GCF_900100625.1	GCA_900100625.1	GCF_900100625.1	accession	True	True	negative	negative	rod	rod	no	no	no	no	aerobe	aerobe	meso	meso	optimum	28.0	False	neutrophile	optimum	
5559	Flavobacterium soli	Flavobacterium soli	Flavobacterium	Bacteroidota	RS_GCF_000422705.1	GCF_000422705.1	GCA_000422705.1	GCF_000422705.1	accession	True	True	negative	negative	rod	rod	no	no	no	no	aerobe	aerobe	meso	meso	optimum	25.0	False	neutrophile	optimum	
5560	Flavobacterium weaverense	Flavobacterium weaverense	Flavobacterium	Bacteroidota	RS_GCF_003688495.1	GCF_003688495.1	GCA_003688495.1	GCF_003688495.1	accession	True	True	negative	negative	rod	rod	no	no	no	no	aerobe	aerobe	meso	meso	optimum	17.0	False	neutrophile	optimum	
5561	Flavobacterium segetis	Flavobacterium segetis	Flavobacterium	Bacteroidota	RS_GCF_900129575.1	GCF_900129575.1	GCA_900129575.1	GCF_900129575.1	accession	True	True	negative	negative	rod	rod	no	no	no	no	aerobe	aerobe	meso	meso	optimum	16.6	False	neutrophile	optimum	
5564	Flavobacterium terrae	Flavobacterium terrae	Flavobacterium	Bacteroidota	RS_GCF_900142035.1	GCF_900142035.1	GCA_900142035.1	GCF_900142035.1	accession	True	True	negative	negative	rod	rod	no	no	no	no	aerobe	aerobe	meso	meso	optimum	30.0	False	neutrophile	optimum	
5580	Flavobacterium haoranii	Flavobacterium haoranii	Flavobacterium	Bacteroidota	RS_GCF_009363055.1	GCF_009363055.1	GCA_009363055.1	GCF_009363055.1	accession	True	True	negative	negative	rod	rod	no	no	no	no	aerobe	aerobe	meso	meso	optimum	30.0	False	neutrophile	optimum	
5585	Flavobacterium araucananum	Flavobacterium araucananum	Flavobacterium	Bacteroidota	RS_GCF_002222055.1	GCF_002222055.1	GCA_002222055.1	GCF_002222055.1	accession	True	True	negative	negative	rod	rod	yes	yes	no	no	aerobe	aerobe	meso	meso	optimum	27.5	False	neutrophile	optimum	
5586	Flavobacterium chilense	Flavobacterium chilense	Flavobacterium	Bacteroidota	RS_GCF_001602525.1	GCF_001602525.1	GCA_001602525.1	GCF_001602525.1	accession	True	True	negative	negative	rod	rod	yes	yes	no	no	aerobe	aerobe	meso	meso	optimum	26.5	False	neutrophile	optimum	
5590	Gaetbulibacter saemankumensis	Gaetbulibacter saemankumensis	Gaetbulibacter	Bacteroidota	RS_GCF_000425645.1	GCF_000425645.1	GCA_000425645.1	GCF_000425645.1	accession	True	True	negative	negative	rod	rod	yes	yes	no	no	aerobe	aerobe	meso	meso	optimum	27.0	False	neutrophile	optimum	
5592	Aquimarina brevivitae	Aquimarina brevivitae	Aquimarina	Bacteroidota	RS_GCF_004216895.1	GCF_004216895.1	GCA_004216895.1	GCF_004216895.1	accession	True	True	negative	negative	rod	rod	yes	yes	no	no	aerobe	aerobe	meso	meso	optimum	37.0	False	neutrophile	optimum	
5600	Gillisia limnaea	Gillisia limnaea	Gillisia	Bacteroidota	RS_GCF_000243235.1	GCF_000243235.1	GCA_000243235.1	GCF_000243235.1	accession	True	True	negative	negative	rod	rod	no	no	no	no	aerobe	aerobe	meso	meso	optimum	20.0	False		none	
5604	Maribacter sedimenticola	Maribacter sedimenticola	Maribacter	Bacteroidota	RS_GCF_900188415.1	GCF_900188415.1	GCA_900188415.1	GCF_900188415.1	accession	True	True	negative	negative	rod	rod	no	no	no	no	aerobe	aerobe	meso	meso	optimum	23.0	False	neutrophile	optimum	
5605	Maribacter orientalis	Maribacter orientalis	Maribacter	Bacteroidota	RS_GCF_900109345.1	GCF_900109345.1	GCA_900109345.1	GCF_900109345.1	accession	True	True	negative	negative	rod	rod	no	no	no	no	aerobe	aerobe	meso	meso	optimum	22.0	False	neutrophile	optimum	
5607	Maribacter ulvicola	Maribacter ulvicola	Maribacter	Bacteroidota	RS_GCF_900155985.1	GCF_900155985.1	GCA_900155985.1	GCF_900155985.1	accession	True	True	negative	negative	rod	rod	no	no	no	no	aerobe	aerobe	meso	meso	optimum	22.0	False	neutrophile	optimum	
5612	Maribacter forsetii	Maribacter forsetii	Maribacter	Bacteroidota	RS_GCF_000744105.1	GCF_000744105.1	GCA_000744105.1	GCF_000744105.1	accession	True	True	negative	negative	rod	rod	yes	yes	no	no	aerobe	aerobe	meso	meso	optimum	25.0	False	neutrophile	optimum	
5616	Mesonia algae	Mesonia algae	Mesonia	Bacteroidota	RS_GCF_003253545.1	GCF_003253545.1	GCA_003253545.1	GCF_003253545.1	accession	True	True	negative	negative	rod	rod	no	no	no	no	aerobe	aerobe	meso	meso	optimum	22.0	False		none	
5623	Myroides marinus	Flavobacterium marinum_A	Flavobacterium	Bacteroidota	RS_GCF_900109075.1	GCF_900109075.1	GCA_900109075.1	GCF_900109075.1	accession	True	True	negative	negative	rod	rod	no	no	no	no	aerobe	aerobe	meso	meso	optimum	30.0	False	neutrophile	optimum	
5624	Myroides phaeus	Flavobacterium phaeum	Flavobacterium	Bacteroidota	RS_GCF_900099675.1	GCF_900099675.1	GCA_900099675.1	GCF_900099675.1	accession	True	True	negative	negative	rod	rod	no	no	no	no	aerobe	aerobe	meso	meso	optimum	28.0	False	neutrophile	optimum	
5627	Polaribacter dokdonensis	Polaribacter dokdonensis	Polaribacter	Bacteroidota	RS_GCF_024362345.1	GCF_024362345.1	GCA_024362345.1	GCF_024362345.1	accession	True	True	negative	negative	rod	rod	no	no	no	no	aerobe	aerobe	meso	meso	optimum	26.5	False	neutrophile	optimum	
5634	Riemerella columbipharyngis	Riemerella columbipharyngis	Riemerella	Bacteroidota	RS_GCF_900101995.1	GCF_900101995.1	GCA_900101995.1	GCF_900101995.1	accession	True	True	negative	negative	rod	rod	no	no	no	no	facultative		meso	meso	optimum	37.0	False		none	
5636	Robiginitalea biformata	Robiginitalea biformata	Robiginitalea	Bacteroidota	RS_GCF_000024125.1	GCF_000024125.1	GCA_000024125.1	GCF_000024125.1	designation	True	True	negative	negative	rod	rod	no	no	no	no	aerobe	aerobe	meso	meso	optimum	27.0	False	neutrophile	optimum	moderately halophilic
5638	Robiginitalea myxolifaciens	Robiginitalea myxolifaciens	Robiginitalea	Bacteroidota	RS_GCF_900115205.1	GCF_900115205.1	GCA_900115205.1	GCF_900115205.1	accession	True	True	negative	negative	rod	rod	no	no	no	no	aerobe	aerobe	meso	meso	optimum	30.0	False	neutrophile	optimum	
5640	Salegentibacter flavus	Salegentibacter flavus	Salegentibacter	Bacteroidota	RS_GCF_900115145.1	GCF_900115145.1	GCA_900115145.1	GCF_900115145.1	accession	True	True	negative	negative	rod	rod	no	no	no	no	aerobe	aerobe	meso	meso	optimum	23.5	False	neutrophile	optimum	
5641	Salegentibacter holothuriorum	Salegentibacter holothuriorum	Salegentibacter	Bacteroidota	RS_GCF_900168045.1	GCF_900168045.1	GCA_900168045.1	GCF_900168045.1	accession	True	True	negative	negative	rod	rod	no	no	no	no	aerobe	aerobe	meso	meso	optimum	20.5	False		none	
5643	Salegentibacter agarivorans	Salegentibacter agarivorans	Salegentibacter	Bacteroidota	RS_GCF_900113135.1	GCF_900113135.1	GCA_900113135.1	GCF_900113135.1	accession	True	True	negative	negative	rod	rod	yes	yes	no	no	aerobe	aerobe	meso	meso	optimum	30.0	False	neutrophile	optimum	
5668	Chryseobacterium defluvii	Chryseobacterium defluvii	Chryseobacterium	Bacteroidota	RS_GCF_003634775.1	GCF_003634775.1	GCA_003634775.1	GCF_003634775.1	accession	True	True	negative	negative	rod	rod	no	no	no	no	aerobe	aerobe	meso	meso	growth_range	28.5	False		none	
5669	Chryseobacterium taeanense	Chryseobacterium taeanense	Chryseobacterium	Bacteroidota	RS_GCF_900099685.1	GCF_900099685.1	GCA_900099685.1	GCF_900099685.1	accession	True	True	negative	negative	rod	rod	no	no	no	no	aerobe	aerobe	meso	meso	optimum	27.5	False	acidophile	optimum	
5677	Chryseobacterium daecheongense	Chryseobacterium daecheongense	Chryseobacterium	Bacteroidota	RS_GCF_003729955.1	GCF_003729955.1	GCA_003729955.1	GCF_003729955.1	accession	True	True	negative	negative	rod	rod	no	no	no	no	aerobe	aerobe	meso	meso	growth_range	33.5	False		none	
5680	Chryseobacterium taichungense	Chryseobacterium taichungense	Chryseobacterium	Bacteroidota	RS_GCF_900109935.1	GCF_900109935.1	GCA_900109935.1	GCF_900109935.1	accession	True	True	negative	negative	rod	rod	no	no	no	no	aerobe	aerobe	meso	meso	optimum	23.5	False	neutrophile	optimum	
5681	Chryseobacterium caeni	Epilithonimonas caeni	Epilithonimonas	Bacteroidota	RS_GCF_000426465.1	GCF_000426465.1	GCA_000426465.1	GCF_000426465.1	accession	True	True	negative	negative	rod	rod	no	no	no	no	aerobe	aerobe	meso	meso	optimum	29.0	False	neutrophile	optimum	
5682	Chryseobacterium wanjuense	Chryseobacterium wanjuense	Chryseobacterium	Bacteroidota	RS_GCF_900111495.1	GCF_900111495.1	GCA_900111495.1	GCF_900111495.1	accession	True	True	negative	negative	rod	rod	no	no	no	no	aerobe	aerobe	meso	meso	optimum	28.0	False	neutrophile	optimum	
5683	Chryseobacterium soldanellicola	Chryseobacterium soldanellicola	Chryseobacterium	Bacteroidota	RS_GCF_900100115.1	GCF_900100115.1	GCA_900100115.1	GCF_900100115.1	accession	True	True	negative	negative	rod	rod	no	no	no	no	aerobe	aerobe	meso	meso	optimum	27.5	False	acidophile	optimum	
5686	Chryseobacterium oranimense	Chryseobacterium oranimense	Chryseobacterium	Bacteroidota	RS_GCF_900129755.1	GCF_900129755.1	GCA_900129755.1	GCF_900129755.1	accession	True	True	negative	negative	rod	rod	no	no	no	no	aerobe	aerobe	meso	meso	optimum	31.5	False	neutrophile	optimum	
5688	Chryseobacterium gregarium	Chryseobacterium gregarium	Chryseobacterium	Bacteroidota	RS_GCF_000430845.1	GCF_000430845.1	GCA_000430845.1	GCF_000430845.1	accession	True	True	negative	negative	rod	rod	no	no	no	no	aerobe	aerobe	meso	meso	optimum	25.0	False		none	
5689	Chryseobacterium daeguense	Chryseobacterium daeguense	Chryseobacterium	Bacteroidota	RS_GCF_000430825.1	GCF_000430825.1	GCA_000430825.1	GCF_000430825.1	accession	True	True	negative	negative	rod	rod	no	no	no	no	aerobe	aerobe	meso	meso	optimum	33.5	False	neutrophile	optimum	
5693	Chryseobacterium luteum	Chryseobacterium luteum	Chryseobacterium	Bacteroidota	RS_GCF_000737785.1	GCF_000737785.1	GCA_000737785.1	GCF_000737785.1	accession	True	True	negative	negative	rod	rod	no	no	no	no	aerobe	aerobe	meso	meso	optimum	21.0	False		none	
5698	Chryseobacterium gambrini	Chryseobacterium gambrini	Chryseobacterium	Bacteroidota	RS_GCF_900156825.1	GCF_900156825.1	GCA_900156825.1	GCF_900156825.1	accession	True	True	negative	negative	rod	rod	no	no	no	no	aerobe	aerobe	meso	meso	growth_range	33.5	False		none	
5700	Chryseobacterium pallidum	Epilithonimonas pallida	Epilithonimonas	Bacteroidota	RS_GCF_900182975.1	GCF_900182975.1	GCA_900182975.1	GCF_900182975.1	accession	True	True	negative	negative	rod	rod	no	no	no	no	aerobe	aerobe	meso	meso	growth_range	31.0	False		none	
5701	Chryseobacterium ureilyticum	Chryseobacterium ureilyticum	Chryseobacterium	Bacteroidota	RS_GCF_900156735.1	GCF_900156735.1	GCA_900156735.1	GCF_900156735.1	accession	True	True	negative	negative	rod	rod	no	no	no	no	aerobe	aerobe	meso	meso	optimum	28.5	False	neutrophile	optimum	
5708	Chryseobacterium treverense	Kaistella treverensis	Kaistella	Bacteroidota	RS_GCF_900114045.1	GCF_900114045.1	GCA_900114045.1	GCF_900114045.1	accession	True	True	negative	negative	rod	rod	no	no	no	no	aerobe	aerobe	meso	meso	optimum	20.0	False		none	
5709	Chryseobacterium culicis	Chryseobacterium culicis	Chryseobacterium	Bacteroidota	RS_GCF_900108365.1	GCF_900108365.1	GCA_900108365.1	GCF_900108365.1	accession	True	True	negative	negative	rod	rod	no	no	no	no	aerobe	aerobe	meso	meso	optimum	30.0	False	neutrophile	optimum	
5711	Chryseobacterium chaponense	Kaistella chaponensis	Kaistella	Bacteroidota	RS_GCF_900156725.1	GCF_900156725.1	GCA_900156725.1	GCF_900156725.1	accession	True	True	negative	negative	rod	rod	no	no	no	no	aerobe	aerobe	meso	meso	growth_range	20.5	False		none	
5714	Bizionia argentinensis	Algorimicrobium argentinense	Algorimicrobium	Bacteroidota	RS_GCF_000224335.1	GCF_000224335.1	GCA_000224335.2	GCF_000224335.1	accession	True	True	negative	negative	rod	rod	no	no	no	no	aerobe	aerobe	meso	meso	optimum	23.5	False	neutrophile	optimum	
5718	Gramella portivictoriae	Christiangramia portivictoriae	Christiangramia	Bacteroidota	RS_GCF_000423045.1	GCF_000423045.1	GCA_000423045.1	GCF_000423045.1	accession	True	True	negative	negative	rod	rod	yes	yes	no	no	aerobe	aerobe	meso	meso	optimum	29.0	False	neutrophile	optimum	
5722	Mariniflexile fucanivorans	Mariniflexile fucanivorans	Mariniflexile	Bacteroidota	RS_GCF_004341235.1	GCF_004341235.1	GCA_004341235.1	GCF_004341235.1	accession	True	True	negative	negative	rod	rod	yes	yes	no	no	aerobe	aerobe	meso	meso	optimum	25.0	False	neutrophile	optimum	
5723	Nonlabens dokdonensis	Nonlabens dokdonensis	Nonlabens	Bacteroidota	RS_GCF_000332115.1	GCF_000332115.1	GCA_000332115.1	GCF_000332115.1	accession	True	True	negative	negative	rod	rod	no	no	no	no	aerobe	aerobe	meso	meso	optimum	25.0	False	neutrophile	optimum	
5724	Nonlabens xylanidelens	Nonlabens xylanidelens	Nonlabens	Bacteroidota	RS_GCF_002934445.1	GCF_002934445.1	GCA_002934445.1	GCF_002934445.1	accession	True	True	negative	negative	rod	rod	no	no	no	no	aerobe	aerobe	meso	meso	optimum	20.0	False		none	
5727	Olleya aquimaris	Olleya aquimaris	Olleya	Bacteroidota	RS_GCF_003259525.1	GCF_003259525.1	GCA_003259525.1	GCF_003259525.1	accession	True	True	negative	negative	rod	rod	yes	yes	no	no	aerobe	aerobe	meso	meso	optimum	37.0	False	neutrophile	optimum	
5728	Jejuia pallidilutea	Jejuia pallidilutea	Jejuia	Bacteroidota	RS_GCF_002973595.1	GCF_002973595.1	GCA_002973595.1	GCF_002973595.1	accession	True	True	negative	negative	rod	rod	no	no	no	no	aerobe	aerobe	meso	meso	optimum	27.5	False	neutrophile	optimum	
5729	Zeaxanthinibacter enoshimensis	Zeaxanthinibacter enoshimensis	Zeaxanthinibacter	Bacteroidota	RS_GCF_004362865.1	GCF_004362865.1	GCA_004362865.1	GCF_004362865.1	accession	True	True	negative	negative	rod	rod	yes	yes	no	no	aerobe	aerobe	meso	meso	optimum	29.0	False	neutrophile	optimum	
5730	Eudoraea adriatica	Eudoraea adriatica	Eudoraea	Bacteroidota	RS_GCF_000382125.1	GCF_000382125.1	GCA_000382125.1	GCF_000382125.1	accession	True	True	negative	negative	rod	rod	no	no	no	no	aerobe	aerobe	meso	meso	optimum	30.0	False	neutrophile	optimum	
5731	Zunongwangia profunda	Zunongwangia profunda	Zunongwangia	Bacteroidota	RS_GCF_000023465.1	GCF_000023465.1	GCA_000023465.1	GCF_000023465.1	accession	True	True	negative	negative	rod	rod	no	no	no	no	aerobe	aerobe	meso	meso	optimum	27.5	False	neutrophile	growth_range	
5732	Joostella marina	Galbibacter orientalis	Galbibacter	Bacteroidota	RS_GCF_000260115.1	GCF_000260115.1	GCA_000260115.1	GCF_000260115.1	accession	True	True	negative	negative	rod	rod	no	no	no	no	aerobe	aerobe	meso	meso	optimum	30.0	False	neutrophile	optimum	
5733	Salinimicrobium catena	Salinimicrobium catena	Salinimicrobium	Bacteroidota	RS_GCF_900102915.1	GCF_900102915.1	GCA_900102915.1	GCF_900102915.1	accession	True	True	negative	negative	rod	rod	no	no	no	no	aerobe	aerobe	meso	meso	optimum	33.0	False	neutrophile	optimum	
5735	Salinimicrobium terrae	Salinimicrobium terrae	Salinimicrobium	Bacteroidota	RS_GCF_000424665.1	GCF_000424665.1	GCA_000424665.1	GCF_000424665.1	accession	True	True	negative	negative	rod	rod	no	no	no	no	aerobe	aerobe	meso	meso	optimum	28.0	False	neutrophile	optimum	
5738	Kriegella aquimaris	Kriegella aquimaris	Kriegella	Bacteroidota	RS_GCF_900103215.1	GCF_900103215.1	GCA_900103215.1	GCF_900103215.1	accession	True	True	negative	negative	rod	rod	yes	yes	no	no	aerobe	aerobe	meso	meso	optimum	26.5	False	neutrophile	optimum	
5745	Pricia antarctica	Pricia antarctica	Pricia	Bacteroidota	RS_GCF_900101815.1	GCF_900101815.1	GCA_900101815.1	GCF_900101815.1	accession	True	True	negative	negative	rod	rod	no	no	no	no	aerobe	aerobe	meso	meso	optimum	18.0	False	neutrophile	optimum	
5746	Imtechella halotolerans	Imtechella halotolerans	Imtechella	Bacteroidota	RS_GCF_028743515.2	GCF_028743515.2	GCA_028743515.2	GCF_028743515.2	accession	True	True	negative	negative	rod	rod	no	no	no	no	aerobe	aerobe	meso	meso	optimum	33.5	False	neutrophile	optimum	
5754	Fangia hongkongensis	Fangia hongkongensis	Fangia	Pseudomonadota	RS_GCF_000379445.1	GCF_000379445.1	GCA_000379445.1	GCF_000379445.1	accession	True	True	negative	negative	rod	rod	no	no	no	no	aerobe	aerobe	meso	meso	optimum	31.5	False	neutrophile	optimum	
5784	Psychrilyobacter atlanticus	Psychrilyobacter atlanticus	Psychrilyobacter	Fusobacteriota	RS_GCF_000426625.1	GCF_000426625.1	GCA_000426625.1	GCF_000426625.1	accession	True	True	negative	negative	rod	rod	no	no	no	no	anaerobe	anaerobe	meso	meso	optimum	18.5	False		none	
5803	Geomonas bemidjiensis	Geomonas bemidjiensis	Geomonas	Desulfobacterota	RS_GCF_000020725.1	GCF_000020725.1	GCA_000020725.1	GCF_000020725.1	accession	True	True	negative	negative	rod	rod	no	no	no	no	anaerobe	anaerobe	meso	meso	optimum	30.0	False	neutrophile	optimum	
5806	Geotalea toluenoxydans	Geotalea toluenoxydans	Geotalea	Desulfobacterota	RS_GCF_001311985.1	GCF_001311985.1	GCA_001311985.1	GCF_001311985.1	accession	True	True	negative	negative	rod	rod	no	no	no	no	anaerobe	anaerobe	meso	meso	optimum	28.5	False	neutrophile	optimum	
5826	Modestobacter roseus	Modestobacter roseus	Modestobacter	Actinomycetota	RS_GCF_007994135.1	GCF_007994135.1	GCA_007994135.1	GCF_007994135.1	accession	True	True	positive	positive	rod	rod	yes	yes	no	no	aerobe	aerobe	meso	meso	optimum	28.0	False	neutrophile	optimum	
5848	Stackebrandtia nassauensis	Stackebrandtia nassauensis	Stackebrandtia	Actinomycetota	RS_GCF_000024545.1	GCF_000024545.1	GCA_000024545.1	GCF_000024545.1	accession	True	True	positive	positive	rod	rod	no	no	no	no	aerobe	aerobe	meso	meso	optimum	26.0	False		none	
5851	Hahella ganghwensis	Hahella ganghwensis	Hahella	Pseudomonadota	RS_GCF_000376785.1	GCF_000376785.1	GCA_000376785.1	GCF_000376785.1	accession	True	True	negative	negative	rod	rod	yes	yes	no	no	aerobe	aerobe	meso	meso	optimum	35.0	False	neutrophile	optimum	
5852	Halospina denitrificans	Halospina denitrificans	Halospina	Pseudomonadota	RS_GCF_004364635.1	GCF_004364635.1	GCA_004364635.1	GCF_004364635.1	accession	True	True	negative	negative	rod	rod	no	no	no	no	facultative	facultative	meso	meso	growth_single_point	28.0	False	neutrophile	optimum	
5993	Fuchsiella alkaliacetigena	Fuchsiella alkaliacetigena	Fuchsiella	Bacillota	RS_GCF_023227765.1	GCF_023227765.1	GCA_023227765.1	GCF_023227765.1	accession	True	True	negative	negative	rod	rod	yes	yes	yes	yes	anaerobe	anaerobe	meso	meso	optimum	40.0	False	alkaliphile	optimum	
6001	Chromohalobacter nigrandesensis	Chromohalobacter nigrandesensis	Chromohalobacter	Pseudomonadota	RS_GCF_023061285.1	GCF_023061285.1	GCA_023061285.1	GCF_023061285.1	accession	True	True	negative	negative	rod	rod	yes	yes	no	no	aerobe	aerobe	meso	meso	optimum	32.0	False	neutrophile	optimum	
6039	Halomonas sulfidaeris	Vreelandella sulfidaeris	Vreelandella	Pseudomonadota	GB_GCA_007182875.1	GCA_007182875.1	GCA_007182875.1		accession	True	True	negative	negative	rod	rod	yes	yes	no	no	facultative	facultative	meso	meso	optimum	27.5	False	neutrophile	optimum	
6047	Halomonas koreensis	Halomonas koreensis	Halomonas	Pseudomonadota	RS_GCF_031451675.1	GCF_031451675.1	GCA_031451675.1	GCF_031451675.1	accession	True	True	negative	negative	rod	rod	yes	yes	no	no	aerobe	aerobe	meso	meso	optimum	35.0	False	neutrophile	optimum	
6050	Halomonas janggokensis	Vreelandella janggokensis	Vreelandella	Pseudomonadota	RS_GCF_031451615.1	GCF_031451615.1	GCA_031451615.1	GCF_031451615.1	accession	True	True	negative	negative	rod	rod	yes	yes	no	no	aerobe	aerobe	meso	meso	optimum	27.5	False	neutrophile	optimum	
6054	Halomonas gudaonensis	Halomonas gudaonensis	Halomonas	Pseudomonadota	RS_GCF_900100195.1	GCF_900100195.1	GCA_900100195.1	GCF_900100195.1	accession	True	True	negative	negative	rod	rod	yes	yes	no	no	aerobe	aerobe	meso	meso	optimum	30.0	False	neutrophile	optimum	
6060	Halomonas korlensis	Halomonas korlensis	Halomonas	Pseudomonadota	RS_GCF_900116705.1	GCF_900116705.1	GCA_900116705.1	GCF_900116705.1	accession	True	True	negative	negative	rod	rod	no	no	no	no	facultative	facultative	meso	meso	optimum	30.0	False	alkaliphile	optimum	
6063	Halomonas ilicicola	Modicisalibacter ilicicola	Modicisalibacter	Pseudomonadota	RS_GCF_900128925.1	GCF_900128925.1	GCA_900128925.1	GCF_900128925.1	accession	True	True	negative	negative	rod	rod	yes	yes	no	no	aerobe	aerobe	meso	meso	optimum	37.0	False	neutrophile	optimum	
6067	Halomonas cerina	Halomonas cerina	Halomonas	Pseudomonadota	RS_GCF_014192215.1	GCF_014192215.1	GCA_014192215.1	GCF_014192215.1	accession	True	True	negative	negative	rod	rod	no	no	no	no	aerobe	aerobe	meso	meso	optimum	26.0	False	alkaliphile	optimum	
6068	Halomonas nitroreducens	Halomonas nitroreducens	Halomonas	Pseudomonadota	RS_GCF_003966155.1	GCF_003966155.1	GCA_003966155.1	GCF_003966155.1	accession	True	True	negative	negative	rod	rod	no	no	no	no	facultative	facultative	meso	meso	optimum	26.0	False	neutrophile	optimum	
6070	Halomonas lutea	Modicisalibacter luteus	Modicisalibacter	Pseudomonadota	RS_GCF_000378505.1	GCF_000378505.1	GCA_000378505.1	GCF_000378505.1	accession	True	True	negative	negative	rod	rod	yes	yes	no	no	aerobe	aerobe	meso	meso	optimum	37.0	False	neutrophile	optimum	
6072	Halomonas zhanjiangensis	Vreelandella zhanjiangensis	Vreelandella	Pseudomonadota	RS_GCF_000377665.1	GCF_000377665.1	GCA_000377665.1	GCF_000377665.1	accession	True	True	negative	negative	rod	rod	yes	yes	no	no	aerobe	aerobe	meso	meso	optimum	27.5	False	neutrophile	optimum	
6073	Halomonas hamiltonii	Vreelandella hamiltonii	Vreelandella	Pseudomonadota	RS_GCF_014651775.1	GCF_014651775.1	GCA_014651775.1	GCF_014651775.1	accession	True	True	negative	negative	rod	rod	yes	yes	no	no	aerobe	aerobe	meso	meso	optimum	32.5	False	alkaliphile	optimum	
6075	Halomonas stevensii	Vreelandella stevensii	Vreelandella	Pseudomonadota	RS_GCF_000275725.1	GCF_000275725.1	GCA_000275725.1	GCF_000275725.1	accession	True	True	negative	negative	rod	rod	yes	yes	no	no	aerobe	aerobe	meso	meso	optimum	32.5	False	alkaliphile	optimum	
6076	Halomonas titanicae	Vreelandella titanicae	Vreelandella	Pseudomonadota	RS_GCF_000336575.1	GCF_000336575.1	GCA_000336575.1	GCF_000336575.1	accession	True	True	negative	negative	rod	rod	yes	yes	no	no	aerobe	aerobe	meso	meso	optimum	33.5	False	neutrophile	optimum	
6077	Halomonas vilamensis	Vreelandella vilamensis	Vreelandella	Pseudomonadota	RS_GCF_031451755.1	GCF_031451755.1	GCA_031451755.1	GCF_031451755.1	accession	True	True	negative	negative	rod	rod	yes	yes	no	no	aerobe	aerobe	meso	meso	optimum	30.0	False	neutrophile	optimum	
6084	Kushneria aurantia	Kushneria aurantia	Kushneria	Pseudomonadota	RS_GCF_000382245.1	GCF_000382245.1	GCA_000382245.1	GCF_000382245.1	accession	True	True	negative	negative	rod	rod	yes	yes	no	no	aerobe	aerobe	meso	meso	optimum	37.0	False	neutrophile	optimum	
6110	Helicobacter heilmannii	Helicobacter heilmannii	Helicobacter	Campylobacterota	RS_GCF_001283005.1	GCF_001283005.1	GCA_001283005.1	GCF_001283005.1	accession	False	False	negative	negative	other	spiral	yes	yes	no	no	facultative	microaerophile	meso	meso	optimum	37.0	True		none	
6112	Sulfuricurvum kujiense	Sulfuricurvum kujiense	Sulfuricurvum	Campylobacterota	RS_GCF_000183725.1	GCF_000183725.1	GCA_000183725.1	GCF_000183725.1	accession	True	True	negative	negative	rod	rod	yes	yes	no	no	anaerobe	anaerobe	meso	meso	optimum	25.0	False	neutrophile	optimum	
6117	Sulfurovum lithotrophicum	Sulfurovum lithotrophicum	Sulfurovum	Campylobacterota	RS_GCF_000987835.1	GCF_000987835.1	GCA_000987835.1	GCF_000987835.1	accession	True	True	negative	negative	other	other	no	no	no	no	anaerobe	anaerobe	meso	meso	optimum	29.0	False	neutrophile	optimum	
6168	Devosia subaequoris	Devosia subaequoris	Devosia	Pseudomonadota	RS_GCF_014197055.1	GCF_014197055.1	GCA_014197055.1	GCF_014197055.1	accession	True	True	negative	negative	rod	rod	yes	yes	no	no	aerobe	aerobe	meso	meso	optimum	31.0	False	alkaliphile	optimum	
6169	Devosia geojensis	Devosia geojensis	Devosia	Pseudomonadota	RS_GCF_000969415.1	GCF_000969415.1	GCA_000969415.1	GCF_000969415.1	accession	True	True	negative	negative	rod	rod	yes	yes	no	no	aerobe	aerobe	meso	meso	optimum	32.5	False	neutrophile	optimum	
6170	Devosia chinhatensis	Devosia chinhatensis	Devosia	Pseudomonadota	RS_GCF_000969445.1	GCF_000969445.1	GCA_000969445.1	GCF_000969445.1	accession	True	True	negative	negative	rod	rod	yes	yes	no	no	aerobe	aerobe	meso	meso	growth_range	22.5	False	neutrophile	growth_range	
6171	Devosia yakushimensis	Devosia yakushimensis	Devosia	Pseudomonadota	RS_GCF_030159855.1	GCF_030159855.1	GCA_030159855.1	GCF_030159855.1	accession	True	True	negative	negative	rod	rod	yes	yes	no	no	aerobe	aerobe	meso	meso	growth_range	29.0	False	neutrophile	optimum	
6197	Cucumibacter marinus	Cucumibacter marinus	Cucumibacter	Pseudomonadota	RS_GCF_000429865.1	GCF_000429865.1	GCA_000429865.1	GCF_000429865.1	accession	True	True	negative	negative	rod	rod	yes	yes	no	no	aerobe	aerobe	meso	meso	optimum	32.5	False	neutrophile	optimum	
6199	Hirschia baltica	Hirschia baltica	Hirschia	Pseudomonadota	RS_GCF_000023785.1	GCF_000023785.1	GCA_000023785.1	GCF_000023785.1	accession	True	True	negative	negative	rod	rod	yes	yes	no	no	aerobe	aerobe	meso	meso	optimum	25.0	False		none	
6222	Henriciella litoralis	Henriciella litoralis	Henriciella	Pseudomonadota	RS_GCF_002088935.1	GCF_002088935.1	GCA_002088935.1	GCF_002088935.1	accession	True	True	negative	negative	rod	rod	yes	yes	no	no	aerobe	aerobe	meso	meso	optimum	27.5	False	neutrophile	optimum	
6224	Robiginitomaculum antarcticum	Robiginitomaculum antarcticum	Robiginitomaculum	Pseudomonadota	RS_GCF_000365025.1	GCF_000365025.1	GCA_000365025.1	GCF_000365025.1	accession	True	True	negative	negative	rod	rod	no	no	no	no	aerobe	aerobe	meso	meso	optimum	20.0	False	neutrophile	optimum	
6232	Idiomarina ramblicola	Idiomarina ramblicola	Idiomarina	Pseudomonadota	RS_GCF_003987255.1	GCF_003987255.1	GCA_003987255.1	GCF_003987255.1	accession	True	True	negative	negative	rod	rod	yes	yes	no	no	aerobe	aerobe	meso	meso	optimum	32.0	False	neutrophile	optimum	
6235	Pseudidiomarina taiwanensis	Pseudidiomarina taiwanensis	Pseudidiomarina	Pseudomonadota	RS_GCF_003987435.1	GCF_003987435.1	GCA_003987435.1	GCF_003987435.1	accession	True	True	negative	negative	rod	rod	no	no	no	no	aerobe	aerobe	meso	meso	optimum	32.5	False	neutrophile	optimum	
6237	Pseudidiomarina sediminum	Pseudidiomarina sediminum	Pseudidiomarina	Pseudomonadota	RS_GCF_000423165.1	GCF_000423165.1	GCA_000423165.1	GCF_000423165.1	accession	True	True	negative	negative	rod	rod	no	no	no	no	facultative	facultative	meso	meso	optimum	35.0	False	alkaliphile	optimum	
6238	Aliidiomarina maris	Aliidiomarina maris	Aliidiomarina	Pseudomonadota	RS_GCF_003987335.1	GCF_003987335.1	GCA_003987335.1	GCF_003987335.1	accession	True	True	negative	negative	rod	rod	yes	yes	no	no	aerobe	aerobe	meso	meso	optimum	32.5	False	alkaliphile	optimum	
6263	Janibacter melonis	Marihabitans melonis	Marihabitans	Actinomycetota	RS_GCF_020567375.1	GCF_020567375.1	GCA_020567375.1	GCF_020567375.1	accession	True	True	positive	positive	coccus	coccus	no	no	no	no	aerobe	aerobe	meso	meso	optimum	29.0	False	neutrophile	optimum	
6265	Janibacter anophelis	Janibacter anophelis	Janibacter	Actinomycetota	RS_GCF_001570945.1	GCF_001570945.1	GCA_001570945.1	GCF_001570945.1	accession	True	True	positive	positive	coccus	coccus	no	no	no	no	aerobe	aerobe	meso	meso	optimum	35.0	False	neutrophile	optimum	
6271	Knoellia aerolata	Knoellia aerolata	Knoellia	Actinomycetota	RS_GCF_000768695.1	GCF_000768695.1	GCA_000768695.1	GCF_000768695.1	accession	True	True	positive	positive	other	other	no	no	no	no	aerobe	aerobe	meso	meso	optimum	29.0	False	neutrophile	optimum	
6272	Knoellia flava	Knoellia flava	Knoellia	Actinomycetota	RS_GCF_000768675.1	GCF_000768675.1	GCA_000768675.1	GCF_000768675.1	accession	True	True	positive	positive	rod	rod	no	no	no	no	aerobe	aerobe	meso	meso	optimum	28.0	False	neutrophile	optimum	
6283	Serinicoccus marinus	Ornithinicoccus marinus	Ornithinicoccus	Actinomycetota	RS_GCF_008386315.1	GCF_008386315.1	GCA_008386315.1	GCF_008386315.1	accession	True	True	positive	positive	coccus	coccus	no	no	no	no	aerobe	aerobe	meso	meso	optimum	28.5	False	neutrophile	optimum	
6284	Serinicoccus profundi	Ornithinicoccus profundi	Ornithinicoccus	Actinomycetota	RS_GCF_008001015.1	GCF_008001015.1	GCA_008001015.1	GCF_008001015.1	accession	True	True	positive	positive	coccus	coccus	no	no	no	no	aerobe	aerobe	meso	meso	optimum	30.0	False	neutrophile	optimum	
6289	Terrabacter terrigena	Terrabacter terrigena	Terrabacter	Actinomycetota	RS_GCF_042676085.1	GCF_042676085.1	GCA_042676085.1	GCF_042676085.1	accession	True	True	positive	positive	rod	rod	no	no	no	no	aerobe	aerobe	meso	meso	optimum	29.0	False	neutrophile	optimum	
6302	Lapillicoccus jejuensis	Lapillicoccus jejuensis	Lapillicoccus	Actinomycetota	RS_GCF_006715055.1	GCF_006715055.1	GCA_006715055.1	GCF_006715055.1	accession	True	True	positive	positive	coccus	coccus	no	no	no	no	aerobe	aerobe	meso	meso	optimum	29.0	False	neutrophile	optimum	
6304	Pedococcus ginsenosidimutans	Pedococcus ginsenosidimutans	Pedococcus	Actinomycetota	RS_GCF_039544395.1	GCF_039544395.1	GCA_039544395.1	GCF_039544395.1	accession	True	True	positive	positive	coccus	coccus	no	no	no	no	aerobe	aerobe	meso	meso	optimum	30.0	False	neutrophile	optimum	
6305	Pedococcus dokdonensis	Pedococcus dokdonensis	Pedococcus	Actinomycetota	RS_GCF_900104525.1	GCF_900104525.1	GCA_900104525.1	GCF_900104525.1	accession	True	True	positive	positive	coccus	coccus	no	no	no	no	aerobe	aerobe	meso	meso	optimum	30.0	False	neutrophile	optimum	
6306	Pedococcus bigeumensis	Pedococcus bigeumensis	Pedococcus	Actinomycetota	RS_GCF_039531795.1	GCF_039531795.1	GCA_039531795.1	GCF_039531795.1	accession	True	True	positive	positive	coccus	coccus	no	no	no	no	aerobe	aerobe	meso	meso	optimum	28.0	False	neutrophile	optimum	
6310	Marihabitans asiaticum	Marihabitans asiaticum	Marihabitans	Actinomycetota	RS_GCF_007828725.1	GCF_007828725.1	GCA_007828725.1	GCF_007828725.1	accession	True	True	positive	positive	other	other	no	no	no	no	aerobe	aerobe	meso	meso	optimum	27.0	False	alkaliphile	optimum	
6311	Fodinibacter luteus	Fodinibacter luteus	Fodinibacter	Actinomycetota	RS_GCF_039541575.1	GCF_039541575.1	GCA_039541575.1	GCF_039541575.1	accession	True	True	positive	positive	rod	rod	no	no	no	no	aerobe	aerobe	meso	meso	optimum	28.0	False	neutrophile	optimum	
6312	Ornithinibacter aureus	Fodinibacter aureus	Fodinibacter	Actinomycetota	RS_GCF_009858245.1	GCF_009858245.1	GCA_009858245.1	GCF_009858245.1	accession	True	True	positive	positive	rod	rod	no	no	no	no	aerobe	aerobe	meso	meso	optimum	34.0	False	neutrophile	optimum	
6313	Aquipuribacter hungaricus	Aquipuribacter hungaricus	Aquipuribacter	Actinomycetota	RS_GCF_042663885.1	GCF_042663885.1	GCA_042663885.1	GCF_042663885.1	accession	True	True	positive	positive	rod	rod	no	no	no	no	aerobe	aerobe	meso	meso	optimum	24.0	False	neutrophile	optimum	
6329	Quadrisphaera granulorum	Quadrisphaera granulorum	Quadrisphaera	Actinomycetota	RS_GCF_003149145.1	GCF_003149145.1	GCA_003149145.1	GCF_003149145.1	accession	True	True	positive	positive	coccus	coccus	no	no	no	no	aerobe	aerobe	meso	meso	optimum	37.0	False	neutrophile	optimum	
6340	Anaerostipes butyraticus	Anaerostipes butyraticus	Anaerostipes	Bacillota	RS_GCF_016586355.1	GCF_016586355.1	GCA_016586355.1	GCF_016586355.1	accession	True	True	positive	positive	rod	rod	no	no	yes	yes	anaerobe	anaerobe	meso	meso	optimum	39.0	False	neutrophile	optimum	
6354	Dorea formicigenerans	Dorea formicigenerans	Dorea	Bacillota	RS_GCF_025150245.1	GCF_025150245.1	GCA_025150245.1	GCF_025150245.1	accession	True	True	positive	positive	rod	rod	no	no	no	no	anaerobe	anaerobe	meso	meso	growth_single_point	37.0	False		none	
6356	Hespellia stercorisuis	Hespellia stercorisuis	Hespellia	Bacillota	RS_GCF_900142165.1	GCF_900142165.1	GCA_900142165.1	GCF_900142165.1	accession	True	True	positive	positive	rod	rod	no	no	no	no	anaerobe	anaerobe	meso	meso	optimum	37.0	False		none	
6373	Moryella indoligenes	Moryella indoligenes	Moryella	Bacillota	RS_GCF_030812885.1	GCF_030812885.1	GCA_030812885.1	GCF_030812885.1	accession	True	True	positive	positive	rod	rod	no	no	no	no	anaerobe	anaerobe	meso	meso	growth_single_point	37.0	False		none	
6395	Pediococcus claussenii	Pediococcus claussenii	Pediococcus	Bacillota	RS_GCF_000237995.1	GCF_000237995.1	GCA_000237995.2	GCF_000237995.1	accession	True	True	positive	positive	coccus	coccus	no	no	no	no	facultative	facultative	meso	meso	growth_single_point	28.0	False		none	
6396	Pediococcus cellicola	Pediococcus cellicola	Pediococcus	Bacillota	RS_GCF_001438655.1	GCF_001438655.1	GCA_001438655.1	GCF_001438655.1	accession	True	True	positive	positive	coccus	coccus	no	no	no	no	facultative		meso	meso	optimum	33.5	False	neutrophile	optimum	
6412	Lactobacillus amylovorus subsp. animalium	Lactobacillus amylovorus	Lactobacillus	Bacillota	RS_GCF_001437365.1	GCF_001437365.1	GCA_001437365.1	GCF_001437365.1	accession	False	False	positive	positive	rod	rod	no	no	no	no	facultative		meso	meso	optimum	37.0	False	neutrophile	optimum	
6559	Lacticaseibacillus casei	Lacticaseibacillus casei	Lacticaseibacillus	Bacillota	RS_GCF_000829055.1	GCF_000829055.1	GCA_000829055.1	GCF_000829055.1	accession	True	True	positive	positive	rod	rod	no	no	no	no	facultative	facultative	meso	meso	growth_range	30.0	False		none	
6596	Secundilactobacillus paracollinoides	Secundilactobacillus paracollinoides	Secundilactobacillus	Bacillota	RS_GCF_001311135.1	GCF_001311135.1	GCA_001311135.1	GCF_001311135.1	accession	True	True	positive	positive	rod	rod	no	no	no	no	facultative	facultative	meso	meso	growth_range	22.5	False		none	
6612	Ligilactobacillus saerimneri	Ligilactobacillus saerimneri	Ligilactobacillus	Bacillota	RS_GCF_000423265.1	GCF_000423265.1	GCA_000423265.1	GCF_000423265.1	accession	True	True	positive	positive	rod	rod	no	no	no	no	anaerobe	anaerobe	meso	meso	growth_single_point	37.0	False		none	
6615	Lactobacillus kalixensis	Lactobacillus kalixensis	Lactobacillus	Bacillota	RS_GCF_001434335.1	GCF_001434335.1	GCA_001434335.1	GCF_001434335.1	accession	True	True	positive	positive	rod	rod	no	no	no	no	anaerobe	anaerobe	meso	meso	optimum	35.0	False		none	
6619	Lactobacillus ultunensis	Lactobacillus ultunensis	Lactobacillus	Bacillota	RS_GCF_001436305.1	GCF_001436305.1	GCA_001436305.1	GCF_001436305.1	accession	True	True	positive	positive	rod	rod	no	no	no	no	anaerobe	anaerobe	meso	meso	optimum	33.5	False		none	
6627	Lactobacillus kitasatonis	Lactobacillus kitasatonis	Lactobacillus	Bacillota	RS_GCF_000615285.1	GCF_000615285.1	GCA_000615285.1	GCF_000615285.1	accession	True	True	positive	positive	rod	rod	no	no	no	no	facultative	microaerophile	meso	meso	growth_range	37.5	True		none	
6629	Lactiplantibacillus plantarum subsp. plantarum	Lactiplantibacillus plantarum	Lactiplantibacillus	Bacillota	RS_GCF_014131735.1	GCF_014131735.1	GCA_014131735.1	GCF_014131735.1	accession	True	True	positive	positive	rod	rod	no	no	yes	yes	facultative	facultative	meso	meso	growth_range	26.0	False		none	
6636	Lapidilactobacillus concavus	Lapidilactobacillus concavus	Lapidilactobacillus	Bacillota	RS_GCF_001435835.1	GCF_001435835.1	GCA_001435835.1	GCF_001435835.1	accession	True	True	positive	positive	rod	rod	no	no	no	no	facultative		meso	meso	optimum	33.5	False	neutrophile	optimum	
6642	Loigolactobacillus backii	Loigolactobacillus backii	Loigolactobacillus	Bacillota	RS_GCF_003946275.1	GCF_003946275.1	GCA_003946275.1	GCF_003946275.1	accession	True	True	positive	positive	rod	rod	no	no	no	no	facultative		meso	meso	growth_range	23.5	False	neutrophile	growth_range	
6669	Limosilactobacillus secaliphilus	Limosilactobacillus secaliphilus	Limosilactobacillus	Bacillota	RS_GCF_001437055.1	GCF_001437055.1	GCA_001437055.1	GCF_001437055.1	accession	True	True	positive	positive	rod	rod	no	no	no	no	facultative		meso	meso	optimum	40.0	False		none	
6672	Liquorilactobacillus hordei	Liquorilactobacillus hordei	Liquorilactobacillus	Bacillota	RS_GCF_019443985.1	GCF_019443985.1	GCA_019443985.1	GCF_019443985.1	accession	True	True	positive	positive	rod	rod	no	no	yes	yes	facultative		meso	meso	optimum	30.0	False	neutrophile	optimum	
6691	Liquorilactobacillus aquaticus	Liquorilactobacillus aquaticus	Liquorilactobacillus	Bacillota	RS_GCF_001436755.1	GCF_001436755.1	GCA_001436755.1	GCF_001436755.1	accession	True	True	positive	positive	rod	rod	yes	yes	no	no	facultative	microaerophile	meso	meso	optimum	30.0	True	neutrophile	optimum	
6695	Levilactobacillus paucivorans	Levilactobacillus paucivorans	Levilactobacillus	Bacillota	RS_GCF_001437125.1	GCF_001437125.1	GCA_001437125.1	GCF_001437125.1	accession	True	True	positive	positive	rod	rod	no	no	no	no	anaerobe	anaerobe	meso	meso	optimum	30.0	False	acidophile	optimum	
6697	Secundilactobacillus odoratitofui	Secundilactobacillus odoratitofui	Secundilactobacillus	Bacillota	RS_GCF_001434895.1	GCF_001434895.1	GCA_001434895.1	GCF_001434895.1	accession	True	True	positive	positive	rod	rod	no	no	no	no	facultative		meso	meso	optimum	30.0	False	neutrophile	optimum	
6700	Lactobacillus gigeriorum	Lactobacillus gigeriorum	Lactobacillus	Bacillota	RS_GCF_000296855.1	GCF_000296855.1	GCA_000296855.1	GCF_000296855.1	accession	True	True	positive	positive	rod	rod	no	no	no	no	facultative		meso	meso	optimum	37.0	False	neutrophile	optimum	
6701	Lacticaseibacillus saniviri	Lacticaseibacillus saniviri	Lacticaseibacillus	Bacillota	RS_GCF_001311785.1	GCF_001311785.1	GCA_001311785.1	GCF_001311785.1	accession	True	True	positive	positive	rod	rod	no	no	no	no	facultative		meso	meso	growth_single_point	37.0	False	neutrophile	growth_range	
6702	Lentilactobacillus senioris	Lentilactobacillus senioris	Lentilactobacillus	Bacillota	RS_GCF_001436555.1	GCF_001436555.1	GCA_001436555.1	GCF_001436555.1	accession	True	True	positive	positive	rod	rod	no	no	no	no	facultative		meso	meso	growth_single_point	37.0	False		none	
6703	Lacticaseibacillus nasuensis	Lacticaseibacillus nasuensis	Lacticaseibacillus	Bacillota	RS_GCF_001434705.1	GCF_001434705.1	GCA_001434705.1	GCF_001434705.1	accession	True	True	positive	positive	rod	rod	no	no	no	no	facultative		meso	meso	growth_range	35.0	False	neutrophile	growth_range	
6704	Lacticaseibacillus brantae	Lacticaseibacillus brantae	Lacticaseibacillus	Bacillota	RS_GCF_001436115.1	GCF_001436115.1	GCA_001436115.1	GCF_001436115.1	accession	True	True	positive	positive	rod	rod	no	no	no	no	facultative		meso	meso	growth_range	32.5	False		none	
6705	Lactobacillus hominis	Lactobacillus hominis	Lactobacillus	Bacillota	RS_GCF_000296835.1	GCF_000296835.1	GCA_000296835.1	GCF_000296835.1	accession	True	True	positive	positive	rod	rod	no	no	no	no	facultative		meso	meso	optimum	37.0	False	neutrophile	optimum	
6840	Leuconostoc palmae	Leuconostoc palmae	Leuconostoc	Bacillota	RS_GCF_019656075.1	GCF_019656075.1	GCA_019656075.1	GCF_019656075.1	accession	True	True	positive	positive	coccus	coccus	no	no	no	no	facultative		meso	meso	optimum	30.0	False	neutrophile	optimum	
6841	Leuconostoc miyukkimchii	Leuconostoc miyukkimchii	Leuconostoc	Bacillota	RS_GCF_019656055.1	GCF_019656055.1	GCA_019656055.1	GCF_019656055.1	accession	True	True	positive	positive	other	other	no	no	no	no	facultative		meso	meso	optimum	30.0	False	neutrophile	growth_range	
6842	Leuconostoc suionicum	Leuconostoc suionicum	Leuconostoc	Bacillota	RS_GCF_001891125.1	GCF_001891125.1	GCA_001891125.1	GCF_001891125.1	accession	True	True	positive	positive	coccus	coccus	no	no	no	no	facultative	facultative	meso	meso	optimum	30.0	False		none	
6858	Periweissella ghanensis	Periweissella ghanensis	Periweissella	Bacillota	RS_GCF_918814755.1	GCF_918814755.1	GCA_918814755.1	GCF_918814755.1	accession	True	True	positive	positive	rod	rod	no	no	no	no	facultative		meso	meso	optimum	26.0	False	acidophile	optimum	
6859	Periweissella fabaria	Periweissella fabaria	Periweissella	Bacillota	RS_GCF_918814575.1	GCF_918814575.1	GCA_918814575.1	GCF_918814575.1	accession	True	True	positive	positive	coccus	coccus	no	no	no	no	facultative		meso	meso	optimum	30.0	False	neutrophile	optimum	
7141	Neomegalonema perideroedes	Neomegalonema perideroedes	Neomegalonema	Pseudomonadota	RS_GCF_000374145.1	GCF_000374145.1	GCA_000374145.1	GCF_000374145.1	accession	True	True	negative	negative	rod	rod	no	no	no	no	aerobe	aerobe	meso	meso	optimum	27.5	False	neutrophile	optimum	
7175	Methylobacterium hispanicum	Methylobacterium hispanicum	Methylobacterium	Pseudomonadota	RS_GCF_022179285.1	GCF_022179285.1	GCA_022179285.1	GCF_022179285.1	accession	True	True	negative	negative	rod	rod	yes	yes	no	no	aerobe	aerobe	meso	meso	optimum	28.0	False	neutrophile	optimum	
7176	Methylobacterium aquaticum	Methylobacterium aquaticum	Methylobacterium	Pseudomonadota	RS_GCF_001043915.1	GCF_001043915.1	GCA_001043915.1	GCF_001043915.1	accession	True	True	negative	negative	rod	rod	yes	yes	no	no	aerobe	aerobe	meso	meso	optimum	28.0	False	neutrophile	optimum	
7178	Methylobacterium variabile	Methylobacterium variabile	Methylobacterium	Pseudomonadota	RS_GCF_001043975.1	GCF_001043975.1	GCA_001043975.1	GCF_001043975.1	accession	True	True	negative	negative	rod	rod	yes	yes	no	no	aerobe	aerobe	meso	meso	optimum	28.0	False	neutrophile	optimum	
7179	Methylobacterium isbiliense	Methylobacterium isbiliense	Methylobacterium	Pseudomonadota	RS_GCF_022179325.1	GCF_022179325.1	GCA_022179325.1	GCF_022179325.1	accession	True	True	negative	negative	rod	rod	yes	yes	no	no	aerobe	aerobe	meso	meso	optimum	28.0	False	neutrophile	optimum	
7180	Methylobacterium adhaesivum	Methylobacterium adhaesivum	Methylobacterium	Pseudomonadota	RS_GCF_022179065.1	GCF_022179065.1	GCA_022179065.1	GCF_022179065.1	accession	True	True	negative	negative	rod	rod	yes	yes	no	no	aerobe	aerobe	meso	meso	optimum	28.0	False	neutrophile	optimum	
7181	Methylobacterium oryzae	Methylobacterium fujisawaense	Methylobacterium	Pseudomonadota	RS_GCF_000757795.1	GCF_000757795.1	GCA_000757795.1	GCF_000757795.1	accession	True	True	negative	negative	rod	rod	yes	yes	no	no	aerobe	aerobe	meso	meso	optimum	28.0	False	neutrophile	optimum	
7203	Microvirga aerilata	Microvirga aerilata	Microvirga	Pseudomonadota	RS_GCF_016743775.1	GCF_016743775.1	GCA_016743775.1	GCF_016743775.1	accession	True	True	negative	negative	rod	rod	no	no	no	no	aerobe	aerobe	meso	meso	optimum	30.0	False	alkaliphile	optimum	
7204	Microvirga aerophila	Microvirga aerophila	Microvirga	Pseudomonadota	RS_GCF_003332305.1	GCF_003332305.1	GCA_003332305.1	GCF_003332305.1	accession	True	True	negative	negative	rod	rod	no	no	no	no	aerobe	aerobe	meso	meso	optimum	30.0	False	alkaliphile	optimum	
7205	Methylohalobius crimeensis	Methylohalobius crimeensis	Methylohalobius	Pseudomonadota	RS_GCF_000421465.1	GCF_000421465.1	GCA_000421465.1	GCF_000421465.1	accession	True	True	negative	negative	rod	rod	yes	yes	yes	yes	aerobe	aerobe	meso	meso	optimum	30.0	False	neutrophile	optimum	
7216	Methylocystis heyeri	Methylocystis heyeri	Methylocystis	Pseudomonadota	RS_GCF_004802635.2	GCF_004802635.2	GCA_004802635.2	GCF_004802635.2	accession	True	True	negative	negative	rod	rod	no	no	no	no	aerobe	aerobe	meso	meso	optimum	25.0	False	neutrophile	optimum	
7219	Methylocystis bryophila	Methylocystis bryophila	Methylocystis	Pseudomonadota	RS_GCF_027925445.1	GCF_027925445.1	GCA_027925445.1	GCF_027925445.1	accession	True	True	negative	negative	coccus	coccus	no	no	no	no	aerobe	aerobe	meso	meso	optimum	27.5	False	neutrophile	optimum	
7227	Pleomorphomonas koreensis	Pleomorphomonas koreensis	Pleomorphomonas	Pseudomonadota	RS_GCF_000425185.1	GCF_000425185.1	GCA_000425185.1	GCF_000425185.1	accession	True	True	negative	negative	rod	rod	no	no	no	no	aerobe	aerobe	meso	meso	optimum	30.0	False	neutrophile	optimum	
7229	Hansschlegelia zhihuaiae	Methylopila zhihuaiae	Methylopila	Pseudomonadota	RS_GCF_004103825.1	GCF_004103825.1	GCA_004103825.1	GCF_004103825.1	accession	True	True	negative	negative	coccus	coccus	yes	yes	no	no	aerobe	aerobe	meso	meso	optimum	27.5	False	neutrophile	optimum	
7240	Methylophilus glucosoxydans	Methylophilus glucosoxydans	Methylophilus	Pseudomonadota	RS_GCF_042676145.1	GCF_042676145.1	GCA_042676145.1	GCF_042676145.1	accession	True	True	negative	negative	rod	rod	yes	yes	no	no	aerobe	aerobe	meso	meso	optimum	29.0	False	neutrophile	optimum	
7243	Methylophilus luteus	Methylophilus luteus	Methylophilus	Pseudomonadota	RS_GCF_042676265.1	GCF_042676265.1	GCA_042676265.1	GCF_042676265.1	accession	True	True	negative	negative	rod	rod	no	no	yes	yes	aerobe	aerobe	meso	meso	optimum	25.0	False	neutrophile	optimum	
7257	Agrococcus versicolor	Agrococcus versicolor	Agrococcus	Actinomycetota	RS_GCF_039531815.1	GCF_039531815.1	GCA_039531815.1	GCF_039531815.1	accession	True	True	positive	positive	other	other	no	no	no	no	aerobe	aerobe	meso	meso	optimum	24.5	False	neutrophile	optimum	
7258	Agrococcus jejuensis	Agrococcus jejuensis	Agrococcus	Actinomycetota	RS_GCF_900099705.1	GCF_900099705.1	GCA_900099705.1	GCF_900099705.1	accession	True	True	positive	positive	rod	rod	no	no	no	no	aerobe	aerobe	meso	meso	optimum	30.0	False	neutrophile	optimum	
7324	Curtobacterium ammoniigenes	Curtobacterium ammoniigenes	Curtobacterium	Actinomycetota	RS_GCF_001571045.1	GCF_001571045.1	GCA_001571045.1	GCF_001571045.1	accession	True	True	positive	positive	rod	rod	no	no	no	no	aerobe	aerobe	meso	meso	optimum	21.0	False	acidophile	optimum	
7328	Parafrigoribacterium mesophilum	Parafrigoribacterium mesophilum	Parafrigoribacterium	Actinomycetota	RS_GCF_039652555.1	GCF_039652555.1	GCA_039652555.1	GCF_039652555.1	accession	True	True	positive	positive	rod	rod	yes	yes	no	no	aerobe	aerobe	meso	meso	optimum	28.0	False	neutrophile	optimum	
7329	Gulosibacter molinativorax	Gulosibacter molinativorax	Gulosibacter	Actinomycetota	RS_GCF_003010915.2	GCF_003010915.2	GCA_003010915.2	GCF_003010915.2	accession	True	True	positive	positive	rod	rod	no	no	no	no	aerobe	aerobe	meso	meso	optimum	32.0	False	neutrophile	growth_range	
7344	Microterricola pindariensis	Microterricola pindariensis	Microterricola	Actinomycetota	RS_GCF_002936985.1	GCF_002936985.1	GCA_002936985.1	GCF_002936985.1	accession	True	True	positive	positive	rod	rod	yes	yes	no	no	aerobe	aerobe	meso	meso	optimum	26.5	False	neutrophile	optimum	
7345	Pseudolysinimonas kribbensis	Pseudolysinimonas kribbensis	Pseudolysinimonas	Actinomycetota	RS_GCF_039531715.1	GCF_039531715.1	GCA_039531715.1	GCF_039531715.1	accession	True	True	positive	positive	rod	rod	yes	yes	no	no	aerobe	aerobe	meso	meso	optimum	28.0	False	neutrophile	optimum	
7349	Leucobacter albus	Leucobacter albus	Leucobacter	Actinomycetota	RS_GCF_039528015.1	GCF_039528015.1	GCA_039528015.1	GCF_039528015.1	accession	True	True	positive	positive	rod	rod	no	no	no	no	aerobe	aerobe	meso	meso	optimum	30.0	False	neutrophile	optimum	
7351	Leucobacter iarius	Leucobacter iarius	Leucobacter	Actinomycetota	RS_GCF_039530105.1	GCF_039530105.1	GCA_039530105.1	GCF_039530105.1	accession	True	True	positive	positive	rod	rod	no	no	no	no	aerobe	aerobe	meso	meso	optimum	29.0	False	neutrophile	optimum	
7354	Leucobacter tardus	Leucobacter tardus	Leucobacter	Actinomycetota	RS_GCF_039531835.1	GCF_039531835.1	GCA_039531835.1	GCF_039531835.1	accession	True	True	positive	positive	rod	rod	no	no	no	no	aerobe	aerobe	meso	meso	optimum	26.75	False	neutrophile	optimum	
7419	Microbacterium hydrocarbonoxydans	Microbacterium hydrocarbonoxydans	Microbacterium	Actinomycetota	RS_GCF_900105205.1	GCF_900105205.1	GCA_900105205.1	GCF_900105205.1	accession	True	True	positive	positive	rod	rod	yes	yes	no	no	aerobe	aerobe	meso	meso	optimum	33.5	False		none	
7420	Microbacterium oleivorans	Microbacterium oleivorans	Microbacterium	Actinomycetota	RS_GCF_001552475.1	GCF_001552475.1	GCA_001552475.1	GCF_001552475.1	accession	True	True	positive	positive	rod	rod	no	no	no	no	aerobe	aerobe	meso	meso	optimum	33.5	False		none	
7423	Microbacterium halotolerans	Microbacterium halotolerans	Microbacterium	Actinomycetota	RS_GCF_003569805.1	GCF_003569805.1	GCA_003569805.1	GCF_003569805.1	accession	True	True	positive	positive	rod	rod	no	no	no	no	aerobe	aerobe	meso	meso	optimum	29.0	False	neutrophile	optimum	
7424	Microbacterium ulmi	Microbacterium ulmi	Microbacterium	Actinomycetota	RS_GCF_011759705.1	GCF_011759705.1	GCA_011759705.1	GCF_011759705.1	accession	True	True	positive	positive	rod	rod	no	no	no	no	aerobe	aerobe	meso	meso	growth_range	26.0	False	neutrophile	growth_range	
7425	Microbacterium natoriense	Microbacterium natoriense	Microbacterium	Actinomycetota	RS_GCF_039527915.1	GCF_039527915.1	GCA_039527915.1	GCF_039527915.1	accession	True	True	positive	positive	rod	rod	no	no	no	no	aerobe	aerobe	meso	meso	optimum	30.0	False	neutrophile	optimum	
7427	Microbacterium paludicola	Microbacterium paludicola	Microbacterium	Actinomycetota	RS_GCF_039529675.1	GCF_039529675.1	GCA_039529675.1	GCF_039529675.1	accession	True	True	positive	positive	rod	rod	no	no	no	no	aerobe	aerobe	meso	meso	optimum	27.75	False	neutrophile	optimum	
7439	Microbacterium aquimaris	Microbacterium aquimaris	Microbacterium	Actinomycetota	RS_GCF_034531275.1	GCF_034531275.1	GCA_034531275.1	GCF_034531275.1	accession	True	True	positive	positive	rod	rod	no	no	no	no	aerobe	aerobe	meso	meso	optimum	27.75	False	neutrophile	optimum	
7444	Microbacterium profundi	Microbacterium profundi	Microbacterium	Actinomycetota	RS_GCF_000763375.1	GCF_000763375.1	GCA_000763375.1	GCF_000763375.1	accession	True	True	positive	positive	rod	rod	no	no	no	no	aerobe	aerobe	meso	meso	optimum	28.0	False	neutrophile	optimum	
7445	Microbacterium binotii	Microbacterium binotii	Microbacterium	Actinomycetota	RS_GCF_039532115.1	GCF_039532115.1	GCA_039532115.1	GCF_039532115.1	accession	True	True	positive	positive	rod	rod	no	no	no	no	aerobe	aerobe	meso	meso	optimum	29.0	False		none	
7447	Microbacterium insulae	Microbacterium insulae	Microbacterium	Actinomycetota	RS_GCF_042677065.1	GCF_042677065.1	GCA_042677065.1	GCF_042677065.1	accession	True	True	positive	positive	coccus	coccus	no	no	no	no	aerobe	aerobe	meso	meso	optimum	30.0	False	neutrophile	optimum	
7452	Microbacterium azadirachtae	Microbacterium azadirachtae	Microbacterium	Actinomycetota	RS_GCF_000956545.1	GCF_000956545.1	GCA_000956545.1	GCF_000956545.1	accession	True	True	positive	positive	rod	rod	yes	yes	no	no	aerobe	aerobe	meso	meso	optimum	28.0	False	neutrophile	optimum	
7455	Microbacterium ginsengiterrae	Microbacterium ginsengiterrae	Microbacterium	Actinomycetota	RS_GCF_014205075.1	GCF_014205075.1	GCA_014205075.1	GCF_014205075.1	accession	True	True	positive	positive	rod	rod	no	no	yes	yes	aerobe	aerobe	meso	meso	optimum	30.0	False	neutrophile	optimum	
7464	Microbacterium amylolyticum	Microbacterium amylolyticum	Microbacterium	Actinomycetota	RS_GCF_011046975.1	GCF_011046975.1	GCA_011046975.1	GCF_011046975.1	accession	True	True	positive	positive	rod	rod	no	no	no	no	aerobe	aerobe	meso	meso	optimum	28.0	False	neutrophile	optimum	
7471	Mycetocola reblochoni	Mycetocola_B reblochoni	Mycetocola_B	Actinomycetota	RS_GCF_003667525.1	GCF_003667525.1	GCA_003667525.1	GCF_003667525.1	accession	True	True	positive	positive	rod	rod	no	no	no	no	aerobe	aerobe	meso	meso	optimum	26.5	False	alkaliphile	optimum	
7475	Pseudoclavibacter helvolus	Pseudoclavibacter helvolus	Pseudoclavibacter	Actinomycetota	RS_GCF_014191305.1	GCF_014191305.1	GCA_014191305.1	GCF_014191305.1	accession	True	True	positive	positive	rod	rod	no	no	no	no	aerobe	aerobe	meso	meso	optimum	28.5	False	neutrophile	growth_range	
7478	Gulosibacter bifidus	Gulosibacter bifidus	Gulosibacter	Actinomycetota	RS_GCF_001570925.1	GCF_001570925.1	GCA_001570925.1	GCF_001570925.1	accession	True	True	positive	positive	rod	rod	no	no	no	no	aerobe	aerobe	meso	meso	optimum	30.0	False	neutrophile	optimum	
7480	Pseudoclavibacter chungangensis	Pseudoclavibacter chungangensis	Pseudoclavibacter	Actinomycetota	RS_GCF_013410545.1	GCF_013410545.1	GCA_013410545.1	GCF_013410545.1	accession	True	True	positive	positive	rod	rod	no	no	no	no	aerobe	aerobe	meso	meso	optimum	30.0	False	neutrophile	optimum	
7481	Pseudoclavibacter caeni	Pseudoclavibacter_A caeni	Pseudoclavibacter_A	Actinomycetota	RS_GCF_008831125.1	GCF_008831125.1	GCA_008831125.1	GCF_008831125.1	accession	True	True	positive	positive	rod	rod	no	no	no	no	aerobe	aerobe	meso	meso	optimum	30.0	False	neutrophile	optimum	
7489	Salinibacterium xinjiangense	Rhodoglobus xinjiangensis	Rhodoglobus	Actinomycetota	RS_GCF_014645015.1	GCF_014645015.1	GCA_014645015.1	GCF_014645015.1	accession	True	True	positive	positive	rod	rod	no	no	no	no	aerobe	aerobe	meso	meso	optimum	18.5	False	neutrophile	optimum	
7497	Labedella gwakjiensis	Labedella gwakjiensis	Labedella	Actinomycetota	RS_GCF_003014675.1	GCF_003014675.1	GCA_003014675.1	GCF_003014675.1	accession	True	True	positive	positive	rod	rod	no	no	no	no	aerobe	aerobe	meso	meso	optimum	27.5	False	neutrophile	optimum	
7503	Frondihabitans peucedani	Frondihabitans peucedani	Frondihabitans	Actinomycetota	RS_GCF_039537585.1	GCF_039537585.1	GCA_039537585.1	GCF_039537585.1	accession	True	True	positive	positive	rod	rod	no	no	no	no	aerobe	aerobe	meso	meso	optimum	25.0	False	alkaliphile	optimum	
7505	Glaciibacter superstes	Cryobacterium superstes	Cryobacterium	Actinomycetota	RS_GCF_000421145.1	GCF_000421145.1	GCA_000421145.1	GCF_000421145.1	accession	True	True	positive	positive	rod	rod	yes	yes	no	no	aerobe	aerobe	meso	meso	optimum	24.0	False		none	
7506	Microcella frigidaquae	Microcella frigidaquae	Microcella	Actinomycetota	RS_GCF_014200395.1	GCF_014200395.1	GCA_014200395.1	GCF_014200395.1	accession	True	True	positive	positive	rod	rod	yes	yes	no	no	aerobe	aerobe	meso	meso	optimum	30.0	False	neutrophile	optimum	
7507	Marisediminicola antarctica	Marisediminicola antarctica	Marisediminicola	Actinomycetota	RS_GCF_009930795.1	GCF_009930795.1	GCA_009930795.1	GCF_009930795.1	accession	True	True	positive	positive	rod	rod	yes	yes	no	no	aerobe	aerobe	meso	meso	optimum	20.5	False	neutrophile	optimum	
7509	Herbiconiux ginsengi	Herbiconiux ginsengi	Herbiconiux	Actinomycetota	RS_GCF_900107435.1	GCF_900107435.1	GCA_900107435.1	GCF_900107435.1	accession	True	True	positive	positive	rod	rod	no	no	no	no	aerobe	aerobe	meso	meso	optimum	28.0	False		none	
7512	Herbiconiux flava	Herbiconiux flava	Herbiconiux	Actinomycetota	RS_GCF_013409865.1	GCF_013409865.1	GCA_013409865.1	GCF_013409865.1	accession	True	True	positive	positive	rod	rod	no	no	no	no	aerobe	aerobe	meso	meso	optimum	28.0	False	neutrophile	optimum	
7514	Compostimonas suwonensis	Compostimonas suwonensis	Compostimonas	Actinomycetota	RS_GCF_002797855.1	GCF_002797855.1	GCA_002797855.1	GCF_002797855.1	accession	True	True	positive	positive	rod	rod	no	no	no	no	aerobe	aerobe	meso	meso	optimum	28.0	False	neutrophile	optimum	
7515	Gryllotalpicola ginsengisoli	Gryllotalpicola ginsengisoli	Gryllotalpicola	Actinomycetota	RS_GCF_000419445.1	GCF_000419445.1	GCA_000419445.1	GCF_000419445.1	accession	True	True	positive	positive	rod	rod	no	no	no	no	aerobe	aerobe	meso	meso	optimum	33.5	False	neutrophile	optimum	
7604	Arthrobacter parietis	Arthrobacter_D parietis	Arthrobacter_D	Actinomycetota	RS_GCF_039530425.1	GCF_039530425.1	GCA_039530425.1	GCF_039530425.1	accession	True	True	positive	positive	coccus	coccus	no	no	no	no	aerobe	aerobe	meso	meso	optimum	27.0	False	neutrophile	optimum	
7605	Arthrobacter pigmenti	Arthrobacter_D pigmenti	Arthrobacter_D	Actinomycetota	RS_GCF_011927905.1	GCF_011927905.1	GCA_011927905.1	GCF_011927905.1	accession	True	True	positive	positive	coccus	coccus	no	no	no	no	aerobe	aerobe	meso	meso	optimum	27.0	False	alkaliphile	optimum	
7607	Arthrobacter tumbae	Arthrobacter_D tumbae	Arthrobacter_D	Actinomycetota	RS_GCF_016907495.1	GCF_016907495.1	GCA_016907495.1	GCF_016907495.1	accession	True	True	positive	positive	coccus	coccus	no	no	no	no	aerobe	aerobe	meso	meso	optimum	26.0	False	alkaliphile	optimum	
7610	Paeniglutamicibacter gangotriensis	Paeniglutamicibacter gangotriensis	Paeniglutamicibacter	Actinomycetota	RS_GCF_000348945.1	GCF_000348945.1	GCA_000348945.1	GCF_000348945.1	accession	True	True	positive	positive	rod	rod	no	no	no	no	aerobe	aerobe	meso	meso	optimum	25.0	False	neutrophile	optimum	
7612	Arthrobacter stackebrandtii	Specibacter stackebrandtii	Specibacter	Actinomycetota	RS_GCF_017876675.1	GCF_017876675.1	GCA_017876675.1	GCF_017876675.1	accession	True	True	positive	positive	rod	rod	no	no	no	no	aerobe	aerobe	meso	meso	growth_range	20.0	False	neutrophile	optimum	
7623	Arthrobacter psychrochitiniphilus	Specibacter psychrochitiniphilus	Specibacter	Actinomycetota	RS_GCF_003185915.1	GCF_003185915.1	GCA_003185915.1	GCF_003185915.1	accession	True	True	positive	positive	rod	rod	yes	yes	no	no	aerobe	aerobe	meso	meso	optimum	20.0	False	neutrophile	optimum	
7634	Citricoccus zhacaiensis	Citricoccus zhacaiensis	Citricoccus	Actinomycetota	RS_GCF_014645315.1	GCF_014645315.1	GCA_014645315.1	GCF_014645315.1	accession	True	True	positive	positive	other	other	no	no	no	no	aerobe	aerobe	meso	meso	optimum	30.0	False	neutrophile	optimum	
7657	Kocuria marina	Kocuria marina	Kocuria	Actinomycetota	RS_GCF_014652975.1	GCF_014652975.1	GCA_014652975.1	GCF_014652975.1	accession	True	True	positive	positive	coccus	coccus	no	no	no	no	aerobe	aerobe	meso	meso	optimum	23.5	False		none	
7660	Kocuria aegyptia	Kocuria aegyptia	Kocuria	Actinomycetota	RS_GCF_039530085.1	GCF_039530085.1	GCA_039530085.1	GCF_039530085.1	accession	True	True	positive	positive	coccus	coccus	no	no	no	no	aerobe	aerobe	meso	meso	optimum	28.0	False	alkaliphile	optimum	
7661	Rothia halotolerans	Rothia halotolerans	Rothia	Actinomycetota	RS_GCF_004136635.1	GCF_004136635.1	GCA_004136635.1	GCF_004136635.1	accession	True	True	positive	positive	coccus	coccus	no	no	no	no	aerobe	aerobe	meso	meso	optimum	30.25	False	neutrophile	optimum	
7760	Micrococcus yunnanensis	Micrococcus luteus	Micrococcus	Actinomycetota	RS_GCF_014138885.1	GCF_014138885.1	GCA_014138885.1	GCF_014138885.1	accession	True	True	positive	positive	coccus	coccus	no	no	no	no	aerobe	aerobe	meso	meso	optimum	28.0	False	neutrophile	optimum	
7761	Micrococcus cohnii	Micrococcus cohnii	Micrococcus	Actinomycetota	RS_GCF_014205175.1	GCF_014205175.1	GCA_014205175.1	GCF_014205175.1	accession	True	True	positive	positive	coccus	coccus	no	no	no	no	aerobe	aerobe	meso	meso	optimum	26.0	False	neutrophile	optimum	
7762	Nesterenkonia halobia	Nesterenkonia halobia	Nesterenkonia	Actinomycetota	RS_GCF_039536005.1	GCF_039536005.1	GCA_039536005.1	GCF_039536005.1	accession	True	True	positive	positive	coccus	coccus	no	no	no	no	aerobe	aerobe	meso	meso	optimum	28.0	False		none	
7768	Nesterenkonia aethiopica	Nesterenkonia aethiopica	Nesterenkonia	Actinomycetota	RS_GCF_039534665.1	GCF_039534665.1	GCA_039534665.1	GCF_039534665.1	accession	True	True	positive	positive	rod	rod	no	no	no	no	aerobe	aerobe	meso	meso	optimum	33.5	False	alkaliphile	optimum	
7770	Nesterenkonia flava	Nesterenkonia flava	Nesterenkonia	Actinomycetota	RS_GCF_039530125.1	GCF_039530125.1	GCA_039530125.1	GCF_039530125.1	accession	True	True	positive	positive	rod	rod	no	no	no	no	aerobe	aerobe	meso	meso	optimum	39.0	False	alkaliphile	optimum	
7784	Zhihengliuella halotolerans	Zhihengliuella halotolerans	Zhihengliuella	Actinomycetota	RS_GCF_004217565.1	GCF_004217565.1	GCA_004217565.1	GCF_004217565.1	accession	True	True	positive	positive	rod	rod	no	no	no	no	aerobe	aerobe	meso	meso	optimum	28.5	False	alkaliphile	optimum	
7787	Yaniella halotolerans	Yaniella halotolerans	Yaniella	Actinomycetota	RS_GCF_000420805.1	GCF_000420805.1	GCA_000420805.1	GCF_000420805.1	accession	True	True	positive	positive	coccus	coccus	no	no	no	no	aerobe	aerobe	meso	meso	optimum	28.5	False	neutrophile	optimum	
7792	Auritidibacter ignavus	Auritidibacter ignavus	Auritidibacter	Actinomycetota	RS_GCF_003703835.1	GCF_003703835.1	GCA_003703835.1	GCF_003703835.1	accession	True	True	positive	positive	rod	rod	yes	yes	no	no	aerobe	aerobe	meso	meso	growth_range	23.5	False	alkaliphile	optimum	
7795	Actinocatenispora thailandica	Actinocatenispora thailandica	Actinocatenispora	Actinomycetota	RS_GCF_016865425.1	GCF_016865425.1	GCA_016865425.1	GCF_016865425.1	accession	True	True	positive	positive	rod	rod	no	no	yes	yes	aerobe	aerobe	meso	meso	optimum	27.75	False	neutrophile	optimum	
7856	Catellatospora bangladeshensis	Catellatospora bangladeshensis	Catellatospora	Actinomycetota	RS_GCF_016862575.1	GCF_016862575.1	GCA_016862575.1	GCF_016862575.1	accession	True	True	positive	positive	rod	rod	no	no	yes	yes	aerobe	aerobe	meso	meso	optimum	27.75	False	neutrophile	optimum	
7857	Catellatospora chokoriensis	Catellatospora citrea	Catellatospora	Actinomycetota	RS_GCF_039528055.1	GCF_039528055.1	GCA_039528055.1	GCF_039528055.1	accession	True	True	positive	positive	rod	rod	no	no	yes	yes	aerobe	aerobe	meso	meso	optimum	25.25	False	neutrophile	optimum	
7858	Catellatospora coxensis	Catellatospora coxensis	Catellatospora	Actinomycetota	RS_GCF_016862635.1	GCF_016862635.1	GCA_016862635.1	GCF_016862635.1	accession	True	True	positive	positive	rod	rod	no	no	yes	yes	aerobe	aerobe	meso	meso	optimum	25.0	False	neutrophile	optimum	
7982	Micromonospora eburnea	Micromonospora eburnea	Micromonospora	Actinomycetota	RS_GCF_900090225.1	GCF_900090225.1	GCA_900090225.1	GCF_900090225.1	accession	True	True	positive	positive	rod	rod	no	no	yes	yes	aerobe	aerobe	meso	meso	optimum	27.75	False		none	
8025	Polymorphospora rubra	Polymorphospora rubra	Polymorphospora	Actinomycetota	RS_GCF_018324255.1	GCF_018324255.1	GCA_018324255.1	GCF_018324255.1	accession	True	True	positive	positive	rod	rod	no	no	yes	yes	aerobe	aerobe	meso	meso	optimum	26.5	False	neutrophile	optimum	
8031	Micromonospora sediminimaris	Micromonospora sediminimaris	Micromonospora	Actinomycetota	RS_GCF_016863575.1	GCF_016863575.1	GCA_016863575.1	GCF_016863575.1	accession	True	True	positive	positive	rod	rod	no	no	yes	yes	aerobe	aerobe	meso	meso	optimum	32.5	False	neutrophile	optimum	
8050	Phytohabitans suffuscus	Phytohabitans suffuscus	Phytohabitans	Actinomycetota	RS_GCF_011764565.1	GCF_011764565.1	GCA_011764565.1	GCF_011764565.1	accession	True	True	positive	positive	rod	rod	no	no	yes	yes	aerobe	aerobe	meso	meso	optimum	27.0	False	neutrophile	optimum	
8175	Moraxella porci	Moraxella porci	Moraxella	Pseudomonadota	RS_GCF_002014855.1	GCF_002014855.1	GCA_002014855.1	GCF_002014855.1	accession	True	True	negative	negative	coccus	coccus	no	no	no	no	aerobe	aerobe	meso	meso	optimum	37.0	False	neutrophile	optimum	
8208	Psychrobacter lutiphocae	Psychrobacter lutiphocae	Psychrobacter	Pseudomonadota	RS_GCF_000382145.1	GCF_000382145.1	GCA_000382145.1	GCF_000382145.1	accession	True	True	negative	negative	other	other	no	no	no	no	aerobe	aerobe	meso	meso	optimum	23.5	False		none	
8213	Moritella dasanensis	Moritella dasanensis	Moritella	Pseudomonadota	RS_GCF_000276805.1	GCF_000276805.1	GCA_000276805.1	GCF_000276805.1	accession	True	True	negative	negative	rod	rod	yes	yes	no	no	aerobe	aerobe	psychro	psychro	optimum	9.0	False	neutrophile	optimum	
8347	Mycobacterium iranicum	Mycobacterium iranicum	Mycobacterium	Actinomycetota	RS_GCF_002101705.1	GCF_002101705.1	GCA_002101705.1	GCF_002101705.1	accession	True	True	positive	positive	other	other	no	no	no	no	facultative	microaerophile	meso	meso	optimum	37.0	True		none	
8519	Mycobacterium boenickei	Mycobacterium boenickei	Mycobacterium	Actinomycetota	RS_GCF_010731295.1	GCF_010731295.1	GCA_010731295.1	GCF_010731295.1	accession	True	True	positive	positive	rod	rod	no	no	no	no	aerobe	aerobe	meso	meso	optimum	31.5	False		none	
8520	Mycobacterium neworleansense	Mycobacterium neworleansense	Mycobacterium	Actinomycetota	RS_GCF_001245615.1	GCF_001245615.1	GCA_001245615.1	GCF_001245615.1	accession	True	True	positive	positive	rod	rod	no	no	no	no	aerobe	aerobe	meso	meso	optimum	34.25	False		none	
8521	Mycobacterium brisbanense	Mycobacterium brisbanense	Mycobacterium	Actinomycetota	RS_GCF_001570425.1	GCF_001570425.1	GCA_001570425.1	GCF_001570425.1	accession	True	True	positive	positive	rod	rod	no	no	no	no	aerobe	aerobe	meso	meso	optimum	31.5	False		none	
8522	Mycobacterium psychrotolerans	Mycobacterium psychrotolerans	Mycobacterium	Actinomycetota	RS_GCF_010729305.1	GCF_010729305.1	GCA_010729305.1	GCF_010729305.1	accession	True	True	positive	positive	rod	rod	no	no	no	no	aerobe	aerobe	meso	meso	optimum	37.0	False		none	
8538	Mycobacterium paraseoulense	Mycobacterium paraseoulense	Mycobacterium	Actinomycetota	RS_GCF_010731655.1	GCF_010731655.1	GCA_010731655.1	GCF_010731655.1	accession	True	True	positive	positive	rod	rod	no	no	no	no	aerobe	aerobe	meso	meso	optimum	37.0	False		none	
8593	Hoyosella subflava	Hoyosella subflava	Hoyosella	Actinomycetota	RS_GCF_000214175.1	GCF_000214175.1	GCA_000214175.1	GCF_000214175.1	accession	True	True	positive	positive	coccus	coccus	no	no	no	no	aerobe	aerobe	meso	meso	optimum	34.75	False	neutrophile	optimum	
10173	Nakamurella multipartita	Nakamurella multipartita	Nakamurella	Actinomycetota	RS_GCF_000024365.1	GCF_000024365.1	GCA_000024365.1	GCF_000024365.1	accession	True	True	positive	positive	coccus	coccus	no	no	no	no	aerobe	aerobe	meso	meso	optimum	28.0	False		none	
10174	Nakamurella lactea	Nakamurella lactea	Nakamurella	Actinomycetota	RS_GCF_000426645.1	GCF_000426645.1	GCA_000426645.1	GCF_000426645.1	accession	True	True	positive	positive	rod	rod	no	no	no	no	aerobe	aerobe	meso	meso	optimum	28.0	False	neutrophile	growth_range	
10423	Nitratifractor salsuginis	Nitratifractor salsuginis	Nitratifractor	Campylobacterota	RS_GCF_000186245.1	GCF_000186245.1	GCA_000186245.1	GCF_000186245.1	accession	True	True	negative	negative	rod	rod	no	no	no	no	facultative	facultative	meso	meso	optimum	37.0	False	neutrophile	optimum	
10424	Nitratiruptor tergarcus	Nitratiruptor tergarcus	Nitratiruptor	Campylobacterota	RS_GCF_027946175.1	GCF_027946175.1	GCA_027946175.1	GCF_027946175.1	accession	True	True	negative	negative	rod	rod	no	no	no	no	facultative	facultative	thermo	thermo	optimum	55.0	False	neutrophile	optimum	
10428	Caminibacter mediatlanticus	Caminibacter mediatlanticus	Caminibacter	Campylobacterota	RS_GCF_005843985.1	GCF_005843985.1	GCA_005843985.1	GCF_005843985.1	accession	True	True	negative	negative	rod	rod	yes	yes	no	no	anaerobe	anaerobe	thermo	thermo	optimum	55.0	False	neutrophile	optimum	
10430	Nautilia profundicola	Nautilia profundicola	Nautilia	Campylobacterota	RS_GCF_000021725.1	GCF_000021725.1	GCA_000021725.1	GCF_000021725.1	accession	True	True	negative	negative	rod	rod	yes	yes	no	no	anaerobe	anaerobe	meso	meso	optimum	40.0	False	neutrophile	optimum	
10500	Andreprevotia lacus	Andreprevotia lacus	Andreprevotia	Pseudomonadota	RS_GCF_900176275.1	GCF_900176275.1	GCA_900176275.1	GCF_900176275.1	accession	True	True	negative	negative	rod	rod	yes	yes	no	no	aerobe	aerobe	meso	meso	optimum	30.0	False	neutrophile	optimum	
10510	Vogesella mureinivorans	Vogesella mureinivorans	Vogesella	Pseudomonadota	RS_GCF_007644035.1	GCF_007644035.1	GCA_007644035.2	GCF_007644035.1	accession	True	True	negative	negative	rod	rod	yes	yes	no	no	anaerobe	anaerobe	meso	meso	optimum	25.0	False	neutrophile	optimum	
10511	Aquitalea magnusonii	Aquitalea magnusonii	Aquitalea	Pseudomonadota	RS_GCF_003202035.1	GCF_003202035.1	GCA_003202035.1	GCF_003202035.1	accession	True	True	negative	negative	rod	rod	yes	yes	no	no	facultative	facultative	meso	meso	optimum	35.0	False	neutrophile	optimum	
10520	Leeia oryzae	Leeia oryzae	Leeia	Pseudomonadota	RS_GCF_000376945.1	GCF_000376945.1	GCA_000376945.1	GCF_000376945.1	accession	True	True	negative	negative	rod	rod	yes	yes	no	no	aerobe	aerobe	meso	meso	optimum	33.5	False	neutrophile	optimum	
10523	Chitinilyticum aquatile	Chitinilyticum aquatile	Chitinilyticum	Pseudomonadota	RS_GCF_000430805.1	GCF_000430805.1	GCA_000430805.1	GCF_000430805.1	accession	True	True	negative	negative	rod	rod	yes	yes	no	no	facultative	facultative	meso	meso	optimum	27.5	False	alkaliphile	optimum	
10524	Chitinilyticum litopenaei	Chitinilyticum litopenaei	Chitinilyticum	Pseudomonadota	RS_GCF_000428145.1	GCF_000428145.1	GCA_000428145.1	GCF_000428145.1	accession	True	True	negative	negative	rod	rod	yes	yes	no	no	facultative	facultative	meso	meso	growth_range	27.5	False	alkaliphile	growth_range	
10525	Paludibacterium yongneupense	Paludibacterium yongneupense	Paludibacterium	Pseudomonadota	RS_GCF_000422925.1	GCF_000422925.1	GCA_000422925.1	GCF_000422925.1	accession	True	True	negative	negative	rod	rod	yes	yes	no	no	facultative	facultative	meso	meso	growth_range	19.5	False	neutrophile	growth_range	
10526	Pseudogulbenkiania subflava	Pseudogulbenkiania subflava	Pseudogulbenkiania	Pseudomonadota	RS_GCF_900177275.1	GCF_900177275.1	GCA_900177275.1	GCF_900177275.1	accession	True	True	negative	negative	rod	rod	yes	yes	no	no	aerobe	aerobe	meso	meso	optimum	30.0	False	neutrophile	optimum	
10540	Thermodesulfovibrio aggregans	Thermodesulfovibrio aggregans	Thermodesulfovibrio	Nitrospirota	RS_GCF_001514535.1	GCF_001514535.1	GCA_001514535.1	GCF_001514535.1	accession	True	True	negative	negative	rod	rod	no	no	no	no	anaerobe	anaerobe	thermo	thermo	optimum	60.0	False	neutrophile	optimum	
10541	Thermodesulfovibrio thiophilus	Thermodesulfovibrio thiophilus	Thermodesulfovibrio	Nitrospirota	RS_GCF_000423865.1	GCF_000423865.1	GCA_000423865.1	GCF_000423865.1	accession	True	True	negative	negative	rod	rod	no	no	no	no	anaerobe	anaerobe	thermo	thermo	optimum	55.0	False	neutrophile	optimum	
10542	Gordonia bronchialis	Gordonia bronchialis	Gordonia	Actinomycetota	RS_GCF_000024785.1	GCF_000024785.1	GCA_000024785.1	GCF_000024785.1	accession	True	True	positive	positive	rod	rod	no	no	no	no	aerobe	aerobe	meso	meso	growth_range	23.5	False		none	
10548	Gordonia terrae	Gordonia terrae	Gordonia	Actinomycetota	RS_GCF_001698225.1	GCF_001698225.1	GCA_001698225.1	GCF_001698225.1	accession	True	True	positive	positive	rod	rod	no	no	no	no	aerobe	aerobe	meso	meso	optimum	37.0	False		none	
10613	Gordonia araii	Gordonia araii	Gordonia	Actinomycetota	RS_GCF_000241265.1	GCF_000241265.1	GCA_000241265.2	GCF_000241265.1	accession	True	True	positive	positive	rod	rod	no	no	yes	yes	aerobe	aerobe	meso	meso	optimum	29.0	False	neutrophile	optimum	
10620	Jongsikchunia kroppenstedtii	Jongsikchunia kroppenstedtii	Jongsikchunia	Actinomycetota	RS_GCF_000380485.1	GCF_000380485.1	GCA_000380485.1	GCF_000380485.1	accession	True	True	positive	positive	rod	rod	no	no	no	no	aerobe	aerobe	meso	meso	optimum	27.75	False	neutrophile	optimum	
10623	Gordonia neofelifaecis	Gordonia neofelifaecis	Gordonia	Actinomycetota	RS_GCF_000192435.1	GCF_000192435.1	GCA_000192435.2	GCF_000192435.1	accession	True	True	positive	positive	rod	rod	no	no	no	no	aerobe	aerobe	meso	meso	optimum	30.0	False		none	
10626	Millisia brevis	Millisia brevis	Millisia	Actinomycetota	RS_GCF_001552615.1	GCF_001552615.1	GCA_001552615.1	GCF_001552615.1	accession	True	True	positive	positive	rod	rod	no	no	no	no	aerobe	aerobe	meso	meso	optimum	30.25	False	neutrophile	optimum	
10679	Nocardia otitidiscaviarum	Nocardia otitidiscaviarum	Nocardia	Actinomycetota	RS_GCF_000308635.1	GCF_000308635.1	GCA_000308635.1	GCF_000308635.1	accession	True	True	positive	positive	rod	rod	no	no	no	no	aerobe	aerobe	meso	meso	optimum	37.0	False	neutrophile	growth_range	
10773	Nocardia tenerifensis	Nocardia tenerifensis	Nocardia	Actinomycetota	RS_GCF_000308715.1	GCF_000308715.1	GCA_000308715.1	GCF_000308715.1	accession	True	True	positive	positive	rod	rod	no	no	no	no	aerobe	aerobe	meso	meso	optimum	28.0	False		none	
10775	Nocardia asiatica	Nocardia asiatica	Nocardia	Actinomycetota	RS_GCF_000308415.1	GCF_000308415.1	GCA_000308415.1	GCF_000308415.1	accession	True	True	positive	positive	other	filamentous	no	no	yes	yes	aerobe	aerobe	meso	meso	optimum	32.5	False		none	
10797	Nocardia xishanensis	Nocardia xishanensis	Nocardia	Actinomycetota	RS_GCF_001613365.1	GCF_001613365.1	GCA_001613365.1	GCF_001613365.1	accession	True	True	positive	positive	other	other	no	no	no	no	aerobe	aerobe	meso	meso	optimum	30.0	False	neutrophile	optimum	
10806	Nocardia exalbida	Nocardia exalbida	Nocardia	Actinomycetota	RS_GCF_000308575.1	GCF_000308575.1	GCA_000308575.1	GCF_000308575.1	accession	True	True	positive	positive	rod	rod	no	no	yes	yes	aerobe	aerobe	meso	meso	optimum	29.0	False	neutrophile	optimum	
10808	Nocardia jejuensis	Nocardia jejuensis	Nocardia	Actinomycetota	RS_GCF_001613145.1	GCF_001613145.1	GCA_001613145.1	GCF_001613145.1	accession	True	True	positive	positive	rod	rod	no	no	yes	yes	aerobe	aerobe	meso	meso	optimum	30.75	False	neutrophile	optimum	
10810	Nocardia ninae	Nocardia ninae	Nocardia	Actinomycetota	RS_GCF_007990755.1	GCF_007990755.1	GCA_007990755.1	GCF_007990755.1	accession	True	True	positive	positive	rod	rod	no	no	yes	yes	aerobe	aerobe	meso	meso	optimum	31.0	False		none	
10813	Nocardia altamirensis	Nocardia altamirensis	Nocardia	Actinomycetota	RS_GCF_001612685.1	GCF_001612685.1	GCA_001612685.1	GCF_001612685.1	accession	True	True	positive	positive	rod	rod	no	no	yes	yes	aerobe	aerobe	meso	meso	optimum	29.0	False	neutrophile	optimum	
10816	Nocardia amamiensis	Nocardia amamiensis	Nocardia	Actinomycetota	RS_GCF_001612745.1	GCF_001612745.1	GCA_001612745.1	GCF_001612745.1	accession	True	True	positive	positive	rod	rod	no	no	yes	yes	aerobe	aerobe	meso	meso	optimum	28.0	False		none	
10818	Nocardia acidivorans	Nocardia acidivorans	Nocardia	Actinomycetota	RS_GCF_001625085.1	GCF_001625085.1	GCA_001625085.1	GCF_001625085.1	accession	True	True	positive	positive	rod	rod	no	no	yes	yes	aerobe	aerobe	meso	meso	optimum	27.5	False		none	
10825	Nocardia callitridis	Nocardia callitridis	Nocardia	Actinomycetota	RS_GCF_039543305.1	GCF_039543305.1	GCA_039543305.1	GCF_039543305.1	accession	True	True	positive	positive	other	other	no	no	yes	yes	aerobe	aerobe	meso	meso	optimum	27.0	False	neutrophile	optimum	
10826	Nocardia mikamii	Nocardia mikamii	Nocardia	Actinomycetota	RS_GCF_001613505.1	GCF_001613505.1	GCA_001613505.1	GCF_001613505.1	accession	True	True	positive	positive	rod	rod	no	no	yes	yes	aerobe	aerobe	meso	meso	optimum	35.0	False		none	
10830	Nocardia goodfellowii	Nocardia goodfellowii	Nocardia	Actinomycetota	RS_GCF_017875645.1	GCF_017875645.1	GCA_017875645.1	GCF_017875645.1	accession	True	True	positive	positive	rod	rod	no	no	yes	yes	aerobe	aerobe	meso	meso	optimum	28.0	False	neutrophile	optimum	
10991	Rhodococcus globerulus	Rhodococcus_F globerula	Rhodococcus_F	Actinomycetota	RS_GCF_001894805.1	GCF_001894805.1	GCA_001894805.1	GCF_001894805.1	accession	True	True	positive	positive	rod	rod	no	no	yes	yes	aerobe	aerobe	meso	meso	optimum	30.0	False		none	
11024	Rhodococcus zopfii	Rhodococcus zopfii	Rhodococcus	Actinomycetota	RS_GCF_001895025.1	GCF_001895025.1	GCA_001895025.1	GCF_001895025.1	accession	True	True	positive	positive	rod	rod	no	no	no	no	aerobe	aerobe	meso	meso	optimum	28.0	False		none	
11027	Rhodococcus koreensis	Rhodococcus_F koreensis	Rhodococcus_F	Actinomycetota	RS_GCF_900105905.1	GCF_900105905.1	GCA_900105905.1	GCF_900105905.1	accession	True	True	positive	positive	rod	rod	no	no	no	no	aerobe	aerobe	meso	meso	optimum	28.0	False		none	
11043	Aldersonia kunmingensis	Aldersonia kunmingensis	Aldersonia	Actinomycetota	RS_GCF_001646865.1	GCF_001646865.1	GCA_001646865.1	GCF_001646865.1	accession	True	True	positive	positive	coccus	coccus	no	no	no	no	aerobe	aerobe	meso	meso	optimum	28.0	False	neutrophile	growth_range	
11044	Rhodococcus imtechensis	Rhodococcus_F opacus	Rhodococcus_F	Actinomycetota	RS_GCF_000260815.1	GCF_000260815.1	GCA_000260815.1	GCF_000260815.1	accession	True	False	positive	positive	rod	rod	no	no	yes	yes	aerobe	aerobe	meso	meso	optimum	30.0	False	neutrophile	optimum	
11045	Rhodococcus kyotonensis	Rhodococcoides kyotonense	Rhodococcoides	Actinomycetota	RS_GCF_900188125.1	GCF_900188125.1	GCA_900188125.1	GCF_900188125.1	accession	True	True	positive	positive	rod	rod	no	no	no	no	aerobe	aerobe	meso	meso	optimum	28.5	False	neutrophile	optimum	
11047	Rhodococcus qingshengii	Rhodococcus_F qingshengii	Rhodococcus_F	Actinomycetota	RS_GCF_002893965.1	GCF_002893965.1	GCA_002893965.1	GCF_002893965.1	accession	False	False	positive	positive	other	other	no	no	no	no	aerobe	aerobe	meso	meso	growth_range	19.5	False	neutrophile	growth_range	
11061	Aeromicrobium panaciterrae	Aeromicrobium panaciterrae	Aeromicrobium	Actinomycetota	RS_GCF_039537165.1	GCF_039537165.1	GCA_039537165.1	GCF_039537165.1	accession	True	True	positive	positive	rod	rod	no	no	no	no	aerobe	aerobe	meso	meso	optimum	25.25	False	neutrophile	optimum	
11063	Aeromicrobium tamlense	Aeromicrobium tamlense	Aeromicrobium	Actinomycetota	RS_GCF_013408555.1	GCF_013408555.1	GCA_013408555.1	GCF_013408555.1	accession	True	True	positive	positive	rod	rod	no	no	no	no	aerobe	aerobe	meso	meso	optimum	30.0	False	neutrophile	optimum	
11064	Aeromicrobium flavum	Aeromicrobium flavum	Aeromicrobium	Actinomycetota	RS_GCF_007992115.1	GCF_007992115.1	GCA_007992115.1	GCF_007992115.1	accession	True	True	positive	positive	rod	rod	no	no	yes	yes	facultative	facultative	meso	meso	optimum	29.0	False	neutrophile	optimum	
11066	Aeromicrobium halocynthiae	Aeromicrobium halocynthiae	Aeromicrobium	Actinomycetota	RS_GCF_039531385.1	GCF_039531385.1	GCA_039531385.1	GCF_039531385.1	accession	True	True	positive	positive	rod	rod	no	no	no	no	aerobe	aerobe	meso	meso	optimum	25.0	False	neutrophile	optimum	
11081	Kribbella catacumbae	Kribbella catacumbae	Kribbella	Actinomycetota	RS_GCF_000372465.1	GCF_000372465.1	GCA_000372465.1	GCF_000372465.1	accession	True	True	positive	positive	rod	rod	no	no	yes	yes	aerobe	aerobe	meso	meso	optimum	24.0	False	neutrophile	optimum	
11082	Kribbella sancticallisti	Kribbella sancticallisti	Kribbella	Actinomycetota	RS_GCF_039530625.1	GCF_039530625.1	GCA_039530625.1	GCF_039530625.1	accession	True	True	positive	positive	rod	rod	no	no	yes	yes	aerobe	aerobe	meso	meso	optimum	25.75	False	neutrophile	optimum	
11086	Marmoricola aequoreus	Marmoricola aequoreus	Marmoricola	Actinomycetota	RS_GCF_000720335.1	GCF_000720335.1	GCA_000720335.1	GCF_000720335.1	accession	True	True	positive	positive	coccus	coccus	no	no	no	no	aerobe	aerobe	meso	meso	optimum	23.5	False	neutrophile	optimum	
11087	Marmoricola bigeumensis	Marmoricola_A marmoribigeumensis	Marmoricola_A	Actinomycetota	RS_GCF_031458325.1	GCF_031458325.1	GCA_031458325.1	GCF_031458325.1	accession	True	True	positive	positive	coccus	coccus	yes	yes	no	no	aerobe	aerobe	meso	meso	optimum	28.0	False		none	
11112	Nocardioides oleivorans	Nocardioides oleivorans	Nocardioides	Actinomycetota	RS_GCF_004137255.1	GCF_004137255.1	GCA_004137255.1	GCF_004137255.1	accession	True	True	positive	positive	rod	rod	no	no	no	no	aerobe	aerobe	meso	meso	optimum	30.0	False	neutrophile	optimum	
11113	Nocardioides kribbensis	Nocardioides kribbensis	Nocardioides	Actinomycetota	RS_GCF_015070375.1	GCF_015070375.1	GCA_015070375.1	GCF_015070375.1	accession	True	True	positive	positive	rod	rod	no	no	yes	yes	aerobe	aerobe	meso	meso	optimum	29.0	False	alkaliphile	optimum	
11115	Nocardioides ganghwensis	Nocardioides ganghwensis	Nocardioides	Actinomycetota	RS_GCF_004137235.1	GCF_004137235.1	GCA_004137235.1	GCF_004137235.1	accession	True	True	positive	positive	rod	rod	no	no	no	no	aerobe	aerobe	meso	meso	optimum	26.5	False	neutrophile	optimum	
11119	Nocardioides ginsengisoli	Nocardioides ginsengisoli	Nocardioides	Actinomycetota	RS_GCF_039537225.1	GCF_039537225.1	GCA_039537225.1	GCF_039537225.1	accession	True	True	positive	positive	rod	rod	no	no	no	no	aerobe	aerobe	meso	meso	optimum	29.0	False	neutrophile	optimum	
11120	Nocardioides insulae	Nocardioides insulae	Nocardioides	Actinomycetota	RS_GCF_000422825.1	GCF_000422825.1	GCA_000422825.1	GCF_000422825.1	accession	True	True	positive	positive	rod	rod	no	no	no	no	aerobe	aerobe	meso	meso	optimum	29.0	False	neutrophile	optimum	
11126	Nocardioides marinus	Nocardioides marinus	Nocardioides	Actinomycetota	RS_GCF_013408145.1	GCF_013408145.1	GCA_013408145.1	GCF_013408145.1	accession	True	True	positive	positive	rod	rod	no	no	no	no	aerobe	aerobe	meso	meso	optimum	27.75	False	neutrophile	optimum	
11130	Nocardioides terrigena	Nocardioides terrigena	Nocardioides	Actinomycetota	RS_GCF_003047265.1	GCF_003047265.1	GCA_003047265.1	GCF_003047265.1	accession	True	True	positive	positive	rod	rod	no	no	no	no	aerobe	aerobe	meso	meso	optimum	30.0	False	neutrophile	optimum	
11131	Nocardioides daphniae	Nocardioides daphniae	Nocardioides	Actinomycetota	RS_GCF_004777465.1	GCF_004777465.1	GCA_004777465.1	GCF_004777465.1	accession	True	True	positive	positive	rod	rod	no	no	no	no	aerobe	aerobe	meso	meso	optimum	28.0	False	neutrophile	optimum	
11132	Nocardioides hwasunensis	Nocardioides hwasunensis	Nocardioides	Actinomycetota	RS_GCF_039530905.1	GCF_039530905.1	GCA_039530905.1	GCF_039530905.1	accession	True	True	positive	positive	rod	rod	no	no	no	no	aerobe	aerobe	meso	meso	optimum	29.0	False	neutrophile	growth_range	
11133	Nocardioides hankookensis	Nocardioides hankookensis	Nocardioides	Actinomycetota	RS_GCF_042658885.1	GCF_042658885.1	GCA_042658885.1	GCF_042658885.1	accession	True	True	positive	positive	rod	rod	no	no	no	no	aerobe	aerobe	meso	meso	growth_range	22.0	False	neutrophile	optimum	
11140	Nocardioides agariphilus	Nocardioides agariphilus	Nocardioides	Actinomycetota	RS_GCF_015352445.1	GCF_015352445.1	GCA_015352445.1	GCF_015352445.1	accession	True	True	positive	positive	other	other	yes	yes	no	no	aerobe	aerobe	meso	meso	optimum	28.0	False	neutrophile	optimum	
11141	Nocardioides bigeumensis	Nocardioides bigeumensis	Nocardioides	Actinomycetota	RS_GCF_039531755.1	GCF_039531755.1	GCA_039531755.1	GCF_039531755.1	accession	True	True	positive	positive	other	other	yes	yes	no	no	aerobe	aerobe	meso	meso	optimum	28.0	False	neutrophile	optimum	
11142	Nocardioides koreensis	Nocardioides koreensis	Nocardioides	Actinomycetota	RS_GCF_039531775.1	GCF_039531775.1	GCA_039531775.1	GCF_039531775.1	accession	True	True	positive	positive	rod	rod	yes	yes	no	no	aerobe	aerobe	meso	meso	optimum	29.0	False	neutrophile	optimum	
11143	Nocardioides dokdonensis	Nocardioides dokdonensis	Nocardioides	Actinomycetota	RS_GCF_001653335.1	GCF_001653335.1	GCA_001653335.1	GCF_001653335.1	accession	True	True	positive	positive	rod	rod	no	no	no	no	aerobe	aerobe	meso	meso	optimum	25.0	False	neutrophile	optimum	
11144	Nocardioides sediminis	Nocardioides sediminis	Nocardioides	Actinomycetota	RS_GCF_003047295.1	GCF_003047295.1	GCA_003047295.1	GCF_003047295.1	accession	True	True	positive	positive	rod	rod	yes	yes	no	no	aerobe	aerobe	meso	meso	optimum	28.0	False	neutrophile	optimum	
11145	Nocardioides caeni	Nocardioides caeni	Nocardioides	Actinomycetota	RS_GCF_004912195.1	GCF_004912195.1	GCA_004912195.1	GCF_004912195.1	accession	True	True	positive	positive	rod	rod	no	no	no	no	aerobe	aerobe	meso	meso	optimum	29.0	False	neutrophile	optimum	
11147	Nocardioides panacisoli	Nocardioides panacisoli	Nocardioides	Actinomycetota	RS_GCF_039537325.1	GCF_039537325.1	GCA_039537325.1	GCF_039537325.1	accession	True	True	positive	positive	rod	rod	no	no	no	no	aerobe	aerobe	meso	meso	optimum	27.5	False	neutrophile	optimum	
11148	Nocardioides daedukensis	Nocardioides daedukensis	Nocardioides	Actinomycetota	RS_GCF_013408415.1	GCF_013408415.1	GCA_013408415.1	GCF_013408415.1	accession	True	True	positive	positive	rod	rod	no	no	no	no	aerobe	aerobe	meso	meso	optimum	30.0	False	neutrophile	optimum	
11157	Nocardioides lianchengensis	Nocardioides lianchengensis	Nocardioides	Actinomycetota	RS_GCF_900101465.1	GCF_900101465.1	GCA_900101465.1	GCF_900101465.1	accession	True	True	positive	positive	rod	rod	no	no	no	no	aerobe	aerobe	meso	meso	optimum	30.0	False	neutrophile	optimum	
11159	Actinopolymorpha rutila	Actinopolymorpha rutila	Actinopolymorpha	Actinomycetota	RS_GCF_013407855.1	GCF_013407855.1	GCA_013407855.1	GCF_013407855.1	accession	True	True	positive	positive	rod	rod	no	no	no	no	aerobe	aerobe	meso	meso	optimum	28.0	False	neutrophile	optimum	
11215	Nocardiopsis aegyptia	Nocardiopsis aegyptia	Nocardiopsis	Actinomycetota	RS_GCF_013410755.1	GCF_013410755.1	GCA_013410755.1	GCF_013410755.1	accession	True	True	positive	positive	rod	rod	no	no	yes	yes	aerobe	aerobe	meso	meso	optimum	27.25	False		none	
11217	Nocardiopsis salina	Nocardiopsis salina	Nocardiopsis	Actinomycetota	RS_GCF_000341025.1	GCF_000341025.1	GCA_000341025.1	GCF_000341025.1	accession	True	True	positive	positive	rod	rod	no	no	yes	yes	aerobe	aerobe	meso	meso	optimum	28.0	False	neutrophile	optimum	
11218	Nocardiopsis gilva	Nocardiopsis_C gilva	Nocardiopsis_C	Actinomycetota	RS_GCF_002263495.1	GCF_002263495.1	GCA_002263495.1	GCF_002263495.1	accession	True	True	positive	positive	rod	rod	no	no	yes	yes	aerobe	aerobe	meso	meso	optimum	28.5	False	neutrophile	optimum	
11221	Nocardiopsis rhodophaea	Nocardiopsis_C rhodophaea	Nocardiopsis_C	Actinomycetota	RS_GCF_039530945.1	GCF_039530945.1	GCA_039530945.1	GCF_039530945.1	accession	True	True	positive	positive	rod	rod	no	no	yes	yes	aerobe	aerobe	meso	meso	optimum	33.25	False	neutrophile	optimum	
11222	Nocardiopsis chromatogenes	Nocardiopsis_A chromatogenes	Nocardiopsis_A	Actinomycetota	RS_GCF_000341185.1	GCF_000341185.1	GCA_000341185.1	GCF_000341185.1	accession	True	True	positive	positive	rod	rod	no	no	yes	yes	aerobe	aerobe	meso	meso	optimum	33.25	False	neutrophile	optimum	
11231	Streptomonospora arabica	Streptomonospora halophila	Streptomonospora	Actinomycetota	RS_GCF_039531585.1	GCF_039531585.1	GCA_039531585.1	GCF_039531585.1	accession	True	True	positive	positive	rod	rod	no	no	yes	yes	aerobe	aerobe	meso	meso	optimum	28.0	False	neutrophile	optimum	
11236	Nocardiopsis litoralis	Nocardiopsis kunsanensis	Nocardiopsis	Actinomycetota	RS_GCF_014651735.1	GCF_014651735.1	GCA_014651735.1	GCF_014651735.1	accession	True	False	positive	positive	rod	rod	no	no	yes	yes	aerobe	aerobe	meso	meso	optimum	26.5	False	alkaliphile	optimum	
11256	Thermobifida fusca	Thermobifida fusca	Thermobifida	Actinomycetota	RS_GCF_001592045.1	GCF_001592045.1	GCA_001592045.1	GCF_001592045.1	accession	True	True	positive	positive	rod	rod	no	no	yes	yes	aerobe	aerobe	thermo	thermo	optimum	50.0	False		none	
11262	Haloactinospora alba	Haloactinospora alba	Haloactinospora	Actinomycetota	RS_GCF_006717075.1	GCF_006717075.1	GCA_006717075.1	GCF_006717075.1	accession	True	True	positive	positive	rod	rod	no	no	yes	yes	aerobe	aerobe	meso	meso	optimum	37.0	False	neutrophile	optimum	
11264	Murinocardiopsis flavida	Murinocardiopsis flavida	Murinocardiopsis	Actinomycetota	RS_GCF_003014485.1	GCF_003014485.1	GCA_003014485.1	GCF_003014485.1	accession	True	True	positive	positive	rod	rod	no	no	no	no	aerobe	aerobe	meso	meso	growth_range	29.0	False		none	
11272	Marinomonas polaris	Marinomonas polaris	Marinomonas	Pseudomonadota	RS_GCF_900129155.1	GCF_900129155.1	GCA_900129155.1	GCF_900129155.1	accession	True	True	negative	negative	rod	rod	yes	yes	no	no	aerobe	aerobe	meso	meso	optimum	30.0	False	neutrophile	optimum	
11274	Marinomonas pontica	Marinomonas pontica	Marinomonas	Pseudomonadota	RS_GCF_026191375.1	GCF_026191375.1	GCA_026191375.1	GCF_026191375.1	accession	True	True	negative	negative	rod	rod	yes	yes	no	no	aerobe	aerobe	meso	meso	optimum	22.5	False	neutrophile	optimum	
11277	Marinospirillum celere	Marinospirillum celere	Marinospirillum	Pseudomonadota	RS_GCF_900112235.1	GCF_900112235.1	GCA_900112235.1	GCF_900112235.1	accession	True	True	negative	negative	other	spiral	yes	yes	no	no	aerobe	aerobe	meso	meso	optimum	40.0	False	alkaliphile	optimum	
11279	Marinospirillum insulare	Marinospirillum insulare	Marinospirillum	Pseudomonadota	RS_GCF_000686905.1	GCF_000686905.1	GCA_000686905.1	GCF_000686905.1	accession	True	True	negative	negative	coccus	coccus	yes	yes	no	no	aerobe	aerobe	meso	meso	optimum	27.5	False	neutrophile	optimum	
11282	Neptunomonas japonica	Neptunomonas japonica	Neptunomonas	Pseudomonadota	RS_GCF_000422765.1	GCF_000422765.1	GCA_000422765.1	GCF_000422765.1	accession	True	True	negative	negative	rod	rod	yes	yes	no	no	facultative	facultative	meso	meso	optimum	20.0	False	neutrophile	optimum	
11284	Nitrincola lacisaponensis	Nitrincola lacisaponensis	Nitrincola	Pseudomonadota	RS_GCF_000691225.1	GCF_000691225.1	GCA_000691225.1	GCF_000691225.1	accession	True	True	negative	negative	rod	rod	yes	yes	no	no	aerobe	aerobe	meso	meso	optimum	37.0	False	alkaliphile	optimum	
11303	Herminiimonas arsenicoxydans	Oxalicibacterium arsenicoxydans	Oxalicibacterium	Pseudomonadota	GB_GCA_000026125.1	GCA_000026125.1	GCA_000026125.1		accession	True	False	negative	negative	rod	rod	yes	yes	no	no	aerobe	aerobe	meso	meso	optimum	25.0	False	neutrophile	optimum	
11307	Herminiimonas glaciei	Oxalicibacterium glaciei	Oxalicibacterium	Pseudomonadota	RS_GCF_042664955.1	GCF_042664955.1	GCA_042664955.1	GCF_042664955.1	accession	True	False	negative	negative	rod	rod	yes	yes	no	no	aerobe	aerobe	meso	meso	optimum	30.0	False		none	
11324	Massilia alkalitolerans	Telluria alkalitolerans	Telluria	Pseudomonadota	RS_GCF_000427785.1	GCF_000427785.1	GCA_000427785.1	GCF_000427785.1	accession	True	True	negative	negative	rod	rod	yes	yes	no	no	aerobe	aerobe	meso	meso	optimum	32.5	False	neutrophile	optimum	
11332	Massilia haematophila	Telluria haematophila	Telluria	Pseudomonadota	RS_GCF_042647645.1	GCF_042647645.1	GCA_042647645.1	GCF_042647645.1	accession	True	True	negative	negative	rod	rod	no	no	no	no	aerobe	aerobe	meso	meso	optimum	27.5	False	neutrophile	optimum	
11333	Massilia varians	Telluria varians	Telluria	Pseudomonadota	RS_GCF_042660405.1	GCF_042660405.1	GCA_042660405.1	GCF_042660405.1	accession	True	True	negative	negative	rod	rod	no	no	no	no	aerobe	aerobe	meso	meso	optimum	27.5	False	neutrophile	optimum	
11342	Massilia namucuonensis	Rugamonas namucuonensis	Rugamonas	Pseudomonadota	RS_GCF_900116645.1	GCF_900116645.1	GCA_900116645.1	GCF_900116645.1	accession	True	True	negative	negative	rod	rod	yes	yes	no	no	aerobe	aerobe	meso	meso	optimum	29.0	False	neutrophile	optimum	
11365	Herbaspirillum hiltneri	Herbaspirillum hiltneri	Herbaspirillum	Pseudomonadota	RS_GCF_001267925.1	GCF_001267925.1	GCA_001267925.1	GCF_001267925.1	accession	True	True	negative	negative	rod	rod	yes	yes	no	no	aerobe	aerobe	meso	meso	optimum	30.0	False	neutrophile	optimum	
11372	Noviherbaspirillum soli	Noviherbaspirillum_A soli	Noviherbaspirillum_A	Pseudomonadota	RS_GCF_015352955.1	GCF_015352955.1	GCA_015352955.1	GCF_015352955.1	accession	True	True	negative	negative	rod	rod	yes	yes	no	no	aerobe	aerobe	meso	meso	optimum	28.0	False	neutrophile	optimum	
11380	Aneurinibacillus aneurinilyticus	Aneurinibacillus aneurinilyticus	Aneurinibacillus	Bacillota	RS_GCF_000466385.1	GCF_000466385.1	GCA_000466385.1	GCF_000466385.1	accession	True	True	positive	positive	rod	rod	yes	yes	yes	yes	aerobe	aerobe	meso	meso	growth_range	42.5	False	neutrophile	growth_single_point	
11398	Aneurinibacillus thermoaerophilus	Aneurinibacillus thermoaerophilus	Aneurinibacillus	Bacillota	RS_GCF_900099925.1	GCF_900099925.1	GCA_900099925.1	GCF_900099925.1	accession	True	True	positive	positive	rod	rod	yes	yes	yes	yes	aerobe	aerobe	thermo	thermo	growth_range	50.0	False	neutrophile	growth_single_point	
11401	Aneurinibacillus terranovensis	Aneurinibacillus_B terranovensis	Aneurinibacillus_B	Bacillota	RS_GCF_000430625.1	GCF_000430625.1	GCA_000430625.1	GCF_000430625.1	accession	True	True	positive	positive	rod	rod	yes	yes	yes	yes	facultative	microaerophile	meso	meso	optimum	41.0	True	acidophile	optimum	
11402	Brevibacillus brevis	Brevibacillus brevis	Brevibacillus	Bacillota	RS_GCF_900637055.1	GCF_900637055.1	GCA_900637055.1	GCF_900637055.1	accession	True	True	positive	positive	rod	rod	yes	yes	yes	yes	aerobe	aerobe	meso	meso	growth_range	29.5	False	neutrophile	growth_single_point	
11416	Brevibacillus agri	Brevibacillus agri	Brevibacillus	Bacillota	RS_GCF_004117055.1	GCF_004117055.1	GCA_004117055.1	GCF_004117055.1	accession	True	True	positive	positive	rod	rod	yes	yes	yes	yes	aerobe	aerobe	meso	meso	growth_range	42.5	False	neutrophile	growth_single_point	
11423	Brevibacillus choshinensis	Brevibacillus choshinensis	Brevibacillus	Bacillota	RS_GCF_001420695.1	GCF_001420695.1	GCA_001420695.1	GCF_001420695.1	accession	True	True	positive	positive	rod	rod	yes	yes	yes	yes	aerobe	aerobe	meso	meso	growth_range	27.5	False	neutrophile	growth_single_point	
11425	Brevibacillus centrosporus	Brevibacillus centrosporus	Brevibacillus	Bacillota	RS_GCF_003710815.1	GCF_003710815.1	GCA_003710815.1	GCF_003710815.1	accession	True	True	positive	positive	rod	rod	yes	yes	yes	yes	aerobe	aerobe	meso	meso	growth_range	33.5	False	neutrophile	growth_single_point	
11439	Brevibacillus panacihumi	Brevibacillus panacihumi	Brevibacillus	Bacillota	RS_GCF_003710985.1	GCF_003710985.1	GCA_003710985.1	GCF_003710985.1	accession	True	True	positive	positive	rod	rod	yes	yes	yes	yes	aerobe	aerobe	meso	meso	optimum	30.0	False	neutrophile	optimum	
11441	Brevibacillus aydinogluensis	Brevibacillus aydinogluensis	Brevibacillus	Bacillota	RS_GCF_031954365.1	GCF_031954365.1	GCA_031954365.1	GCF_031954365.1	accession	True	True	positive	positive	rod	rod	yes	yes	yes	yes	aerobe	aerobe	thermo	thermo	optimum	55.0	False	neutrophile	optimum	
11443	Cohnella hongkongensis	Cohnella hongkongensis	Cohnella	Bacillota	RS_GCF_042654645.1	GCF_042654645.1	GCA_042654645.1	GCF_042654645.1	accession	True	True	positive	positive	rod	rod	no	no	yes	yes	aerobe	aerobe	meso	meso	growth_range	37.5	False	neutrophile	growth_single_point	
11445	Cohnella ginsengisoli	Cohnella ginsengisoli	Cohnella	Bacillota	RS_GCF_029525555.1	GCF_029525555.1	GCA_029525555.1	GCF_029525555.1	accession	True	True	positive	positive	rod	rod	yes	yes	yes	yes	aerobe	aerobe	meso	meso	optimum	30.0	False	neutrophile	optimum	
11446	Cohnella yongneupensis	Cohnella yongneupensis	Cohnella	Bacillota	RS_GCF_042655785.1	GCF_042655785.1	GCA_042655785.1	GCF_042655785.1	accession	True	True	positive	positive	rod	rod	yes	yes	yes	yes	aerobe	aerobe	meso	meso	optimum	30.0	False	neutrophile	optimum	
11448	Cohnella laeviribosi	Cohnella laeviribosi	Cohnella	Bacillota	RS_GCF_000378425.1	GCF_000378425.1	GCA_000378425.1	GCF_000378425.1	accession	True	True	positive	positive	rod	rod	no	no	yes	yes	aerobe	aerobe	thermo	thermo	optimum	45.0	False	neutrophile	optimum	
11449	Cohnella panacarvi	Cohnella panacarvi	Cohnella	Bacillota	RS_GCF_000515335.1	GCF_000515335.1	GCA_000515335.1	GCF_000515335.1	accession	True	True	positive	positive	rod	rod	no	no	yes	yes	aerobe	aerobe	meso	meso	growth_single_point	30.0	False		none	
11451	Cohnella luojiensis	Cohnella luojiensis	Cohnella	Bacillota	RS_GCF_004564235.1	GCF_004564235.1	GCA_004564235.1	GCF_004564235.1	accession	True	True	positive	positive	rod	rod	yes	yes	yes	yes	aerobe	aerobe	meso	meso	optimum	30.0	False	neutrophile	optimum	
11452	Cohnella thailandensis	Cohnella thailandensis	Cohnella	Bacillota	RS_GCF_014212135.1	GCF_014212135.1	GCA_014212135.1	GCF_014212135.1	accession	True	True	positive	positive	rod	rod	yes	yes	yes	yes	facultative	facultative	meso	meso	optimum	37.0	False	neutrophile	optimum	
11453	Cohnella xylanilytica	Cohnella xylanilytica	Cohnella	Bacillota	RS_GCF_014212175.1	GCF_014212175.1	GCA_014212175.1	GCF_014212175.1	accession	True	True	positive	positive	rod	rod	yes	yes	yes	yes	facultative	facultative	meso	meso	optimum	30.0	False	neutrophile	optimum	
11456	Cohnella boryungensis	Cohnella boryungensis	Cohnella	Bacillota	RS_GCF_042651945.1	GCF_042651945.1	GCA_042651945.1	GCF_042651945.1	accession	True	True	positive	positive	rod	rod	yes	yes	yes	yes	aerobe	aerobe	meso	meso	growth_range	29.0	False		none	
11457	Cohnella cellulosilytica	Cohnella cellulosilytica	Cohnella	Bacillota	RS_GCF_042663505.1	GCF_042663505.1	GCA_042663505.1	GCF_042663505.1	accession	True	True	positive	positive	rod	rod	yes	yes	yes	yes	aerobe	aerobe	meso	meso	optimum	30.0	False	neutrophile	optimum	
11502	Paenibacillus thiaminolyticus	Paenibacillus_B thiaminolyticus	Paenibacillus_B	Bacillota	RS_GCF_007066085.1	GCF_007066085.1	GCA_007066085.1	GCF_007066085.1	accession	True	True	positive	positive	rod	rod	yes	yes	yes	yes	facultative	facultative	meso	meso	growth_range	37.5	False	neutrophile	growth_single_point	
11504	Paenibacillus azotofixans	Paenibacillus_AQ durus_B	Paenibacillus_AQ	Bacillota	RS_GCF_000993825.1	GCF_000993825.1	GCA_000993825.1	GCF_000993825.1	accession	True	False	positive	positive	rod	rod	yes	yes	yes	yes	facultative	facultative	meso	meso	growth_range	33.5	False	neutrophile	growth_single_point	
11509	Paenibacillus curdlanolyticus	Paenibacillus_T curdlanolyticus	Paenibacillus_T	Bacillota	RS_GCF_000179615.1	GCF_000179615.1	GCA_000179615.1	GCF_000179615.1	accession	True	True	positive	positive	rod	rod	no	no	yes	yes	aerobe	aerobe	meso	meso	growth_range	33.5	False	neutrophile	growth_single_point	
11513	Paenibacillus ehimensis	Paenibacillus_G ehimensis	Paenibacillus_G	Bacillota	RS_GCF_004000785.1	GCF_004000785.1	GCA_004000785.1	GCF_004000785.1	accession	True	True	positive	positive	rod	rod	yes	yes	yes	yes	facultative	facultative	meso	meso	growth_range	29.5	False	neutrophile	growth_single_point	
11514	Paenibacillus chitinolyticus	Paenibacillus_F chitinolyticus	Paenibacillus_F	Bacillota	RS_GCF_000739915.1	GCF_000739915.1	GCA_000739915.1	GCF_000739915.1	accession	True	True	positive	positive	rod	rod	no	no	yes	yes	facultative	facultative	meso	meso	growth_range	29.5	False	neutrophile	growth_single_point	
11515	Paenibacillus apiarius	Paenibacillus_B apiarius	Paenibacillus_B	Bacillota	RS_GCF_026794045.1	GCF_026794045.1	GCA_026794045.1	GCF_026794045.1	accession	True	True	positive	positive	rod	rod	yes	yes	yes	yes	facultative	facultative	meso	meso	growth_range	29.5	False	neutrophile	growth_single_point	
11545	Paenibacillus chibensis	Paenibacillus_AQ chibensis	Paenibacillus_AQ	Bacillota	RS_GCF_004001045.1	GCF_004001045.1	GCA_004001045.1	GCF_004001045.1	accession	True	True	positive	positive	rod	rod	yes	yes	yes	yes	facultative	facultative	meso	meso	growth_range	33.5	False	neutrophile	growth_single_point	
11559	Paenibacillus graminis	Paenibacillus_AQ graminis	Paenibacillus_AQ	Bacillota	RS_GCF_000758705.1	GCF_000758705.1	GCA_000758705.1	GCF_000758705.1	accession	True	True	positive	positive	rod	rod	yes	yes	yes	yes	facultative	facultative	meso	meso	growth_range	23.5	False	neutrophile	growth_single_point	
11584	Paenibacillus alkaliterrae	Pristimantibacillus alkaliterrae	Pristimantibacillus	Bacillota	RS_GCF_021532375.1	GCF_021532375.1	GCA_021532375.1	GCF_021532375.1	accession	True	True	positive	positive	rod	rod	yes	yes	yes	yes	aerobe	aerobe	meso	meso	optimum	30.0	False	neutrophile	optimum	
11586	Paenibacillus xylanilyticus	Paenibacillus xylanilyticus	Paenibacillus	Bacillota	RS_GCF_013359935.1	GCF_013359935.1	GCA_013359935.1	GCF_013359935.1	accession	True	True	positive	positive	rod	rod	yes	yes	yes	yes	facultative	facultative	meso	meso	optimum	37.0	False	neutrophile	optimum	
11588	Paenibacillus favisporus	Paenibacillus_AQ favisporus	Paenibacillus_AQ	Bacillota	RS_GCF_040545415.1	GCF_040545415.1	GCA_040545415.1	GCF_040545415.1	accession	True	True	positive	positive	rod	rod	yes	yes	yes	yes	facultative	facultative	meso	meso	optimum	37.0	False	neutrophile	optimum	
11589	Paenibacillus phyllosphaerae	Paenibacillus_Z phyllosphaerae	Paenibacillus_Z	Bacillota	RS_GCF_014192105.1	GCF_014192105.1	GCA_014192105.1	GCF_014192105.1	accession	True	True	negative	negative	rod	rod	yes	yes	yes	yes	facultative	facultative	meso	meso	optimum	28.0	False	neutrophile	optimum	
11590	Paenibacillus glycanilyticus	Pristimantibacillus glycanilyticus	Pristimantibacillus	Bacillota	RS_GCF_004000805.1	GCF_004000805.1	GCA_004000805.1	GCF_004000805.1	accession	True	True	positive	positive	rod	rod	yes	yes	yes	yes	aerobe	aerobe	meso	meso	growth_range	33.5	False	neutrophile	growth_single_point	
11591	Paenibacillus larvae	Paenibacillus_H larvae	Paenibacillus_H	Bacillota	RS_GCF_002007765.1	GCF_002007765.1	GCA_002007765.1	GCF_002007765.1	accession	False	False	positive	positive	rod	rod	yes	yes	yes	yes	facultative	facultative	meso	meso	growth_range	33.5	False	neutrophile	growth_single_point	
11599	Paenibacillus assamensis	Paenibacillus_B assamensis	Paenibacillus_B	Bacillota	RS_GCF_000422445.1	GCF_000422445.1	GCA_000422445.1	GCF_000422445.1	accession	True	True	positive	positive	rod	rod	yes	yes	yes	yes	aerobe	aerobe	meso	meso	optimum	28.5	False	alkaliphile	optimum	
11601	Paenibacillus wynnii	Paenibacillus_AQ wynnii	Paenibacillus_AQ	Bacillota	RS_GCF_000757885.1	GCF_000757885.1	GCA_000757885.1	GCF_000757885.1	accession	True	True	negative	negative	rod	rod	yes	yes	yes	yes	facultative	facultative	meso	meso	optimum	20.0	False	neutrophile	optimum	
11603	Paenibacillus ginsengarvi	Paenibacillus_AB ginsengarvi	Paenibacillus_AB	Bacillota	RS_GCF_003626695.1	GCF_003626695.1	GCA_003626695.1	GCF_003626695.1	accession	True	True	positive	positive	rod	rod	no	no	yes	yes	aerobe	aerobe	meso	meso	optimum	37.0	False	neutrophile	optimum	
11604	Paenibacillus taiwanensis	Paenibacillus_B taiwanensis	Paenibacillus_B	Bacillota	RS_GCF_000425125.1	GCF_000425125.1	GCA_000425125.1	GCF_000425125.1	accession	True	True	positive	positive	rod	rod	yes	yes	yes	yes	facultative	facultative	meso	meso	optimum	30.0	False	neutrophile	optimum	
11607	Paenibacillus elgii	Paenibacillus_G elgii	Paenibacillus_G	Bacillota	RS_GCF_004000865.1	GCF_004000865.1	GCA_004000865.1	GCF_004000865.1	accession	True	True	positive	positive	rod	rod	yes	yes	yes	yes	facultative	facultative	meso	meso	optimum	32.5	False	neutrophile	optimum	
11608	Paenibacillus hodogayensis	Paenibacillus_AB hodogayensis	Paenibacillus_AB	Bacillota	RS_GCF_039536325.1	GCF_039536325.1	GCA_039536325.1	GCF_039536325.1	accession	True	True	positive	positive	rod	rod	yes	yes	yes	yes	aerobe	aerobe	meso	meso	optimum	30.0	False	neutrophile	optimum	
11610	Paenibacillus pasadenensis	Paenibacillus_O pasadenensis	Paenibacillus_O	Bacillota	RS_GCF_000422485.1	GCF_000422485.1	GCA_000422485.1	GCF_000422485.1	accession	True	True	positive	positive	rod	rod	yes	yes	yes	yes	aerobe	aerobe	meso	meso	growth_single_point	30.0	False		none	
11624	Paenibacillus tarimensis	Paenibacillus_I tarimensis	Paenibacillus_I	Bacillota	RS_GCF_021532315.1	GCF_021532315.1	GCA_021532315.1	GCF_021532315.1	accession	True	True	positive	positive	rod	rod	yes	yes	yes	yes	aerobe	aerobe	meso	meso	optimum	37.0	False	neutrophile	optimum	
11625	Paenibacillus fonticola	Fontibacillus fonticola	Fontibacillus	Bacillota	RS_GCF_000381905.1	GCF_000381905.1	GCA_000381905.1	GCF_000381905.1	accession	True	True	positive	positive	rod	rod	yes	yes	yes	yes	facultative	facultative	meso	meso	optimum	32.5	False	alkaliphile	optimum	
11626	Paenibacillus taichungensis	Paenibacillus taichungensis	Paenibacillus	Bacillota	RS_GCF_013359905.1	GCF_013359905.1	GCA_013359905.1	GCF_013359905.1	accession	True	True	positive	positive	rod	rod	yes	yes	yes	yes	facultative	facultative	meso	meso	optimum	30.0	False	neutrophile	optimum	
11628	Paenibacillus forsythiae	Paenibacillus_AQ forsythiae	Paenibacillus_AQ	Bacillota	RS_GCF_031954385.1	GCF_031954385.1	GCA_031954385.1	GCF_031954385.1	accession	True	True	positive	positive	rod	rod	yes	yes	yes	yes	facultative	facultative	meso	meso	optimum	30.0	False	neutrophile	optimum	
11632	Paenibacillus ginsengihumi	Paenibacillus_G ginsengihumi	Paenibacillus_G	Bacillota	RS_GCF_000380965.1	GCF_000380965.1	GCA_000380965.1	GCF_000380965.1	accession	True	True	positive	positive	rod	rod	yes	yes	yes	yes	aerobe	aerobe	meso	meso	optimum	37.0	False	neutrophile	growth_range	
11635	Paenibacillus harenae	Pristimantibacillus harenae	Pristimantibacillus	Bacillota	RS_GCF_000422465.1	GCF_000422465.1	GCA_000422465.1	GCF_000422465.1	accession	True	True	positive	positive	rod	rod	yes	yes	yes	yes	aerobe	aerobe	meso	meso	optimum	33.5	False	neutrophile	optimum	
11643	Paenibacillus filicis	Paenibacillus_G filicis	Paenibacillus_G	Bacillota	RS_GCF_038070315.1	GCF_038070315.1	GCA_038070315.1	GCF_038070315.1	designation	True	True	positive	positive	rod	rod	yes	yes	yes	yes	aerobe	aerobe	meso	meso	growth_range	27.5	False		none	
11644	Paenibacillus pinihumi	Paenibacillus_D pinihumi	Paenibacillus_D	Bacillota	RS_GCF_000422505.1	GCF_000422505.1	GCA_000422505.1	GCF_000422505.1	accession	True	True	positive	positive	rod	rod	yes	yes	yes	yes	aerobe	aerobe	meso	meso	growth_range	27.5	False		none	
11645	Paenibacillus aestuarii	Paenibacillus_E aestuarii	Paenibacillus_E	Bacillota	RS_GCF_027789125.1	GCF_027789125.1	GCA_027789125.1	GCF_027789125.1	accession	True	True	positive	positive	rod	rod	yes	yes	yes	yes	aerobe	aerobe	meso	meso	optimum	33.5	False	neutrophile	optimum	
11647	Paenibacillus hunanensis	Saccharibacillus hunanensis	Saccharibacillus	Bacillota	RS_GCF_014645615.1	GCF_014645615.1	GCA_014645615.1	GCF_014645615.1	accession	True	True	positive	positive	rod	rod	yes	yes	yes	yes	aerobe	aerobe	meso	meso	optimum	30.0	False	neutrophile	optimum	
11649	Paenibacillus prosopidis	Pristimantibacillus prosopidis	Pristimantibacillus	Bacillota	RS_GCF_003337375.1	GCF_003337375.1	GCA_003337375.1	GCF_003337375.1	accession	True	True	positive	positive	rod	rod	yes	yes	yes	yes	aerobe	aerobe	meso	meso	optimum	30.0	False	neutrophile	optimum	
11666	Thermobacillus composti	Thermobacillus xylanilyticus	Thermobacillus	Bacillota	RS_GCF_000227705.2	GCF_000227705.2	GCA_000227705.3	GCF_000227705.2	accession	True	True	negative	negative	rod	rod	no	no	yes	yes	aerobe	aerobe	thermo	thermo	optimum	50.0	False	alkaliphile	optimum	
11668	Saccharibacillus kuerlensis	Saccharibacillus kuerlensis	Saccharibacillus	Bacillota	RS_GCF_000378145.1	GCF_000378145.1	GCA_000378145.1	GCF_000378145.1	accession	True	True	positive	positive	rod	rod	yes	yes	yes	yes	aerobe	aerobe	meso	meso	optimum	33.5	False	neutrophile	optimum	
11765	Desulfitobacterium hafniense	Desulfitobacterium hafniense	Desulfitobacterium	Bacillota	RS_GCF_000021925.1	GCF_000021925.1	GCA_000021925.1	GCF_000021925.1	accession	True	True	negative	negative	rod	rod	yes	yes	yes	yes	anaerobe	anaerobe	meso	meso	optimum	37.0	False	neutrophile	optimum	
11780	Desulfosporosinus hippei	Desulfosporosinus hippei	Desulfosporosinus	Bacillota	RS_GCF_900100785.1	GCF_900100785.1	GCA_900100785.1	GCF_900100785.1	accession	True	True	negative	negative	rod	rod	yes	yes	yes	yes	anaerobe	anaerobe	meso	meso	optimum	28.0	False	neutrophile	optimum	
11828	Desulfotomaculum nigrificans	Desulfotomaculum nigrificans	Desulfotomaculum	Bacillota	RS_GCF_000214435.1	GCF_000214435.1	GCA_000214435.1	GCF_000214435.1	accession	False	False	positive	positive	rod	rod	yes	yes	yes	yes	anaerobe	anaerobe	thermo	thermo	optimum	55.0	False	neutrophile	optimum	
11831	Desulfotruncus alcoholivorax	Desulfotruncus alcoholivorax	Desulfotruncus	Bacillota	RS_GCF_000430885.1	GCF_000430885.1	GCA_000430885.1	GCF_000430885.1	accession	True	True	positive	positive	rod	rod	yes	yes	yes	yes	anaerobe	anaerobe	thermo	thermo	optimum	45.0	False	neutrophile	optimum	
11832	Desulforamulus hydrothermalis	Desulfotomaculum hydrothermale	Desulfotomaculum	Bacillota	RS_GCF_000315365.1	GCF_000315365.1	GCA_000315365.1	GCF_000315365.1	accession	True	True	negative	negative	rod	rod	yes	yes	no	no	anaerobe	anaerobe	thermo	thermo	optimum	55.0	False	neutrophile	optimum	
11835	Pelotomaculum schinkii	Pelotomaculum_C schinkii	Pelotomaculum_C	Bacillota	RS_GCF_004369205.1	GCF_004369205.1	GCA_004369205.1	GCF_004369205.1	accession	True	True	positive	positive	rod	rod	no	no	yes	yes	anaerobe	anaerobe	meso	meso	optimum	37.0	False	neutrophile	optimum	
11836	Pelotomaculum propionicicum	Pelotomaculum_B propionicicum	Pelotomaculum_B	Bacillota	RS_GCF_004369225.1	GCF_004369225.1	GCA_004369225.1	GCF_004369225.1	accession	True	True	positive	positive	rod	rod	no	no	yes	yes	anaerobe	anaerobe	meso	meso	optimum	37.0	False	neutrophile	optimum	
11840	Desulfurispora thermophila	Desulfurispora thermophila	Desulfurispora	Bacillota	RS_GCF_000376385.1	GCF_000376385.1	GCA_000376385.1	GCF_000376385.1	accession	True	True	positive	positive	rod	rod	yes	yes	yes	yes	anaerobe	anaerobe	thermo	thermo	optimum	60.0	False	neutrophile	optimum	
11851	Tepidibacter formicigenes	Tepidibacter formicigenes	Tepidibacter	Bacillota	RS_GCF_900142235.1	GCF_900142235.1	GCA_900142235.1	GCF_900142235.1	accession	True	True	positive	positive	rod	rod	yes	yes	yes	yes	anaerobe	anaerobe	thermo	thermo	optimum	45.0	False	neutrophile	optimum	
11852	Anaerosphaera aminiphila	Anaerosphaera aminiphila	Anaerosphaera	Bacillota	RS_GCF_900129925.1	GCF_900129925.1	GCA_900129925.1	GCF_900129925.1	accession	True	True	positive	positive	coccus	coccus	no	no	yes	yes	anaerobe	anaerobe	meso	meso	optimum	36.0	False	neutrophile	optimum	
11866	Aquamicrobium aerolatum	Aerobium aerolatum	Aerobium	Pseudomonadota	RS_GCF_900113935.1	GCF_900113935.1	GCA_900113935.1	GCF_900113935.1	accession	True	True	negative	negative	rod	rod	yes	yes	no	no	aerobe	aerobe	meso	meso	growth_range	27.5	False	neutrophile	optimum	
11868	Hoeflea alexandrii	Hoeflea alexandrii	Hoeflea	Pseudomonadota	RS_GCF_024105735.1	GCF_024105735.1	GCA_024105735.1	GCF_024105735.1	accession	True	True	negative	negative	rod	rod	yes	yes	no	no	aerobe	aerobe	meso	meso	optimum	36.0	False	neutrophile	optimum	
11894	Mesorhizobium albiziae	Neomesorhizobium albiziae	Neomesorhizobium	Pseudomonadota	RS_GCF_900114255.1	GCF_900114255.1	GCA_900114255.1	GCF_900114255.1	accession	True	True	negative	negative	rod	rod	yes	yes	no	no	aerobe	aerobe	meso	meso	optimum	28.0	False		none	
11897	Chelativorans multitrophicus	Chelativorans multitrophicus	Chelativorans	Pseudomonadota	RS_GCF_011317445.1	GCF_011317445.1	GCA_011317445.1	GCF_011317445.1	accession	True	True	negative	negative	rod	rod	no	no	no	no	aerobe	aerobe	meso	meso	optimum	30.0	False	neutrophile	optimum	
11908	Methylophaga lonarensis	Methylophaga lonarensis	Methylophaga	Pseudomonadota	RS_GCF_000349205.1	GCF_000349205.1	GCA_000349205.1	GCF_000349205.1	accession	True	True	negative	negative	rod	rod	yes	yes	no	no	aerobe	aerobe	meso	meso	optimum	29.0	False	alkaliphile	optimum	
11909	Sulfurivirga caldicuralii	Sulfurivirga caldicuralii	Sulfurivirga	Pseudomonadota	RS_GCF_900141795.1	GCF_900141795.1	GCA_900141795.1	GCF_900141795.1	accession	True	True	negative	negative	rod	rod	yes	yes	no	no	facultative	microaerophile	thermo	thermo	optimum	52.5	True	neutrophile	optimum	
11931	Thiomicrorhabdus arctica	Thiomicrorhabdus arctica	Thiomicrorhabdus	Pseudomonadota	RS_GCF_000381085.1	GCF_000381085.1	GCA_000381085.1	GCF_000381085.1	accession	True	True	negative	negative	rod	rod	yes	yes	no	no	aerobe	aerobe	psychro	psychro	optimum	12.35	False	neutrophile	optimum	
11933	Hydrogenovibrio halophilus	Hydrogenovibrio halophilus	Hydrogenovibrio	Pseudomonadota	RS_GCF_000384235.1	GCF_000384235.1	GCA_000384235.1	GCF_000384235.1	accession	True	True	negative	negative	other	spiral	yes	yes	no	no	facultative	microaerophile	meso	meso	optimum	30.0	True	neutrophile	optimum	
11942	Rhodopirellula baltica	Rhodopirellula baltica	Rhodopirellula	Planctomycetota	RS_GCF_000196115.1	GCF_000196115.1	GCA_000196115.1	GCF_000196115.1	accession	True	True	negative	negative	other	other	no	no	no	no	aerobe	aerobe	meso	meso	optimum	29.0	False		none	
11965	Planococcus donghaensis	Planococcus donghaensis	Planococcus	Bacillota	RS_GCF_001687665.2	GCF_001687665.2	GCA_001687665.2	GCF_001687665.2	accession	True	True	positive	positive	coccus	coccus	yes	yes	no	no	aerobe	aerobe	meso	meso	growth_range	27.5	False		none	
11966	Planococcus plakortidis	Planococcus plakortidis	Planococcus	Bacillota	RS_GCF_045115855.1	GCF_045115855.1	GCA_045115855.1	GCF_045115855.1	accession	True	True	positive	positive	coccus	coccus	yes	yes	no	no	aerobe	aerobe	meso	meso	optimum	30.0	False	neutrophile	growth_range	
11967	Planococcus halocryophilus	Planococcus halocryophilus	Planococcus	Bacillota	RS_GCF_001687585.2	GCF_001687585.2	GCA_001687585.2	GCF_001687585.2	accession	True	True	positive	positive	coccus	coccus	yes	yes	no	no	aerobe	aerobe	meso	meso	optimum	25.0	False	neutrophile	optimum	
11972	Planomicrobium stackebrandtii	Planococcus stackebrandtii	Planococcus	Bacillota	RS_GCF_030814955.1	GCF_030814955.1	GCA_030814955.1	GCF_030814955.1	accession	True	True	positive	positive	coccus	coccus	yes	yes	no	no	aerobe	aerobe	meso	meso	optimum	25.0	False	neutrophile	optimum	
11974	Planococcus glaciei	Planococcus glaciei	Planococcus	Bacillota	RS_GCF_900099655.1	GCF_900099655.1	GCA_900099655.1	GCF_900099655.1	accession	True	True	positive	positive	rod	rod	yes	yes	no	no	aerobe	aerobe	meso	meso	optimum	20.5	False	neutrophile	optimum	
11994	Sporosarcina aquimarina	Sporosarcina aquimarina	Sporosarcina	Bacillota	RS_GCF_033253705.1	GCF_033253705.1	GCA_033253705.1	GCF_033253705.1	designation	True	True	positive	positive	rod	rod	yes	yes	yes	yes	aerobe	aerobe	meso	meso	growth_range	23.5	False	neutrophile	growth_single_point	
11996	Sporosarcina koreensis	Sporosarcina koreensis	Sporosarcina	Bacillota	RS_GCF_042655825.1	GCF_042655825.1	GCA_042655825.1	GCF_042655825.1	accession	True	True	positive	positive	rod	rod	yes	yes	yes	yes	aerobe	aerobe	meso	meso	optimum	30.0	False	neutrophile	optimum	
11998	Paenisporosarcina antarctica	Paenisporosarcina antarctica	Paenisporosarcina	Bacillota	RS_GCF_004367585.1	GCF_004367585.1	GCA_004367585.1	GCF_004367585.1	accession	True	True	positive	positive	rod	rod	no	no	yes	yes	facultative	facultative	meso	meso	optimum	17.5	False	neutrophile	optimum	
12001	Sporosarcina contaminans	Sporosarcina contaminans	Sporosarcina	Bacillota	RS_GCF_042679045.1	GCF_042679045.1	GCA_042679045.1	GCF_042679045.1	accession	True	True	positive	positive	rod	rod	yes	yes	yes	yes	aerobe	aerobe	meso	meso	optimum	30.0	False	neutrophile	optimum	
12009	Bhargavaea beijingensis	Bhargavaea beijingensis	Bhargavaea	Bacillota	RS_GCF_900101985.1	GCF_900101985.1	GCA_900101985.1	GCF_900101985.1	accession	True	True	positive	positive	coccus	coccus	no	no	no	no	aerobe	aerobe	meso	meso	optimum	30.0	False	neutrophile	optimum	
12010	Bhargavaea ginsengi	Bhargavaea ginsengi	Bhargavaea	Bacillota	RS_GCF_900109165.1	GCF_900109165.1	GCA_900109165.1	GCF_900109165.1	accession	True	True	positive	positive	rod	rod	no	no	no	no	aerobe	aerobe	meso	meso	optimum	30.0	False	neutrophile	optimum	
12011	Bhargavaea cecembensis	Bhargavaea cecembensis	Bhargavaea	Bacillota	RS_GCF_000348905.1	GCF_000348905.1	GCA_000348905.1	GCF_000348905.1	accession	True	True	positive	positive	rod	rod	no	no	no	no	aerobe	aerobe	meso	meso	optimum	37.0	False	neutrophile	growth_range	
12496	Paludibacter propionicigenes	Paludibacter propionicigenes	Paludibacter	Bacteroidota	RS_GCF_000183135.1	GCF_000183135.1	GCA_000183135.1	GCF_000183135.1	accession	True	True	negative	negative	rod	rod	no	no	no	no	anaerobe	anaerobe	meso	meso	optimum	30.0	False	neutrophile	optimum	
12498	Parabacteroides johnsonii	Parabacteroides johnsonii	Parabacteroides	Bacteroidota	RS_GCF_025151045.1	GCF_025151045.1	GCA_025151045.1	GCF_025151045.1	accession	True	True	negative	negative	rod	rod	no	no	no	no	anaerobe	anaerobe	meso	meso	growth_single_point	37.0	False		none	
12501	Parabacteroides gordonii	Parabacteroides gordonii	Parabacteroides	Bacteroidota	RS_GCF_000969825.1	GCF_000969825.1	GCA_000969825.1	GCF_000969825.1	accession	True	True	negative	negative	rod	rod	no	no	no	no	anaerobe	anaerobe	meso	meso	growth_single_point	37.0	False		none	
12503	Petrimonas sulfuriphila	Petrimonas sulfuriphila	Petrimonas	Bacteroidota	RS_GCF_051201015.1	GCF_051201015.1	GCA_051201015.1	GCF_051201015.1	accession	True	True	negative	negative	rod	rod	no	no	no	no	anaerobe	anaerobe	meso	meso	optimum	38.5	False	neutrophile	optimum	
12514	Proteiniphilum acetatigenes	Proteiniphilum acetatigenes	Proteiniphilum	Bacteroidota	RS_GCF_000380985.1	GCF_000380985.1	GCA_000380985.1	GCF_000380985.1	accession	True	True	negative	negative	rod	rod	yes	yes	no	no	anaerobe	anaerobe	meso	meso	optimum	37.0	False	neutrophile	optimum	
12518	Barnesiella viscericola	Barnesiella viscericola	Barnesiella	Bacteroidota	RS_GCF_000512915.1	GCF_000512915.1	GCA_000512915.1	GCF_000512915.1	accession	True	True	negative	negative	rod	rod	no	no	no	no	anaerobe	anaerobe	meso	meso	growth_single_point	37.0	False		none	
12519	Barnesiella intestinihominis	Barnesiella intestinihominis	Barnesiella	Bacteroidota	RS_GCF_000296465.1	GCF_000296465.1	GCA_000296465.1	GCF_000296465.1	accession	True	True	negative	negative	rod	rod	no	no	no	no	anaerobe	anaerobe	meso	meso	optimum	37.0	False	neutrophile	optimum	
12522	Butyricimonas synergistica	Butyricimonas synergistica	Butyricimonas	Bacteroidota	RS_GCF_000379665.1	GCF_000379665.1	GCA_000379665.1	GCF_000379665.1	accession	True	True	negative	negative	rod	rod	no	no	no	no	anaerobe	anaerobe	meso	meso	growth_single_point	37.0	False		none	
12523	Butyricimonas virosa	Butyricimonas virosa	Butyricimonas	Bacteroidota	RS_GCF_025148635.1	GCF_025148635.1	GCA_025148635.1	GCF_025148635.1	accession	True	True	negative	negative	rod	rod	no	no	no	no	anaerobe	anaerobe	meso	meso	growth_single_point	37.0	False		none	
12524	Macellibacteroides fermentans	Macellibacteroides fermentans	Macellibacteroides	Bacteroidota	RS_GCF_013409575.1	GCF_013409575.1	GCA_013409575.1	GCF_013409575.1	accession	True	True	positive	positive	rod	rod	no	no	no	no	anaerobe	anaerobe	meso	meso	optimum	37.5	False	neutrophile	optimum	
12538	Segatella salivae	Prevotella salivae	Prevotella	Bacteroidota	RS_GCF_000185845.1	GCF_000185845.1	GCA_000185845.1	GCF_000185845.1	accession	True	True	negative	negative	rod	rod	no	no	no	no	anaerobe	anaerobe	meso	meso	growth_single_point	37.0	False		none	
12539	Hoylesella shahii	Prevotella shahii	Prevotella	Bacteroidota	RS_GCF_000613445.1	GCF_000613445.1	GCA_000613445.1	GCF_000613445.1	accession	True	True	negative	negative	rod	rod	no	no	no	no	anaerobe	anaerobe	meso	meso	growth_single_point	37.0	False		none	
12540	Prevotella multiformis	Prevotella multiformis	Prevotella	Bacteroidota	RS_GCF_000191065.1	GCF_000191065.1	GCA_000191065.1	GCF_000191065.1	accession	True	True	negative	negative	rod	rod	no	no	no	no	anaerobe	anaerobe	meso	meso	growth_single_point	37.0	False		none	
12543	Hallella multisaccharivorax	Prevotella multisaccharivorax	Prevotella	Bacteroidota	RS_GCF_000218235.1	GCF_000218235.1	GCA_000218235.1	GCF_000218235.1	accession	True	True	negative	negative	coccus	coccus	no	no	no	no	anaerobe	anaerobe	meso	meso	growth_single_point	37.0	False		none	
12544	Hallella bergensis	Prevotella bergensis	Prevotella	Bacteroidota	RS_GCF_000160535.1	GCF_000160535.1	GCA_000160535.1	GCF_000160535.1	accession	True	True	negative	negative	rod	rod	no	no	no	no	anaerobe	anaerobe	meso	meso	growth_single_point	37.0	False		none	
12547	Segatella copri	Prevotella copri	Prevotella	Bacteroidota	RS_GCF_025151535.1	GCF_025151535.1	GCA_025151535.1	GCF_025151535.1	accession	True	True	negative	negative	rod	rod	no	no	no	no	anaerobe	anaerobe	meso	meso	optimum	37.0	False		none	
12548	Leyella stercorea	Prevotella stercorea	Prevotella	Bacteroidota	RS_GCF_000235885.1	GCF_000235885.1	GCA_000235885.1	GCF_000235885.1	accession	True	True	negative	negative	rod	rod	no	no	no	no	anaerobe	anaerobe	meso	meso	optimum	37.0	False		none	
12555	Hoylesella nanceiensis	Prevotella nanceiensis	Prevotella	Bacteroidota	RS_GCF_000379965.1	GCF_000379965.1	GCA_000379965.1	GCF_000379965.1	accession	True	True	negative	negative	rod	rod	no	no	no	no	anaerobe	anaerobe	meso	meso	growth_single_point	37.0	False		none	
12556	Hoylesella timonensis	Prevotella timonensis	Prevotella	Bacteroidota	RS_GCF_000455445.1	GCF_000455445.1	GCA_000455445.1	GCF_000455445.1	accession	True	True	negative	negative	rod	rod	no	no	no	no	anaerobe	anaerobe	meso	meso	optimum	37.0	False		none	
12558	Segatella paludivivens	Prevotella paludivivens	Prevotella	Bacteroidota	RS_GCF_000373185.1	GCF_000373185.1	GCA_000373185.1	GCF_000373185.1	accession	True	True	negative	negative	rod	rod	no	no	no	no	anaerobe	anaerobe	meso	meso	optimum	30.0	False	neutrophile	optimum	
12560	Prevotella histicola	Prevotella histicola	Prevotella	Bacteroidota	GB_GCA_047796335.1	GCA_047796335.1	GCA_047796335.1		accession	True	True	negative	negative	rod	rod	no	no	no	no	anaerobe	anaerobe	meso	meso	optimum	37.0	False	neutrophile	optimum	
12562	Prevotella amnii	Prevotella amnii	Prevotella	Bacteroidota	RS_GCF_000378745.1	GCF_000378745.1	GCA_000378745.1	GCF_000378745.1	accession	True	True	negative	negative	rod	rod	no	no	no	no	anaerobe	anaerobe	meso	meso	growth_single_point	37.0	False		none	
12563	Prevotella falsenii	Prevotella falsenii	Prevotella	Bacteroidota	RS_GCF_000613945.1	GCF_000613945.1	GCA_000613945.1	GCF_000613945.1	accession	True	True	negative	negative	rod	rod	no	no	no	no	anaerobe	anaerobe	meso	meso	growth_single_point	37.0	False		none	
12565	Prevotella dentasini	Prevotella dentasini	Prevotella	Bacteroidota	RS_GCF_000614065.1	GCF_000614065.1	GCA_000614065.1	GCF_000614065.1	accession	True	True	negative	negative	rod	rod	no	no	no	no	anaerobe	anaerobe	meso	meso	optimum	37.0	False	neutrophile	optimum	
12566	Hoylesella saccharolytica	Prevotella saccharolytica	Prevotella	Bacteroidota	RS_GCF_000614205.1	GCF_000614205.1	GCA_000614205.1	GCF_000614205.1	accession	True	True	negative	negative	rod	rod	no	no	no	no	anaerobe	anaerobe	meso	meso	optimum	35.0	False	neutrophile	optimum	
12569	Paraprevotella clara	Paraprevotella clara	Paraprevotella	Bacteroidota	RS_GCF_000233955.1	GCF_000233955.1	GCA_000233955.1	GCF_000233955.1	accession	True	True	negative	negative	rod	rod	no	no	no	no	anaerobe	anaerobe	meso	meso	growth_single_point	37.0	False		none	
12570	Paraprevotella xylaniphila	Paraprevotella xylaniphila	Paraprevotella	Bacteroidota	RS_GCF_000205165.1	GCF_000205165.1	GCA_000205165.1	GCF_000205165.1	accession	True	True	negative	negative	other	other	no	no	no	no	anaerobe	anaerobe	meso	meso	growth_single_point	37.0	False		none	
12581	Cellulosimicrobium funkei	Cellulosimicrobium funkei	Cellulosimicrobium	Actinomycetota	RS_GCF_004519295.1	GCF_004519295.1	GCA_004519295.1	GCF_004519295.1	accession	True	True	positive	positive	rod	rod	yes	yes	no	no	aerobe	aerobe	meso	meso	optimum	28.0	False	neutrophile	optimum	
12582	Cellulosimicrobium terreum	Cellulosimicrobium terreum	Cellulosimicrobium	Actinomycetota	GB_GCA_014803435.1	GCA_014803435.1	GCA_014803435.1		accession	True	True	positive	positive	coccus	coccus	no	no	no	no	aerobe	aerobe	meso	meso	optimum	25.0	False	neutrophile	optimum	
12587	Isoptericola nanjingensis	Isoptericola nanjingensis	Isoptericola	Actinomycetota	RS_GCF_050311635.1	GCF_050311635.1	GCA_050311635.1	GCF_050311635.1	accession	True	True	positive	positive	other	other	no	no	no	no	aerobe	aerobe	meso	meso	optimum	30.0	False	neutrophile	optimum	
12589	Myceligenerans crystallogenes	Myceligenerans crystallogenes	Myceligenerans	Actinomycetota	RS_GCF_039529775.1	GCF_039529775.1	GCA_039529775.1	GCF_039529775.1	accession	True	True	positive	positive	rod	rod	no	no	yes	yes	aerobe	aerobe	meso	meso	optimum	28.0	False	neutrophile	optimum	
12609	Xylanimonas ulmi	Xylanimonas ulmi	Xylanimonas	Actinomycetota	RS_GCF_004216535.1	GCF_004216535.1	GCA_004216535.1	GCF_004216535.1	accession	True	True	positive	positive	rod	rod	no	no	no	no	aerobe	aerobe	meso	meso	optimum	28.0	False	neutrophile	optimum	
12620	Granulicoccus phenolivorans	Granulicoccus phenolivorans	Granulicoccus	Actinomycetota	RS_GCF_000423085.1	GCF_000423085.1	GCA_000423085.1	GCF_000423085.1	accession	True	True	positive	positive	coccus	coccus	no	no	no	no	facultative	facultative	meso	meso	optimum	29.0	False	neutrophile	optimum	
12626	Microlunatus ginsengisoli	Microlunatus ginsengisoli	Microlunatus	Actinomycetota	RS_GCF_039537205.1	GCF_039537205.1	GCA_039537205.1	GCF_039537205.1	accession	True	True	positive	positive	coccus	coccus	no	no	no	no	aerobe	aerobe	meso	meso	optimum	26.5	False	neutrophile	optimum	
12627	Microlunatus panaciterrae	Microlunatus panaciterrae	Microlunatus	Actinomycetota	RS_GCF_016907535.1	GCF_016907535.1	GCA_016907535.1	GCF_016907535.1	accession	True	True	positive	positive	coccus	coccus	no	no	no	no	aerobe	aerobe	meso	meso	optimum	26.5	False	neutrophile	optimum	
12628	Microlunatus aurantiacus	Microlunatus aurantiacus	Microlunatus	Actinomycetota	RS_GCF_039536605.1	GCF_039536605.1	GCA_039536605.1	GCF_039536605.1	accession	True	True	positive	positive	coccus	coccus	no	no	no	no	aerobe	aerobe	meso	meso	optimum	28.0	False	neutrophile	optimum	
12645	Cutibacterium granulosum	Cutibacterium granulosum	Cutibacterium	Actinomycetota	RS_GCF_900186975.1	GCF_900186975.1	GCA_900186975.1	GCF_900186975.1	accession	True	True	positive	positive	other	other	no	no	no	no	anaerobe	anaerobe	meso	meso	growth_range	33.5	False		none	
12659	Propionibacterium acidifaciens	Propionibacterium acidifaciens	Propionibacterium	Actinomycetota	RS_GCF_000426605.1	GCF_000426605.1	GCA_000426605.1	GCF_000426605.1	accession	True	True	positive	positive	rod	rod	no	no	no	no	anaerobe	anaerobe	meso	meso	growth_range	36.0	False		none	
12668	Tessaracoccus oleiagri	Arachnia oleiagri	Arachnia	Actinomycetota	RS_GCF_900103275.1	GCF_900103275.1	GCA_900103275.1	GCF_900103275.1	accession	True	True	positive	positive	rod	rod	no	no	no	no	facultative	facultative	meso	meso	optimum	28.0	False	neutrophile	optimum	
12672	Auraticoccus monumenti	Auraticoccus monumenti	Auraticoccus	Actinomycetota	RS_GCF_900101785.1	GCF_900101785.1	GCA_900101785.1	GCF_900101785.1	accession	True	True	positive	positive	coccus	coccus	no	no	no	no	aerobe	aerobe	meso	meso	optimum	28.0	False	neutrophile	optimum	
12674	Naumannella halotolerans	Naumannella halotolerans	Naumannella	Actinomycetota	RS_GCF_004364645.1	GCF_004364645.1	GCA_004364645.1	GCF_004364645.1	accession	True	True	positive	positive	coccus	coccus	no	no	no	no	aerobe	aerobe	meso	meso	growth_range	26.0	False	neutrophile	growth_range	
12686	Pseudoalteromonas tetraodonis	Pseudoalteromonas tetraodonis	Pseudoalteromonas	Pseudomonadota	RS_GCF_002310835.1	GCF_002310835.1	GCA_002310835.1	GCF_002310835.1	accession	True	True	negative	negative	rod	rod	yes	yes	no	no	aerobe	aerobe	meso	meso	growth_range	20.0	False		none	
12690	Pseudoalteromonas flavipulchra	Pseudoalteromonas distincta	Pseudoalteromonas	Pseudomonadota	RS_GCF_000803085.1	GCF_000803085.1	GCA_000803085.1	GCF_000803085.1	accession	True	False	negative	negative	rod	rod	yes	yes	no	no	aerobe	aerobe	meso	meso	growth_range	31.0	False		none	
12699	Pseudoalteromonas aliena	Pseudoalteromonas aliena	Pseudoalteromonas	Pseudomonadota	RS_GCF_014905615.1	GCF_014905615.1	GCA_014905615.1	GCF_014905615.1	accession	True	True	negative	negative	rod	rod	yes	yes	no	no	aerobe	aerobe	meso	meso	optimum	23.5	False	neutrophile	optimum	
12701	Pseudoalteromonas arctica	Pseudoalteromonas arctica	Pseudoalteromonas	Pseudomonadota	RS_GCF_000238395.3	GCF_000238395.3	GCA_000238395.4	GCF_000238395.3	accession	True	True	negative	negative	rod	rod	yes	yes	no	no	aerobe	aerobe	psychro	psychro	optimum	12.5	False	neutrophile	optimum	
12851	Pseudomonas fluorescens	Aquipseudomonas fluorescens	Aquipseudomonas	Pseudomonadota	RS_GCF_900215245.1	GCF_900215245.1	GCA_900215245.1	GCF_900215245.1	accession	True	True	negative	negative	rod	rod	yes	yes	no	no	aerobe	aerobe	meso	meso	growth_range	17.5	False		none	
12966	Pseudomonas furukawaii	Metapseudomonas furukawaii	Metapseudomonas	Pseudomonadota	RS_GCF_002355475.1	GCF_002355475.1	GCA_002355475.1	GCF_002355475.1	accession	True	True	negative	negative	rod	rod	yes	yes	no	no	aerobe	aerobe	meso	meso	growth_range	33.5	False		none	
13065	Pseudomonas synxantha	Aquipseudomonas synxantha	Aquipseudomonas	Pseudomonadota	RS_GCF_900105675.1	GCF_900105675.1	GCA_900105675.1	GCF_900105675.1	accession	True	True	negative	negative	rod	rod	yes	yes	no	no	aerobe	aerobe	meso	meso	growth_range	29.0	False		none	
13092	Pseudomonas lurida	Aquipseudomonas lurida	Aquipseudomonas	Pseudomonadota	RS_GCF_002563895.1	GCF_002563895.1	GCA_002563895.1	GCF_002563895.1	accession	True	True	negative	negative	rod	rod	yes	yes	no	no	aerobe	aerobe	meso	meso	optimum	21.0	False		none	
13105	Pseudomonas psychrotolerans	Chryseomonas oryzihabitans	Chryseomonas	Pseudomonadota	RS_GCF_900102665.1	GCF_900102665.1	GCA_900102665.1	GCF_900102665.1	accession	True	False	negative	negative	rod	rod	yes	yes	no	no	aerobe	aerobe	meso	meso	optimum	20.5	False		none	
13114	Pseudomonas lutea	Aquipseudomonas lutea	Aquipseudomonas	Pseudomonadota	RS_GCF_000759445.1	GCF_000759445.1	GCA_000759445.1	GCF_000759445.1	accession	True	True	negative	negative	rod	rod	yes	yes	yes	yes	aerobe	aerobe	meso	meso	optimum	25.0	False		none	
13115	Pseudomonas argentinensis	Aquipseudomonas argentinensis	Aquipseudomonas	Pseudomonadota	RS_GCF_900113905.1	GCF_900113905.1	GCA_900113905.1	GCF_900113905.1	accession	True	True	negative	negative	rod	rod	yes	yes	no	no	aerobe	aerobe	meso	meso	optimum	25.0	False		none	
13130	Pseudomonas peli	Aquipseudomonas peli	Aquipseudomonas	Pseudomonadota	RS_GCF_900099645.1	GCF_900099645.1	GCA_900099645.1	GCF_900099645.1	accession	True	True	negative	negative	rod	rod	yes	yes	no	no	aerobe	aerobe	meso	meso	optimum	33.5	False	neutrophile	optimum	
13131	Pseudomonas borbori	Aquipseudomonas borbori	Aquipseudomonas	Pseudomonadota	RS_GCF_900115555.1	GCF_900115555.1	GCA_900115555.1	GCF_900115555.1	accession	True	True	negative	negative	rod	rod	yes	yes	no	no	aerobe	aerobe	meso	meso	optimum	25.0	False	neutrophile	optimum	
13138	Pseudomonas mohnii	Aquipseudomonas mohnii	Aquipseudomonas	Pseudomonadota	RS_GCF_900105115.1	GCF_900105115.1	GCA_900105115.1	GCF_900105115.1	accession	True	True	negative	negative	rod	rod	yes	yes	no	no	aerobe	aerobe	meso	meso	growth_single_point	30.0	False		none	
13139	Pseudomonas reinekei	Aquipseudomonas reinekei	Aquipseudomonas	Pseudomonadota	RS_GCF_001945365.1	GCF_001945365.1	GCA_001945365.1	GCF_001945365.1	accession	True	True	negative	negative	rod	rod	yes	yes	no	no	aerobe	aerobe	meso	meso	growth_single_point	30.0	False		none	
13140	Pseudomonas panacis	Aquipseudomonas marginalis	Aquipseudomonas	Pseudomonadota	RS_GCF_007858175.1	GCF_007858175.1	GCA_007858175.1	GCF_007858175.1	accession	True	False	negative	negative	rod	rod	yes	yes	no	no	aerobe	aerobe	meso	meso	optimum	19.5	False		none	
13157	Pseudomonas moorei	Aquipseudomonas moorei	Aquipseudomonas	Pseudomonadota	RS_GCF_008801475.1	GCF_008801475.1	GCA_008801475.1	GCF_008801475.1	accession	True	True	negative	negative	rod	rod	yes	yes	no	no	aerobe	aerobe	meso	meso	growth_single_point	30.0	False		none	
13161	Pseudomonas guineae	Aquipseudomonas guineae	Aquipseudomonas	Pseudomonadota	RS_GCF_900113745.1	GCF_900113745.1	GCA_900113745.1	GCF_900113745.1	accession	True	True	negative	negative	rod	rod	yes	yes	no	no	aerobe	aerobe	psychro	psychro	optimum	13.0	False		none	
13163	Pseudomonas duriflava	Chryseomonas duriflava	Chryseomonas	Pseudomonadota	RS_GCF_007830155.1	GCF_007830155.1	GCA_007830155.1	GCF_007830155.1	accession	True	True	negative	negative	rod	rod	no	no	no	no	aerobe	aerobe	meso	meso	optimum	33.5	False	neutrophile	optimum	
13164	Pseudomonas panipatensis	Pseudomonas panipatensis	Pseudomonas	Pseudomonadota	RS_GCF_900099785.1	GCF_900099785.1	GCA_900099785.1	GCF_900099785.1	accession	True	True	negative	negative	rod	rod	yes	yes	no	no	aerobe	aerobe	meso	meso	growth_range	32.5	False	neutrophile	growth_range	
13172	Pseudomonas cuatrocienegasensis	Aquipseudomonas cuatrocienegasensis	Aquipseudomonas	Pseudomonadota	RS_GCF_900110925.1	GCF_900110925.1	GCA_900110925.1	GCF_900110925.1	accession	True	True	negative	negative	rod	rod	yes	yes	no	no	aerobe	aerobe	meso	meso	optimum	30.0	False		none	
13173	Pseudomonas xinjiangensis	Halopseudomonas xinjiangensis	Halopseudomonas	Pseudomonadota	RS_GCF_900104945.1	GCF_900104945.1	GCA_900104945.1	GCF_900104945.1	accession	True	True	negative	negative	rod	rod	yes	yes	no	no	aerobe	aerobe	meso	meso	optimum	37.0	False	neutrophile	optimum	
13175	Pseudomonas caeni	Denitrificimonas caeni	Denitrificimonas	Pseudomonadota	RS_GCF_000421765.1	GCF_000421765.1	GCA_000421765.1	GCF_000421765.1	accession	True	True	negative	negative	rod	rod	yes	yes	no	no	anaerobe	anaerobe	meso	meso	optimum	30.0	False	neutrophile	optimum	
13176	Pseudomonas pelagia	Halopseudomonas pelagia	Halopseudomonas	Pseudomonadota	RS_GCF_000410875.1	GCF_000410875.1	GCA_000410875.1	GCF_000410875.1	accession	True	True	negative	negative	rod	rod	yes	yes	no	no	aerobe	aerobe	meso	meso	optimum	25.0	False	neutrophile	optimum	
13180	Pseudomonas taiwanensis	Aquipseudomonas taiwanensis	Aquipseudomonas	Pseudomonadota	RS_GCF_000425785.1	GCF_000425785.1	GCA_000425785.1	GCF_000425785.1	accession	True	True	negative	negative	rod	rod	yes	yes	no	no	aerobe	aerobe	meso	meso	optimum	33.5	False	neutrophile	optimum	
13215	Amycolatopsis orientalis	Amycolatopsis orientalis	Amycolatopsis	Actinomycetota	RS_GCF_000478275.1	GCF_000478275.1	GCA_000478275.1	GCF_000478275.1	accession	True	True	positive	positive	rod	rod	no	no	yes	yes	aerobe	aerobe	meso	meso	optimum	30.0	False		none	
13235	Amycolatopsis sacchari	Amycolatopsis_E sacchari	Amycolatopsis_E	Actinomycetota	RS_GCF_900114035.1	GCF_900114035.1	GCA_900114035.1	GCF_900114035.1	accession	True	True	positive	positive	rod	rod	no	no	no	no	aerobe	aerobe	meso	meso	optimum	28.0	False		none	
13238	Amycolatopsis tolypomycina	Amycolatopsis tolypomycina	Amycolatopsis	Actinomycetota	RS_GCF_900105945.1	GCF_900105945.1	GCA_900105945.1	GCF_900105945.1	accession	True	True	positive	positive	rod	rod	no	no	no	no	facultative	facultative	meso	meso	optimum	28.0	False		none	
13258	Amycolatopsis minnesotensis	Amycolatopsis minnesotensis	Amycolatopsis	Actinomycetota	RS_GCF_039529815.1	GCF_039529815.1	GCA_039529815.1	GCF_039529815.1	accession	True	True	positive	positive	rod	rod	no	no	yes	yes	aerobe	aerobe	meso	meso	optimum	29.0	False	neutrophile	optimum	
13259	Amycolatopsis nigrescens	Amycolatopsis nigrescens	Amycolatopsis	Actinomycetota	RS_GCF_000384315.1	GCF_000384315.1	GCA_000384315.1	GCF_000384315.1	accession	True	True	positive	positive	rod	rod	no	no	yes	yes	aerobe	aerobe	meso	meso	optimum	29.75	False	neutrophile	optimum	
13261	Amycolatopsis halotolerans	Amycolatopsis halotolerans	Amycolatopsis	Actinomycetota	RS_GCF_042652525.1	GCF_042652525.1	GCA_042652525.1	GCF_042652525.1	accession	True	True	positive	positive	rod	rod	no	no	yes	yes	aerobe	aerobe	meso	meso	optimum	23.5	False	neutrophile	optimum	
13263	Amycolatopsis taiwanensis	Amycolatopsis_E taiwanensis	Amycolatopsis_E	Actinomycetota	RS_GCF_000519205.1	GCF_000519205.1	GCA_000519205.1	GCF_000519205.1	accession	True	True	positive	positive	rod	rod	no	no	yes	yes	aerobe	aerobe	meso	meso	optimum	30.0	False	neutrophile	optimum	
13264	Amycolatopsis regifaucium	Amycolatopsis regifaucium	Amycolatopsis	Actinomycetota	RS_GCF_001613935.1	GCF_001613935.1	GCA_001613935.1	GCF_001613935.1	accession	True	True	positive	positive	rod	rod	no	no	yes	yes	aerobe	aerobe	meso	meso	optimum	30.25	False	neutrophile	optimum	
13288	Crossiella cryophila	Crossiella cryophila	Crossiella	Actinomycetota	RS_GCF_014204915.1	GCF_014204915.1	GCA_014204915.1	GCF_014204915.1	accession	True	True	positive	positive	other	filamentous	no	no	yes	yes	aerobe	aerobe	meso	meso	optimum	25.0	False		none	
13296	Kutzneria buriramensis	Kutzneria buriramensis	Kutzneria	Actinomycetota	RS_GCF_043575855.1	GCF_043575855.1	GCA_043575855.1	GCF_043575855.1	accession	True	True	positive	positive	rod	rod	no	no	yes	yes	aerobe	aerobe	meso	meso	optimum	31.0	False		none	
13304	Lentzea fradiae	Lentzea fradiae	Lentzea	Actinomycetota	RS_GCF_900100955.1	GCF_900100955.1	GCA_900100955.1	GCF_900100955.1	accession	True	True	positive	positive	rod	rod	no	no	yes	yes	aerobe	aerobe	meso	meso	optimum	30.0	False	neutrophile	optimum	
13398	Pseudonocardia ailaonensis	Pseudonocardia ailaonensis	Pseudonocardia	Actinomycetota	RS_GCF_039531635.1	GCF_039531635.1	GCA_039531635.1	GCF_039531635.1	accession	True	True	positive	positive	rod	rod	no	no	yes	yes	aerobe	aerobe	meso	meso	optimum	28.0	False	neutrophile	optimum	
13399	Pseudonocardia alni subsp. carboxydivorans	Pseudonocardia alni	Pseudonocardia	Actinomycetota	RS_GCF_039530145.1	GCF_039530145.1	GCA_039530145.1	GCF_039530145.1	designation	True	False	positive	positive	rod	rod	no	no	yes	yes	aerobe	aerobe	meso	meso	optimum	25.0	False	neutrophile	optimum	
13405	Pseudonocardia adelaidensis	Pseudonocardia adelaidensis	Pseudonocardia	Actinomycetota	RS_GCF_039543345.1	GCF_039543345.1	GCA_039543345.1	GCF_039543345.1	accession	True	True	positive	positive	rod	rod	no	no	yes	yes	aerobe	aerobe	meso	meso	optimum	26.0	False	neutrophile	optimum	
13436	Saccharomonospora marina	Saccharomonospora_A marina	Saccharomonospora_A	Actinomycetota	RS_GCF_000244955.1	GCF_000244955.1	GCA_000244955.1	GCF_000244955.1	accession	True	True	positive	positive	rod	rod	no	no	yes	yes	aerobe	aerobe	meso	meso	optimum	28.0	False	neutrophile	optimum	
13465	Saccharopolyspora cebuensis	Saccharopolyspora cebuensis	Saccharopolyspora	Actinomycetota	RS_GCF_039542665.1	GCF_039542665.1	GCA_039542665.1	GCF_039542665.1	accession	True	True	positive	positive	rod	rod	no	no	yes	yes	aerobe	aerobe	meso	meso	growth_range	26.0	False		none	
13470	Saccharopolyspora kobensis	Saccharopolyspora kobensis	Saccharopolyspora	Actinomycetota	RS_GCF_900112555.1	GCF_900112555.1	GCA_900112555.1	GCF_900112555.1	accession	False	False	positive	positive	rod	rod	no	no	yes	yes	aerobe	aerobe	meso	meso	optimum	30.0	False	neutrophile	optimum	
13485	Saccharothrix algeriensis	Actinosynnema algeriense	Actinosynnema	Actinomycetota	RS_GCF_016907655.1	GCF_016907655.1	GCA_016907655.1	GCF_016907655.1	accession	True	True	positive	positive	rod	rod	no	no	yes	yes	aerobe	aerobe	meso	meso	optimum	31.5	False	neutrophile	optimum	
13487	Saccharothrix hoggarensis	Actinosynnema hoggarensis	Actinosynnema	Actinomycetota	RS_GCF_042678885.1	GCF_042678885.1	GCA_042678885.1	GCF_042678885.1	accession	True	True	positive	positive	rod	rod	no	no	yes	yes	aerobe	aerobe	meso	meso	optimum	30.0	False	neutrophile	optimum	
13490	Saccharothrix violaceirubra	Actinosynnema violaceirubrum	Actinosynnema	Actinomycetota	RS_GCF_014203755.1	GCF_014203755.1	GCA_014203755.1	GCF_014203755.1	accession	True	True	positive	positive	rod	rod	no	no	yes	yes	aerobe	aerobe	meso	meso	optimum	28.0	False		none	
13508	Goodfellowiella coeruleoviolacea	Goodfellowiella coeruleoviolacea	Goodfellowiella	Actinomycetota	RS_GCF_024171785.1	GCF_024171785.1	GCA_024171785.1	GCF_024171785.1	accession	True	True	positive	positive	rod	rod	no	no	yes	yes	aerobe	aerobe	meso	meso	optimum	33.5	False		none	
13515	Haloechinothrix alba	Haloechinothrix alba	Haloechinothrix	Actinomycetota	RS_GCF_900188115.1	GCF_900188115.1	GCA_900188115.1	GCF_900188115.1	accession	True	True	positive	positive	rod	rod	no	no	no	no	aerobe	aerobe	meso	meso	optimum	37.0	False	neutrophile	optimum	
13516	Amycolatopsis arida	Yuhushiella arida	Yuhushiella	Actinomycetota	RS_GCF_900115565.1	GCF_900115565.1	GCA_900115565.1	GCF_900115565.1	accession	True	True	positive	positive	rod	rod	no	no	no	no	aerobe	aerobe	meso	meso	optimum	41.0	False	alkaliphile	optimum	
13564	Kaistia granuli	Kaistia granuli	Kaistia	Pseudomonadota	RS_GCF_000380505.1	GCF_000380505.1	GCA_000380505.1	GCF_000380505.1	accession	True	True	negative	negative	rod	rod	no	no	no	no	aerobe	aerobe	meso	meso	optimum	24.0	False	neutrophile	optimum	
13584	Agrobacterium radiobacter	Agrobacterium radiobacter	Agrobacterium	Pseudomonadota	GB_GCA_900455815.1	GCA_900455815.1	GCA_900455815.1		accession	False	False	negative	negative	rod	rod	yes	yes	no	no	aerobe	aerobe	meso	meso	growth_range	31.0	False		none	
13630	Rhizobium daejeonense	Allorhizobium daejeonense	Allorhizobium	Pseudomonadota	RS_GCF_014280875.1	GCF_014280875.1	GCA_014280875.1	GCF_014280875.1	accession	True	True	negative	negative	rod	rod	yes	yes	no	no	aerobe	aerobe	meso	meso	optimum	23.0	False	neutrophile	optimum	
13633	Rhizobium fabae	Rhizobium pisi	Rhizobium	Pseudomonadota	RS_GCF_003985135.1	GCF_003985135.1	GCA_003985135.1	GCF_003985135.1	accession	True	True	negative	negative	rod	rod	yes	yes	no	no	aerobe	aerobe	meso	meso	optimum	28.0	False	neutrophile	optimum	
13635	Rhizobium multihospitium	Rhizobium multihospitium	Rhizobium	Pseudomonadota	RS_GCF_900094585.1	GCF_900094585.1	GCA_900094585.1	GCF_900094585.1	accession	True	True	negative	negative	rod	rod	yes	yes	no	no	aerobe	aerobe	meso	meso	optimum	28.0	False	neutrophile	optimum	
13638	Neorhizobium alkalisoli	Neorhizobium alkalisoli	Neorhizobium	Pseudomonadota	RS_GCF_002968635.1	GCF_002968635.1	GCA_002968635.1	GCF_002968635.1	accession	True	True	negative	negative	rod	rod	yes	yes	no	no	aerobe	aerobe	meso	meso	optimum	28.0	False	neutrophile	optimum	
13639	Rhizobium tubonense	Rhizobium tubonense	Rhizobium	Pseudomonadota	RS_GCF_003240585.1	GCF_003240585.1	GCA_003240585.1	GCF_003240585.1	accession	True	True	negative	negative	rod	rod	yes	yes	no	no	aerobe	aerobe	meso	meso	optimum	27.5	False	neutrophile	growth_range	
13641	Allorhizobium borbori	Ectorhizobium borbori	Ectorhizobium	Pseudomonadota	RS_GCF_014196535.1	GCF_014196535.1	GCA_014196535.1	GCF_014196535.1	accession	True	True	negative	negative	rod	rod	yes	yes	no	no	aerobe	aerobe	meso	meso	optimum	28.0	False	neutrophile	optimum	
13648	Rhizobium halophytocola	Allorhizobium halophytocola	Allorhizobium	Pseudomonadota	RS_GCF_017873095.1	GCF_017873095.1	GCA_017873095.1	GCF_017873095.1	accession	True	True	negative	negative	rod	rod	yes	yes	no	no	aerobe	aerobe	meso	meso	optimum	29.0	False	neutrophile	optimum	
13652	Meinhardsimonia xiamenensis	Meinhardsimonia xiamenensis	Meinhardsimonia	Pseudomonadota	RS_GCF_900102905.1	GCF_900102905.1	GCA_900102905.1	GCF_900102905.1	accession	True	True	negative	negative	rod	rod	yes	yes	no	no	aerobe	aerobe	thermo	thermo	optimum	54.0	False	neutrophile	optimum	
13655	Gemmobacter nectariphilus	Wagnerdoeblera nectariphila	Wagnerdoeblera	Pseudomonadota	RS_GCF_000429765.1	GCF_000429765.1	GCA_000429765.1	GCF_000429765.1	accession	True	True	negative	negative	rod	rod	no	no	no	no	aerobe	aerobe	meso	meso	optimum	30.0	False	neutrophile	optimum	
13657	Gemmobacter caeni	Gemmobacter caeni	Gemmobacter	Pseudomonadota	RS_GCF_003054195.1	GCF_003054195.1	GCA_003054195.1	GCF_003054195.1	accession	True	True	negative	negative	rod	rod	no	no	no	no	facultative	facultative	meso	meso	optimum	32.5	False	acidophile	optimum	
13670	Leisingera aquimarina	Leisingera aquimarina	Leisingera	Pseudomonadota	RS_GCF_000473165.1	GCF_000473165.1	GCA_000473165.1	GCF_000473165.1	accession	True	True	negative	negative	other	other	yes	yes	no	no	aerobe	aerobe	meso	meso	optimum	30.0	False	neutrophile	optimum	
13672	Loktanella salsilacus	Loktanella salsilacus	Loktanella	Pseudomonadota	RS_GCF_900114485.1	GCF_900114485.1	GCA_900114485.1	GCF_900114485.1	accession	True	True	negative	negative	rod	rod	no	no	no	no	aerobe	aerobe	meso	meso	optimum	25.0	False		none	
13673	Yoonia vestfoldensis	Yoonia vestfoldensis	Yoonia	Pseudomonadota	RS_GCF_000382265.1	GCF_000382265.1	GCA_000382265.1	GCF_000382265.1	accession	True	True	negative	negative	rod	rod	no	no	no	no	aerobe	aerobe	meso	meso	optimum	25.0	False		none	
13678	Limimaricola pyoseonensis	Limimaricola pyoseonensis	Limimaricola	Pseudomonadota	RS_GCF_900102015.1	GCF_900102015.1	GCA_900102015.1	GCF_900102015.1	accession	True	True	negative	negative	rod	rod	yes	yes	no	no	aerobe	aerobe	meso	meso	optimum	25.0	False	neutrophile	optimum	
13684	Sulfitobacter indolifex	Sulfitobacter indolifex	Sulfitobacter	Pseudomonadota	RS_GCF_022788655.1	GCF_022788655.1	GCA_022788655.1	GCF_022788655.1	accession	True	True	negative	negative	rod	rod	no	no	no	no	aerobe	aerobe	meso	meso	optimum	27.5	False	neutrophile	optimum	
13685	Oceanicola granulosus	Oceanicola granulosus	Oceanicola	Pseudomonadota	RS_GCF_000153305.1	GCF_000153305.1	GCA_000153305.1	GCF_000153305.1	designation	True	True	negative	negative	rod	rod	no	no	no	no	aerobe	aerobe	meso	meso	optimum	28.0	False	neutrophile	optimum	
13687	Pseudooceanicola batsensis	Pseudooceanicola batsensis	Pseudooceanicola	Pseudomonadota	RS_GCF_000152725.1	GCF_000152725.1	GCA_000152725.1	GCF_000152725.1	designation	True	True	negative	negative	rod	rod	no	no	no	no	aerobe	aerobe	meso	meso	optimum	30.0	False	neutrophile	optimum	
13688	Pseudooceanicola nanhaiensis	Pseudooceanicola nanhaiensis	Pseudooceanicola	Pseudomonadota	RS_GCF_000688295.1	GCF_000688295.1	GCA_000688295.1	GCF_000688295.1	accession	True	True	negative	negative	rod	rod	no	no	no	no	aerobe	aerobe	meso	meso	optimum	28.0	False	neutrophile	optimum	
13728	Paracoccus saliphilus	Paracoccus saliphilus	Paracoccus	Pseudomonadota	RS_GCF_028553805.1	GCF_028553805.1	GCA_028553805.1	GCF_028553805.1	accession	True	True	negative	negative	coccus	coccus	no	no	no	no	aerobe	aerobe	meso	meso	optimum	37.0	False	neutrophile	optimum	
13736	Pseudovibrio ascidiaceicola	Pseudovibrio ascidiaceicola	Pseudovibrio	Pseudomonadota	RS_GCF_900114245.1	GCF_900114245.1	GCA_900114245.1	GCF_900114245.1	accession	True	True	negative	negative	rod	rod	yes	yes	no	no	aerobe	aerobe	meso	meso	optimum	20.0	False	neutrophile	optimum	
13747	Rhodovulum marinum	Rhodovulum marinum	Rhodovulum	Pseudomonadota	RS_GCF_004343075.1	GCF_004343075.1	GCA_004343075.1	GCF_004343075.1	accession	True	True	negative	negative	other	other	no	no	no	no	anaerobe	anaerobe	meso	meso	optimum	30.0	False	neutrophile	optimum	
13756	Roseisalinus antarcticus	Oceanicola antarcticus_A	Oceanicola	Pseudomonadota	RS_GCF_900172355.1	GCF_900172355.1	GCA_900172355.1	GCF_900172355.1	accession	True	True	negative	negative	rod	rod	yes	yes	no	no	facultative	microaerophile	meso	meso	optimum	18.25	True	neutrophile	optimum	
13777	Rubellimicrobium mesophilum	Rubellimicrobium mesophilum	Rubellimicrobium	Pseudomonadota	RS_GCF_000600335.2	GCF_000600335.2	GCA_000600335.2	GCF_000600335.2	accession	True	True	negative	negative	rod	rod	yes	yes	no	no	aerobe	aerobe	meso	meso	optimum	28.0	False	neutrophile	optimum	
13778	Rubellimicrobium aerolatum	Rubellimicrobium aerolatum	Rubellimicrobium	Pseudomonadota	RS_GCF_017872975.1	GCF_017872975.1	GCA_017872975.1	GCF_017872975.1	accession	True	True	negative	negative	rod	rod	no	no	no	no	aerobe	aerobe	meso	meso	optimum	30.0	False	neutrophile	optimum	
13787	Tritonibacter scottomollicae	Epibacterium scottomollicae	Epibacterium	Pseudomonadota	RS_GCF_003003215.1	GCF_003003215.1	GCA_003003215.1	GCF_003003215.1	accession	True	True	negative	negative	other	other	yes	yes	no	no	aerobe	aerobe	meso	meso	optimum	30.0	False	neutrophile	optimum	
13795	Sulfitobacter dubius	Sulfitobacter dubius	Sulfitobacter	Pseudomonadota	RS_GCF_900113435.1	GCF_900113435.1	GCA_900113435.1	GCF_900113435.1	accession	True	True	negative	negative	rod	rod	yes	yes	no	no	aerobe	aerobe	meso	meso	optimum	25.0	False	neutrophile	optimum	
13796	Sulfitobacter delicatus	Sulfitobacter delicatus	Sulfitobacter	Pseudomonadota	RS_GCF_900102535.1	GCF_900102535.1	GCA_900102535.1	GCF_900102535.1	accession	True	True	negative	negative	rod	rod	no	no	no	no	aerobe	aerobe	meso	meso	optimum	25.0	False	neutrophile	optimum	
13825	Rhodobacter johrii	Cereibacter_A johrii	Cereibacter_A	Pseudomonadota	RS_GCF_001720585.1	GCF_001720585.1	GCA_001720585.1	GCF_001720585.1	accession	True	True	negative	negative	other	other	yes	yes	yes	yes	anaerobe	anaerobe	meso	meso	optimum	30.0	False	neutrophile	optimum	
13826	Palleronia marisminoris	Palleronia marisminoris	Palleronia	Pseudomonadota	RS_GCF_900172315.1	GCF_900172315.1	GCA_900172315.1	GCF_900172315.1	accession	True	True	negative	negative	rod	rod	no	no	no	no	aerobe	aerobe	meso	meso	optimum	28.5	False	neutrophile	optimum	
13829	Roseibacterium elongatum	Roseibacterium elongatum	Roseibacterium	Pseudomonadota	RS_GCF_000590925.1	GCF_000590925.1	GCA_000590925.1	GCF_000590925.1	accession	True	True	negative	negative	rod	rod	no	no	no	no	aerobe	aerobe	meso	meso	optimum	28.5	False	neutrophile	optimum	
13835	Roseibium marinum	Roseibium marinum	Roseibium	Pseudomonadota	RS_GCF_002906165.1	GCF_002906165.1	GCA_002906165.1	GCF_002906165.1	accession	True	True	negative	negative	rod	rod	yes	yes	no	no	aerobe	aerobe	meso	meso	optimum	28.0	False	neutrophile	optimum	
13839	Wenxinia marina	Wenxinia marina	Wenxinia	Pseudomonadota	RS_GCF_000379485.1	GCF_000379485.1	GCA_000379485.1	GCF_000379485.1	accession	True	True	negative	negative	other	other	no	no	no	no	aerobe	aerobe	meso	meso	optimum	36.0	False	neutrophile	optimum	
13840	Tranquillimonas alkanivorans	Tranquillimonas alkanivorans	Tranquillimonas	Pseudomonadota	RS_GCF_900115595.1	GCF_900115595.1	GCA_900115595.1	GCF_900115595.1	accession	True	True	negative	negative	rod	rod	no	no	no	no	aerobe	aerobe	meso	meso	optimum	43.0	False	alkaliphile	optimum	
13844	Albimonas donghaensis	Albimonas donghaensis	Albimonas	Pseudomonadota	RS_GCF_900106695.1	GCF_900106695.1	GCA_900106695.1	GCF_900106695.1	accession	True	True	negative	negative	rod	rod	no	no	no	no	aerobe	aerobe	meso	meso	optimum	29.0	False	neutrophile	optimum	
13847	Shimia litoralis	Shimia_E litoralis	Shimia_E	Pseudomonadota	RS_GCF_005518135.1	GCF_005518135.1	GCA_005518135.1	GCF_005518135.1	accession	True	True	negative	negative	coccus	coccus	no	no	no	no	aerobe	aerobe	meso	meso	optimum	25.0	False	neutrophile	optimum	
13849	Sediminimonas qiaohouensis	Sediminimonas qiaohouensis	Sediminimonas	Pseudomonadota	RS_GCF_000423645.1	GCF_000423645.1	GCA_000423645.1	GCF_000423645.1	accession	True	True	negative	negative	rod	rod	no	no	no	no	aerobe	aerobe	meso	meso	optimum	29.0	False	neutrophile	optimum	
13853	Roseibaca ekhonensis	Roseinatronobacter ekhonensis	Roseinatronobacter	Pseudomonadota	RS_GCF_900499075.1	GCF_900499075.1	GCA_900499075.1	GCF_900499075.1	accession	True	True	negative	negative	rod	rod	no	no	no	no	aerobe	aerobe	meso	meso	optimum	16.0	False	neutrophile	optimum	
13855	Celeribacter neptunius	Celeribacter neptunius	Celeribacter	Pseudomonadota	RS_GCF_900113955.1	GCF_900113955.1	GCA_900113955.1	GCF_900113955.1	accession	True	True	negative	negative	rod	rod	yes	yes	no	no	facultative	facultative	meso	meso	optimum	25.0	False	neutrophile	optimum	
13879	Rhodoligotrophos appendicifer	Rhodoligotrophos appendicifer	Rhodoligotrophos	Pseudomonadota	RS_GCF_007474605.1	GCF_007474605.1	GCA_007474605.1	GCF_007474605.1	accession	True	True	negative	negative	coccus	coccus	no	no	no	no	facultative	microaerophile	meso	meso	optimum	30.0	True	neutrophile	optimum	
13889	Azonexus hydrophilus	Azonexus hydrophilus	Azonexus	Pseudomonadota	RS_GCF_000429605.1	GCF_000429605.1	GCA_000429605.1	GCF_000429605.1	accession	True	True	negative	negative	rod	rod	yes	yes	no	no	facultative	facultative	meso	meso	optimum	37.5	False	neutrophile	optimum	
13893	Azospira restricta	Proximibacter restrictus	Proximibacter	Pseudomonadota	RS_GCF_016858125.1	GCF_016858125.1	GCA_016858125.1	GCF_016858125.1	accession	True	True	negative	negative	rod	rod	yes	yes	no	no	aerobe	aerobe	meso	meso	optimum	37.0	False	neutrophile	optimum	
13902	Shinella granuli	Shinella granuli	Shinella	Pseudomonadota	RS_GCF_004341885.1	GCF_004341885.1	GCA_004341885.1	GCF_004341885.1	accession	True	True	negative	negative	rod	rod	yes	yes	no	no	aerobe	aerobe	meso	meso	optimum	30.0	False	neutrophile	optimum	
13904	Shinella kummerowiae	Shinella kummerowiae	Shinella	Pseudomonadota	RS_GCF_009827055.1	GCF_009827055.1	GCA_009827055.1	GCF_009827055.1	accession	True	True	negative	negative	rod	rod	yes	yes	no	no	aerobe	aerobe	meso	meso	optimum	27.5	False	neutrophile	optimum	
13905	Shinella yambaruensis	Shinella yambaruensis	Shinella	Pseudomonadota	RS_GCF_022899355.1	GCF_022899355.1	GCA_022899355.1	GCF_022899355.1	accession	True	True	negative	negative	rod	rod	no	no	no	no	aerobe	aerobe	meso	meso	optimum	28.5	False	neutrophile	optimum	
13931	Denitratisoma oestradiolicum	Denitratisoma oestradiolicum	Denitratisoma	Pseudomonadota	RS_GCF_902813185.1	GCF_902813185.1	GCA_902813185.1	GCF_902813185.1	accession	True	True	negative	negative	rod	rod	yes	yes	no	no	aerobe	aerobe	meso	meso	optimum	29.0	False	neutrophile	optimum	
13946	Nisaea denitrificans	Nisaea denitrificans	Nisaea	Pseudomonadota	RS_GCF_000426505.1	GCF_000426505.1	GCA_000426505.1	GCF_000426505.1	accession	True	True	negative	negative	rod	rod	yes	yes	no	no	aerobe	aerobe	meso	meso	optimum	30.0	False	neutrophile	optimum	
13947	Nisaea nitritireducens	Nisaea nitritireducens	Nisaea	Pseudomonadota	RS_GCF_014904795.1	GCF_014904795.1	GCA_014904795.1	GCF_014904795.1	accession	True	True	negative	negative	rod	rod	yes	yes	no	no	aerobe	aerobe	meso	meso	optimum	30.0	False	neutrophile	optimum	
14025	Tistlia consotensis	Tistlia consotensis	Tistlia	Pseudomonadota	RS_GCF_900177295.1	GCF_900177295.1	GCA_900177295.1	GCF_900177295.1	accession	True	True	negative	negative	rod	rod	no	no	no	no	aerobe	aerobe	meso	meso	optimum	30.0	False	neutrophile	optimum	
14026	Phaeovibrio sulfidiphilus	Phaeovibrio sulfidiphilus	Phaeovibrio	Pseudomonadota	RS_GCF_014861485.1	GCF_014861485.1	GCA_014861485.1	GCF_014861485.1	accession	True	True	negative	negative	rod	rod	yes	yes	yes	yes	anaerobe	anaerobe	meso	meso	growth_single_point	30.0	False	neutrophile	optimum	
14030	Alistipes finegoldii	Alistipes finegoldii	Alistipes	Bacteroidota	RS_GCF_000265365.1	GCF_000265365.1	GCA_000265365.1	GCF_000265365.1	accession	True	True	negative	negative	rod	rod	no	no	no	no	anaerobe	anaerobe	meso	meso	growth_single_point	37.0	False		none	
14031	Alistipes onderdonkii subsp. onderdonkii	Alistipes onderdonkii	Alistipes	Bacteroidota	RS_GCF_025145285.1	GCF_025145285.1	GCA_025145285.1	GCF_025145285.1	accession	True	True	negative	negative	rod	rod	no	no	no	no	anaerobe	anaerobe	meso	meso	optimum	37.0	False	neutrophile	optimum	
14032	Alistipes shahii	Alistipes shahii	Alistipes	Bacteroidota	RS_GCF_025145845.1	GCF_025145845.1	GCA_025145845.1	GCF_025145845.1	accession	True	True	negative	negative	rod	rod	no	no	no	no	anaerobe	anaerobe	meso	meso	optimum	37.0	False	neutrophile	optimum	
14036	Rubrobacter xylanophilus	Rubrobacter_B xylanophilus	Rubrobacter_B	Actinomycetota	RS_GCF_000014185.1	GCF_000014185.1	GCA_000014185.1	GCF_000014185.1	accession	True	True	positive	positive	rod	rod	no	no	no	no	aerobe	aerobe	thermo	thermo	optimum	60.0	False	neutrophile	growth_range	
14050	Segniliparus rotundus	Segniliparus rotundus	Segniliparus	Actinomycetota	RS_GCF_000092825.1	GCF_000092825.1	GCA_000092825.1	GCF_000092825.1	accession	True	True	positive	positive	rod	rod	no	no	no	no	aerobe	aerobe	meso	meso	optimum	30.5	False		none	
14052	Segniliparus rugosus	Segniliparus rugosus	Segniliparus	Actinomycetota	RS_GCF_000185725.2	GCF_000185725.2	GCA_000185725.2	GCF_000185725.2	accession	True	True	positive	positive	rod	rod	no	no	no	no	aerobe	aerobe	meso	meso	optimum	33.0	False		none	
14073	Shewanella gaetbuli	Shewanella gaetbuli	Shewanella	Pseudomonadota	RS_GCF_023284065.1	GCF_023284065.1	GCA_023284065.1	GCF_023284065.1	accession	True	True	negative	negative	rod	rod	yes	yes	no	no	facultative	facultative	meso	meso	optimum	30.0	False	neutrophile	optimum	
14074	Shewanella sediminis	Shewanella sediminis	Shewanella	Pseudomonadota	RS_GCF_000018025.1	GCF_000018025.1	GCA_000018025.1	GCF_000018025.1	accession	True	True	negative	negative	rod	rod	yes	yes	no	no	facultative	facultative	psychro	psychro	optimum	10.0	False		none	
14075	Shewanella kaireitica	Shewanella kaireitica	Shewanella	Pseudomonadota	RS_GCF_023284045.1	GCF_023284045.1	GCA_023284045.1	GCF_023284045.1	accession	True	True	negative	negative	rod	rod	yes	yes	no	no	facultative	facultative	meso	meso	optimum	24.5	False	neutrophile	optimum	
14076	Shewanella abyssi	Shewanella abyssi	Shewanella	Pseudomonadota	RS_GCF_023284025.1	GCF_023284025.1	GCA_023284025.1	GCF_023284025.1	accession	True	True	negative	negative	rod	rod	yes	yes	no	no	facultative	facultative	psychro	psychro	optimum	10.0	False	neutrophile	optimum	
14077	Shewanella surugensis	Shewanella surugensis	Shewanella	Pseudomonadota	RS_GCF_023284005.1	GCF_023284005.1	GCA_023284005.1	GCF_023284005.1	accession	True	True	negative	negative	rod	rod	yes	yes	no	no	aerobe	aerobe	psychro	psychro	optimum	13.0	False	neutrophile	optimum	
14078	Shewanella halifaxensis	Shewanella halifaxensis	Shewanella	Pseudomonadota	RS_GCF_000019185.1	GCF_000019185.1	GCA_000019185.1	GCF_000019185.1	accession	True	True	negative	negative	rod	rod	yes	yes	no	no	aerobe	aerobe	psychro	psychro	optimum	10.0	False	neutrophile	optimum	
14080	Shewanella canadensis	Shewanella canadensis	Shewanella	Pseudomonadota	RS_GCF_003966225.1	GCF_003966225.1	GCA_003966225.1	GCF_003966225.1	accession	True	True	negative	negative	rod	rod	yes	yes	no	no	aerobe	aerobe	psychro	psychro	optimum	10.0	False		none	
14081	Shewanella atlantica	Shewanella atlantica	Shewanella	Pseudomonadota	RS_GCF_003966265.1	GCF_003966265.1	GCA_003966265.1	GCF_003966265.1	accession	True	True	negative	negative	rod	rod	yes	yes	no	no	aerobe	aerobe	psychro	psychro	optimum	10.0	False		none	
14084	Shewanella xiamenensis	Shewanella xiamenensis	Shewanella	Pseudomonadota	RS_GCF_014647135.1	GCF_014647135.1	GCA_014647135.1	GCF_014647135.1	accession	True	True	negative	negative	rod	rod	yes	yes	no	no	facultative	facultative	meso	meso	optimum	33.5	False	neutrophile	optimum	
14088	Solirubrobacter soli	Solirubrobacter soli	Solirubrobacter	Actinomycetota	RS_GCF_000423665.1	GCF_000423665.1	GCA_000423665.1	GCF_000423665.1	accession	True	True	positive	positive	rod	rod	no	no	no	no	aerobe	aerobe	meso	meso	growth_range	27.5	False	neutrophile	optimum	
14090	Sphaerobacter thermophilus	Sphaerobacter thermophilus	Sphaerobacter	Chloroflexota	RS_GCF_000024985.1	GCF_000024985.1	GCA_000024985.1	GCF_000024985.1	accession	True	True	positive	positive	coccus	coccus	no	no	no	no	aerobe	aerobe	thermo	thermo	optimum	55.0	False	alkaliphile	optimum	
14091	Olivibacter sitiensis	Olivibacter sitiensis	Olivibacter	Bacteroidota	RS_GCF_000427965.1	GCF_000427965.1	GCA_000427965.1	GCF_000427965.1	accession	True	True	negative	negative	rod	rod	no	no	no	no	aerobe	aerobe	meso	meso	optimum	30.0	False	neutrophile	optimum	
14099	Pedobacter caeni	Pedobacter caeni	Pedobacter	Bacteroidota	RS_GCF_900129215.1	GCF_900129215.1	GCA_900129215.1	GCF_900129215.1	accession	True	True	negative	negative	rod	rod	no	no	no	no	aerobe	aerobe	meso	meso	optimum	28.0	False		none	
14100	Pedobacter terrae	Pedobacter terrae	Pedobacter	Bacteroidota	RS_GCF_900100705.1	GCF_900100705.1	GCA_900100705.1	GCF_900100705.1	accession	True	True	negative	negative	rod	rod	no	no	no	no	aerobe	aerobe	meso	meso	optimum	25.0	False	neutrophile	optimum	
14101	Pedobacter suwonensis	Pedobacter suwonensis	Pedobacter	Bacteroidota	RS_GCF_900111825.1	GCF_900111825.1	GCA_900111825.1	GCF_900111825.1	accession	True	True	negative	negative	rod	rod	no	no	no	no	aerobe	aerobe	meso	meso	optimum	34.0	False	neutrophile	optimum	
14110	Pedobacter alluvionis	Pedobacter alluvionis	Pedobacter	Bacteroidota	RS_GCF_003664035.1	GCF_003664035.1	GCA_003664035.1	GCF_003664035.1	accession	True	True	negative	negative	rod	rod	no	no	no	no	aerobe	aerobe	meso	meso	optimum	17.0	False	neutrophile	optimum	
14111	Pedobacter nyackensis	Pedobacter nyackensis	Pedobacter	Bacteroidota	RS_GCF_900176505.1	GCF_900176505.1	GCA_900176505.1	GCF_900176505.1	accession	True	True	negative	negative	rod	rod	no	no	no	no	aerobe	aerobe	meso	meso	optimum	17.0	False	neutrophile	optimum	
14112	Pedobacter borealis	Pedobacter borealis	Pedobacter	Bacteroidota	RS_GCF_000708285.2	GCF_000708285.2	GCA_000708285.2	GCF_000708285.2	accession	True	True	negative	negative	rod	rod	no	no	no	no	aerobe	aerobe	meso	meso	optimum	17.0	False	neutrophile	optimum	
14114	Daejeonella oryzae	Daejeonella oryzae	Daejeonella	Bacteroidota	RS_GCF_000422945.1	GCF_000422945.1	GCA_000422945.1	GCF_000422945.1	accession	True	True	negative	negative	rod	rod	no	no	no	no	aerobe	aerobe	meso	meso	optimum	27.5	False	neutrophile	optimum	
14128	Sphingobacterium composti [homonym]	Sphingobacterium allocomposti	Sphingobacterium	Bacteroidota	RS_GCF_008124885.1	GCF_008124885.1	GCA_008124885.1	GCF_008124885.1	accession	True	True	negative	negative	rod	rod	no	no	no	no	aerobe	aerobe	meso	meso	optimum	27.5	False	neutrophile	optimum	
14129	Sphingobacterium wenxiniae	Sphingobacterium wenxiniae	Sphingobacterium	Bacteroidota	RS_GCF_900116225.1	GCF_900116225.1	GCA_900116225.1	GCF_900116225.1	accession	True	True	negative	negative	rod	rod	no	no	no	no	aerobe	aerobe	meso	meso	optimum	30.0	False	neutrophile	optimum	
14130	Sphingobacterium alimentarium	Sphingobacterium alimentarium	Sphingobacterium	Bacteroidota	RS_GCF_004342685.1	GCF_004342685.1	GCA_004342685.1	GCF_004342685.1	accession	True	True	negative	negative	rod	rod	no	no	no	no	aerobe	aerobe	meso	meso	growth_range	25.5	False	neutrophile	growth_range	
14131	Sphingobacterium lactis	Sphingobacterium lactis	Sphingobacterium	Bacteroidota	RS_GCF_011046555.1	GCF_011046555.1	GCA_011046555.1	GCF_011046555.1	accession	True	True	negative	negative	rod	rod	no	no	no	no	aerobe	aerobe	meso	meso	growth_range	25.5	False	neutrophile	growth_range	
14133	Mucilaginibacter gracilis	Mucilaginibacter gracilis	Mucilaginibacter	Bacteroidota	RS_GCF_003633615.1	GCF_003633615.1	GCA_003633615.1	GCF_003633615.1	accession	True	True	negative	negative	rod	rod	no	no	no	no	facultative		meso	meso	optimum	17.5	False	neutrophile	optimum	
14134	Mucilaginibacter paludis	Mucilaginibacter paludis	Mucilaginibacter	Bacteroidota	RS_GCF_000166195.2	GCF_000166195.2	GCA_000166195.3	GCF_000166195.2	accession	True	True	negative	negative	rod	rod	no	no	no	no	facultative	facultative	meso	meso	optimum	20.0	False	neutrophile	optimum	
14135	Mucilaginibacter oryzae	Mucilaginibacter oryzae	Mucilaginibacter	Bacteroidota	RS_GCF_003148845.1	GCF_003148845.1	GCA_003148845.1	GCF_003148845.1	accession	True	True	negative	negative	rod	rod	no	no	no	no	aerobe	aerobe	meso	meso	optimum	27.5	False	neutrophile	optimum	
14136	Parapedobacter composti	Parapedobacter composti	Parapedobacter	Bacteroidota	RS_GCF_900112315.1	GCF_900112315.1	GCA_900112315.1	GCF_900112315.1	accession	True	True	negative	negative	rod	rod	no	no	no	no	aerobe	aerobe	meso	meso	optimum	30.0	False	neutrophile	optimum	
14137	Parapedobacter luteus	Parapedobacter luteus	Parapedobacter	Bacteroidota	RS_GCF_900168055.1	GCF_900168055.1	GCA_900168055.1	GCF_900168055.1	accession	True	True	negative	negative	rod	rod	no	no	no	no	aerobe	aerobe	meso	meso	optimum	30.0	False	neutrophile	optimum	
14140	Solitalea koreensis	Solitalea koreensis	Solitalea	Bacteroidota	RS_GCF_900182575.1	GCF_900182575.1	GCA_900182575.1	GCF_900182575.1	accession	True	True	negative	negative	rod	rod	yes	yes	no	no	aerobe	aerobe	meso	meso	optimum	29.0	False	neutrophile	optimum	
14162	Novosphingobium mathurense	Novosphingobium mathurense	Novosphingobium	Pseudomonadota	RS_GCF_900168325.1	GCF_900168325.1	GCA_900168325.1	GCF_900168325.1	accession	True	True	negative	negative	rod	rod	yes	yes	no	no	aerobe	aerobe	meso	meso	optimum	32.5	False	neutrophile	optimum	
14163	Novosphingobium panipatense	Novosphingobium panipatense	Novosphingobium	Pseudomonadota	RS_GCF_900182875.1	GCF_900182875.1	GCA_900182875.1	GCF_900182875.1	accession	True	True	negative	negative	rod	rod	no	no	no	no	aerobe	aerobe	meso	meso	optimum	32.5	False	neutrophile	optimum	
14164	Novosphingobium acidiphilum	Novosphingobium acidiphilum	Novosphingobium	Pseudomonadota	RS_GCF_000429005.1	GCF_000429005.1	GCA_000429005.1	GCF_000429005.1	accession	True	True	negative	negative	rod	rod	yes	yes	no	no	aerobe	aerobe	meso	meso	optimum	25.0	False	neutrophile	optimum	
14166	Novosphingobium soli	Novosphingobium soli	Novosphingobium	Pseudomonadota	RS_GCF_042683865.1	GCF_042683865.1	GCA_042683865.1	GCF_042683865.1	accession	True	True	negative	negative	rod	rod	yes	yes	no	no	facultative	facultative	meso	meso	optimum	18.0	False	neutrophile	optimum	
14167	Sandarakinorhabdus limnophila	Sandarakinorhabdus limnophila_A	Sandarakinorhabdus	Pseudomonadota	RS_GCF_945882885.1	GCF_945882885.1	GCA_945882885.1	GCF_945882885.1	accession	True	False	negative	negative	rod	rod	no	no	no	no	aerobe	aerobe	meso	meso	growth_single_point	15.0	False		none	
14190	Sphingobium ummariense	Sphingobium ummariense	Sphingobium	Pseudomonadota	RS_GCF_000447205.1	GCF_000447205.1	GCA_000447205.1	GCF_000447205.1	accession	True	True	negative	negative	rod	rod	no	no	no	no	aerobe	aerobe	meso	meso	optimum	28.0	False	neutrophile	optimum	
14192	Sphingobium lactosutens	Sphingobium lactosutens	Sphingobium	Pseudomonadota	RS_GCF_000445105.1	GCF_000445105.1	GCA_000445105.1	GCF_000445105.1	accession	True	True	negative	negative	rod	rod	no	no	no	no	aerobe	aerobe	meso	meso	optimum	28.0	False	neutrophile	optimum	
14194	Sphingobium scionense	Sphingobium scionense	Sphingobium	Pseudomonadota	RS_GCF_014197035.1	GCF_014197035.1	GCA_014197035.1	GCF_014197035.1	accession	True	True	negative	negative	rod	rod	no	no	no	no	aerobe	aerobe	meso	meso	optimum	30.0	False		none	
14195	Sphingobium quisquiliarum	Sphingobium quisquiliarum	Sphingobium	Pseudomonadota	RS_GCF_000445065.1	GCF_000445065.1	GCA_000445065.1	GCF_000445065.1	accession	True	True	negative	negative	rod	rod	no	no	no	no	aerobe	aerobe	meso	meso	optimum	28.0	False	neutrophile	optimum	
14196	Sphingobium faniae	Sphingobium faniae	Sphingobium	Pseudomonadota	GB_GCA_900100475.1	GCA_900100475.1	GCA_900100475.1		accession	True	True	negative	negative	rod	rod	no	no	no	no	aerobe	aerobe	meso	meso	optimum	30.0	False	neutrophile	optimum	
14240	Sphingomonas oligophenolica	Sphingomonas oligophenolica	Sphingomonas	Pseudomonadota	RS_GCF_039522915.1	GCF_039522915.1	GCA_039522915.1	GCF_039522915.1	accession	True	True	negative	negative	rod	rod	no	no	no	no	aerobe	aerobe	meso	meso	optimum	20.5	False		none	
14241	Sphingomonas phyllosphaerae	Sphingomonas phyllosphaerae	Sphingomonas	Pseudomonadota	RS_GCF_000427645.1	GCF_000427645.1	GCA_000427645.1	GCF_000427645.1	accession	True	True	negative	negative	rod	rod	yes	yes	no	no	aerobe	aerobe	meso	meso	growth_range	23.5	False		none	
14243	Sphingomonas abaci	Sphingomonas abaci	Sphingomonas	Pseudomonadota	RS_GCF_014199625.1	GCF_014199625.1	GCA_014199625.1	GCF_014199625.1	accession	True	True	negative	negative	rod	rod	no	no	no	no	aerobe	aerobe	meso	meso	optimum	21.5	False		none	
14248	Sphingomonas molluscorum	Sphingomonas molluscorum	Sphingomonas	Pseudomonadota	RS_GCF_039522995.1	GCF_039522995.1	GCA_039522995.1	GCF_039522995.1	accession	True	True	negative	negative	rod	rod	no	no	no	no	aerobe	aerobe	meso	meso	optimum	26.5	False		none	
14253	Sphingomonas kaistensis	Sphingomicrobium kaistense	Sphingomicrobium	Pseudomonadota	RS_GCF_011927725.1	GCF_011927725.1	GCA_011927725.1	GCF_011927725.1	accession	True	True	negative	negative	rod	rod	no	no	no	no	aerobe	aerobe	meso	meso	optimum	27.5	False		none	
14262	Sphingomonas histidinilytica	Rhizorhabdus histidinilytica	Rhizorhabdus	Pseudomonadota	RS_GCF_900167915.1	GCF_900167915.1	GCA_900167915.1	GCF_900167915.1	accession	True	True	negative	negative	rod	rod	yes	yes	no	no	aerobe	aerobe	meso	meso	optimum	28.0	False	neutrophile	optimum	
14263	Sphingomonas glacialis	Sphingomonas glacialis	Sphingomonas	Pseudomonadota	RS_GCF_014653575.1	GCF_014653575.1	GCA_014653575.1	GCF_014653575.1	accession	True	True	negative	negative	rod	rod	no	no	no	no	aerobe	aerobe	psychro	psychro	growth_range	13.0	False	neutrophile	growth_range	
14271	Sphingomonas indica	Allosphingosinicella indica	Allosphingosinicella	Pseudomonadota	RS_GCF_900177405.1	GCF_900177405.1	GCA_900177405.1	GCF_900177405.1	accession	True	True	negative	negative	rod	rod	no	no	no	no	aerobe	aerobe	meso	meso	optimum	28.0	False	neutrophile	optimum	
14282	Sphingorhabdus litoris	Parasphingorhabdus litoris	Parasphingorhabdus	Pseudomonadota	RS_GCF_020906275.1	GCF_020906275.1	GCA_020906275.1	GCF_020906275.1	accession	True	True	negative	negative	rod	rod	yes	yes	no	no	aerobe	aerobe	meso	meso	optimum	27.75	False	neutrophile	optimum	
14283	Sphingorhabdus marina	Parasphingorhabdus marina	Parasphingorhabdus	Pseudomonadota	RS_GCF_900128895.1	GCF_900128895.1	GCA_900128895.1	GCF_900128895.1	accession	True	True	negative	negative	rod	rod	yes	yes	no	no	aerobe	aerobe	meso	meso	optimum	27.75	False	neutrophile	optimum	
14285	Sphingopyxis soli	Sphingopyxis soli	Sphingopyxis	Pseudomonadota	RS_GCF_018682675.1	GCF_018682675.1	GCA_018682675.1	GCF_018682675.1	accession	True	True	negative	negative	rod	rod	yes	yes	no	no	aerobe	aerobe	meso	meso	optimum	30.0	False	neutrophile	optimum	
14295	Sphingosinicella soli	Sphingosinicella soli	Sphingosinicella	Pseudomonadota	RS_GCF_014199685.1	GCF_014199685.1	GCA_014199685.1	GCF_014199685.1	accession	True	True	negative	negative	rod	rod	yes	yes	no	no	aerobe	aerobe	meso	meso	optimum	30.0	False	neutrophile	optimum	
14297	Stakelama pacifica	Sphingomonas pacifica	Sphingomonas	Pseudomonadota	RS_GCF_004361835.1	GCF_004361835.1	GCA_004361835.1	GCF_004361835.1	accession	True	True	negative	negative	rod	rod	yes	yes	no	no	aerobe	aerobe	meso	meso	optimum	28.0	False	neutrophile	optimum	
14298	Sphingomicrobium lutaoense	Sphingomicrobium lutaoense	Sphingomicrobium	Pseudomonadota	RS_GCF_014195685.1	GCF_014195685.1	GCA_014195685.1	GCF_014195685.1	accession	True	True	negative	negative	rod	rod	no	no	no	no	aerobe	aerobe	meso	meso	growth_range	30.0	False	alkaliphile	growth_range	
14299	Parasphingopyxis lamellibrachiae	Parasphingopyxis lamellibrachiae	Parasphingopyxis	Pseudomonadota	RS_GCF_003385775.1	GCF_003385775.1	GCA_003385775.1	GCF_003385775.1	accession	True	True	negative	negative	rod	rod	yes	yes	no	no	aerobe	aerobe	meso	meso	optimum	29.0	False	neutrophile	optimum	
14324	Gracilinema caldarium	Gracilinema caldarium	Gracilinema	Spirochaetota	RS_GCF_000219725.1	GCF_000219725.1	GCA_000219725.1	GCF_000219725.1	accession	True	True	negative	negative	other	spiral	yes	yes	no	no	anaerobe	anaerobe	thermo	thermo	optimum	50.0	False	neutrophile	optimum	
14405	Sporolactobacillus putidus	Sporolactobacillus putidus	Sporolactobacillus	Bacillota	RS_GCF_014647035.1	GCF_014647035.1	GCA_014647035.1	GCF_014647035.1	accession	True	True	positive	positive	rod	rod	yes	yes	yes	yes	anaerobe	anaerobe	meso	meso	optimum	35.0	False	acidophile	optimum	
14409	Sinobaca qinghaiensis	Sinobaca qinghaiensis	Sinobaca	Bacillota	RS_GCF_003610495.1	GCF_003610495.1	GCA_003610495.1	GCF_003610495.1	accession	True	True	positive	positive	coccus	coccus	yes	yes	no	no	aerobe	aerobe	meso	meso	optimum	28.0	False	alkaliphile	optimum	
14415	Jeotgalicoccus aerolatus	Jeotgalicoccus aerolatus	Jeotgalicoccus	Bacillota	RS_GCF_014635205.1	GCF_014635205.1	GCA_014635205.1	GCF_014635205.1	accession	True	True	positive	positive	coccus	coccus	no	no	no	no	aerobe	aerobe	meso	meso	optimum	39.5	False		none	
14416	Jeotgalicoccus coquinae	Jeotgalicoccus coquinae	Jeotgalicoccus	Bacillota	RS_GCF_014207425.1	GCF_014207425.1	GCA_014207425.1	GCF_014207425.1	accession	True	True	positive	positive	coccus	coccus	no	no	no	no	aerobe	aerobe	meso	meso	growth_range	34.0	False		none	
14430	Salinicoccus jeotgali	Salinicoccus jeotgali	Salinicoccus	Bacillota	RS_GCF_039538805.1	GCF_039538805.1	GCA_039538805.1	GCF_039538805.1	accession	True	True	positive	positive	coccus	coccus	no	no	no	no	aerobe	aerobe	meso	meso	optimum	30.0	False	neutrophile	optimum	
14431	Salinicoccus luteus	Salinicoccus luteus	Salinicoccus	Bacillota	RS_GCF_000712035.1	GCF_000712035.1	GCA_000712035.1	GCF_000712035.1	accession	True	True	positive	positive	coccus	coccus	no	no	no	no	aerobe	aerobe	meso	meso	optimum	30.0	False	alkaliphile	optimum	
14432	Salinicoccus siamensis	Salinicoccus siamensis	Salinicoccus	Bacillota	RS_GCF_042429615.1	GCF_042429615.1	GCA_042429615.1	GCF_042429615.1	accession	True	True	positive	positive	coccus	coccus	no	no	no	no	aerobe	aerobe	meso	meso	optimum	37.0	False	alkaliphile	optimum	
14437	Salinicoccus albus	Salinicoccus albus	Salinicoccus	Bacillota	RS_GCF_000385175.1	GCF_000385175.1	GCA_000385175.1	GCF_000385175.1	accession	True	True	positive	positive	coccus	coccus	no	no	no	no	aerobe	aerobe	meso	meso	optimum	25.0	False	alkaliphile	optimum	
14438	Salinicoccus carnicancri	Salinicoccus carnicancri	Salinicoccus	Bacillota	RS_GCF_000330705.1	GCF_000330705.1	GCA_000330705.1	GCF_000330705.1	accession	True	True	positive	positive	coccus	coccus	no	no	no	no	aerobe	aerobe	meso	meso	optimum	33.5	False	neutrophile	optimum	
14506	Staphylococcus capitis subsp. capitis	Staphylococcus capitis	Staphylococcus	Bacillota	RS_GCF_040739495.1	GCF_040739495.1	GCA_040739495.1	GCF_040739495.1	accession	True	True	positive	positive	coccus	coccus	no	no	no	no	aerobe	aerobe	meso	meso	growth_single_point	37.0	False		none	
14681	Nosocomiicoccus ampullae	Nosocomiicoccus ampullae	Nosocomiicoccus	Bacillota	RS_GCF_019357495.1	GCF_019357495.1	GCA_019357495.1	GCF_019357495.1	accession	True	True	positive	positive	coccus	coccus	no	no	no	no	aerobe	aerobe	meso	meso	optimum	35.25	False	neutrophile	optimum	
14740	Streptococcus oralis subsp. oralis	Streptococcus oralis	Streptococcus	Bacillota	RS_GCF_900637025.1	GCF_900637025.1	GCA_900637025.1	GCF_900637025.1	accession	True	True	positive	positive	coccus	coccus	no	no	no	no	facultative		meso	meso	growth_range	33.5	False		none	
14787	Streptococcus uberis	Streptococcus uberis	Streptococcus	Bacillota	RS_GCF_900475595.1	GCF_900475595.1	GCA_900475595.1	GCF_900475595.1	accession	True	True	positive	positive	coccus	coccus	no	no	no	no	facultative		meso	meso	growth_range	33.5	False		none	
14818	Streptococcus pluranimalium	Streptococcus pluranimalium	Streptococcus	Bacillota	RS_GCF_965137375.1	GCF_965137375.1	GCA_965137375.1	GCF_965137375.1	designation	True	True	positive	positive	coccus	coccus	no	no	no	no	facultative		meso	meso	growth_range	35.5	False		none	
14823	Streptococcus halichoeri subsp. halichoeri	Streptococcus halichoeri	Streptococcus	Bacillota	RS_GCF_009870755.1	GCF_009870755.1	GCA_009870755.1	GCF_009870755.1	accession	True	True	positive	positive	coccus	coccus	no	no	no	no	facultative		meso	meso	growth_range	33.0	False		none	
14835	Streptococcus marimammalium	Streptococcus marimammalium	Streptococcus	Bacillota	RS_GCF_000380045.1	GCF_000380045.1	GCA_000380045.1	GCF_000380045.1	accession	True	True	positive	positive	coccus	coccus	no	no	no	no	facultative		meso	meso	growth_range	31.0	False		none	
14844	Streptococcus merionis	Streptococcus merionis	Streptococcus	Bacillota	RS_GCF_000380085.1	GCF_000380085.1	GCA_000380085.1	GCF_000380085.1	accession	True	True	positive	positive	coccus	coccus	no	no	no	no	facultative		meso	meso	optimum	27.5	False		none	
14845	Streptococcus porci	Streptococcus porci	Streptococcus	Bacillota	RS_GCF_000423765.1	GCF_000423765.1	GCA_000423765.1	GCF_000423765.1	accession	True	True	positive	positive	coccus	coccus	no	no	no	no	facultative		meso	meso	growth_range	33.5	False	alkaliphile	growth_single_point	
14849	Streptococcus oralis subsp. tigurinus	Streptococcus oralis_E	Streptococcus	Bacillota	GB_GCA_000344275.1	GCA_000344275.1	GCA_000344275.1		designation	True	False	positive	positive	coccus	coccus	no	no	no	no	facultative		meso	meso	growth_range	33.5	False		none	
14879	Streptacidiphilus oryzae	Phaeacidiphilus oryzae	Phaeacidiphilus	Actinomycetota	RS_GCF_000744815.1	GCF_000744815.1	GCA_000744815.1	GCF_000744815.1	accession	True	True	positive	positive	rod	rod	no	no	yes	yes	aerobe	aerobe	meso	meso	optimum	30.0	False	neutrophile	optimum	
15206	Streptomyces microflavus	Streptomyces microflavus	Streptomyces	Actinomycetota	RS_GCF_000385945.1	GCF_000385945.1	GCA_000385945.1	GCF_000385945.1	accession	True	False	positive	positive	rod	rod	no	no	yes	yes	aerobe	aerobe	meso	meso	optimum	30.0	False		none	
15293	Streptomyces hiroshimensis	Streptomyces hiroshimensis	Streptomyces	Actinomycetota	RS_GCF_014650335.1	GCF_014650335.1	GCA_014650335.1	GCF_014650335.1	accession	True	True	positive	positive	rod	rod	no	no	yes	yes	aerobe	aerobe	meso	meso	optimum	28.0	False		none	
15393	Streptomyces mashuensis	Streptomyces mashuensis	Streptomyces	Actinomycetota	RS_GCF_014654785.1	GCF_014654785.1	GCA_014654785.1	GCF_014654785.1	accession	True	True	positive	positive	other	filamentous	no	no	yes	yes	aerobe	aerobe	meso	meso	growth_range	35.0	False		none	
15586	Streptomyces scabiei	Streptomyces scabiei	Streptomyces	Actinomycetota	RS_GCF_051172975.1	GCF_051172975.1	GCA_051172975.1	GCF_051172975.1	accession	True	True	positive	positive	rod	rod	no	no	yes	yes	aerobe	aerobe	meso	meso	optimum	28.0	False		none	
16024	Streptomyces heilongjiangensis	Streptomyces heilongjiangensis	Streptomyces	Actinomycetota	RS_GCF_028401405.1	GCF_028401405.1	GCA_028401405.1	GCF_028401405.1	accession	True	True	positive	positive	rod	rod	no	no	yes	yes	aerobe	aerobe	meso	meso	optimum	30.0	False	neutrophile	optimum	
16142	Streptomyces abikoensis	Streptomyces abikoensis	Streptomyces	Actinomycetota	RS_GCF_014648775.1	GCF_014648775.1	GCA_014648775.1	GCF_014648775.1	accession	True	True	positive	positive	rod	rod	no	no	yes	yes	aerobe	aerobe	meso	meso	optimum	28.0	False		none	
16145	Streptomyces luteosporeus	Streptomyces luteosporeus	Streptomyces	Actinomycetota	RS_GCF_039532865.1	GCF_039532865.1	GCA_039532865.1	GCF_039532865.1	accession	True	True	positive	positive	rod	rod	no	no	yes	yes	aerobe	aerobe	meso	meso	optimum	37.0	False		none	
16158	Streptomyces eurocidicus	Streptomyces eurocidicus	Streptomyces	Actinomycetota	RS_GCF_002891295.1	GCF_002891295.1	GCA_002891295.1	GCF_002891295.1	accession	True	True	positive	positive	rod	rod	no	no	yes	yes	aerobe	aerobe	meso	meso	optimum	28.0	False		none	
16163	Streptomyces mobaraensis	Streptomyces mobaraensis	Streptomyces	Actinomycetota	RS_GCF_017916255.1	GCF_017916255.1	GCA_017916255.1	GCF_017916255.1	accession	True	True	positive	positive	other	filamentous	no	no	yes	yes	aerobe	aerobe	meso	meso	optimum	28.0	False		none	
16179	Streptomyces decoyicus	Streptomyces decoyicus	Streptomyces	Actinomycetota	RS_GCF_019880305.1	GCF_019880305.1	GCA_019880305.1	GCF_019880305.1	accession	True	True	positive	positive	rod	rod	no	no	yes	yes	aerobe	aerobe	meso	meso	optimum	28.0	False	alkaliphile	growth_range	
16220	Streptomyces morookaense	Streptomyces morookaensis	Streptomyces	Actinomycetota	RS_GCF_013030945.1	GCF_013030945.1	GCA_013030945.1	GCF_013030945.1	accession	True	True	positive	positive	other	filamentous	no	no	yes	yes	aerobe	aerobe	meso	meso	optimum	28.0	False		none	
16326	Streptomyces angustmyceticus	Streptomyces angustmyceticus	Streptomyces	Actinomycetota	RS_GCF_019933235.1	GCF_019933235.1	GCA_019933235.1	GCF_019933235.1	accession	True	True	positive	positive	other	filamentous	no	no	yes	yes	aerobe	aerobe	meso	meso	optimum	28.0	False	alkaliphile	growth_range	
16340	Streptomyces thermocarboxydus	Streptomyces cellulosae	Streptomyces	Actinomycetota	RS_GCF_039524715.1	GCF_039524715.1	GCA_039524715.1	GCF_039524715.1	accession	True	True	positive	positive	rod	rod	no	no	yes	yes	aerobe	aerobe	thermo	thermo	optimum	45.0	False		none	
16395	Streptomyces sodiiphilus	Streptomyces sodiiphilus	Streptomyces	Actinomycetota	RS_GCF_039529215.1	GCF_039529215.1	GCA_039529215.1	GCF_039529215.1	accession	True	True	positive	positive	rod	rod	no	no	yes	yes	aerobe	aerobe	meso	meso	optimum	28.0	False	neutrophile	optimum	
16401	Embleya scabrispora	Embleya scabrispora	Embleya	Actinomycetota	RS_GCF_000372745.1	GCF_000372745.1	GCA_000372745.1	GCF_000372745.1	accession	True	True	positive	positive	rod	rod	no	no	yes	yes	aerobe	aerobe	meso	meso	growth_range	27.5	False	neutrophile	optimum	
16403	Streptomyces drozdowiczii	Streptomyces drozdowiczii	Streptomyces	Actinomycetota	RS_GCF_039534625.1	GCF_039534625.1	GCA_039534625.1	GCF_039534625.1	accession	True	True	positive	positive	rod	rod	no	no	yes	yes	aerobe	aerobe	meso	meso	optimum	28.0	False		none	
16408	Streptomyces cheonanensis	Streptomyces carpaticus	Streptomyces	Actinomycetota	RS_GCF_039529885.1	GCF_039529885.1	GCA_039529885.1	GCF_039529885.1	accession	True	True	positive	positive	rod	rod	no	no	yes	yes	aerobe	aerobe	meso	meso	optimum	29.0	False	neutrophile	optimum	
16429	Streptomyces guanduensis	Actinacidiphila guanduensis	Actinacidiphila	Actinomycetota	RS_GCF_900103985.1	GCF_900103985.1	GCA_900103985.1	GCF_900103985.1	accession	True	True	positive	positive	rod	rod	no	no	yes	yes	aerobe	aerobe	meso	meso	optimum	33.5	False	neutrophile	optimum	
16430	Streptomyces paucisporeus	Actinacidiphila paucisporea	Actinacidiphila	Actinomycetota	RS_GCF_900142575.1	GCF_900142575.1	GCA_900142575.1	GCF_900142575.1	accession	True	True	positive	positive	rod	rod	no	no	yes	yes	aerobe	aerobe	meso	meso	optimum	33.5	False	neutrophile	optimum	
16431	Streptomyces rubidus	Actinacidiphila rubida	Actinacidiphila	Actinomycetota	RS_GCF_900110255.1	GCF_900110255.1	GCA_900110255.1	GCF_900110255.1	accession	True	True	positive	positive	rod	rod	no	no	yes	yes	aerobe	aerobe	meso	meso	optimum	33.5	False	neutrophile	optimum	
16432	Streptomyces yanglinensis	Actinacidiphila yanglinensis	Actinacidiphila	Actinomycetota	RS_GCF_900107965.1	GCF_900107965.1	GCA_900107965.1	GCF_900107965.1	accession	True	True	positive	positive	rod	rod	no	no	yes	yes	aerobe	aerobe	meso	meso	optimum	33.5	False	neutrophile	optimum	
16435	Streptomyces synnematoformans	Streptomyces synnematoformans	Streptomyces	Actinomycetota	RS_GCF_039531005.1	GCF_039531005.1	GCA_039531005.1	GCF_039531005.1	accession	True	True	positive	positive	rod	rod	no	no	yes	yes	aerobe	aerobe	meso	meso	optimum	23.5	False	neutrophile	optimum	
16458	Streptomyces axinellae	Streptomyces axinellae	Streptomyces	Actinomycetota	RS_GCF_039532135.1	GCF_039532135.1	GCA_039532135.1	GCF_039532135.1	accession	True	True	positive	positive	rod	rod	no	no	yes	yes	aerobe	aerobe	meso	meso	optimum	30.0	False		none	
16526	Sphaerimonospora mesophila	Sphaerimonospora mesophila	Sphaerimonospora	Actinomycetota	GB_GCA_001552515.1	GCA_001552515.1	GCA_001552515.1		accession	True	True	positive	positive	rod	rod	no	no	yes	yes	aerobe	aerobe	meso	meso	optimum	37.75	False	neutrophile	growth_range	
16563	Nonomuraea bangladeshensis	Nonomuraea bangladeshensis	Nonomuraea	Actinomycetota	RS_GCF_039529455.1	GCF_039529455.1	GCA_039529455.1	GCF_039529455.1	accession	True	True	positive	positive	rod	rod	no	no	yes	yes	aerobe	aerobe	meso	meso	optimum	29.0	False	neutrophile	optimum	
16564	Nonomuraea coxensis	Nonomuraea coxensis	Nonomuraea	Actinomycetota	RS_GCF_019397265.1	GCF_019397265.1	GCA_019397265.1	GCF_019397265.1	accession	True	True	positive	positive	rod	rod	no	no	yes	yes	aerobe	aerobe	meso	meso	optimum	30.0	False	neutrophile	optimum	
16573	Nonomuraea jabiensis	Nonomuraea jabiensis	Nonomuraea	Actinomycetota	RS_GCF_014204795.1	GCF_014204795.1	GCA_014204795.1	GCF_014204795.1	accession	True	True	positive	positive	other	spiral	no	no	yes	yes	aerobe	aerobe	meso	meso	optimum	28.0	False	neutrophile	optimum	
16583	Planotetraspora thailandica	Planotetraspora thailandica	Planotetraspora	Actinomycetota	RS_GCF_016863335.1	GCF_016863335.1	GCA_016863335.1	GCF_016863335.1	accession	True	True	positive	positive	rod	rod	no	no	yes	yes	aerobe	aerobe	meso	meso	optimum	27.5	False		none	
16584	Planotetraspora kaengkrachanensis	Planotetraspora kaengkrachanensis	Planotetraspora	Actinomycetota	RS_GCF_016862895.1	GCF_016862895.1	GCA_016862895.1	GCF_016862895.1	accession	True	True	positive	positive	other	other	no	no	yes	yes	aerobe	aerobe	meso	meso	optimum	27.5	False	neutrophile	optimum	
16585	Planotetraspora phitsanulokensis	Planotetraspora phitsanulokensis	Planotetraspora	Actinomycetota	RS_GCF_016863295.1	GCF_016863295.1	GCA_016863295.1	GCF_016863295.1	accession	True	True	positive	positive	other	other	no	no	yes	yes	aerobe	aerobe	meso	meso	optimum	27.5	False	neutrophile	optimum	
16638	Succinatimonas hippei	Succinatimonas hippei	Succinatimonas	Pseudomonadota	RS_GCF_000188195.1	GCF_000188195.1	GCA_000188195.1	GCF_000188195.1	accession	True	True	negative	negative	rod	rod	no	no	no	no	anaerobe	anaerobe	meso	meso	optimum	37.5	False		none	
16679	Desulfosoma caldarium	Desulfosoma caldarium	Desulfosoma	Desulfobacterota	RS_GCF_003751385.1	GCF_003751385.1	GCA_003751385.1	GCF_003751385.1	accession	True	True	negative	negative	rod	rod	yes	yes	no	no	anaerobe	anaerobe	thermo	thermo	optimum	57.0	False	neutrophile	optimum	
16698	Fervidicola ferrireducens	Fervidicola ferrireducens	Fervidicola	Bacillota	RS_GCF_001562425.1	GCF_001562425.1	GCA_001562425.1	GCF_001562425.1	accession	True	True	negative	negative	rod	rod	yes	yes	no	no	anaerobe	anaerobe	thermo	thermo	optimum	70.0	False	neutrophile	optimum	
16711	Meiothermus hypogaeus	Meiothermus hypogaeus	Meiothermus	Deinococcota	RS_GCF_003574035.1	GCF_003574035.1	GCA_003574035.1	GCF_003574035.1	accession	True	True	negative	negative	rod	rod	no	no	no	no	aerobe	aerobe	thermo	thermo	optimum	50.0	False	neutrophile	optimum	
16732	Thermus islandicus	Thermus islandicus	Thermus	Deinococcota	RS_GCF_000421625.1	GCF_000421625.1	GCA_000421625.1	GCF_000421625.1	accession	True	True	negative	negative	rod	rod	no	no	no	no	aerobe	aerobe	thermo	thermo	optimum	65.0	False	neutrophile	optimum	
16790	Ammonifex thiophilus	Ammonifex thiophilus	Ammonifex	Bacillota	RS_GCF_003368535.1	GCF_003368535.1	GCA_003368535.1	GCF_003368535.1	accession	True	True	positive	positive	rod	rod	yes	yes	yes	yes	anaerobe	anaerobe	thermo	thermo	optimum	75.0	False	neutrophile	optimum	
16798	Tepidanaerobacter syntrophicus	Tepidanaerobacter syntrophicus	Tepidanaerobacter	Bacillota	RS_GCF_001485475.2	GCF_001485475.2	GCA_001485475.2	GCF_001485475.2	accession	True	True	negative	negative	rod	rod	no	no	no	no	anaerobe	anaerobe	thermo	thermo	optimum	47.5	False	neutrophile	optimum	
16822	Moorella humiferrea	Neomoorella humiferrea	Neomoorella	Bacillota	RS_GCF_002995755.1	GCF_002995755.1	GCA_002995755.1	GCF_002995755.1	accession	True	True	positive	positive	rod	rod	yes	yes	yes	yes	anaerobe	anaerobe	thermo	thermo	optimum	65.0	False	neutrophile	optimum	
16848	Thermoanaerobacter pseudethanolicus	Thermoanaerobacter pseudethanolicus	Thermoanaerobacter	Bacillota	RS_GCF_000019085.1	GCF_000019085.1	GCA_000019085.1	GCF_000019085.1	accession	True	True	positive	positive	rod	rod	yes	yes	yes	yes	anaerobe	anaerobe	thermo	thermo	optimum	65.0	False		none	
16849	Desulfovirgula thermocuniculi	Desulfovirgula thermocuniculi	Desulfovirgula	Bacillota	RS_GCF_000429345.1	GCF_000429345.1	GCA_000429345.1	GCF_000429345.1	accession	True	True	positive	positive	rod	rod	yes	yes	yes	yes	anaerobe	anaerobe	thermo	thermo	optimum	70.5	False	neutrophile	optimum	
16851	Caldanaerobius fijiensis	Caldanaerobius fijiensis	Caldanaerobius	Bacillota	RS_GCF_900129075.1	GCF_900129075.1	GCA_900129075.1	GCF_900129075.1	accession	True	True	negative	negative	rod	rod	yes	yes	yes	yes	anaerobe	anaerobe	thermo	thermo	optimum	61.5	False	neutrophile	optimum	
16889	Thermodesulfatator indicus	Thermodesulfatator indicus	Thermodesulfatator	Desulfobacterota	RS_GCF_000217795.1	GCF_000217795.1	GCA_000217795.1	GCF_000217795.1	accession	True	True	negative	negative	rod	rod	yes	yes	no	no	anaerobe	anaerobe	thermo	thermo	optimum	70.0	False	neutrophile	optimum	
16897	Thermosulfurimonas dismutans	Thermosulfurimonas dismutans	Thermosulfurimonas	Desulfobacterota	RS_GCF_001652585.1	GCF_001652585.1	GCA_001652585.1	GCF_001652585.1	accession	True	True	negative	negative	other	other	yes	yes	no	no	anaerobe	anaerobe	thermo	thermo	optimum	74.0	False	neutrophile	optimum	
16902	Caldanaerovirga acetigignens	Fervidicola acetigignens	Fervidicola	Bacillota	RS_GCF_900142995.1	GCF_900142995.1	GCA_900142995.1	GCF_900142995.1	accession	True	True	negative	negative	rod	rod	no	no	no	no	anaerobe	anaerobe	thermo	thermo	optimum	61.0	False	neutrophile	optimum	
16913	Actinocorallia longicatena	Actinocorallia longicatena	Actinocorallia	Actinomycetota	RS_GCF_039534125.1	GCF_039534125.1	GCA_039534125.1	GCF_039534125.1	accession	True	True	positive	positive	rod	rod	no	no	no	no	aerobe	aerobe	meso	meso	growth_range	31.5	False		none	
16931	Actinomadura luteofluorescens	Spirillospora luteofluorescens	Spirillospora	Actinomycetota	RS_GCF_013409365.1	GCF_013409365.1	GCA_013409365.1	GCF_013409365.1	accession	True	True	positive	positive	rod	rod	no	no	yes	yes	aerobe	aerobe	meso	meso	optimum	28.0	False		none	
16963	Actinomadura verrucosospora	Spirillospora verrucosospora	Spirillospora	Actinomycetota	RS_GCF_039540335.1	GCF_039540335.1	GCA_039540335.1	GCF_039540335.1	accession	True	True	positive	positive	rod	rod	no	no	yes	yes	aerobe	aerobe	meso	meso	optimum	28.0	False		none	
16966	Actinomadura formosensis	Spirillospora formosensis	Spirillospora	Actinomycetota	RS_GCF_001552155.1	GCF_001552155.1	GCA_001552155.1	GCF_001552155.1	accession	True	True	positive	positive	rod	rod	no	no	yes	yes	aerobe	aerobe	meso	meso	optimum	37.0	False		none	
16970	Actinomadura viridilutea	Spirillospora viridilutea	Spirillospora	Actinomycetota	RS_GCF_001552235.1	GCF_001552235.1	GCA_001552235.1	GCF_001552235.1	accession	False	True	positive	positive	rod	rod	no	no	no	no	aerobe	aerobe	thermo	thermo	optimum	55.0	False		none	
16986	Actinomadura namibiensis	Spirillospora kijaniata	Spirillospora	Actinomycetota	RS_GCF_014138665.1	GCF_014138665.1	GCA_014138665.1	GCF_014138665.1	accession	True	True	positive	positive	rod	rod	no	no	yes	yes	aerobe	aerobe	meso	meso	optimum	28.0	False		none	
16995	Actinomadura alba	Actinomadura_C alba	Actinomadura_C	Actinomycetota	RS_GCF_039530285.1	GCF_039530285.1	GCA_039530285.1	GCF_039530285.1	accession	True	True	positive	positive	rod	rod	no	no	yes	yes	aerobe	aerobe	meso	meso	optimum	28.0	False	neutrophile	optimum	
16999	Actinomadura flavalba	Spirillospora flavalba	Spirillospora	Actinomycetota	RS_GCF_000374305.1	GCF_000374305.1	GCA_000374305.1	GCF_000374305.1	accession	True	True	positive	positive	rod	rod	no	no	yes	yes	aerobe	aerobe	meso	meso	optimum	28.0	False	neutrophile	optimum	
17001	Actinomadura scrupuli	Actinomadura_E scrupuli	Actinomadura_E	Actinomycetota	RS_GCF_050971785.1	GCF_050971785.1	GCA_050971785.1	GCF_050971785.1	accession	True	True	positive	positive	rod	rod	no	no	no	no	aerobe	aerobe	meso	meso	optimum	25.0	False	neutrophile	optimum	
17012	Actinoallomurus purpureus	Actinoallomurus purpureus	Actinoallomurus	Actinomycetota	RS_GCF_024055795.1	GCF_024055795.1	GCA_024055795.1	GCF_024055795.1	accession	True	True	positive	positive	rod	rod	no	no	yes	yes	aerobe	aerobe	meso	meso	optimum	22.5	False	neutrophile	optimum	
17033	Fervidobacterium nodosum	Fervidobacterium nodosum	Fervidobacterium	Thermotogota	RS_GCF_000017545.1	GCF_000017545.1	GCA_000017545.1	GCF_000017545.1	accession	True	True	negative	negative	rod	rod	yes	yes	no	no	anaerobe	anaerobe	thermo	thermo	optimum	70.0	False	neutrophile	optimum	
17071	Kosmotoga olearia	Kosmotoga olearia	Kosmotoga	Thermotogota	RS_GCF_000023325.1	GCF_000023325.1	GCA_000023325.1	GCF_000023325.1	accession	True	True	negative	negative	rod	rod	no	no	no	no	anaerobe	anaerobe	thermo	thermo	optimum	65.0	False	neutrophile	optimum	
17106	Tsukamurella pseudospumae	Tsukamurella pseudospumae	Tsukamurella	Actinomycetota	RS_GCF_001575205.1	GCF_001575205.1	GCA_001575205.1	GCF_001575205.1	accession	True	True	positive	positive	rod	rod	no	no	no	no	aerobe	aerobe	meso	meso	optimum	25.75	False		none	
17124	Dialister succinatiphilus	Dialister succinatiphilus	Dialister	Bacillota	RS_GCF_000242435.1	GCF_000242435.1	GCA_000242435.1	GCF_000242435.1	accession	True	True	negative	negative	coccus	coccus	no	no	no	no	anaerobe	anaerobe	meso	meso	optimum	37.0	False	neutrophile	optimum	
17126	Megamonas funiformis	Megamonas funiformis	Megamonas	Bacillota	RS_GCF_010669225.1	GCF_010669225.1	GCA_010669225.1	GCF_010669225.1	accession	True	True	negative	negative	rod	rod	no	no	no	no	anaerobe	anaerobe	meso	meso	growth_single_point	37.0	False		none	
17131	Megasphaera paucivorans	Megasphaera_A paucivorans	Megasphaera_A	Bacillota	RS_GCF_900103535.1	GCF_900103535.1	GCA_900103535.1	GCF_900103535.1	accession	True	True	negative	negative	coccus	coccus	no	no	no	no	anaerobe	anaerobe	meso	meso	optimum	30.0	False	neutrophile	optimum	
17146	Pectinatus haikarae	Pectinatus haikarae	Pectinatus	Bacillota	RS_GCF_030813505.1	GCF_030813505.1	GCA_030813505.1	GCF_030813505.1	accession	True	True	negative	negative	rod	rod	yes	yes	no	no	anaerobe	anaerobe	meso	meso	optimum	25.0	False	neutrophile	optimum	
17147	Pectinatus brassicae	Pectinatus brassicae	Pectinatus	Bacillota	RS_GCF_014201835.1	GCF_014201835.1	GCA_014201835.1	GCF_014201835.1	accession	True	True	negative	negative	rod	rod	yes	yes	no	no	anaerobe	anaerobe	meso	meso	optimum	28.0	False	neutrophile	optimum	
17166	Selenomonas bovis	Selenomonas_C bovis	Selenomonas_C	Bacillota	RS_GCF_000381005.1	GCF_000381005.1	GCA_000381005.1	GCF_000381005.1	accession	True	True	negative	negative	rod	rod	yes	yes	no	no	anaerobe	anaerobe	meso	meso	optimum	39.0	False	neutrophile	optimum	
17167	Thermosinus carboxydivorans	Thermosinus carboxydivorans	Thermosinus	Bacillota	RS_GCF_000169155.1	GCF_000169155.1	GCA_000169155.1	GCF_000169155.1	accession	True	True	negative	negative	rod	rod	yes	yes	no	no	anaerobe	anaerobe	thermo	thermo	optimum	60.0	False	neutrophile	optimum	
17177	Veillonella montpellierensis	Veillonella montpellierensis	Veillonella	Bacillota	RS_GCF_000426745.1	GCF_000426745.1	GCA_000426745.1	GCF_000426745.1	accession	True	True	negative	negative	coccus	coccus	no	no	no	no	anaerobe	anaerobe	meso	meso	growth_single_point	37.0	False		none	
17178	Veillonella rogosae	Veillonella rogosae	Veillonella	Bacillota	RS_GCF_002959775.1	GCF_002959775.1	GCA_002959775.1	GCF_002959775.1	accession	True	True	negative	negative	coccus	coccus	no	no	no	no	anaerobe	anaerobe	meso	meso	growth_single_point	37.0	False		none	
17179	Veillonella denticariosi	Veillonella denticariosi	Veillonella	Bacillota	RS_GCF_002959855.1	GCF_002959855.1	GCA_002959855.1	GCF_002959855.1	accession	True	True	negative	negative	coccus	coccus	no	no	no	no	anaerobe	anaerobe	meso	meso	growth_single_point	37.0	False		none	
17212	Persicirhabdus sediminis	Persicirhabdus sediminis	Persicirhabdus	Verrucomicrobiota	RS_GCF_016595495.1	GCF_016595495.1	GCA_016595495.1	GCF_016595495.1	designation	True	True	negative	negative	rod	rod	no	no	no	no	aerobe	aerobe	meso	meso	optimum	25.0	False	neutrophile	growth_range	
17226	Photobacterium halotolerans	Photobacterium halotolerans	Photobacterium	Pseudomonadota	RS_GCF_000425165.1	GCF_000425165.1	GCA_000425165.1	GCF_000425165.1	accession	True	True	negative	negative	rod	rod	yes	yes	no	no	facultative	facultative	meso	meso	optimum	28.0	False	neutrophile	optimum	
17245	Salinivibrio proteolyticus	Salinivibrio proteolyticus	Salinivibrio	Pseudomonadota	RS_GCF_001996165.1	GCF_001996165.1	GCA_001996165.1	GCF_001996165.1	accession	True	True	negative	negative	rod	rod	yes	yes	no	no	facultative	facultative	meso	meso	optimum	33.5	False	neutrophile	optimum	
17246	Salinivibrio siamensis	Salinivibrio siamensis	Salinivibrio	Pseudomonadota	RS_GCF_001996005.1	GCF_001996005.1	GCA_001996005.1	GCF_001996005.1	accession	True	True	negative	negative	rod	rod	yes	yes	no	no	anaerobe	anaerobe	meso	meso	optimum	37.0	False	neutrophile	optimum	
17299	Vibrio gallicus	Vibrio gallicus	Vibrio	Pseudomonadota	RS_GCF_024346875.1	GCF_024346875.1	GCA_024346875.1	GCF_024346875.1	accession	True	True	negative	negative	rod	rod	no	no	no	no	aerobe	aerobe	meso	meso	optimum	22.5	False		none	
17342	Vibrio rarus	Vibrio rarus	Vibrio	Pseudomonadota	RS_GCF_024347075.1	GCF_024347075.1	GCA_024347075.1	GCF_024347075.1	accession	True	True	negative	negative	rod	rod	no	no	no	no	facultative	facultative	meso	meso	growth_range	22.5	False		none	
17355	Vibrio atypicus	Vibrio atypicus	Vibrio	Pseudomonadota	RS_GCF_009811315.1	GCF_009811315.1	GCA_009811315.1	GCF_009811315.1	accession	True	True	negative	negative	rod	rod	yes	yes	no	no	facultative	facultative	meso	meso	optimum	20.0	False	alkaliphile	optimum	
17377	Williamsia marianensis	Williamsia muralis	Williamsia	Actinomycetota	RS_GCF_003096955.1	GCF_003096955.1	GCA_003096955.1	GCF_003096955.1	accession	True	False	positive	positive	other	other	no	no	yes	yes	aerobe	aerobe	meso	meso	optimum	28.0	False	neutrophile	optimum	
17403	Ancylobacter polymorphus	Ancylobacter polymorphus	Ancylobacter	Pseudomonadota	RS_GCF_030813495.1	GCF_030813495.1	GCA_030813495.1	GCF_030813495.1	accession	True	True	negative	negative	rod	rod	no	no	no	no	aerobe	aerobe	meso	meso	optimum	29.0	False	neutrophile	optimum	
17407	Ancylobacter oerskovii	Ancylobacter oerskovii	Ancylobacter	Pseudomonadota	RS_GCF_018390555.1	GCF_018390555.1	GCA_018390555.1	GCF_018390555.1	accession	True	True	negative	negative	coccus	coccus	no	no	no	no	aerobe	aerobe	meso	meso	optimum	30.0	False	neutrophile	optimum	
17413	Labrys okinawensis	Labrys okinawensis	Labrys	Pseudomonadota	RS_GCF_047345005.1	GCF_047345005.1	GCA_047345005.1	GCF_047345005.1	accession	True	True	negative	negative	rod	rod	yes	yes	no	no	aerobe	aerobe	meso	meso	optimum	23.5	False	neutrophile	optimum	
17442	Pseudoxanthobacter soli	Pseudoxanthobacter soli	Pseudoxanthobacter	Pseudomonadota	RS_GCF_900148505.1	GCF_900148505.1	GCA_900148505.1	GCF_900148505.1	accession	True	True	negative	negative	rod	rod	yes	yes	no	no	aerobe	aerobe	meso	meso	optimum	37.0	False	neutrophile	optimum	
17444	Arenimonas donghaensis	Arenimonas donghaensis	Arenimonas	Pseudomonadota	RS_GCF_000743535.1	GCF_000743535.1	GCA_000743535.1	GCF_000743535.1	accession	True	True	negative	negative	rod	rod	yes	yes	no	no	aerobe	aerobe	meso	meso	optimum	28.0	False	neutrophile	optimum	
17445	Arenimonas composti	Arenimonas composti	Arenimonas	Pseudomonadota	RS_GCF_000426365.1	GCF_000426365.1	GCA_000426365.1	GCF_000426365.1	accession	True	True	negative	negative	rod	rod	yes	yes	no	no	aerobe	aerobe	meso	meso	optimum	30.0	False	neutrophile	optimum	
17448	Arenimonas oryziterrae	Arenimonas oryziterrae	Arenimonas	Pseudomonadota	RS_GCF_000420545.1	GCF_000420545.1	GCA_000420545.1	GCF_000420545.1	accession	True	True	negative	negative	rod	rod	no	no	no	no	aerobe	aerobe	meso	meso	optimum	28.0	False	neutrophile	optimum	
17450	Dokdonella koreensis	Dokdonella koreensis	Dokdonella	Pseudomonadota	RS_GCF_001632775.1	GCF_001632775.1	GCA_001632775.1	GCF_001632775.1	accession	True	True	negative	negative	rod	rod	yes	yes	no	no	aerobe	aerobe	meso	meso	optimum	30.0	False	neutrophile	optimum	
17451	Dokdonella ginsengisoli	Dokdonella_A ginsengisoli	Dokdonella_A	Pseudomonadota	RS_GCF_042652785.1	GCF_042652785.1	GCA_042652785.1	GCF_042652785.1	accession	True	True	negative	negative	rod	rod	no	no	no	no	aerobe	aerobe	meso	meso	optimum	30.0	False	neutrophile	optimum	
17455	Dyella ginsengisoli	Dyella_A ginsengisoli	Dyella_A	Pseudomonadota	RS_GCF_044904665.1	GCF_044904665.1	GCA_044904665.1	GCF_044904665.1	designation	True	True	negative	negative	rod	rod	yes	yes	no	no	aerobe	aerobe	meso	meso	optimum	28.5	False	neutrophile	optimum	
17458	Dyella terrae	Dyella_D terrae	Dyella_D	Pseudomonadota	RS_GCF_004322705.1	GCF_004322705.1	GCA_004322705.1	GCF_004322705.1	accession	True	True	negative	negative	rod	rod	yes	yes	no	no	aerobe	aerobe	meso	meso	optimum	29.0	False	neutrophile	optimum	
17461	Frateuria terrea	Frateuria_A terrea	Frateuria_A	Pseudomonadota	RS_GCF_900115705.1	GCF_900115705.1	GCA_900115705.1	GCF_900115705.1	accession	True	True	negative	negative	rod	rod	yes	yes	no	no	aerobe	aerobe	meso	meso	optimum	33.0	False	neutrophile	optimum	
17463	Luteibacter rhizovicinus	Luteibacter rhizovicinus	Luteibacter	Pseudomonadota	RS_GCF_001887595.1	GCF_001887595.1	GCA_001887595.1	GCF_001887595.1	accession	True	True	negative	negative	rod	rod	yes	yes	no	no	aerobe	aerobe	meso	meso	optimum	17.5	False	neutrophile	optimum	
17469	Luteimonas aquatica	Luteimonas aquatica	Luteimonas	Pseudomonadota	RS_GCF_022662575.1	GCF_022662575.1	GCA_022662575.1	GCF_022662575.1	accession	True	True	negative	negative	rod	rod	no	no	no	no	aerobe	aerobe	meso	meso	optimum	25.0	False	neutrophile	optimum	
17470	Luteimonas marina	Luteimonas marina	Luteimonas	Pseudomonadota	RS_GCF_007859325.1	GCF_007859325.1	GCA_007859325.1	GCF_007859325.1	accession	True	True	negative	negative	rod	rod	no	no	no	no	aerobe	aerobe	meso	meso	optimum	30.0	False	neutrophile	optimum	
17473	Luteimonas terricola	Luteimonas terricola	Luteimonas	Pseudomonadota	RS_GCF_004352845.1	GCF_004352845.1	GCA_004352845.1	GCF_004352845.1	accession	True	True	negative	negative	rod	rod	no	no	no	no	aerobe	aerobe	psychro	psychro	optimum	12.5	False	neutrophile	optimum	
17484	Lysobacter daejeonensis	Aerolutibacter daejeonensis	Aerolutibacter	Pseudomonadota	RS_GCF_000768355.1	GCF_000768355.1	GCA_000768355.1	GCF_000768355.1	accession	True	True	negative	negative	rod	rod	no	no	no	no	aerobe	aerobe	meso	meso	optimum	28.0	False	neutrophile	optimum	
17486	Lysobacter dokdonensis	Noviluteimonas dokdonensis	Noviluteimonas	Pseudomonadota	RS_GCF_000770795.1	GCF_000770795.1	GCA_000770795.1	GCF_000770795.1	accession	True	True	negative	negative	rod	rod	no	no	no	no	aerobe	aerobe	meso	meso	optimum	30.0	False	neutrophile	optimum	
17497	Luteimonas panaciterrae	Luteimonas panaciterrae	Luteimonas	Pseudomonadota	RS_GCF_020511115.1	GCF_020511115.1	GCA_020511115.1	GCF_020511115.1	accession	True	True	negative	negative	rod	rod	no	no	no	no	aerobe	aerobe	meso	meso	optimum	30.0	False	neutrophile	optimum	
17499	Lysobacter xinjiangensis	Cognatilysobacter xinjiangensis	Cognatilysobacter	Pseudomonadota	RS_GCF_014651995.1	GCF_014651995.1	GCA_014651995.1	GCF_014651995.1	accession	True	True	negative	negative	rod	rod	no	no	no	no	aerobe	aerobe	meso	meso	optimum	37.0	False	neutrophile	optimum	
17500	Lysobacter ruishenii	Aerolutibacter ruishenii	Aerolutibacter	Pseudomonadota	RS_GCF_007830115.1	GCF_007830115.1	GCA_007830115.1	GCF_007830115.1	accession	True	True	negative	negative	rod	rod	yes	yes	no	no	aerobe	aerobe	meso	meso	optimum	29.0	False	neutrophile	optimum	
17504	Pseudoxanthomonas mexicana	Pseudoxanthomonas_A mexicana	Pseudoxanthomonas_A	Pseudomonadota	RS_GCF_010093385.1	GCF_010093385.1	GCA_010093385.1	GCF_010093385.1	accession	True	True	negative	negative	rod	rod	yes	yes	no	no	aerobe	aerobe	meso	meso	optimum	33.5	False	neutrophile	optimum	
17505	Pseudoxanthomonas japonensis	Pseudoxanthomonas_A japonensis	Pseudoxanthomonas_A	Pseudomonadota	RS_GCF_010093445.1	GCF_010093445.1	GCA_010093445.1	GCF_010093445.1	accession	True	True	negative	negative	rod	rod	yes	yes	no	no	aerobe	aerobe	meso	meso	optimum	33.5	False	neutrophile	optimum	
17506	Pseudoxanthomonas suwonensis	Pseudoxanthomonas suwonensis	Pseudoxanthomonas	Pseudomonadota	RS_GCF_010093235.1	GCF_010093235.1	GCA_010093235.1	GCF_010093235.1	accession	True	True	negative	negative	rod	rod	yes	yes	no	no	aerobe	aerobe	meso	meso	optimum	30.0	False	neutrophile	optimum	
17508	Pseudoxanthomonas daejeonensis	Pseudoxanthomonas daejeonensis	Pseudoxanthomonas	Pseudomonadota	RS_GCF_010093205.1	GCF_010093205.1	GCA_010093205.1	GCF_010093205.1	accession	True	True	negative	negative	rod	rod	yes	yes	no	no	aerobe	aerobe	meso	meso	optimum	30.0	False		none	
17509	Pseudoxanthomonas kalamensis	Pseudoxanthomonas_A kalamensis	Pseudoxanthomonas_A	Pseudomonadota	RS_GCF_010211745.1	GCF_010211745.1	GCA_010211745.1	GCF_010211745.1	accession	True	True	negative	negative	rod	rod	no	no	no	no	aerobe	aerobe	meso	meso	optimum	33.5	False	neutrophile	optimum	
17514	Pseudoxanthomonas sacheonensis	Pseudoxanthomonas_A sacheonensis	Pseudoxanthomonas_A	Pseudomonadota	RS_GCF_010093305.1	GCF_010093305.1	GCA_010093305.1	GCF_010093305.1	accession	True	True	negative	negative	rod	rod	no	no	no	no	aerobe	aerobe	meso	meso	optimum	27.5	False	neutrophile	optimum	
17515	Rhodanobacter spathiphylli	Rhodanobacter spathiphylli	Rhodanobacter	Pseudomonadota	RS_GCF_000264295.1	GCF_000264295.1	GCA_000264295.1	GCF_000264295.1	accession	True	True	negative	negative	rod	rod	no	no	no	no	aerobe	aerobe	meso	meso	optimum	35.0	False	neutrophile	optimum	
17518	Rhodanobacter thiooxydans	Rhodanobacter thiooxydans	Rhodanobacter	Pseudomonadota	RS_GCF_000264375.1	GCF_000264375.1	GCA_000264375.1	GCF_000264375.1	accession	True	True	negative	negative	rod	rod	no	no	no	no	aerobe	aerobe	meso	meso	optimum	30.0	False	neutrophile	optimum	
17520	Rhodanobacter ginsenosidimutans	Rhodanobacter ginsenosidimutans	Rhodanobacter	Pseudomonadota	RS_GCF_050026735.1	GCF_050026735.1	GCA_050026735.1	GCF_050026735.1	accession	True	True	negative	negative	rod	rod	no	no	no	no	aerobe	aerobe	meso	meso	optimum	26.0	False	neutrophile	optimum	
17523	Rhodanobacter soli	Rhodanobacter soli	Rhodanobacter	Pseudomonadota	RS_GCF_039523495.1	GCF_039523495.1	GCA_039523495.1	GCF_039523495.1	accession	True	True	negative	negative	rod	rod	yes	yes	no	no	aerobe	aerobe	meso	meso	optimum	30.0	False	neutrophile	optimum	
17525	Rhodanobacter denitrificans	Rhodanobacter denitrificans	Rhodanobacter	Pseudomonadota	RS_GCF_000230695.2	GCF_000230695.2	GCA_000230695.3	GCF_000230695.2	accession	True	True	negative	negative	rod	rod	yes	yes	no	no	facultative	facultative	meso	meso	optimum	30.0	False	neutrophile	optimum	
17566	Stenotrophomonas humi	Stenotrophomonas humi	Stenotrophomonas	Pseudomonadota	RS_GCF_001431415.1	GCF_001431415.1	GCA_001431415.1	GCF_001431415.1	accession	True	True	negative	negative	rod	rod	yes	yes	no	no	aerobe	aerobe	meso	meso	optimum	26.0	False	neutrophile	optimum	
17623	Wohlfahrtiimonas chitiniclastica	Wohlfahrtiimonas chitiniclastica	Wohlfahrtiimonas	Pseudomonadota	RS_GCF_000375345.1	GCF_000375345.1	GCA_000375345.1	GCF_000375345.1	accession	True	True	negative	negative	rod	rod	no	no	no	no	aerobe	aerobe	meso	meso	optimum	32.5	False	neutrophile	optimum	
17625	Pseudofulvimonas gallinarii	Pseudofulvimonas gallinarii	Pseudofulvimonas	Pseudomonadota	RS_GCF_004343305.1	GCF_004343305.1	GCA_004343305.1	GCF_004343305.1	accession	True	True	negative	negative	rod	rod	no	no	no	no	aerobe	aerobe	meso	meso	growth_range	31.0	False		none	
17629	Patulibacter americanus	Patulibacter americanus	Patulibacter	Actinomycetota	RS_GCF_000420025.1	GCF_000420025.1	GCA_000420025.1	GCF_000420025.1	accession	True	True	positive	positive	rod	rod	yes	yes	no	no	aerobe	aerobe	meso	meso	optimum	25.0	False	neutrophile	optimum	
17634	Actinospica acidiphila	Streptomyces althioticus	Streptomyces	Actinomycetota	GB_GCA_000717315.1	GCA_000717315.1	GCA_000717315.1		accession	True	True	positive	positive	rod	rod	no	no	yes	yes	aerobe	aerobe	meso	meso	optimum	28.0	False	acidophile	optimum	
17635	Actinospica robiniae	Actinospica robiniae	Actinospica	Actinomycetota	RS_GCF_000504285.1	GCF_000504285.1	GCA_000504285.1	GCF_000504285.1	accession	True	True	positive	positive	rod	rod	no	no	yes	yes	aerobe	aerobe	meso	meso	optimum	25.0	False	neutrophile	optimum	
17637	Catenulispora rubra	Catenulispora rubra	Catenulispora	Actinomycetota	RS_GCF_015356825.1	GCF_015356825.1	GCA_015356825.1	GCF_015356825.1	accession	True	True	positive	positive	rod	rod	no	no	yes	yes	aerobe	aerobe	meso	meso	optimum	25.0	False	acidophile	optimum	
17646	Thermovibrio ammonificans	Thermovibrio ammonificans	Thermovibrio	Aquificota	RS_GCF_000185805.1	GCF_000185805.1	GCA_000185805.1	GCF_000185805.1	accession	True	True	negative	negative	rod	rod	yes	yes	no	no	anaerobe	anaerobe	thermo	thermo	optimum	75.0	False	neutrophile	optimum	
17648	Phorcysia thermohydrogeniphila	Phorcysia thermohydrogeniphila	Phorcysia	Aquificota	RS_GCF_004339575.1	GCF_004339575.1	GCA_004339575.1	GCF_004339575.1	accession	True	True	negative	negative	rod	rod	yes	yes	no	no	anaerobe	anaerobe	thermo	thermo	optimum	75.0	False	neutrophile	optimum	
17649	Ktedonobacter racemifer	Ktedonobacter racemifer	Ktedonobacter	Chloroflexota	RS_GCF_000178855.1	GCF_000178855.1	GCA_000178855.1	GCF_000178855.1	accession	True	True	positive	positive	other	filamentous	no	no	yes	yes	aerobe	aerobe	meso	meso	optimum	30.5	False	neutrophile	optimum	
17651	Coraliomargarita akajimensis	Coraliomargarita akajimensis	Coraliomargarita	Verrucomicrobiota	RS_GCF_000025905.1	GCF_000025905.1	GCA_000025905.1	GCF_000025905.1	accession	True	True	negative	negative	coccus	coccus	no	no	no	no	aerobe	aerobe	meso	meso	optimum	25.0	False	neutrophile	optimum	
17655	Natranaerobius trueperi	Natranaerobius_A trueperi	Natranaerobius_A	Bacillota	RS_GCF_002216005.1	GCF_002216005.1	GCA_002216005.1	GCF_002216005.1	accession	True	True	positive	positive	rod	rod	no	no	no	no	anaerobe	anaerobe	thermo	thermo	optimum	52.0	False	alkaliphile	optimum	
17661	Nevskia soli	Nevskia soli	Nevskia	Pseudomonadota	RS_GCF_000711955.1	GCF_000711955.1	GCA_000711955.1	GCF_000711955.1	accession	True	True	negative	negative	rod	rod	yes	yes	no	no	aerobe	aerobe	meso	meso	optimum	26.5	False	neutrophile	optimum	
17686	Ruminococcus champanellensis	Ruminococcus_F champanellensis	Ruminococcus_F	Bacillota	RS_GCF_000210095.1	GCF_000210095.1	GCA_000210095.1	GCF_000210095.1	accession	True	True	positive	positive	coccus	coccus	no	no	no	no	anaerobe	anaerobe	meso	meso	optimum	39.0	False	neutrophile	optimum	
17689	Ethanoligenens harbinense	Ethanoligenens harbinense	Ethanoligenens	Bacillota	RS_GCF_000178115.2	GCF_000178115.2	GCA_000178115.2	GCF_000178115.2	accession	True	True	positive	positive	rod	rod	yes	yes	no	no	anaerobe	anaerobe	meso	meso	optimum	35.0	False	acidophile	optimum	
17691	Oscillibacter valericigenes	Oscillibacter valericigenes	Oscillibacter	Bacillota	GB_GCA_000283575.1	GCA_000283575.1	GCA_000283575.1		accession	True	True	negative	negative	rod	rod	yes	yes	no	no	anaerobe	anaerobe	meso	meso	optimum	30.0	False	neutrophile	optimum	
17692	Hydrogenoanaerobacterium saccharovorans	Hydrogenoanaerobacterium saccharovorans	Hydrogenoanaerobacterium	Bacillota	RS_GCF_003814745.1	GCF_003814745.1	GCA_003814745.1	GCF_003814745.1	accession	True	True	negative	negative	rod	rod	no	no	no	no	anaerobe	anaerobe	meso	meso	optimum	37.0	False	neutrophile	optimum	
17693	Nitriliruptor alkaliphilus	Nitriliruptor alkaliphilus	Nitriliruptor	Actinomycetota	RS_GCF_000969705.1	GCF_000969705.1	GCA_000969705.1	GCF_000969705.1	accession	True	True	positive	positive	rod	rod	no	no	no	no	aerobe	aerobe	meso	meso	optimum	32.0	False	alkaliphile	optimum	
17698	Algoriphagus halophilus	Algoriphagus halophilus	Algoriphagus	Bacteroidota	RS_GCF_900129785.1	GCF_900129785.1	GCA_900129785.1	GCF_900129785.1	accession	True	True	negative	negative	rod	rod	no	no	no	no	aerobe	aerobe	meso	meso	optimum	35.0	False	neutrophile	optimum	
17699	Algoriphagus ornithinivorans	Algoriphagus ornithinivorans	Algoriphagus	Bacteroidota	RS_GCF_900115305.1	GCF_900115305.1	GCA_900115305.1	GCF_900115305.1	accession	True	True	negative	negative	rod	rod	no	no	no	no	aerobe	aerobe	meso	meso	optimum	37.5	False	neutrophile	optimum	
17700	Algoriphagus mannitolivorans	Algoriphagus mannitolivorans	Algoriphagus	Bacteroidota	RS_GCF_000429425.1	GCF_000429425.1	GCA_000429425.1	GCF_000429425.1	accession	True	True	negative	negative	rod	rod	no	no	no	no	aerobe	aerobe	meso	meso	optimum	37.5	False	neutrophile	optimum	
17701	Algoriphagus winogradskyi	Algoriphagus winogradskyi	Algoriphagus	Bacteroidota	RS_GCF_900182815.1	GCF_900182815.1	GCA_900182815.1	GCF_900182815.1	accession	True	True	negative	negative	rod	rod	no	no	no	no	aerobe	aerobe	meso	meso	optimum	26.5	False		none	
17711	Algoriphagus aquaeductus	Algoriphagus aquaeductus	Algoriphagus	Bacteroidota	RS_GCF_003253485.1	GCF_003253485.1	GCA_003253485.1	GCF_003253485.1	accession	True	True	negative	negative	rod	rod	no	no	no	no	aerobe	aerobe	meso	meso	optimum	27.5	False	neutrophile	optimum	
17712	Algoriphagus hitonicola	Algoriphagus hitonicola	Algoriphagus	Bacteroidota	RS_GCF_900113375.1	GCF_900113375.1	GCA_900113375.1	GCF_900113375.1	accession	True	True	negative	negative	rod	rod	no	no	no	no	aerobe	aerobe	meso	meso	optimum	36.0	False	neutrophile	optimum	
17719	Echinicola pacifica	Echinicola pacifica	Echinicola	Bacteroidota	RS_GCF_000373245.1	GCF_000373245.1	GCA_000373245.1	GCF_000373245.1	accession	True	True	negative	negative	rod	rod	yes	yes	no	no	facultative	facultative	meso	meso	optimum	26.5	False	neutrophile	optimum	
17720	Fontibacter flavus	Fontibacter flavus	Fontibacter	Bacteroidota	RS_GCF_042432905.1	GCF_042432905.1	GCA_042432905.1	GCF_042432905.1	accession	True	True	negative	negative	rod	rod	no	no	no	no	aerobe	aerobe	meso	meso	optimum	30.0	False	neutrophile	optimum	
17737	Iamia majanohamensis	Iamia majanohamensis	Iamia	Actinomycetota	RS_GCF_028532485.1	GCF_028532485.1	GCA_028532485.1	GCF_028532485.1	accession	True	True	positive	positive	rod	rod	no	no	no	no	aerobe	aerobe	meso	meso	optimum	28.5	False	neutrophile	optimum	
17740	Chitinophaga pinensis	Chitinophaga pinensis	Chitinophaga	Bacteroidota	RS_GCF_000024005.1	GCF_000024005.1	GCA_000024005.1	GCF_000024005.1	accession	True	True	negative	negative	rod	rod	no	no	yes	yes	aerobe	aerobe	meso	meso	optimum	24.0	False	neutrophile	optimum	
17747	Chitinophaga ginsengisegetis	Chitinophaga ginsengisegetis	Chitinophaga	Bacteroidota	RS_GCF_900168065.1	GCF_900168065.1	GCA_900168065.1	GCF_900168065.1	accession	True	True	negative	negative	rod	rod	no	no	no	no	aerobe	aerobe	meso	meso	optimum	23.0	False	neutrophile	optimum	
17749	Chitinophaga terrae	Chitinophaga terrae	Chitinophaga	Bacteroidota	RS_GCF_900107795.1	GCF_900107795.1	GCA_900107795.1	GCF_900107795.1	accession	True	True	negative	negative	rod	rod	no	no	no	no	aerobe	aerobe	meso	meso	growth_range	28.5	False	neutrophile	optimum	
17756	Niastella koreensis	Niastella koreensis	Niastella	Bacteroidota	RS_GCF_000246855.1	GCF_000246855.1	GCA_000246855.1	GCF_000246855.1	accession	True	True	negative	negative	rod	rod	no	no	no	no	aerobe	aerobe	meso	meso	optimum	33.5	False	neutrophile	optimum	
17757	Niastella yeongjuensis	Niastella yeongjuensis	Niastella	Bacteroidota	RS_GCF_900110245.1	GCF_900110245.1	GCA_900110245.1	GCF_900110245.1	accession	True	True	negative	negative	rod	rod	no	no	no	no	aerobe	aerobe	meso	meso	optimum	31.5	False	neutrophile	optimum	
17760	Segetibacter koreensis	Segetibacter koreensis	Segetibacter	Bacteroidota	RS_GCF_000374045.1	GCF_000374045.1	GCA_000374045.1	GCF_000374045.1	accession	True	True	negative	negative	rod	rod	no	no	no	no	aerobe	aerobe	meso	meso	optimum	22.5	False	neutrophile	optimum	
17764	Gracilimonas tropica	Gracilimonas tropica	Gracilimonas	Bacteroidota	RS_GCF_000375425.1	GCF_000375425.1	GCA_000375425.1	GCF_000375425.1	accession	True	True	negative	negative	rod	rod	no	no	yes	yes	aerobe	aerobe	meso	meso	optimum	35.0	False	neutrophile	optimum	
17775	Dethiosulfovibrio salsuginis	Dethiosulfovibrio salsuginis	Dethiosulfovibrio	Synergistota	RS_GCF_900177735.1	GCF_900177735.1	GCA_900177735.1	GCF_900177735.1	accession	True	True	negative	negative	rod	rod	yes	yes	no	no	anaerobe	anaerobe	meso	meso	optimum	30.0	False	neutrophile	optimum	
17776	Thermovirga lienii	Thermovirga lienii	Thermovirga	Synergistota	GB_GCA_000233775.1	GCA_000233775.1	GCA_000233775.1		accession	True	True	negative	negative	rod	rod	yes	yes	no	no	anaerobe	anaerobe	thermo	thermo	optimum	58.0	False	neutrophile	optimum	
17778	Acetomicrobium thermoterrenum	Acetomicrobium thermoterrenum	Acetomicrobium	Synergistota	RS_GCF_900107215.1	GCF_900107215.1	GCA_900107215.1	GCF_900107215.1	accession	True	True	negative	negative	rod	rod	yes	yes	no	no	anaerobe	anaerobe	thermo	thermo	optimum	55.0	False	neutrophile	optimum	
17783	Cloacibacillus evryensis	Cloacibacillus evryensis	Cloacibacillus	Synergistota	RS_GCF_000585335.1	GCF_000585335.1	GCA_000585335.1	GCF_000585335.1	accession	True	True	negative	negative	rod	rod	no	no	no	no	anaerobe	anaerobe	meso	meso	optimum	37.0	False	neutrophile	optimum	
17784	Jonquetella anthropi	Jonquetella anthropi	Jonquetella	Synergistota	RS_GCF_000237805.1	GCF_000237805.1	GCA_000237805.1	GCF_000237805.1	accession	True	True	negative	negative	rod	rod	no	no	no	no	anaerobe	anaerobe	meso	meso	optimum	37.0	False		none	
17787	Salinisphaera dokdonensis	Salinisphaera dokdonensis	Salinisphaera	Pseudomonadota	RS_GCF_040361215.1	GCF_040361215.1	GCA_040361215.1	GCF_040361215.1	designation	True	True	negative	negative	rod	rod	yes	yes	no	no	aerobe	aerobe	meso	meso	optimum	25.0	False	neutrophile	optimum	
17788	Salinisphaera hydrothermalis	Salinisphaera hydrothermalis	Salinisphaera	Pseudomonadota	RS_GCF_040361195.1	GCF_040361195.1	GCA_040361195.1	GCF_040361195.1	designation	True	True	negative	negative	rod	rod	yes	yes	no	no	aerobe	aerobe	meso	meso	optimum	32.5	False	neutrophile	optimum	
17789	Salinisphaera halophila	Salinisphaera orenii_A	Salinisphaera	Pseudomonadota	RS_GCF_003732545.1	GCF_003732545.1	GCA_003732545.1	GCF_003732545.1	accession	True	False	negative	negative	rod	rod	yes	yes	no	no	aerobe	aerobe	meso	meso	optimum	27.5	False	neutrophile	optimum	
17795	Rhodothermus profundi	Rhodothermus profundi	Rhodothermus	Bacteroidota	RS_GCF_900142415.1	GCF_900142415.1	GCA_900142415.1	GCF_900142415.1	accession	True	True	negative	negative	rod	rod	no	no	no	no	aerobe	aerobe	thermo	thermo	optimum	70.0	False	neutrophile	optimum	
17803	Caldicoprobacter oshimai	Caldicoprobacter oshimai	Caldicoprobacter	Bacillota	GB_GCA_000526435.1	GCA_000526435.1	GCA_000526435.1		accession	True	True	positive	positive	rod	rod	no	no	yes	yes	anaerobe	anaerobe	thermo	thermo	optimum	70.0	False	neutrophile	optimum	
17816	Alkalitalea saponilacus	Natronoflexus saponilacus	Natronoflexus	Bacteroidota	RS_GCF_900168165.1	GCF_900168165.1	GCA_900168165.1	GCF_900168165.1	accession	True	True	positive	positive	rod	rod	yes	yes	no	no	anaerobe	anaerobe	meso	meso	optimum	36.0	False	alkaliphile	optimum	
17819	Ignavibacterium album	Ignavibacterium album	Ignavibacterium	Bacteroidota	RS_GCF_000258405.1	GCF_000258405.1	GCA_000258405.1	GCF_000258405.1	accession	True	True	negative	negative	rod	rod	no	no	no	no	anaerobe	anaerobe	thermo	thermo	optimum	45.0	False	neutrophile	optimum	
17821	Jiangella gansuensis	Jiangella gansuensis	Jiangella	Actinomycetota	RS_GCF_000515395.1	GCF_000515395.1	GCA_000515395.1	GCF_000515395.1	accession	True	True	positive	positive	rod	rod	no	no	no	no	aerobe	aerobe	meso	meso	optimum	28.0	False	neutrophile	optimum	
17825	Jiangella muralis	Jiangella muralis	Jiangella	Actinomycetota	RS_GCF_001270745.1	GCF_001270745.1	GCA_001270745.1	GCF_001270745.1	accession	True	True	positive	positive	rod	rod	yes	yes	no	no	aerobe	aerobe	meso	meso	optimum	27.5	False		none	
17826	Haloactinopolyspora alba	Haloactinopolyspora alba	Haloactinopolyspora	Actinomycetota	RS_GCF_003014555.1	GCF_003014555.1	GCA_003014555.1	GCF_003014555.1	accession	True	True	positive	positive	rod	rod	yes	yes	yes	yes	aerobe	aerobe	meso	meso	optimum	32.5	False	neutrophile	optimum	
17829	Sutterella parvirubra	Sutterella parvirubra	Sutterella	Pseudomonadota	RS_GCF_000250875.1	GCF_000250875.1	GCA_000250875.1	GCF_000250875.1	accession	True	True	negative	negative	other	other	no	no	no	no	anaerobe	anaerobe	meso	meso	growth_single_point	37.0	False		none	
17838	Demequina lutea	Demequina lutea	Demequina	Actinomycetota	RS_GCF_013409005.1	GCF_013409005.1	GCA_013409005.1	GCF_013409005.1	accession	True	True	positive	positive	rod	rod	no	no	no	no	facultative	facultative	meso	meso	optimum	22.5	False	neutrophile	optimum	
17840	Demequina flava	Demequina flava	Demequina	Actinomycetota	RS_GCF_000975035.1	GCF_000975035.1	GCA_000975035.1	GCF_000975035.1	accession	True	True	positive	positive	rod	rod	no	no	no	no	anaerobe	anaerobe	meso	meso	optimum	28.0	False	neutrophile	optimum	
17841	Demequina sediminicola	Demequina sediminicola	Demequina	Actinomycetota	RS_GCF_000975055.1	GCF_000975055.1	GCA_000975055.1	GCF_000975055.1	accession	False	True	positive	positive	rod	rod	no	no	no	no	anaerobe	anaerobe	meso	meso	optimum	28.0	False	neutrophile	optimum	
17842	Demequina mangrovi	Demequina mangrovi	Demequina	Actinomycetota	RS_GCF_000759715.1	GCF_000759715.1	GCA_000759715.1	GCF_000759715.1	accession	True	True	positive	positive	other	other	no	no	no	no	facultative	facultative	meso	meso	optimum	28.0	False	neutrophile	optimum	
17843	Chthonomonas calidirosea	Chthonomonas calidirosea	Chthonomonas	Armatimonadota	RS_GCF_000427095.1	GCF_000427095.1	GCA_000427095.1	GCF_000427095.1	accession	True	True	negative	negative	rod	rod	yes	yes	no	no	aerobe	aerobe	thermo	thermo	optimum	68.0	False	acidophile	optimum	
17865	Leptotrichia hofstadii	Leptotrichia hofstadii	Leptotrichia	Fusobacteriota	RS_GCF_007990525.1	GCF_007990525.1	GCA_007990525.1	GCF_007990525.1	accession	True	True	negative	negative	rod	rod	no	no	no	no	anaerobe	anaerobe	meso	meso	optimum	37.0	False		none	
17866	Leptotrichia shahii	Leptotrichia shahii	Leptotrichia	Fusobacteriota	RS_GCF_008327825.1	GCF_008327825.1	GCA_008327825.1	GCF_008327825.1	accession	True	True	negative	negative	rod	rod	no	no	no	no	anaerobe	anaerobe	meso	meso	optimum	37.0	False		none	
17873	Amorphus coralli	Amorphus coralli	Amorphus	Pseudomonadota	RS_GCF_000374525.1	GCF_000374525.1	GCA_000374525.1	GCF_000374525.1	accession	True	True	negative	negative	rod	rod	no	no	no	no	aerobe	aerobe	meso	meso	optimum	27.5	False	neutrophile	optimum	
17879	Elioraea tepidiphila	Elioraea tepidiphila	Elioraea	Pseudomonadota	RS_GCF_000378465.1	GCF_000378465.1	GCA_000378465.1	GCF_000378465.1	accession	True	True	negative	negative	rod	rod	yes	yes	no	no	aerobe	aerobe	thermo	thermo	optimum	47.5	False	neutrophile	optimum	
17886	Hoyosella altamirensis	Hoyosella altamirensis	Hoyosella	Actinomycetota	RS_GCF_014191505.1	GCF_014191505.1	GCA_014191505.1	GCF_014191505.1	accession	True	True	positive	positive	coccus	coccus	no	no	no	no	aerobe	aerobe	meso	meso	optimum	30.25	False	neutrophile	optimum	
17887	Luteimicrobium subarcticum	Luteimicrobium subarcticum	Luteimicrobium	Actinomycetota	RS_GCF_002798015.1	GCF_002798015.1	GCA_002798015.1	GCF_002798015.1	accession	True	True	positive	positive	rod	rod	no	no	no	no	aerobe	aerobe	meso	meso	optimum	28.0	False	neutrophile	optimum	
17891	Motilibacter peucedani	Motilibacter peucedani	Motilibacter	Actinomycetota	RS_GCF_003634695.1	GCF_003634695.1	GCA_003634695.1	GCF_003634695.1	accession	True	True	positive	positive	rod	rod	yes	yes	no	no	aerobe	aerobe	meso	meso	optimum	30.0	False	neutrophile	optimum	
17897	Thiohalorhabdus denitrificans	Thiohalorhabdus denitrificans	Thiohalorhabdus	Pseudomonadota	RS_GCF_001399755.1	GCF_001399755.1	GCA_001399755.1	GCF_001399755.1	accession	True	True	negative	negative	rod	rod	no	no	no	no	facultative		meso	meso	optimum	34.0	False	neutrophile	optimum	
17899	Gilvimarinus chinensis	Gilvimarinus chinensis	Gilvimarinus	Pseudomonadota	RS_GCF_000377745.1	GCF_000377745.1	GCA_000377745.1	GCF_000377745.1	accession	True	True	negative	negative	rod	rod	yes	yes	no	no	aerobe	aerobe	meso	meso	optimum	29.0	False		none	
17910	Congregibacter litoralis	Congregibacter litoralis	Congregibacter	Pseudomonadota	RS_GCF_000153125.2	GCF_000153125.2	GCA_000153125.2	GCF_000153125.2	accession	True	True	negative	negative	other	other	yes	yes	no	no	facultative	microaerophile	meso	meso	optimum	28.0	True	neutrophile	optimum	
17927	Aquabacterium fontiphilum	Aquabacterium fontiphilum	Aquabacterium	Pseudomonadota	RS_GCF_009909205.1	GCF_009909205.1	GCA_009909205.1	GCF_009909205.1	accession	True	True	negative	negative	rod	rod	yes	yes	no	no	aerobe	aerobe	meso	meso	optimum	27.5	False	neutrophile	optimum	
17950	Thiomonas bhubaneswarensis	Thiomonas bhubaneswarensis	Thiomonas	Pseudomonadota	RS_GCF_001418255.1	GCF_001418255.1	GCA_001418255.1	GCF_001418255.1	accession	True	True	negative	negative	rod	rod	yes	yes	no	no	aerobe	aerobe	meso	meso	optimum	33.5	False	neutrophile	optimum	
17964	Anaerobranca californiensis	Anaerobranca californiensis	Anaerobranca	Bacillota	RS_GCF_900142275.1	GCF_900142275.1	GCA_900142275.1	GCF_900142275.1	accession	True	True	negative	negative	rod	rod	yes	yes	no	no	anaerobe	anaerobe	thermo	thermo	optimum	58.0	False	alkaliphile	optimum	
17980	Carboxydocella sporoproducens	Carboxydocella sporoproducens	Carboxydocella	Bacillota	RS_GCF_900167165.1	GCF_900167165.1	GCA_900167165.1	GCF_900167165.1	accession	True	True	positive	positive	rod	rod	yes	yes	yes	yes	anaerobe	anaerobe	thermo	thermo	optimum	60.0	False	neutrophile	optimum	
17993	Mahella australiensis	Mahella australiensis	Mahella	Bacillota	RS_GCF_000213255.1	GCF_000213255.1	GCA_000213255.1	GCF_000213255.1	accession	True	True	positive	positive	rod	rod	yes	yes	yes	yes	anaerobe	anaerobe	thermo	thermo	optimum	50.0	False	neutrophile	optimum	
18024	Caldicellulosiruptor acetigenus	Caldicellulosiruptor acetigenus	Caldicellulosiruptor	Bacillota	RS_GCF_000193435.2	GCF_000193435.2	GCA_000193435.3	GCF_000193435.2	accession	False	False	negative	negative	rod	rod	no	no	no	no	anaerobe	anaerobe	thermo	thermo	growth_single_point	70.0	False		none	
18028	Caldicellulosiruptor hydrothermalis	Caldicellulosiruptor hydrothermalis	Caldicellulosiruptor	Bacillota	RS_GCF_000166355.1	GCF_000166355.1	GCA_000166355.1	GCF_000166355.1	accession	True	True	positive	positive	rod	rod	yes	yes	no	no	anaerobe	anaerobe	thermo	thermo	optimum	65.0	False	neutrophile	optimum	
18029	Caldicellulosiruptor kronotskyensis	Caldicellulosiruptor kronotskyensis	Caldicellulosiruptor	Bacillota	RS_GCF_000166775.1	GCF_000166775.1	GCA_000166775.1	GCF_000166775.1	accession	True	True	positive	positive	rod	rod	yes	yes	no	no	anaerobe	anaerobe	thermo	thermo	optimum	70.0	False	neutrophile	optimum	
18037	Sulfobacillus thermotolerans	Sulfobacillus thermotolerans	Sulfobacillus	Bacillota	GB_GCA_002951815.1	GCA_002951815.1	GCA_002951815.1		accession	True	True	positive	positive	rod	rod	no	no	yes	yes	aerobe	aerobe	meso	meso	optimum	40.0	False	acidophile	optimum	
18051	Thermoanaerobacterium xylanolyticum	Thermoanaerobacterium thermosulfurigenes	Thermoanaerobacterium	Bacillota	RS_GCF_000189775.2	GCF_000189775.2	GCA_000189775.3	GCF_000189775.2	accession	True	True	negative	negative	rod	rod	yes	yes	yes	yes	anaerobe	anaerobe	thermo	thermo	optimum	60.0	False	neutrophile	optimum	
18078	Proteiniborus ethanoligenes	Proteiniborus ethanoligenes	Proteiniborus	Bacillota	RS_GCF_900107485.1	GCF_900107485.1	GCA_900107485.1	GCF_900107485.1	accession	True	True	positive	positive	rod	rod	no	no	no	no	anaerobe	anaerobe	meso	meso	optimum	37.0	False	alkaliphile	optimum	
18080	Proteocatella sphenisci	Proteocatella sphenisci	Proteocatella	Bacillota	RS_GCF_000423525.1	GCF_000423525.1	GCA_000423525.1	GCF_000423525.1	accession	True	True	positive	positive	rod	rod	yes	yes	yes	yes	anaerobe	anaerobe	meso	meso	optimum	29.0	False	neutrophile	optimum	
18094	Thermosulfidibacter takaii	Thermosulfidibacter takaii	Thermosulfidibacter	Thermosulfidibacterota	RS_GCF_001547735.1	GCF_001547735.1	GCA_001547735.1	GCF_001547735.1	accession	True	True	negative	negative	rod	rod	yes	yes	no	no	anaerobe	anaerobe	thermo	thermo	optimum	70.0	False	neutrophile	optimum	
18120	Exiguobacterium soli	Exiguobacterium_A antarcticum	Exiguobacterium_A	Bacillota	RS_GCF_025234655.1	GCF_025234655.1	GCA_025234655.1	GCF_025234655.1	designation	True	False	positive	positive	coccus	coccus	yes	yes	no	no	aerobe	aerobe	meso	meso	optimum	25.0	False	neutrophile	optimum	
18124	Solibacillus silvestris	Solibacillus silvestris	Solibacillus	Bacillota	GB_GCA_001586195.1	GCA_001586195.1	GCA_001586195.1		accession	True	True	positive	positive	rod	rod	yes	yes	yes	yes	aerobe	aerobe	meso	meso	growth_range	27.5	False	neutrophile	growth_single_point	
18131	Rummeliibacillus pycnus	Rummeliibacillus pycnus	Rummeliibacillus	Bacillota	RS_GCF_002884495.1	GCF_002884495.1	GCA_002884495.1	GCF_002884495.1	accession	True	True	positive	positive	rod	rod	yes	yes	yes	yes	aerobe	aerobe	meso	meso	growth_range	33.5	False	neutrophile	growth_single_point	
18132	Rummeliibacillus stabekisii	Rummeliibacillus stabekisii	Rummeliibacillus	Bacillota	RS_GCF_007988965.1	GCF_007988965.1	GCA_007988965.1	GCF_007988965.1	accession	True	True	positive	positive	rod	rod	yes	yes	yes	yes	aerobe	aerobe	meso	meso	optimum	30.0	False		none	
18133	Geomicrobium halophilum	Geomicrobium halophilum	Geomicrobium	Bacillota	RS_GCF_014207655.1	GCF_014207655.1	GCA_014207655.1	GCF_014207655.1	accession	True	True	positive	positive	rod	rod	no	no	no	no	aerobe	aerobe	meso	meso	optimum	30.0	False	alkaliphile	optimum	
18135	Phocaeicola abscessus	Phocaeicola abscessus	Phocaeicola	Bacteroidota	RS_GCF_000312445.1	GCF_000312445.1	GCA_000312445.1	GCF_000312445.1	accession	True	True	negative	negative	coccus	coccus	yes	yes	no	no	anaerobe	anaerobe	meso	meso	optimum	37.0	False		none	
18136	Oceanotoga teriensis	Oceanotoga teriensis	Oceanotoga	Thermotogota	RS_GCF_003148465.1	GCF_003148465.1	GCA_003148465.1	GCF_003148465.1	accession	True	True	negative	negative	rod	rod	yes	yes	no	no	anaerobe	anaerobe	thermo	thermo	optimum	56.5	False	neutrophile	optimum	
18152	Algiphilus aromaticivorans	Algiphilus aromaticivorans	Algiphilus	Pseudomonadota	RS_GCF_000733765.1	GCF_000733765.1	GCA_000733765.1	GCF_000733765.1	accession	True	True	negative	negative	rod	rod	yes	yes	no	no	aerobe	aerobe	meso	meso	optimum	30.0	False	neutrophile	optimum	
18154	Solimonas flava	Solimonas flava	Solimonas	Pseudomonadota	RS_GCF_000426685.1	GCF_000426685.1	GCA_000426685.1	GCF_000426685.1	accession	True	True	negative	negative	rod	rod	no	no	no	no	aerobe	aerobe	meso	meso	optimum	27.5	False	neutrophile	optimum	
22899	Granulicella mallensis	Granulicella mallensis	Granulicella	Acidobacteriota	RS_GCF_000178955.2	GCF_000178955.2	GCA_000178955.2	GCF_000178955.2	accession	True	True	negative	negative	rod	rod	no	no	no	no	aerobe	aerobe	meso	meso	optimum	25.5	False	acidophile	optimum	
22901	Granulicella tundricola	Edaphobacter tundricola	Edaphobacter	Acidobacteriota	RS_GCF_000178975.2	GCF_000178975.2	GCA_000178975.2	GCF_000178975.2	accession	True	True	negative	negative	rod	rod	no	no	no	no	aerobe	aerobe	meso	meso	optimum	22.5	False	acidophile	optimum	
22908	Agarivorans gilvus	Agarivorans gilvus	Agarivorans	Pseudomonadota	RS_GCF_001420915.1	GCF_001420915.1	GCA_001420915.1	GCF_001420915.1	accession	True	True	negative	negative	rod	rod	yes	yes	no	no	aerobe	aerobe	meso	meso	optimum	30.0	False	alkaliphile	optimum	
22921	Alkalicoccus daliensis	Alkalicoccus daliensis	Alkalicoccus	Bacillota	RS_GCF_900103955.1	GCF_900103955.1	GCA_900103955.1	GCF_900103955.1	accession	True	True	positive	positive	rod	rod	yes	yes	yes	yes	facultative	facultative	meso	meso	optimum	30.0	False	alkaliphile	optimum	
22925	Mesobacillus persicus	Mesobacillus_B persicus	Mesobacillus_B	Bacillota	RS_GCF_900109925.1	GCF_900109925.1	GCA_900109925.1	GCF_900109925.1	accession	True	True	positive	positive	rod	rod	no	no	yes	yes	aerobe	aerobe	meso	meso	optimum	35.0	False	neutrophile	optimum	
22928	Halobacillus naozhouensis	Halobacillus_A naozhouensis	Halobacillus_A	Bacillota	RS_GCF_029714185.1	GCF_029714185.1	GCA_029714185.1	GCF_029714185.1	accession	True	True	positive	positive	rod	rod	yes	yes	yes	yes	aerobe	aerobe	meso	meso	growth_range	27.5	False		none	
22931	Virgibacillus alimentarius	Virgibacillus_B alimentarius	Virgibacillus_B	Bacillota	RS_GCF_000709085.1	GCF_000709085.1	GCA_000709085.1	GCF_000709085.1	accession	True	True	positive	positive	rod	rod	yes	yes	yes	yes	aerobe	aerobe	meso	meso	optimum	37.0	False	alkaliphile	optimum	halophilic
22933	Metasolibacillus meyeri	Metasolibacillus meyeri	Metasolibacillus	Bacillota	RS_GCF_003049505.1	GCF_003049505.1	GCA_003049505.1	GCF_003049505.1	designation	False	True	positive	positive	rod	rod	yes	yes	yes	yes	aerobe	aerobe	meso	meso	optimum	30.0	False	neutrophile	optimum	
22934	Domibacillus robiginosus	Domibacillus robiginosus	Domibacillus	Bacillota	RS_GCF_000966195.1	GCF_000966195.1	GCA_000966195.1	GCF_000966195.1	accession	True	True	positive	positive	rod	rod	yes	yes	yes	yes	aerobe	aerobe	meso	meso	optimum	30.0	False	neutrophile	optimum	
22936	Bacteroides faecichinchillae	Bacteroides faecichinchillae	Bacteroides	Bacteroidota	RS_GCF_000614145.1	GCF_000614145.1	GCA_000614145.1	GCF_000614145.1	accession	True	True	negative	negative	rod	rod	no	no	no	no	anaerobe	anaerobe	meso	meso	optimum	37.0	False		none	
22937	Brevibacterium siliguriense	Brevibacterium siliguriense	Brevibacterium	Actinomycetota	RS_GCF_900105315.1	GCF_900105315.1	GCA_900105315.1	GCF_900105315.1	accession	True	True	positive	positive	rod	rod	no	no	no	no	aerobe	aerobe	meso	meso	optimum	28.0	False	neutrophile	optimum	
22938	Brevibacterium yomogidense	Brevibacterium yomogidense	Brevibacterium	Actinomycetota	RS_GCF_016107685.1	GCF_016107685.1	GCA_016107685.1	GCF_016107685.1	accession	True	True	positive	positive	rod	rod	no	no	no	no	aerobe	aerobe	meso	meso	optimum	30.0	False	alkaliphile	optimum	
22941	Paenochrobactrum gallinarii	Paenochrobactrum gallinarii	Paenochrobactrum	Pseudomonadota	RS_GCF_014205685.1	GCF_014205685.1	GCA_014205685.1	GCF_014205685.1	accession	True	True	negative	negative	rod	rod	no	no	no	no	aerobe	aerobe	meso	meso	growth_range	31.0	False		none	
22942	Caballeronia grimmiae	Caballeronia grimmiae	Caballeronia	Pseudomonadota	RS_GCF_000698555.1	GCF_000698555.1	GCA_000698555.1	GCF_000698555.1	accession	True	True	negative	negative	rod	rod	yes	yes	no	no	aerobe	aerobe	meso	meso	optimum	29.0	False	neutrophile	optimum	
22944	Cupriavidus pampae	Cupriavidus pampae	Cupriavidus	Pseudomonadota	RS_GCF_042653815.1	GCF_042653815.1	GCA_042653815.1	GCF_042653815.1	accession	True	True	negative	negative	rod	rod	yes	yes	no	no	aerobe	aerobe	meso	meso	optimum	30.0	False		none	
22946	Alkalibacterium gilvum	Alkalibacterium gilvum	Alkalibacterium	Bacillota	RS_GCF_900109085.1	GCF_900109085.1	GCA_900109085.1	GCF_900109085.1	accession	True	True	positive	positive	rod	rod	no	no	no	no	facultative	microaerophile	meso	meso	optimum	25.0	True	alkaliphile	optimum	
22956	Paraoerskovia sediminicola	Paraoerskovia sediminicola	Paraoerskovia	Actinomycetota	RS_GCF_030296575.1	GCF_030296575.1	GCA_030296575.1	GCF_030296575.1	accession	True	True	positive	positive	coccus	coccus	no	no	no	no	facultative	facultative	meso	meso	optimum	28.0	False	neutrophile	optimum	
22962	Caloramator quimbayensis	Caloramator_B quimbayensis	Caloramator_B	Bacillota	RS_GCF_900167605.1	GCF_900167605.1	GCA_900167605.1	GCF_900167605.1	accession	True	False	positive	positive	rod	rod	yes	yes	yes	yes	anaerobe	anaerobe	thermo	thermo	optimum	50.0	False	neutrophile	optimum	
22967	Brassicibacter mesophilus	Brassicibacter mesophilus	Brassicibacter	Bacillota	RS_GCF_050433385.1	GCF_050433385.1	GCA_050433385.1	GCF_050433385.1	accession	True	True	negative	negative	rod	rod	yes	yes	no	no	anaerobe	anaerobe	meso	meso	optimum	37.0	False	neutrophile	optimum	
22969	Fonticella tunisiensis	Fonticella tunisiensis	Fonticella	Bacillota	RS_GCF_004364155.1	GCF_004364155.1	GCA_004364155.1	GCF_004364155.1	accession	True	True	positive	positive	rod	rod	no	no	no	no	anaerobe	anaerobe	thermo	thermo	optimum	55.0	False	neutrophile	optimum	
22978	Variovorax defluvii	Variovorax defluvii	Variovorax	Pseudomonadota	RS_GCF_039541515.1	GCF_039541515.1	GCA_039541515.1	GCF_039541515.1	accession	True	True	negative	negative	other	other	yes	yes	no	no	aerobe	aerobe	meso	meso	optimum	30.0	False	neutrophile	optimum	
22982	Adlercreutzia caecicola	Parvibacter caecicola	Parvibacter	Actinomycetota	RS_GCF_003725335.1	GCF_003725335.1	GCA_003725335.1	GCF_003725335.1	accession	True	True	positive	positive	rod	rod	no	no	no	no	anaerobe	anaerobe	meso	meso	optimum	37.0	False		none	
22986	Rudaeicoccus suwonensis	Rudaeicoccus suwonensis	Rudaeicoccus	Actinomycetota	RS_GCF_007829035.1	GCF_007829035.1	GCA_007829035.1	GCF_007829035.1	accession	True	True	positive	positive	coccus	coccus	no	no	no	no	aerobe	aerobe	meso	meso	optimum	28.0	False	neutrophile	optimum	
22996	Budvicia diplopodorum	Budvicia diplopodorum	Budvicia	Pseudomonadota	RS_GCF_009800925.1	GCF_009800925.1	GCA_009800925.1	GCF_009800925.1	accession	True	True	negative	negative	rod	rod	yes	yes	no	no	facultative	facultative	meso	meso	optimum	28.0	False		none	
23003	Pantoea rodasii	Pantoea rodasii	Pantoea	Pseudomonadota	RS_GCF_002095465.1	GCF_002095465.1	GCA_002095465.1	GCF_002095465.1	accession	True	True	negative	negative	rod	rod	yes	yes	no	no	facultative	facultative	meso	meso	growth_single_point	28.0	False		none	
23005	Pantoea wallisii	Pantoea wallisii	Pantoea	Pseudomonadota	RS_GCF_002095485.1	GCF_002095485.1	GCA_002095485.1	GCF_002095485.1	accession	True	True	negative	negative	rod	rod	yes	yes	no	no	facultative	facultative	meso	meso	growth_single_point	28.0	False		none	
23019	Psychroflexus sediminis	Psychroflexus sediminis	Psychroflexus	Bacteroidota	RS_GCF_900099815.1	GCF_900099815.1	GCA_900099815.1	GCF_900099815.1	accession	True	True	negative	negative	rod	rod	no	no	no	no	aerobe	aerobe	meso	meso	optimum	27.5	False	neutrophile	optimum	
23022	Chryseobacterium koreense	Kaistella koreensis	Kaistella	Bacteroidota	RS_GCF_001045435.1	GCF_001045435.1	GCA_001045435.1	GCF_001045435.1	accession	True	True	negative	negative	rod	rod	no	no	no	no	aerobe	aerobe	meso	meso	optimum	30.0	False		none	
23024	Chryseobacterium piscium	Chryseobacterium piscium	Chryseobacterium	Bacteroidota	RS_GCF_003385415.1	GCF_003385415.1	GCA_003385415.1	GCF_003385415.1	accession	True	True	negative	negative	rod	rod	no	no	no	no	aerobe	aerobe	meso	meso	optimum	30.0	False	neutrophile	optimum	
23025	Chryseobacterium arthrosphaerae	Chryseobacterium arthrosphaerae	Chryseobacterium	Bacteroidota	RS_GCF_001684965.1	GCF_001684965.1	GCA_001684965.1	GCF_001684965.1	accession	True	True	negative	negative	rod	rod	no	no	no	no	aerobe	aerobe	meso	meso	optimum	30.0	False	neutrophile	optimum	
23028	Pseudozobellia thermophila	Pseudozobellia thermophila	Pseudozobellia	Bacteroidota	RS_GCF_900141855.1	GCF_900141855.1	GCA_900141855.1	GCF_900141855.1	accession	True	True	negative	negative	rod	rod	yes	yes	no	no	aerobe	aerobe	meso	meso	optimum	26.5	False		none	
23030	Jatrophihabitans endophyticus	Jatrophihabitans endophyticus	Jatrophihabitans	Actinomycetota	RS_GCF_900129455.1	GCF_900129455.1	GCA_900129455.1	GCF_900129455.1	accession	True	True	positive	positive	rod	rod	no	no	no	no	aerobe	aerobe	meso	meso	optimum	25.0	False	neutrophile	optimum	
23035	Endozoicomonas numazuensis	Endozoicomonas_A numazuensis	Endozoicomonas_A	Pseudomonadota	RS_GCF_000722635.1	GCF_000722635.1	GCA_000722635.1	GCF_000722635.1	accession	True	True	negative	negative	rod	rod	no	no	no	no	facultative	facultative	meso	meso	optimum	25.0	False	neutrophile	optimum	
23071	Pedococcus badiiscoriae	Pedococcus badiiscoriae	Pedococcus	Actinomycetota	RS_GCF_013408925.1	GCF_013408925.1	GCA_013408925.1	GCF_013408925.1	accession	True	True	positive	positive	coccus	coccus	no	no	no	no	aerobe	aerobe	meso	meso	optimum	30.0	False	alkaliphile	optimum	
23077	Weissella oryzae	Weissella oryzae	Weissella	Bacillota	RS_GCF_000691805.2	GCF_000691805.2	GCA_000691805.2	GCF_000691805.2	designation	True	True	positive	positive	rod	rod	no	no	no	no	facultative		meso	meso	growth_range	26.0	False	neutrophile	growth_range	
23078	Listeria weihenstephanensis	Listeria_A weihenstephanensis	Listeria_A	Bacillota	RS_GCF_003534205.1	GCF_003534205.1	GCA_003534205.1	GCF_003534205.1	accession	True	True	positive	positive	rod	rod	yes	yes	no	no	anaerobe	anaerobe	meso	meso	optimum	31.0	False	neutrophile	optimum	
23092	Methylobacterium oxalidis	Methylobacterium oxalidis	Methylobacterium	Pseudomonadota	RS_GCF_007992195.1	GCF_007992195.1	GCA_007992195.1	GCF_007992195.1	accession	True	True	negative	negative	rod	rod	yes	yes	no	no	aerobe	aerobe	meso	meso	growth_range	31.5	False		none	
23093	Methylopila musalis	Methylopila musalis	Methylopila	Pseudomonadota	RS_GCF_042679725.1	GCF_042679725.1	GCA_042679725.1	GCF_042679725.1	accession	True	True	negative	negative	rod	rod	yes	yes	no	no	aerobe	aerobe	meso	meso	optimum	29.0	False	neutrophile	optimum	
23100	Methylotenera versatilis	Methylotenera versatilis	Methylotenera	Pseudomonadota	RS_GCF_000093025.1	GCF_000093025.1	GCA_000093025.1	GCF_000093025.1	accession	True	True	negative	negative	other	other	yes	yes	no	no	facultative	facultative	meso	meso	optimum	19.5	False	neutrophile	optimum	
23104	Microbacterium lemovicicum	Microbacterium lemovicicum	Microbacterium	Actinomycetota	RS_GCF_003991875.1	GCF_003991875.1	GCA_003991875.1	GCF_003991875.1	accession	True	True	positive	positive	rod	rod	no	no	no	no	aerobe	aerobe	meso	meso	optimum	30.0	False		none	
23112	Tersicoccus phoenicis	Tersicoccus phoenicis	Tersicoccus	Actinomycetota	RS_GCF_001968835.1	GCF_001968835.1	GCA_001968835.1	GCF_001968835.1	accession	True	True	positive	positive	coccus	coccus	no	no	no	no	aerobe	aerobe	meso	meso	optimum	30.0	False	neutrophile	optimum	
23117	Micromonospora maritima	Micromonospora maritima	Micromonospora	Actinomycetota	RS_GCF_039538865.1	GCF_039538865.1	GCA_039538865.1	GCF_039538865.1	accession	True	True	positive	positive	coccus	coccus	no	no	yes	yes	aerobe	aerobe	meso	meso	optimum	30.0	False	neutrophile	optimum	
23147	Nakamurella flavida	Nakamurella flavida	Nakamurella	Actinomycetota	RS_GCF_030811475.1	GCF_030811475.1	GCA_030811475.1	GCF_030811475.1	accession	True	True	positive	positive	coccus	coccus	no	no	no	no	aerobe	aerobe	meso	meso	optimum	25.0	False	neutrophile	optimum	
23155	Gordonia caeni	Gordonia caeni	Gordonia	Actinomycetota	RS_GCF_039537105.1	GCF_039537105.1	GCA_039537105.1	GCF_039537105.1	accession	True	True	positive	positive	rod	rod	no	no	no	no	aerobe	aerobe	meso	meso	optimum	30.0	False	neutrophile	optimum	
23163	Kribbella endophytica	Spirillospora fulvescens	Spirillospora	Actinomycetota	RS_GCF_046540475.1	GCF_046540475.1	GCA_046540475.1	GCF_046540475.1	designation	True	False	positive	positive	rod	rod	no	no	yes	yes	aerobe	aerobe	meso	meso	growth_range	21.5	False	neutrophile	optimum	
23165	Nocardioides albertanoniae	Nocardioides albertanoniae	Nocardioides	Actinomycetota	RS_GCF_006716315.1	GCF_006716315.1	GCA_006716315.1	GCF_006716315.1	accession	True	True	positive	positive	rod	rod	no	no	no	no	aerobe	aerobe	meso	meso	optimum	25.0	False		none	
23182	Paenibacillus catalpae	Pristimantibacillus catalpae	Pristimantibacillus	Bacillota	RS_GCF_900112695.1	GCF_900112695.1	GCA_900112695.1	GCF_900112695.1	accession	True	True	positive	positive	rod	rod	yes	yes	yes	yes	aerobe	aerobe	meso	meso	optimum	26.5	False	neutrophile	optimum	
23225	Yoonia tamlensis	Yoonia tamlensis	Yoonia	Pseudomonadota	RS_GCF_900115105.1	GCF_900115105.1	GCA_900115105.1	GCF_900115105.1	accession	True	True	negative	negative	rod	rod	yes	yes	no	no	aerobe	aerobe	meso	meso	optimum	27.5	False	neutrophile	optimum	
23231	Alloyangia pacifica	Salipiger pacificus	Salipiger	Pseudomonadota	RS_GCF_900116195.1	GCF_900116195.1	GCA_900116195.1	GCF_900116195.1	accession	True	True	negative	negative	rod	rod	yes	yes	no	no	aerobe	aerobe	meso	meso	optimum	37.0	False	neutrophile	optimum	
23232	Shimia marina	Shimia marina	Shimia	Pseudomonadota	RS_GCF_900112745.1	GCF_900112745.1	GCA_900112745.1	GCF_900112745.1	accession	True	True	negative	negative	rod	rod	yes	yes	no	no	aerobe	aerobe	meso	meso	optimum	32.5	False	neutrophile	optimum	
23267	Novosphingobium lindaniclasticum	Novosphingobium lindaniclasticum	Novosphingobium	Pseudomonadota	RS_GCF_000445125.1	GCF_000445125.1	GCA_000445125.1	GCF_000445125.1	accession	False	True	negative	negative	rod	rod	no	no	no	no	aerobe	aerobe	meso	meso	optimum	28.0	False	neutrophile	growth_range	
23271	Sphingobium cupriresistens	Sphingobium cupriresistens	Sphingobium	Pseudomonadota	RS_GCF_001046645.1	GCF_001046645.1	GCA_001046645.1	GCF_001046645.1	accession	True	False	negative	negative	rod	rod	no	no	no	no	aerobe	aerobe	meso	meso	optimum	28.0	False	neutrophile	optimum	
23272	Sphingobium limneticum	Sphingobium limneticum	Sphingobium	Pseudomonadota	RS_GCF_008710155.1	GCF_008710155.1	GCA_008710155.1	GCF_008710155.1	accession	True	True	negative	negative	rod	rod	yes	yes	no	no	aerobe	aerobe	meso	meso	optimum	28.0	False	neutrophile	optimum	
23273	Sphingobium boeckii	Sphingobium_A boeckii	Sphingobium_A	Pseudomonadota	RS_GCF_014199215.1	GCF_014199215.1	GCA_014199215.1	GCF_014199215.1	accession	True	True	negative	negative	rod	rod	yes	yes	no	no	aerobe	aerobe	meso	meso	optimum	28.0	False	neutrophile	optimum	
23277	Sphingomonas ginsengisoli	Sphingomicrobium ginsengisoli	Sphingomicrobium	Pseudomonadota	RS_GCF_003332855.1	GCF_003332855.1	GCA_003332855.1	GCF_003332855.1	accession	True	False	negative	negative	rod	rod	no	no	no	no	aerobe	aerobe	meso	meso	optimum	30.0	False	neutrophile	optimum	
23278	Sphingomonas sediminicola	Sphingomicrobium sediminicola	Sphingomicrobium	Pseudomonadota	RS_GCF_049991885.1	GCF_049991885.1	GCA_049991885.1	GCF_049991885.1	accession	True	True	negative	negative	rod	rod	no	no	no	no	aerobe	aerobe	meso	meso	optimum	30.0	False	neutrophile	optimum	
23280	Sphingomonas cynarae	Sphingomonas cynarae	Sphingomonas	Pseudomonadota	RS_GCF_039537815.1	GCF_039537815.1	GCA_039537815.1	GCF_039537815.1	accession	True	True	negative	negative	rod	rod	no	no	no	no	aerobe	aerobe	meso	meso	optimum	28.0	False	neutrophile	optimum	
23284	Sphingopyxis italica	Sphingopyxis italica	Sphingopyxis	Pseudomonadota	RS_GCF_011926545.1	GCF_011926545.1	GCA_011926545.1	GCF_011926545.1	accession	True	True	negative	negative	rod	rod	yes	yes	no	no	aerobe	aerobe	meso	meso	optimum	27.5	False	neutrophile	optimum	
23290	Salinicoccus qingdaonensis	Lacicoccus qingdaonensis	Lacicoccus	Bacillota	RS_GCF_900101075.1	GCF_900101075.1	GCA_900101075.1	GCF_900101075.1	accession	True	True	positive	positive	coccus	coccus	no	no	no	no	aerobe	aerobe	meso	meso	optimum	28.0	False	alkaliphile	optimum	
23300	Streptococcus hongkongensis	Streptococcus pyogenes	Streptococcus	Bacillota	RS_GCF_900990975.1	GCF_900990975.1	GCA_900990975.1	GCF_900990975.1	designation	True	False	positive	positive	coccus	coccus	no	no	no	no	facultative		meso	meso	optimum	37.0	False		none	
23302	Streptomyces chilikensis	Streptomyces chilikensis	Streptomyces	Actinomycetota	RS_GCF_001642695.1	GCF_001642695.1	GCA_001642695.2	GCF_001642695.1	accession	True	True	positive	positive	other	other	no	no	yes	yes	aerobe	aerobe	meso	meso	optimum	30.0	False	neutrophile	optimum	
23330	Thermoanaerobacter pentosaceus	Thermoanaerobacter thermocopriae	Thermoanaerobacter	Bacillota	RS_GCF_030803985.1	GCF_030803985.1	GCA_030803985.1	GCF_030803985.1	accession	True	True	negative	negative	rod	rod	no	no	yes	yes	anaerobe	anaerobe	thermo	thermo	optimum	70.0	False	neutrophile	optimum	
23331	Brockia lithotrophica	Brockia lithotrophica	Brockia	Bacillota	RS_GCF_003633725.1	GCF_003633725.1	GCA_003633725.1	GCF_003633725.1	accession	True	True	positive	positive	rod	rod	yes	yes	yes	yes	anaerobe	anaerobe	thermo	thermo	optimum	62.5	False	neutrophile	optimum	
23340	Photobacterium gaetbulicola	Photobacterium gaetbulicola	Photobacterium	Pseudomonadota	GB_GCA_000940995.1	GCA_000940995.1	GCA_000940995.1		accession	True	True	negative	negative	rod	rod	yes	yes	no	no	aerobe	aerobe	meso	meso	optimum	30.0	False	neutrophile	optimum	
23347	Metallibacterium scheffleri	Metallibacterium scheffleri	Metallibacterium	Pseudomonadota	RS_GCF_002077135.1	GCF_002077135.1	GCA_002077135.1	GCF_002077135.1	accession	True	True	negative	negative	rod	rod	no	no	no	no	facultative	facultative	meso	meso	optimum	27.5	False	neutrophile	optimum	
23348	Patulibacter medicamentivorans	Patulibacter medicamentivorans	Patulibacter	Actinomycetota	RS_GCF_000240225.1	GCF_000240225.1	GCA_000240225.2	GCF_000240225.1	accession	True	True	positive	positive	rod	rod	no	no	no	no	aerobe	aerobe	meso	meso	optimum	32.0	False	neutrophile	optimum	
23349	Litorilinea aerophila	Litorilinea aerophila	Litorilinea	Chloroflexota	RS_GCF_006569185.2	GCF_006569185.2	GCA_006569185.2	GCF_006569185.2	accession	True	True	negative	negative	rod	rod	no	no	no	no	aerobe	aerobe	thermo	thermo	optimum	55.0	False	neutrophile	optimum	
23439	Algoriphagus machipongonensis	Algoriphagus machipongonensis	Algoriphagus	Bacteroidota	RS_GCF_000166275.1	GCF_000166275.1	GCA_000166275.1	GCF_000166275.1	accession	True	True	negative	negative	rod	rod	no	no	no	no	aerobe	aerobe	meso	meso	optimum	30.0	False	neutrophile	optimum	
23443	Caldicoprobacter guelmensis	Caldicoprobacter guelmensis	Caldicoprobacter	Bacillota	RS_GCF_016908415.1	GCF_016908415.1	GCA_016908415.1	GCF_016908415.1	accession	True	True	positive	positive	rod	rod	no	no	no	no	anaerobe	anaerobe	thermo	thermo	optimum	65.0	False	neutrophile	optimum	
23450	Chitinivorax tropicus	Chitinivorax tropicus	Chitinivorax	Pseudomonadota	RS_GCF_014202905.1	GCF_014202905.1	GCA_014202905.1	GCF_014202905.1	accession	True	True	negative	negative	rod	rod	yes	yes	no	no	facultative	facultative	meso	meso	optimum	33.5	False	neutrophile	optimum	
23455	Dissulfuribacter thermophilus	Dissulfuribacter thermophilus	Dissulfuribacter	Desulfobacterota	RS_GCF_001687335.1	GCF_001687335.1	GCA_001687335.1	GCF_001687335.1	accession	True	True	negative	negative	rod	rod	yes	yes	no	no	anaerobe	anaerobe	thermo	thermo	optimum	61.0	False	neutrophile	optimum	
23456	Fontimonas thermophila	Solimonas thermophila	Solimonas	Pseudomonadota	RS_GCF_900113085.1	GCF_900113085.1	GCA_900113085.1	GCF_900113085.1	accession	True	True	negative	negative	rod	rod	yes	yes	no	no	aerobe	aerobe	thermo	thermo	optimum	47.5	False	neutrophile	optimum	
23458	Oligosphaera ethanolica	Oligosphaera ethanolica	Oligosphaera	Verrucomicrobiota	RS_GCF_030814695.1	GCF_030814695.1	GCA_030814695.1	GCF_030814695.1	accession	True	True	negative	negative	coccus	coccus	no	no	no	no	anaerobe	anaerobe	meso	meso	optimum	37.0	False	neutrophile	optimum	
23525	Flaviflexus huanghaiensis	Flaviflexus huanghaiensis	Flaviflexus	Actinomycetota	RS_GCF_014118685.1	GCF_014118685.1	GCA_014118685.1	GCF_014118685.1	accession	True	True	positive	positive	rod	rod	no	no	no	no	facultative	facultative	meso	meso	optimum	29.0	False	neutrophile	optimum	
23547	Aeromonas australiensis	Aeromonas australiensis	Aeromonas	Pseudomonadota	RS_GCF_000819725.1	GCF_000819725.1	GCA_000819725.1	GCF_000819725.1	accession	True	True	negative	negative	rod	rod	yes	yes	no	no	facultative	facultative	meso	meso	growth_range	30.0	False		none	
23552	Effusibacillus consociatus	Effusibacillus consociatus	Effusibacillus	Bacillota	RS_GCF_042652925.1	GCF_042652925.1	GCA_042652925.1	GCF_042652925.1	accession	True	True	positive	positive	rod	rod	no	no	yes	yes	aerobe	aerobe	meso	meso	optimum	30.0	False	neutrophile	optimum	
23666	Shouchella shacheensis	Shouchella shacheensis	Shouchella	Bacillota	RS_GCF_001484965.1	GCF_001484965.1	GCA_001484965.1	GCF_001484965.1	accession	True	True	positive	positive	rod	rod	yes	yes	yes	yes	aerobe	aerobe	meso	meso	growth_single_point	30.0	False		none	
23706	Bacillus velezensis	Bacillus velezensis	Bacillus	Bacillota	RS_GCF_002117165.1	GCF_002117165.1	GCA_002117165.1	GCF_002117165.1	accession	False	False	positive	positive	rod	rod	yes	yes	yes	yes	aerobe	aerobe	meso	meso	optimum	29.0	False	neutrophile	optimum	
23707	Halalkalibacter nanhaiisediminis	Halalkalibacter nanhaiisediminis	Halalkalibacter	Bacillota	RS_GCF_007830185.1	GCF_007830185.1	GCA_007830185.1	GCF_007830185.1	accession	True	True	positive	positive	rod	rod	yes	yes	yes	yes	aerobe	aerobe	meso	meso	optimum	37.0	False	alkaliphile	optimum	
23710	Metabacillus halosaccharovorans	Metabacillus halosaccharovorans	Metabacillus	Bacillota	RS_GCF_002019635.1	GCF_002019635.1	GCA_002019635.1	GCF_002019635.1	accession	True	True	positive	positive	rod	rod	yes	yes	yes	yes	aerobe	aerobe	meso	meso	optimum	40.0	False	neutrophile	optimum	
23737	Oceanobacillus indicireducens	Oceanobacillus indicireducens	Oceanobacillus	Bacillota	RS_GCF_014647195.1	GCF_014647195.1	GCA_014647195.1	GCF_014647195.1	accession	True	True	positive	positive	rod	rod	yes	yes	yes	yes	aerobe	aerobe	meso	meso	optimum	39.0	False	alkaliphile	optimum	
23739	Ornithinibacillus halophilus	Ornithinibacillus halophilus	Ornithinibacillus	Bacillota	RS_GCF_900129485.1	GCF_900129485.1	GCA_900129485.1	GCF_900129485.1	accession	True	True	positive	positive	rod	rod	yes	yes	yes	yes	aerobe	aerobe	meso	meso	optimum	37.5	False	neutrophile	optimum	
23741	Amphibacillus indicireducens	Amphibacillus indicireducens	Amphibacillus	Bacillota	RS_GCF_039539605.1	GCF_039539605.1	GCA_039539605.1	GCF_039539605.1	accession	True	True	positive	positive	rod	rod	yes	yes	yes	yes	facultative		meso	meso	optimum	35.0	False	alkaliphile	optimum	
23742	Amphibacillus marinus	Amphibacillus_D marinus	Amphibacillus_D	Bacillota	RS_GCF_900110345.1	GCF_900110345.1	GCA_900110345.1	GCF_900110345.1	accession	True	True	positive	positive	rod	rod	yes	yes	yes	yes	facultative	facultative	meso	meso	optimum	28.0	False	alkaliphile	optimum	
23745	Virgibacillus halotolerans	Virgibacillus_M halotolerans	Virgibacillus_M	Bacillota	RS_GCF_016908515.1	GCF_016908515.1	GCA_016908515.1	GCF_016908515.1	accession	True	True	positive	positive	rod	rod	yes	yes	yes	yes	aerobe	aerobe	meso	meso	optimum	28.5	False	neutrophile	optimum	
23755	Terribacillus aidingensis	Terribacillus aidingensis	Terribacillus	Bacillota	RS_GCF_900215625.1	GCF_900215625.1	GCA_900215625.1	GCF_900215625.1	accession	True	True	positive	positive	rod	rod	yes	yes	yes	yes	aerobe	aerobe	meso	meso	optimum	33.5	False	neutrophile	optimum	
23758	Lysinibacillus composti	Ureibacillus composti_A	Ureibacillus	Bacillota	RS_GCF_016908465.1	GCF_016908465.1	GCA_016908465.1	GCF_016908465.1	accession	True	True	negative	negative	rod	rod	yes	yes	yes	yes	aerobe	aerobe	meso	meso	growth_range	29.0	False		none	
23759	Ureibacillus sinduriensis	Ureibacillus sinduriensis	Ureibacillus	Bacillota	RS_GCF_000772955.1	GCF_000772955.1	GCA_000772955.1	GCF_000772955.1	accession	True	True	positive	positive	rod	rod	yes	yes	yes	yes	aerobe	aerobe	meso	meso	optimum	30.0	False	neutrophile	optimum	
23760	Lysinibacillus contaminans	Lysinibacillus contaminans	Lysinibacillus	Bacillota	RS_GCF_001278945.1	GCF_001278945.1	GCA_001278945.1	GCF_001278945.1	accession	True	True	positive	positive	rod	rod	no	no	yes	yes	aerobe	aerobe	meso	meso	optimum	30.0	False	neutrophile	optimum	
23761	Ureibacillus manganicus	Ureibacillus manganicus	Ureibacillus	Bacillota	RS_GCF_000772945.1	GCF_000772945.1	GCA_000772945.1	GCF_000772945.1	accession	True	True	positive	positive	rod	rod	yes	yes	yes	yes	aerobe	aerobe	meso	meso	optimum	37.0	False	neutrophile	optimum	
23764	Tumebacillus flagellatus	Tumebacillus flagellatus	Tumebacillus	Bacillota	RS_GCF_000714935.1	GCF_000714935.1	GCA_000714935.1	GCF_000714935.1	accession	True	True	positive	positive	rod	rod	yes	yes	yes	yes	aerobe	aerobe	meso	meso	optimum	37.0	False	neutrophile	optimum	
23765	Saliterribacillus persicus	Saliterribacillus persicus	Saliterribacillus	Bacillota	RS_GCF_003337485.1	GCF_003337485.1	GCA_003337485.1	GCF_003337485.1	accession	True	True	positive	positive	rod	rod	yes	yes	yes	yes	aerobe	aerobe	meso	meso	optimum	35.0	False	neutrophile	optimum	
23769	Texcoconibacillus texcoconensis	Texcoconibacillus texcoconensis	Texcoconibacillus	Bacillota	RS_GCF_014202575.1	GCF_014202575.1	GCA_014202575.1	GCF_014202575.1	accession	True	True	positive	positive	rod	rod	no	no	yes	yes	aerobe	aerobe	meso	meso	optimum	37.0	False	alkaliphile	optimum	
23770	Thermolongibacillus altinsuensis	Thermolongibacillus altinsuensis	Thermolongibacillus	Bacillota	RS_GCF_004341205.1	GCF_004341205.1	GCA_004341205.1	GCF_004341205.1	accession	True	True	positive	positive	rod	rod	yes	yes	yes	yes	aerobe	aerobe	thermo	thermo	optimum	55.0	False	alkaliphile	optimum	
23794	Georgenia daeguensis	Georgenia daeguensis	Georgenia	Actinomycetota	RS_GCF_039537705.1	GCF_039537705.1	GCA_039537705.1	GCF_039537705.1	accession	True	True	positive	positive	rod	rod	yes	yes	no	no	aerobe	aerobe	meso	meso	optimum	27.5	False	neutrophile	optimum	
23809	Spelaeicoccus albus	Spelaeicoccus albus	Spelaeicoccus	Actinomycetota	RS_GCF_013409065.1	GCF_013409065.1	GCA_013409065.1	GCF_013409065.1	accession	True	True	positive	positive	coccus	coccus	no	no	no	no	aerobe	aerobe	meso	meso	optimum	29.0	False	neutrophile	optimum	
23811	Falsochrobactrum ovis	Brucella ovis_A	Brucella	Pseudomonadota	RS_GCF_003259955.1	GCF_003259955.1	GCA_003259955.1	GCF_003259955.1	accession	True	True	negative	negative	rod	rod	no	no	no	no	aerobe	aerobe	meso	meso	growth_single_point	30.0	False		none	
23819	Arcobacter anaerophilus	Halarcobacter anaerophilus	Halarcobacter	Campylobacterota	RS_GCF_006459125.1	GCF_006459125.1	GCA_006459125.1	GCF_006459125.1	accession	True	True	negative	negative	rod	rod	no	no	no	no	anaerobe	anaerobe	meso	meso	optimum	30.0	False	neutrophile	optimum	
23832	Cellulomonas marina	Cellulomonas marina	Cellulomonas	Actinomycetota	RS_GCF_900111925.1	GCF_900111925.1	GCA_900111925.1	GCF_900111925.1	accession	True	True	positive	positive	coccus	coccus	yes	yes	no	no	facultative	facultative	meso	meso	optimum	26.5	False	neutrophile	optimum	
23861	Fervidicella metallireducens	Fervidicella metallireducens	Fervidicella	Bacillota	RS_GCF_000601455.1	GCF_000601455.1	GCA_000601455.1	GCF_000601455.1	accession	True	True	negative	negative	rod	rod	yes	yes	yes	yes	anaerobe	anaerobe	thermo	thermo	optimum	50.0	False	neutrophile	optimum	
23884	Pontibacter akesuensis	Pontibacter akesuensis	Pontibacter	Bacteroidota	RS_GCF_014651555.1	GCF_014651555.1	GCA_014651555.1	GCF_014651555.1	accession	True	True	negative	negative	rod	rod	no	no	no	no	aerobe	aerobe	meso	meso	optimum	29.0	False	neutrophile	optimum	
23885	Seleniivibrio woodruffii	Seleniivibrio woodruffii	Seleniivibrio	Chrysiogenota	RS_GCF_004339245.1	GCF_004339245.1	GCA_004339245.1	GCF_004339245.1	accession	True	True	negative	negative	rod	rod	yes	yes	no	no	anaerobe	anaerobe	meso	meso	optimum	32.5	False	neutrophile	optimum	
23889	Deinococcus humi	Deinococcus humi	Deinococcus	Deinococcota	RS_GCF_014201875.1	GCF_014201875.1	GCA_014201875.1	GCF_014201875.1	accession	True	True	positive	positive	coccus	coccus	no	no	no	no	aerobe	aerobe	meso	meso	optimum	30.0	False	neutrophile	optimum	
24011	Flammeovirga kamogawensis	Flammeovirga kamogawensis	Flammeovirga	Bacteroidota	RS_GCF_018736065.1	GCF_018736065.1	GCA_018736065.1	GCF_018736065.1	accession	True	True	negative	negative	rod	rod	yes	yes	no	no	aerobe	aerobe	meso	meso	optimum	30.0	False	neutrophile	optimum	
24013	Limibacter armeniacum	Limibacter armeniacum	Limibacter	Bacteroidota	RS_GCF_036880985.1	GCF_036880985.1	GCA_036880985.1	GCF_036880985.1	accession	True	True	negative	negative	rod	rod	yes	yes	no	no	aerobe	aerobe	meso	meso	optimum	28.5	False	neutrophile	optimum	
24014	Aequorivita viscosa	Aequorivita viscosa	Aequorivita	Bacteroidota	RS_GCF_900106795.1	GCF_900106795.1	GCA_900106795.1	GCF_900106795.1	accession	True	True	negative	negative	rod	rod	no	no	no	no	aerobe	aerobe	meso	meso	optimum	30.0	False	neutrophile	optimum	
24023	Flavobacterium cutihirudinis	Flavobacterium cutihirudinis	Flavobacterium	Bacteroidota	RS_GCF_003385895.1	GCF_003385895.1	GCA_003385895.1	GCF_003385895.1	accession	True	True	negative	negative	rod	rod	yes	yes	no	no	aerobe	aerobe	meso	meso	optimum	26.5	False	neutrophile	optimum	
24030	Muricauda zhangzhouensis	Flagellimonas zhangzhouensis	Flagellimonas	Bacteroidota	RS_GCF_900102925.1	GCF_900102925.1	GCA_900102925.1	GCF_900102925.1	accession	True	True	negative	negative	rod	rod	no	no	no	no	aerobe	aerobe	meso	meso	optimum	26.5	False	neutrophile	optimum	
24035	Chryseobacterium frigidisoli	Halpernia frigidisoli	Halpernia	Bacteroidota	RS_GCF_900113805.1	GCF_900113805.1	GCA_900113805.1	GCF_900113805.1	accession	True	True	negative	negative	rod	rod	no	no	no	no	aerobe	aerobe	meso	meso	optimum	20.0	False	neutrophile	optimum	
24038	Chryseobacterium carnipullorum	Chryseobacterium carnipullorum	Chryseobacterium	Bacteroidota	RS_GCF_900142785.1	GCF_900142785.1	GCA_900142785.1	GCF_900142785.1	accession	True	True	negative	negative	rod	rod	no	no	no	no	aerobe	aerobe	meso	meso	optimum	27.5	False	neutrophile	optimum	
24039	Chryseobacterium hispalense	Chryseobacterium hispalense	Chryseobacterium	Bacteroidota	RS_GCF_000708615.2	GCF_000708615.2	GCA_000708615.2	GCF_000708615.2	accession	True	True	negative	negative	rod	rod	no	no	no	no	aerobe	aerobe	meso	meso	optimum	27.5	False	neutrophile	growth_range	
24046	Gramella forsetii	Christiangramia forsetii	Christiangramia	Bacteroidota	RS_GCF_000060345.1	GCF_000060345.1	GCA_000060345.1	GCF_000060345.1	accession	True	True	negative	negative	rod	rod	yes	yes	no	no	aerobe	aerobe	meso	meso	optimum	23.5	False	neutrophile	optimum	
24048	Lutibacter agarilyticus	Lutibacter agarilyticus	Lutibacter	Bacteroidota	RS_GCF_900188235.1	GCF_900188235.1	GCA_900188235.1	GCF_900188235.1	accession	True	True	negative	negative	rod	rod	no	no	no	no	aerobe	aerobe	meso	meso	optimum	25.0	False	neutrophile	optimum	
24050	Zunongwangia mangrovi	Zunongwangia mangrovi	Zunongwangia	Bacteroidota	RS_GCF_900112105.1	GCF_900112105.1	GCA_900112105.1	GCF_900112105.1	accession	True	True	negative	negative	rod	rod	no	no	no	no	aerobe	aerobe	meso	meso	optimum	26.5	False	neutrophile	optimum	
24051	Sinomicrobium oceani	Sinomicrobium oceani	Sinomicrobium	Bacteroidota	RS_GCF_900119185.1	GCF_900119185.1	GCA_900119185.1	GCF_900119185.1	accession	True	True	negative	negative	rod	rod	yes	yes	no	no	aerobe	aerobe	meso	meso	optimum	32.5	False	neutrophile	optimum	
24109	Janibacter cremeus	Janibacter cremeus	Janibacter	Actinomycetota	RS_GCF_013409205.1	GCF_013409205.1	GCA_013409205.1	GCF_013409205.1	accession	True	True	positive	positive	other	other	no	no	no	no	facultative	facultative	meso	meso	optimum	25.0	False	neutrophile	optimum	
24121	Mobilitalea sibirica	Mobilitalea sibirica	Mobilitalea	Bacillota	RS_GCF_015999265.1	GCF_015999265.1	GCA_015999265.1	GCF_015999265.1	accession	True	True	positive	positive	rod	rod	yes	yes	yes	yes	anaerobe	anaerobe	meso	meso	growth_single_point	37.0	False		none	
24129	Lactobacillus delbrueckii subsp. sunkii	Lactobacillus delbrueckii	Lactobacillus	Bacillota	RS_GCF_001888965.1	GCF_001888965.1	GCA_001888965.1	GCF_001888965.1	accession	True	False	positive	positive	rod	rod	no	no	no	no	facultative	microaerophile	meso	meso	growth_single_point	30.0	True		none	
24130	Lacticaseibacillus porcinae	Lacticaseibacillus porcinae	Lacticaseibacillus	Bacillota	RS_GCF_003946305.1	GCF_003946305.1	GCA_003946305.1	GCF_003946305.1	accession	True	True	positive	positive	other	other	no	no	no	no	facultative		meso	meso	growth_range	26.0	False	acidophile	growth_range	
24131	Schleiferilactobacillus shenzhenensis	Schleiferilactobacillus shenzhenensis	Schleiferilactobacillus	Bacillota	RS_GCF_000469325.1	GCF_000469325.1	GCA_000469325.1	GCF_000469325.1	accession	True	True	positive	positive	rod	rod	no	no	no	no	facultative		meso	meso	growth_range	30.0	False	neutrophile	growth_range	
24133	Secundilactobacillus oryzae	Secundilactobacillus oryzae	Secundilactobacillus	Bacillota	RS_GCF_000740055.1	GCF_000740055.1	GCA_000740055.1	GCF_000740055.1	accession	True	True	positive	positive	rod	rod	no	no	no	no	facultative		meso	meso	optimum	30.0	False	neutrophile	growth_range	
24139	Lactiplantibacillus mudanjiangensis	Lactiplantibacillus mudanjiangensis	Lactiplantibacillus	Bacillota	RS_GCF_005405385.1	GCF_005405385.1	GCA_005405385.1	GCF_005405385.1	accession	True	True	positive	positive	rod	rod	no	no	no	no	facultative		meso	meso	optimum	37.0	False	acidophile	optimum	
24140	Lacticaseibacillus songhuajiangensis	Lacticaseibacillus songhuajiangensis	Lacticaseibacillus	Bacillota	RS_GCF_003946025.1	GCF_003946025.1	GCA_003946025.1	GCF_003946025.1	accession	True	True	positive	positive	rod	rod	no	no	no	no	facultative		meso	meso	optimum	37.0	False	acidophile	optimum	
24174	Methylobacterium brachythecii	Methylobacterium brachythecii	Methylobacterium	Pseudomonadota	RS_GCF_014196345.1	GCF_014196345.1	GCA_014196345.1	GCF_014196345.1	accession	True	True	negative	negative	rod	rod	yes	yes	no	no	aerobe	aerobe	meso	meso	growth_single_point	28.0	False		none	
24175	Methylobacterium haplocladii	Methylobacterium haplocladii	Methylobacterium	Pseudomonadota	RS_GCF_007992175.1	GCF_007992175.1	GCA_007992175.1	GCF_007992175.1	accession	True	True	negative	negative	rod	rod	yes	yes	no	no	aerobe	aerobe	meso	meso	growth_single_point	28.0	False		none	
24188	Microbacterium saccharophilum	Microbacterium saccharophilum	Microbacterium	Actinomycetota	RS_GCF_007992455.1	GCF_007992455.1	GCA_007992455.1	GCF_007992455.1	accession	True	True	positive	positive	rod	rod	no	no	no	no	aerobe	aerobe	meso	meso	optimum	30.0	False	neutrophile	optimum	
24196	Pseudarthrobacter siccitolerans	Arthrobacter siccitolerans	Arthrobacter	Actinomycetota	RS_GCF_001046895.1	GCF_001046895.1	GCA_001046895.1	GCF_001046895.1	accession	True	True	positive	positive	rod	rod	no	no	no	no	aerobe	aerobe	meso	meso	optimum	30.0	False	neutrophile	optimum	
24206	Rothia endophytica	Rothia endophytica	Rothia	Actinomycetota	RS_GCF_039543885.1	GCF_039543885.1	GCA_039543885.1	GCF_039543885.1	accession	True	True	positive	positive	other	other	no	no	no	no	aerobe	aerobe	meso	meso	optimum	35.0	False	neutrophile	optimum	
24207	Zhihengliuella flava	Zhihengliuella flava	Zhihengliuella	Actinomycetota	RS_GCF_015751895.1	GCF_015751895.1	GCA_015751895.1	GCF_015751895.1	accession	True	True	positive	positive	rod	rod	no	no	no	no	facultative	facultative	meso	meso	optimum	25.0	False	neutrophile	optimum	
24212	Micromonospora schwarzwaldensis	Micromonospora sp039566955	Micromonospora	Actinomycetota	RS_GCF_039566955.1	GCF_039566955.1	GCA_039566955.1	GCF_039566955.1	designation	True	False	positive	positive	rod	rod	no	no	yes	yes	aerobe	aerobe	meso	meso	optimum	28.0	False	neutrophile	growth_range	
24236	Mycobacterium sediminis	Mycobacterium sediminis	Mycobacterium	Actinomycetota	RS_GCF_025822985.1	GCF_025822985.1	GCA_025822985.1	GCF_025822985.1	accession	True	True	positive	positive	other	other	no	no	no	no	aerobe	aerobe	meso	meso	optimum	28.0	False	neutrophile	optimum	
24246	Kribbella shirazensis	Kribbella shirazensis	Kribbella	Actinomycetota	RS_GCF_011761605.1	GCF_011761605.1	GCA_011761605.1	GCF_011761605.1	accession	True	True	positive	positive	rod	rod	no	no	yes	yes	aerobe	aerobe	meso	meso	optimum	28.0	False	neutrophile	optimum	
24250	Nocardioides szechwanensis	Nocardioides szechwanensis	Nocardioides	Actinomycetota	RS_GCF_900103935.1	GCF_900103935.1	GCA_900103935.1	GCF_900103935.1	accession	True	True	positive	positive	rod	rod	no	no	no	no	aerobe	aerobe	meso	meso	optimum	17.5	False	alkaliphile	optimum	
24251	Nocardioides psychrotolerans	Nocardioides psychrotolerans	Nocardioides	Actinomycetota	RS_GCF_900113685.1	GCF_900113685.1	GCA_900113685.1	GCF_900113685.1	accession	True	True	positive	positive	rod	rod	no	no	no	no	aerobe	aerobe	meso	meso	optimum	20.0	False	neutrophile	optimum	
24259	Streptomonospora nanhaiensis	Streptomonospora nanhaiensis	Streptomonospora	Actinomycetota	RS_GCF_013410565.1	GCF_013410565.1	GCA_013410565.1	GCF_013410565.1	accession	True	True	positive	positive	rod	rod	no	no	yes	yes	aerobe	aerobe	meso	meso	optimum	37.0	False	neutrophile	optimum	
24261	Herminiimonas contaminans	Oxalicibacterium contaminans	Oxalicibacterium	Pseudomonadota	RS_GCF_015645465.1	GCF_015645465.1	GCA_015645465.1	GCF_015645465.1	accession	True	False	negative	negative	rod	rod	yes	yes	no	no	aerobe	aerobe	meso	meso	optimum	27.5	False		none	
24271	Noviherbaspirillum psychrotolerans	Noviherbaspirillum_A suwonense	Noviherbaspirillum_A	Pseudomonadota	RS_GCF_900182955.1	GCF_900182955.1	GCA_900182955.1	GCF_900182955.1	accession	True	False	negative	negative	rod	rod	yes	yes	no	no	facultative	facultative	meso	meso	optimum	17.0	False	neutrophile	optimum	
24279	Paenibacillus kribbensis	Paenibacillus kribbensis	Paenibacillus	Bacillota	RS_GCF_002240415.1	GCF_002240415.1	GCA_002240415.1	GCF_002240415.1	accession	True	True	positive	positive	rod	rod	yes	yes	yes	yes	facultative	facultative	meso	meso	growth_range	29.5	False	neutrophile	growth_single_point	
24281	Paenibacillus sonchi	Paenibacillus_AQ riograndensis	Paenibacillus_AQ	Bacillota	RS_GCF_000981585.1	GCF_000981585.1	GCA_000981585.1	GCF_000981585.1	designation	False	True	negative	negative	rod	rod	yes	yes	yes	yes	facultative	facultative	meso	meso	optimum	28.0	False	neutrophile	optimum	
24282	Paenibacillus chungangensis	Pristimantibacillus chungangensis	Pristimantibacillus	Bacillota	RS_GCF_042675905.1	GCF_042675905.1	GCA_042675905.1	GCF_042675905.1	accession	True	True	positive	positive	rod	rod	yes	yes	yes	yes	aerobe	aerobe	meso	meso	optimum	30.0	False	neutrophile	optimum	
24285	Paenibacillus chartarius	Gordoniibacillus chartarius	Gordoniibacillus	Bacillota	RS_GCF_042432825.1	GCF_042432825.1	GCA_042432825.1	GCF_042432825.1	accession	True	True	positive	positive	rod	rod	no	no	yes	yes	aerobe	aerobe	meso	meso	optimum	30.0	False	neutrophile	optimum	
24287	Paenibacillus thermoaerophilus	Paenibacillus_W thermoaerophilus	Paenibacillus_W	Bacillota	RS_GCF_005938195.1	GCF_005938195.1	GCA_005938195.1	GCF_005938195.1	accession	True	True	positive	positive	rod	rod	yes	yes	yes	yes	aerobe	aerobe	thermo	thermo	optimum	52.5	False	neutrophile	optimum	
24301	Desulfolucanica intricata	Desulfolucanica intricata	Desulfolucanica	Bacillota	RS_GCF_001592105.1	GCF_001592105.1	GCA_001592105.1	GCF_001592105.1	accession	True	True	negative	negative	rod	rod	yes	yes	yes	yes	anaerobe	anaerobe	meso	meso	optimum	43.5	False	neutrophile	optimum	
24311	Pseudohoeflea suaedae	Pseudohoeflea suaedae	Pseudohoeflea	Pseudomonadota	RS_GCF_004354915.1	GCF_004354915.1	GCA_004354915.1	GCF_004354915.1	accession	True	True	negative	negative	rod	rod	yes	yes	no	no	aerobe	aerobe	meso	meso	optimum	33.5	False	neutrophile	growth_range	
24335	Paenisporosarcina indica	Paenisporosarcina indica	Paenisporosarcina	Bacillota	RS_GCF_001939075.1	GCF_001939075.1	GCA_001939075.1	GCF_001939075.1	accession	True	True	positive	positive	rod	rod	no	no	yes	yes	aerobe	aerobe	meso	meso	optimum	20.0	False	neutrophile	optimum	
24336	Parabacteroides chinchillae	Parabacteroides chinchillae	Parabacteroides	Bacteroidota	RS_GCF_900108035.1	GCF_900108035.1	GCA_900108035.1	GCF_900108035.1	accession	True	True	negative	negative	rod	rod	no	no	no	no	anaerobe	anaerobe	meso	meso	optimum	37.0	False		none	
24338	Coprobacter fastidiosus	Coprobacter fastidiosus	Coprobacter	Bacteroidota	RS_GCF_030296935.1	GCF_030296935.1	GCA_030296935.1	GCF_030296935.1	accession	True	True	negative	negative	rod	rod	no	no	no	no	anaerobe	anaerobe	meso	meso	growth_single_point	37.0	False		none	
24343	Prevotella jejuni	Prevotella jejuni	Prevotella	Bacteroidota	RS_GCF_900187995.1	GCF_900187995.1	GCA_900187995.1	GCF_900187995.1	accession	True	True	negative	negative	rod	rod	no	no	no	no	anaerobe	anaerobe	meso	meso	optimum	37.0	False	neutrophile	optimum	
24346	Microlunatus flavus	Microlunatus flavus	Microlunatus	Actinomycetota	RS_GCF_900110855.1	GCF_900110855.1	GCA_900110855.1	GCF_900110855.1	accession	True	True	positive	positive	other	other	no	no	no	no	aerobe	aerobe	meso	meso	optimum	26.5	False	neutrophile	optimum	
24438	Pseudomonas punonensis	Aquipseudomonas punonensis	Aquipseudomonas	Pseudomonadota	RS_GCF_900142655.1	GCF_900142655.1	GCA_900142655.1	GCF_900142655.1	accession	True	True	negative	negative	rod	rod	yes	yes	no	no	aerobe	aerobe	meso	meso	growth_range	31.5	False	neutrophile	growth_range	
24440	Pseudomonas guariconensis	Aquipseudomonas guariconensis	Aquipseudomonas	Pseudomonadota	RS_GCF_900102675.1	GCF_900102675.1	GCA_900102675.1	GCF_900102675.1	accession	True	True	negative	negative	rod	rod	yes	yes	no	no	aerobe	aerobe	meso	meso	growth_range	23.5	False	neutrophile	growth_range	
24443	Actinokineospora bangkokensis	Actinokineospora bangkokensis	Actinokineospora	Actinomycetota	RS_GCF_001940455.1	GCF_001940455.1	GCA_001940455.1	GCF_001940455.1	accession	True	True	positive	positive	rod	rod	no	no	yes	yes	aerobe	aerobe	meso	meso	growth_range	25.5	False	neutrophile	growth_range	
24445	Lentzea nigeriaca	Lentzea nigeriaca	Lentzea	Actinomycetota	RS_GCF_016907955.1	GCF_016907955.1	GCA_016907955.1	GCF_016907955.1	accession	True	True	positive	positive	rod	rod	no	no	yes	yes	aerobe	aerobe	meso	meso	optimum	29.0	False	neutrophile	optimum	
24484	Rhizobium petrolearium	Neorhizobium petrolearium	Neorhizobium	Pseudomonadota	RS_GCF_017873175.1	GCF_017873175.1	GCA_017873175.1	GCF_017873175.1	accession	True	True	negative	negative	rod	rod	yes	yes	no	no	aerobe	aerobe	meso	meso	optimum	30.0	False	neutrophile	optimum	
24485	Rhizobium mesoamericanum	Rhizobium mesoamericanum	Rhizobium	Pseudomonadota	RS_GCF_030815055.1	GCF_030815055.1	GCA_030815055.1	GCF_030815055.1	accession	True	True	negative	negative	rod	rod	yes	yes	no	no	aerobe	aerobe	meso	meso	optimum	28.0	False	neutrophile	optimum	
24505	Ruegeria intermedia	Ruegeria intermedia	Ruegeria	Pseudomonadota	RS_GCF_900129345.1	GCF_900129345.1	GCA_900129345.1	GCF_900129345.1	accession	True	True	negative	negative	rod	rod	no	no	no	no	aerobe	aerobe	meso	meso	optimum	41.0	False	neutrophile	optimum	
24525	Oceanicella actignis	Oceanicella actignis	Oceanicella	Pseudomonadota	RS_GCF_900143155.1	GCF_900143155.1	GCA_900143155.1	GCF_900143155.1	accession	False	False	negative	negative	rod	rod	yes	yes	no	no	aerobe	aerobe	thermo	thermo	optimum	54.0	False	neutrophile	optimum	
24527	Planktomarina temperata	Planktomarina temperata	Planktomarina	Pseudomonadota	RS_GCF_000738435.1	GCF_000738435.1	GCA_000738435.1	GCF_000738435.1	accession	True	True	negative	negative	rod	rod	yes	yes	no	no	aerobe	aerobe	meso	meso	optimum	25.0	False	neutrophile	optimum	
24542	Saccharospirillum salsuginis	Saccharospirillum salsuginis	Saccharospirillum	Pseudomonadota	RS_GCF_014651855.1	GCF_014651855.1	GCA_014651855.1	GCF_014651855.1	accession	True	True	negative	negative	other	spiral	yes	yes	no	no	aerobe	aerobe	meso	meso	optimum	37.0	False	neutrophile	optimum	
24566	Sphingopyxis indica	Sphingopyxis indica	Sphingopyxis	Pseudomonadota	RS_GCF_900188185.1	GCF_900188185.1	GCA_900188185.1	GCF_900188185.1	accession	True	True	negative	negative	rod	rod	no	no	no	no	aerobe	aerobe	meso	meso	optimum	28.0	False	neutrophile	optimum	
24605	Streptococcus anginosus subsp. whileyi	Streptococcus vaginalis	Streptococcus	Bacillota	RS_GCF_017315345.1	GCF_017315345.1	GCA_017315345.1	GCF_017315345.1	accession	True	True	positive	positive	coccus	coccus	no	no	no	no	facultative	microaerophile	meso	meso	growth_single_point	37.0	True		none	
24606	Streptococcus constellatus subsp. viborgensis	Streptococcus constellatus	Streptococcus	Bacillota	RS_GCF_016127875.1	GCF_016127875.1	GCA_016127875.1	GCF_016127875.1	accession	True	False	positive	positive	coccus	coccus	no	no	no	no	facultative	microaerophile	meso	meso	growth_single_point	37.0	True		none	
24610	Streptococcus oralis subsp. dentisani	Streptococcus dentisani	Streptococcus	Bacillota	RS_GCF_016028175.1	GCF_016028175.1	GCA_016028175.1	GCF_016028175.1	accession	True	False	positive	positive	coccus	coccus	no	no	no	no	facultative		meso	meso	growth_range	37.0	False	neutrophile	growth_range	
24618	Streptomyces wuyuanensis	Streptomyces wuyuanensis	Streptomyces	Actinomycetota	RS_GCF_900103455.1	GCF_900103455.1	GCA_900103455.1	GCF_900103455.1	accession	True	True	positive	positive	other	spiral	no	no	yes	yes	aerobe	aerobe	meso	meso	optimum	28.0	False	neutrophile	optimum	
24635	Planobispora siamensis	Planobispora siamensis	Planobispora	Actinomycetota	RS_GCF_016863175.1	GCF_016863175.1	GCA_016863175.1	GCF_016863175.1	accession	True	True	positive	positive	coccus	coccus	yes	yes	yes	yes	aerobe	aerobe	meso	meso	optimum	27.5	False		none	
24651	Calderihabitans maritimus	Calderihabitans maritimus	Calderihabitans	Bacillota	RS_GCF_002207765.1	GCF_002207765.1	GCA_002207765.1	GCF_002207765.1	accession	True	True	negative	negative	rod	rod	no	no	yes	yes	anaerobe	anaerobe	thermo	thermo	optimum	65.0	False	neutrophile	optimum	
24667	Williamsia sterculiae	Williamsia_B sterculiae	Williamsia_B	Actinomycetota	RS_GCF_900156495.1	GCF_900156495.1	GCA_900156495.1	GCF_900156495.1	accession	True	True	positive	positive	rod	rod	no	no	no	no	aerobe	aerobe	meso	meso	optimum	28.0	False	neutrophile	optimum	
24668	Azorhizobium oxalatiphilum	Azorhizobium oxalatiphilum	Azorhizobium	Pseudomonadota	RS_GCF_014635325.1	GCF_014635325.1	GCA_014635325.1	GCF_014635325.1	accession	True	True	negative	negative	rod	rod	yes	yes	no	no	aerobe	aerobe	meso	meso	growth_range	23.0	False		none	
24669	Arenimonas metalli	Arenimonas metalli	Arenimonas	Pseudomonadota	RS_GCF_000747155.1	GCF_000747155.1	GCA_000747155.1	GCF_000747155.1	accession	True	True	negative	negative	rod	rod	no	no	no	no	aerobe	aerobe	meso	meso	optimum	28.0	False	neutrophile	optimum	
24670	Dyella jiangningensis	Dyella jiangningensis	Dyella	Pseudomonadota	GB_GCA_000632805.1	GCA_000632805.1	GCA_000632805.1		accession	True	True	negative	negative	rod	rod	yes	yes	no	no	aerobe	aerobe	meso	meso	optimum	30.0	False	neutrophile	optimum	
24675	Luteimonas huabeiensis	Luteimonas huabeiensis	Luteimonas	Pseudomonadota	RS_GCF_000559025.1	GCF_000559025.1	GCA_000559025.1	GCF_000559025.1	accession	True	True	negative	negative	rod	rod	no	no	no	no	aerobe	aerobe	meso	meso	optimum	30.0	False	neutrophile	optimum	
24718	Acanthopleuribacter pedis	Acanthopleuribacter pedis	Acanthopleuribacter	Acidobacteriota	RS_GCF_017377855.1	GCF_017377855.1	GCA_017377855.1	GCF_017377855.1	accession	True	True	negative	negative	rod	rod	yes	yes	no	no	aerobe	aerobe	meso	meso	optimum	30.0	False	neutrophile	optimum	
24720	Algoriphagus zhangzhouensis	Algoriphagus zhangzhouensis	Algoriphagus	Bacteroidota	RS_GCF_900148515.1	GCF_900148515.1	GCA_900148515.1	GCF_900148515.1	accession	True	True	negative	negative	rod	rod	no	no	no	no	aerobe	aerobe	meso	meso	optimum	25.0	False	neutrophile	optimum	
24721	Belliella pelovolcani	Belliella pelovolcani	Belliella	Bacteroidota	RS_GCF_900156785.1	GCF_900156785.1	GCA_900156785.1	GCF_900156785.1	accession	True	True	negative	negative	rod	rod	no	no	no	no	aerobe	aerobe	meso	meso	optimum	37.0	False	neutrophile	optimum	
24724	Cecembia calidifontis	Cecembia_A calidifontis	Cecembia_A	Bacteroidota	RS_GCF_004216715.1	GCF_004216715.1	GCA_004216715.1	GCF_004216715.1	accession	True	True	negative	negative	rod	rod	no	no	no	no	aerobe	aerobe	thermo	thermo	optimum	45.0	False	neutrophile	optimum	
24725	Mariniradius saccharolyticus	Mariniradius saccharolyticus	Mariniradius	Bacteroidota	RS_GCF_000330725.2	GCF_000330725.2	GCA_000330725.2	GCF_000330725.2	accession	True	True	negative	negative	rod	rod	no	no	no	no	aerobe	aerobe	meso	meso	optimum	33.5	False	neutrophile	optimum	
24730	Actinopolyspora mzabensis	Actinopolyspora mzabensis	Actinopolyspora	Actinomycetota	RS_GCF_900101095.1	GCF_900101095.1	GCA_900101095.1	GCF_900101095.1	accession	True	True	positive	positive	rod	rod	no	no	yes	yes	aerobe	aerobe	meso	meso	optimum	30.0	False	neutrophile	optimum	
24734	Niabella hirudinis	Niabella hirudinis	Niabella	Bacteroidota	RS_GCF_051201075.1	GCF_051201075.1	GCA_051201075.1	GCF_051201075.1	accession	True	True	negative	negative	rod	rod	no	no	no	no	aerobe	aerobe	meso	meso	growth_range	22.5	False	neutrophile	growth_range	
24735	Niabella drilacis	Niabella drilacis	Niabella	Bacteroidota	RS_GCF_900101395.1	GCF_900101395.1	GCA_900101395.1	GCF_900101395.1	accession	True	True	negative	negative	rod	rod	no	no	no	no	aerobe	aerobe	meso	meso	growth_range	22.5	False	neutrophile	growth_range	
24736	Sediminibacterium salmoneum	Sediminibacterium salmoneum	Sediminibacterium	Bacteroidota	RS_GCF_000511175.1	GCF_000511175.1	GCA_000511175.1	GCF_000511175.1	accession	True	True	negative	negative	rod	rod	yes	yes	no	no	aerobe	aerobe	meso	meso	optimum	25.0	False	neutrophile	optimum	
24739	Gracilimonas mengyeensis	Gracilimonas mengyeensis	Gracilimonas	Bacteroidota	RS_GCF_900182705.1	GCF_900182705.1	GCA_900182705.1	GCF_900182705.1	accession	True	True	negative	negative	rod	rod	no	no	no	no	facultative	facultative	meso	meso	optimum	28.0	False	neutrophile	optimum	
24744	Aminivibrio pyruvatiphilus	Aminivibrio pyruvatiphilus	Aminivibrio	Synergistota	RS_GCF_004366815.1	GCF_004366815.1	GCA_004366815.1	GCF_004366815.1	accession	True	True	negative	negative	rod	rod	yes	yes	no	no	anaerobe	anaerobe	meso	meso	optimum	38.5	False	neutrophile	optimum	
24745	Thermogemmatispora carboxidivorans	Thermogemmatispora carboxidivorans	Thermogemmatispora	Chloroflexota	RS_GCF_000702505.1	GCF_000702505.1	GCA_000702505.1	GCF_000702505.1	accession	True	True	positive	positive	other	filamentous	no	no	yes	yes	facultative	microaerophile	thermo	thermo	optimum	55.0	True	neutrophile	optimum	
24747	Christensenella minuta	Christensenella minuta	Christensenella	Bacillota	RS_GCF_003628755.1	GCF_003628755.1	GCA_003628755.1	GCF_003628755.1	accession	True	True	negative	negative	rod	rod	no	no	no	no	anaerobe	anaerobe	meso	meso	optimum	37.0	False	neutrophile	optimum	
24749	Eilatimonas milleporae	Eilatimonas milleporae	Eilatimonas	Pseudomonadota	RS_GCF_003688555.1	GCF_003688555.1	GCA_003688555.1	GCF_003688555.1	accession	True	True	negative	negative	rod	rod	yes	yes	no	no	aerobe	aerobe	meso	meso	optimum	30.0	False	neutrophile	optimum	
24762	Neiella marina	Neiella marina	Neiella	Pseudomonadota	RS_GCF_002165625.1	GCF_002165625.1	GCA_002165625.1	GCF_002165625.1	accession	True	True	negative	negative	rod	rod	yes	yes	no	no	aerobe	aerobe	meso	meso	optimum	26.5	False	neutrophile	optimum	
24763	Pleionea mediterranea	Pleionea mediterranea	Pleionea	Pseudomonadota	RS_GCF_003148745.1	GCF_003148745.1	GCA_003148745.1	GCF_003148745.1	accession	True	True	negative	negative	rod	rod	no	no	no	no	aerobe	aerobe	meso	meso	optimum	27.5	False	neutrophile	optimum	
24770	Vallitalea guaymasensis	Vallitalea guaymasensis	Vallitalea	Bacillota	RS_GCF_018141425.1	GCF_018141425.1	GCA_018141425.1	GCF_018141425.1	accession	True	True	negative	negative	rod	rod	no	no	no	no	anaerobe	anaerobe	meso	meso	optimum	32.5	False	neutrophile	optimum	
24772	Intestinimonas butyriciproducens	Intestinimonas butyriciproducens	Intestinimonas	Bacillota	RS_GCF_004154955.1	GCF_004154955.1	GCA_004154955.1	GCF_004154955.1	accession	True	True	positive	positive	rod	rod	no	no	yes	yes	anaerobe	anaerobe	meso	meso	growth_range	35.0	False		none	
24773	Thermoanaerobaculum aquaticum	Thermoanaerobaculum aquaticum	Thermoanaerobaculum	Acidobacteriota	RS_GCF_000687145.1	GCF_000687145.1	GCA_000687145.1	GCF_000687145.1	accession	True	True	negative	negative	rod	rod	no	no	no	no	anaerobe	anaerobe	thermo	thermo	optimum	60.0	False	neutrophile	optimum	
24783	Exiguobacterium alkaliphilum	Exiguobacterium alkaliphilum	Exiguobacterium	Bacillota	RS_GCF_025234775.1	GCF_025234775.1	GCA_025234775.1	GCF_025234775.1	accession	True	True	positive	positive	rod	rod	yes	yes	no	no	facultative	facultative	meso	meso	optimum	35.0	False	alkaliphile	optimum	
24785	Mesoaciditoga lauensis	Mesoaciditoga lauensis	Mesoaciditoga	Thermotogota	RS_GCF_000745455.1	GCF_000745455.1	GCA_000745455.1	GCF_000745455.1	accession	True	True	negative	negative	rod	rod	yes	yes	no	no	anaerobe	anaerobe	thermo	thermo	optimum	58.5	False	neutrophile	optimum	
24787	Aliifodinibius roseus	Fodinibius roseus	Fodinibius	Bacteroidota	RS_GCF_900129315.1	GCF_900129315.1	GCA_900129315.1	GCF_900129315.1	accession	True	True	negative	negative	rod	rod	no	no	no	no	facultative	facultative	meso	meso	optimum	28.0	False	neutrophile	optimum	
24788	Aliifodinibius sediminis	Fodinibius sediminis	Fodinibius	Bacteroidota	RS_GCF_900182555.1	GCF_900182555.1	GCA_900182555.1	GCF_900182555.1	accession	True	True	negative	negative	rod	rod	no	no	no	no	aerobe	aerobe	meso	meso	optimum	28.0	False	neutrophile	optimum	
24794	Chryseolinea serpens	Chryseolinea serpens	Chryseolinea	Bacteroidota	RS_GCF_900129725.1	GCF_900129725.1	GCA_900129725.1	GCF_900129725.1	accession	True	True	negative	negative	rod	rod	yes	yes	no	no	aerobe	aerobe	meso	meso	growth_range	25.0	False	neutrophile	growth_range	
24800	Jeongeupia chitinilytica	Jeongeupia chitinilytica	Jeongeupia	Pseudomonadota	RS_GCF_014652315.1	GCF_014652315.1	GCA_014652315.1	GCF_014652315.1	accession	True	True	negative	negative	rod	rod	yes	yes	no	no	facultative	facultative	meso	meso	optimum	27.5	False	neutrophile	optimum	
24801	Melioribacter roseus	Melioribacter roseus	Melioribacter	Bacteroidota	RS_GCF_000279145.1	GCF_000279145.1	GCA_000279145.1	GCF_000279145.1	accession	True	True	negative	negative	rod	rod	yes	yes	no	no	facultative	facultative	thermo	thermo	optimum	53.5	False	neutrophile	optimum	
24803	Motilibacter rhizosphaerae	Motilibacter rhizosphaerae	Motilibacter	Actinomycetota	RS_GCF_004216915.1	GCF_004216915.1	GCA_004216915.1	GCF_004216915.1	accession	True	True	positive	positive	rod	rod	no	no	no	no	aerobe	aerobe	meso	meso	optimum	37.0	False	neutrophile	growth_range	
130139	Terriglobus aquaticus	Terriglobus aquaticus	Terriglobus	Acidobacteriota	RS_GCF_025685415.1	GCF_025685415.1	GCA_025685415.1	GCF_025685415.1	accession	True	True	negative	negative	rod	rod	no	no	no	no	aerobe	aerobe	meso	meso	optimum	25.0	False	neutrophile	optimum	
130150	Alicyclobacillus tengchongensis	Alicyclobacillus_I tolerans	Alicyclobacillus_I	Bacillota	RS_GCF_030803925.1	GCF_030803925.1	GCA_030803925.1	GCF_030803925.1	accession	True	False	positive	positive	rod	rod	yes	yes	yes	yes	aerobe	aerobe	thermo	thermo	growth_range	47.5	False		none	
130201	Halobacillus andaensis	Halobacillus_A andaensis	Halobacillus_A	Bacillota	RS_GCF_014636475.1	GCF_014636475.1	GCA_014636475.1	GCF_014636475.1	accession	True	True	positive	positive	rod	rod	yes	yes	yes	yes	aerobe	aerobe	meso	meso	optimum	30.0	False	neutrophile	optimum	moderately halophilic
130206	Jeotgalibacillus terrae	Jeotgalibacillus terrae	Jeotgalibacillus	Bacillota	RS_GCF_016908195.1	GCF_016908195.1	GCA_016908195.1	GCF_016908195.1	accession	True	True	positive	positive	rod	rod	yes	yes	yes	yes	aerobe	aerobe	meso	meso	optimum	32.5	False	neutrophile	optimum	
130226	Brevibacterium jeotgali	Brevibacterium jeotgali	Brevibacterium	Actinomycetota	RS_GCF_900169175.1	GCF_900169175.1	GCA_900169175.1	GCF_900169175.1	accession	True	True	positive	positive	rod	rod	no	no	no	no	aerobe	aerobe	meso	meso	optimum	30.0	False	neutrophile	optimum	
130227	Trinickia symbiotica	Trinickia symbiotica	Trinickia	Pseudomonadota	RS_GCF_002934455.1	GCF_002934455.1	GCA_002934455.1	GCF_002934455.1	accession	True	True	negative	negative	rod	rod	no	no	no	no	aerobe	aerobe	meso	meso	optimum	35.0	False	acidophile	optimum	
130228	Paraburkholderia diazotrophica	Paraburkholderia diazotrophica	Paraburkholderia	Pseudomonadota	RS_GCF_900108945.1	GCF_900108945.1	GCA_900108945.1	GCF_900108945.1	accession	True	True	negative	negative	rod	rod	yes	yes	no	no	aerobe	aerobe	meso	meso	optimum	33.5	False	neutrophile	optimum	
130254	Comamonas jiangduensis	Comamonas jiangduensis	Comamonas	Pseudomonadota	RS_GCF_030162955.1	GCF_030162955.1	GCA_030162955.1	GCF_030162955.1	designation	True	True	negative	negative	rod	rod	yes	yes	no	no	aerobe	aerobe	meso	meso	optimum	37.0	False	neutrophile	optimum	
130339	Geoalkalibacter subterraneus	Geoalkalibacter_A subterraneus	Geoalkalibacter_A	Desulfobacterota	RS_GCF_000827125.1	GCF_000827125.1	GCA_000827125.1	GCF_000827125.1	accession	True	True	negative	negative	rod	rod	yes	yes	no	no	anaerobe	anaerobe	meso	meso	optimum	40.0	False	neutrophile	optimum	
130359	Anaerostipes rhamnosivorans	Anaerostipes rhamnosivorans	Anaerostipes	Bacillota	RS_GCF_005280655.1	GCF_005280655.1	GCA_005280655.1	GCF_005280655.1	designation	True	True	positive	positive	rod	rod	no	no	yes	yes	anaerobe	anaerobe	meso	meso	growth_single_point	37.0	False		none	
130365	Levilactobacillus yonginensis	Levilactobacillus yonginensis	Levilactobacillus	Bacillota	RS_GCF_003946265.1	GCF_003946265.1	GCA_003946265.1	GCF_003946265.1	accession	True	True	positive	positive	rod	rod	no	no	no	no	facultative		meso	meso	optimum	30.0	False	neutrophile	growth_range	
130440	Actinoplanes siamensis	Actinoplanes siamensis	Actinoplanes	Actinomycetota	RS_GCF_016862395.1	GCF_016862395.1	GCA_016862395.1	GCF_016862395.1	accession	True	True	positive	positive	other	other	yes	yes	yes	yes	aerobe	aerobe	meso	meso	optimum	27.5	False	alkaliphile	optimum	
130450	Acinetobacter nectaris	Acinetobacter nectaris	Acinetobacter	Pseudomonadota	RS_GCF_000488215.1	GCF_000488215.1	GCA_000488215.1	GCF_000488215.1	accession	True	True	negative	negative	other	other	no	no	no	no	aerobe	aerobe	meso	meso	optimum	27.5	False		none	
130524	Desulforadius tongensis	Desulforadius tongensis	Desulforadius	Bacillota	RS_GCF_016907915.1	GCF_016907915.1	GCA_016907915.1	GCF_016907915.1	accession	True	True	positive	positive	rod	rod	yes	yes	yes	yes	anaerobe	anaerobe	thermo	thermo	growth_single_point	50.0	False		none	
130527	Mesorhizobium robiniae	Mesorhizobium robiniae	Mesorhizobium	Pseudomonadota	RS_GCF_040545535.1	GCF_040545535.1	GCA_040545535.1	GCF_040545535.1	accession	True	True	negative	negative	rod	rod	yes	yes	no	no	aerobe	aerobe	meso	meso	optimum	27.5	False	neutrophile	optimum	
130529	Mesorhizobium silamurunense	Mesorhizobium silamurunense	Mesorhizobium	Pseudomonadota	RS_GCF_014843825.1	GCF_014843825.1	GCA_014843825.1	GCF_014843825.1	accession	True	True	negative	negative	rod	rod	yes	yes	no	no	aerobe	aerobe	meso	meso	optimum	28.0	False	neutrophile	optimum	
130530	Mesorhizobium muleiense	Mesorhizobium muleiense	Mesorhizobium	Pseudomonadota	RS_GCF_900099905.1	GCF_900099905.1	GCA_900099905.1	GCF_900099905.1	accession	True	True	negative	negative	rod	rod	yes	yes	no	no	aerobe	aerobe	meso	meso	optimum	28.0	False	neutrophile	optimum	
130533	Mesorhizobium sangaii	Mesorhizobium sangaii	Mesorhizobium	Pseudomonadota	RS_GCF_014207355.1	GCF_014207355.1	GCA_014207355.1	GCF_014207355.1	accession	True	True	negative	negative	rod	rod	yes	yes	no	no	aerobe	aerobe	meso	meso	optimum	27.5	False	neutrophile	optimum	
130575	Pseudomonas guangdongensis	Geopseudomonas guangdongensis	Geopseudomonas	Pseudomonadota	RS_GCF_900105885.1	GCF_900105885.1	GCA_900105885.1	GCF_900105885.1	accession	True	True	negative	negative	rod	rod	yes	yes	no	no	facultative	facultative	meso	meso	optimum	30.0	False	neutrophile	optimum	
130606	Yoonia rosea	Yoonia rosea	Yoonia	Pseudomonadota	RS_GCF_900156505.1	GCF_900156505.1	GCA_900156505.1	GCF_900156505.1	accession	True	True	negative	negative	rod	rod	no	no	yes	yes	aerobe	aerobe	meso	meso	optimum	25.0	False	neutrophile	optimum	
130607	Yoonia litorea	Yoonia litorea	Yoonia	Pseudomonadota	RS_GCF_900114675.1	GCF_900114675.1	GCA_900114675.1	GCF_900114675.1	accession	True	True	negative	negative	rod	rod	no	no	no	no	aerobe	aerobe	meso	meso	optimum	30.0	False	neutrophile	optimum	
130612	Pseudooceanicola marinus	Pseudooceanicola marinus	Pseudooceanicola	Pseudomonadota	RS_GCF_002786295.1	GCF_002786295.1	GCA_002786295.1	GCF_002786295.1	accession	True	True	negative	negative	rod	rod	no	no	no	no	facultative	facultative	meso	meso	optimum	31.5	False	neutrophile	optimum	
130622	Roseovarius pacificus	Roseovarius pacificus	Roseovarius	Pseudomonadota	RS_GCF_900142665.1	GCF_900142665.1	GCA_900142665.1	GCF_900142665.1	accession	True	True	negative	negative	rod	rod	yes	yes	no	no	aerobe	aerobe	meso	meso	optimum	25.0	False	neutrophile	optimum	
130624	Roseovarius nanhaiticus	Roseovarius nanhaiticus	Roseovarius	Pseudomonadota	RS_GCF_900156535.1	GCF_900156535.1	GCA_900156535.1	GCF_900156535.1	accession	True	True	negative	negative	other	other	yes	yes	no	no	aerobe	aerobe	meso	meso	optimum	30.0	False	alkaliphile	optimum	
130639	Marivita hallyeonensis	Marivita hallyeonensis	Marivita	Pseudomonadota	RS_GCF_900129875.1	GCF_900129875.1	GCA_900129875.1	GCF_900129875.1	accession	True	True	negative	negative	rod	rod	no	no	no	no	aerobe	aerobe	meso	meso	optimum	30.0	False	neutrophile	optimum	
130640	Marivita geojedonensis	Marivita geojedonensis	Marivita	Pseudomonadota	RS_GCF_002115805.1	GCF_002115805.1	GCA_002115805.1	GCF_002115805.1	accession	True	True	negative	negative	rod	rod	no	no	no	no	aerobe	aerobe	meso	meso	optimum	30.0	False	neutrophile	optimum	
130643	Litoreibacter meonggei	Litoreibacter meonggei	Litoreibacter	Pseudomonadota	RS_GCF_003663885.1	GCF_003663885.1	GCA_003663885.1	GCF_003663885.1	accession	True	True	negative	negative	other	other	no	no	no	no	aerobe	aerobe	meso	meso	optimum	25.0	False	neutrophile	optimum	
130644	Litoreibacter halocynthiae	Litoreibacter halocynthiae	Litoreibacter	Pseudomonadota	RS_GCF_004365635.1	GCF_004365635.1	GCA_004365635.1	GCF_004365635.1	accession	True	True	negative	negative	coccus	coccus	no	no	no	no	aerobe	aerobe	meso	meso	optimum	25.0	False	neutrophile	optimum	
130655	Thauera humireducens	Thauera humireducens	Thauera	Pseudomonadota	RS_GCF_001051995.2	GCF_001051995.2	GCA_001051995.2	GCF_001051995.2	accession	True	True	negative	negative	rod	rod	yes	yes	no	no	facultative	facultative	meso	meso	optimum	31.0	False	neutrophile	optimum	
130671	Sphingobium fontiphilum	Sphingobium fontiphilum	Sphingobium	Pseudomonadota	RS_GCF_014196635.1	GCF_014196635.1	GCA_014196635.1	GCF_014196635.1	accession	True	True	negative	negative	rod	rod	no	no	no	no	aerobe	aerobe	meso	meso	optimum	37.0	False	neutrophile	optimum	
130672	Sphingobium sufflavum	Sphingobium sufflavum	Sphingobium	Pseudomonadota	RS_GCF_021403115.1	GCF_021403115.1	GCA_021403115.1	GCF_021403115.1	accession	True	True	negative	negative	rod	rod	no	no	no	no	aerobe	aerobe	meso	meso	optimum	25.0	False	neutrophile	optimum	
130749	Photobacterium jeanii	Photobacterium jeanii	Photobacterium	Pseudomonadota	RS_GCF_003025495.1	GCF_003025495.1	GCA_003025495.1	GCF_003025495.1	accession	True	True	negative	negative	other	other	yes	yes	no	no	facultative	facultative	meso	meso	optimum	27.5	False	neutrophile	optimum	
130765	Vibrio hangzhouensis	Vibrio hangzhouensis	Vibrio	Pseudomonadota	RS_GCF_900107935.1	GCF_900107935.1	GCA_900107935.1	GCF_900107935.1	accession	True	True	negative	negative	rod	rod	yes	yes	no	no	aerobe	aerobe	meso	meso	optimum	30.0	False	neutrophile	optimum	
130825	Paludibacterium paludis	Paludibacterium paludis	Paludibacterium	Pseudomonadota	RS_GCF_018802605.1	GCF_018802605.1	GCA_018802605.1	GCF_018802605.1	accession	True	True	negative	negative	rod	rod	yes	yes	no	no	facultative	facultative	meso	meso	growth_range	29.0	False		none	
130836	Peptoniphilus stercorisuis	Anaerosphaera stercorisuis	Anaerosphaera	Bacillota	RS_GCF_017874395.1	GCF_017874395.1	GCA_017874395.1	GCF_017874395.1	accession	True	True	positive	positive	coccus	coccus	no	no	no	no	anaerobe	anaerobe	meso	meso	growth_single_point	37.0	False		none	
131144	Formosa algae	Formosa algae	Formosa	Bacteroidota	RS_GCF_001439665.1	GCF_001439665.1	GCA_001439665.1	GCF_001439665.1	accession	True	True	negative	negative	rod	rod	yes	yes	no	no	facultative	facultative	meso	meso	optimum	23.0	False	neutrophile	optimum	
131249	Bacteroides stercorirosoris	Bacteroides stercorirosoris	Bacteroides	Bacteroidota	RS_GCF_900142015.1	GCF_900142015.1	GCA_900142015.1	GCF_900142015.1	accession	True	True	negative	negative	rod	rod	no	no	no	no	anaerobe	anaerobe	meso	meso	optimum	37.0	False		none	
131250	Sphingomonas endophytica	Sphingomonas endophytica	Sphingomonas	Pseudomonadota	RS_GCF_014199415.1	GCF_014199415.1	GCA_014199415.1	GCF_014199415.1	accession	True	True	negative	negative	rod	rod	yes	yes	no	no	aerobe	aerobe	meso	meso	optimum	29.0	False	neutrophile	optimum	
131253	Microvirga lotononidis	Microvirga lotononidis	Microvirga	Pseudomonadota	RS_GCF_034627025.1	GCF_034627025.1	GCA_034627025.1	GCF_034627025.1	designation	True	True	negative	negative	rod	rod	yes	yes	no	no	aerobe	aerobe	meso	meso	optimum	41.0	False	neutrophile	optimum	
131254	Microvirga zambiensis	Microvirga zambiensis	Microvirga	Pseudomonadota	RS_GCF_016735695.1	GCF_016735695.1	GCA_016735695.1	GCF_016735695.1	designation	True	True	negative	negative	rod	rod	yes	yes	no	no	aerobe	aerobe	meso	meso	optimum	35.0	False	neutrophile	optimum	
131261	Extensimonas vulgaris	Extensimonas vulgaris	Extensimonas	Pseudomonadota	RS_GCF_003337425.1	GCF_003337425.1	GCA_003337425.1	GCF_003337425.1	accession	True	True	negative	negative	rod	rod	yes	yes	no	no	aerobe	aerobe	thermo	thermo	optimum	48.0	False	neutrophile	optimum	
131263	Vogesella fluminis	Vogesella fluminis	Vogesella	Pseudomonadota	RS_GCF_014652335.1	GCF_014652335.1	GCA_014652335.1	GCF_014652335.1	accession	True	True	negative	negative	rod	rod	yes	yes	no	no	aerobe	aerobe	meso	meso	optimum	25.0	False	neutrophile	optimum	
131364	Streptobacillus felis	Streptobacillus felis	Streptobacillus	Fusobacteriota	RS_GCF_001559775.1	GCF_001559775.1	GCA_001559775.1	GCF_001559775.1	accession	True	True	negative	negative	rod	rod	no	no	no	no	facultative	microaerophile	meso	meso	growth_single_point	37.0	True		none	
131387	Bifidobacterium longum subsp. suillum	Bifidobacterium longum	Bifidobacterium	Actinomycetota	RS_GCF_017132755.1	GCF_017132755.1	GCA_017132755.1	GCF_017132755.1	accession	True	False	positive	positive	rod	rod	no	no	no	no	anaerobe	anaerobe	meso	meso	growth_single_point	37.0	False		none	
131449	Anaerobium acetethylicum	Anaerobium acetethylicum	Anaerobium	Bacillota	RS_GCF_900096945.1	GCF_900096945.1	GCA_900096945.1	GCF_900096945.1	accession	True	True	positive	positive	rod	rod	no	no	no	no	anaerobe	anaerobe	meso	meso	growth_single_point	30.0	False		none	
131823	Mycobacterium houstonense	Mycobacterium houstonense	Mycobacterium	Actinomycetota	RS_GCF_025823315.1	GCF_025823315.1	GCA_025823315.1	GCF_025823315.1	accession	True	True	positive	positive	rod	rod	no	no	no	no	aerobe	aerobe	meso	meso	optimum	35.0	False		none	
132014	Actinocrinis puniceicyclus	Actinocrinis puniceicyclus	Actinocrinis	Actinomycetota	RS_GCF_018283645.1	GCF_018283645.1	GCA_018283645.1	GCF_018283645.1	accession	True	True	positive	positive	other	filamentous	no	no	yes	yes	aerobe	aerobe	meso	meso	optimum	22.5	False	neutrophile	optimum	
132051	Loktanella agnita	Yoonia agnita	Yoonia	Pseudomonadota	RS_GCF_046640325.1	GCF_046640325.1	GCA_046640325.1	GCF_046640325.1	designation	True	True	negative	negative	rod	rod	no	no	no	no	aerobe	aerobe	meso	meso	optimum	25.0	False	neutrophile	optimum	
132060	Stenotrophomonas indicatrix	Stenotrophomonas indicatrix	Stenotrophomonas	Pseudomonadota	RS_GCF_002750975.1	GCF_002750975.1	GCA_002750975.1	GCF_002750975.1	designation	True	True	negative	negative	rod	rod	yes	yes	no	no	aerobe	aerobe	meso	meso	growth_range	23.5	False	neutrophile	growth_range	
132082	Venenivibrio stagnispumantis	Venenivibrio stagnispumantis	Venenivibrio	Aquificota	RS_GCF_900182795.1	GCF_900182795.1	GCA_900182795.1	GCF_900182795.1	accession	True	True	negative	negative	rod	rod	yes	yes	no	no	facultative	microaerophile	thermo	thermo	optimum	70.0	True	acidophile	optimum	
132142	Enterococcus rotai	Enterococcus_L rotai	Enterococcus_L	Bacillota	RS_GCF_001465345.1	GCF_001465345.1	GCA_001465345.1	GCF_001465345.1	accession	True	True	positive	positive	other	other	no	no	no	no	facultative		meso	meso	optimum	26.0	False	alkaliphile	optimum	
132143	Enterococcus ureilyticus	Enterococcus_L ureilyticus	Enterococcus_L	Bacillota	RS_GCF_001730315.1	GCF_001730315.1	GCA_001730315.1	GCF_001730315.1	accession	True	True	positive	positive	other	other	no	no	no	no	facultative	facultative	meso	meso	optimum	26.0	False	alkaliphile	optimum	
132144	Comamonas guangdongensis	Comamonas guangdongensis	Comamonas	Pseudomonadota	RS_GCF_041079535.1	GCF_041079535.1	GCA_041079535.1	GCF_041079535.1	designation	True	True	negative	negative	rod	rod	yes	yes	no	no	facultative	facultative	meso	meso	optimum	31.0	False	neutrophile	optimum	
132154	Rhizobium calliandrae	Rhizobium calliandrae	Rhizobium	Pseudomonadota	RS_GCF_030272695.1	GCF_030272695.1	GCA_030272695.1	GCF_030272695.1	designation	True	True	negative	negative	rod	rod	yes	yes	no	no	aerobe	aerobe	meso	meso	optimum	29.0	False	acidophile	growth_range	
132155	Rhizobium mayense	Rhizobium mayense	Rhizobium	Pseudomonadota	RS_GCF_030272705.1	GCF_030272705.1	GCA_030272705.1	GCF_030272705.1	designation	True	True	negative	negative	rod	rod	no	no	no	no	aerobe	aerobe	meso	meso	optimum	29.0	False	acidophile	growth_range	
132157	Halalkalibacter oceani	Halalkalibacter oceani	Halalkalibacter	Bacillota	RS_GCF_040544555.1	GCF_040544555.1	GCA_040544555.1	GCF_040544555.1	accession	True	True	positive	positive	rod	rod	yes	yes	yes	yes	aerobe	aerobe	meso	meso	optimum	31.0	False	neutrophile	optimum	
132159	Parapedobacter pyrenivorans	Parapedobacter pyrenivorans	Parapedobacter	Bacteroidota	RS_GCF_014636865.1	GCF_014636865.1	GCA_014636865.1	GCF_014636865.1	accession	True	True	negative	negative	rod	rod	no	no	no	no	aerobe	aerobe	meso	meso	optimum	37.0	False	alkaliphile	optimum	
132342	Microlunatus endophyticus	Microlunatus endophyticus	Microlunatus	Actinomycetota	RS_GCF_014646195.1	GCF_014646195.1	GCA_014646195.1	GCF_014646195.1	accession	True	True	negative	negative	coccus	coccus	no	no	no	no	aerobe	aerobe	meso	meso	optimum	29.0	False	neutrophile	optimum	non-halophilic
132345	Bifidobacterium myosotis	Bifidobacterium myosotis	Bifidobacterium	Actinomycetota	RS_GCF_002259745.1	GCF_002259745.1	GCA_002259745.1	GCF_002259745.1	accession	True	True	positive	positive	rod	rod	no	no	no	no	anaerobe	anaerobe	meso	meso	optimum	40.0	False	neutrophile	optimum	
132350	Edaphobacter dinghuensis	Edaphobacter dinghuensis	Edaphobacter	Acidobacteriota	RS_GCF_014640335.1	GCF_014640335.1	GCA_014640335.1	GCF_014640335.1	accession	True	True	negative	negative	rod	rod	no	no	no	no	aerobe	aerobe	meso	meso	optimum	30.5	False	acidophile	growth_range	
132351	Occallatibacter riparius	Telmatobacter riparius	Telmatobacter	Acidobacteriota	RS_GCF_025264625.1	GCF_025264625.1	GCA_025264625.1	GCF_025264625.1	accession	True	True	negative	negative	rod	rod	yes	yes	no	no	aerobe	aerobe	meso	meso	optimum	31.5	False	neutrophile	optimum	
132356	Paucilactobacillus wasatchensis	Paucilactobacillus wasatchensis	Paucilactobacillus	Bacillota	RS_GCF_000876205.1	GCF_000876205.1	GCA_000876205.1	GCF_000876205.1	accession	True	True	positive	positive	rod	rod	no	no	no	no	facultative	facultative	meso	meso	optimum	24.0	False	neutrophile	growth_range	
132357	Acidithiobacillus ferriphilus	Acidithiobacillus ferriphilus	Acidithiobacillus	Pseudomonadota	RS_GCF_018854775.1	GCF_018854775.1	GCA_018854775.1	GCF_018854775.1	accession	True	True	negative	negative	rod	rod	yes	yes	no	no	facultative	facultative	meso	meso	optimum	30.0	False	acidophile	optimum	
132361	Comamonas phosphati	Comamonas phosphati	Comamonas	Pseudomonadota	GB_GCA_014637085.1	GCA_014637085.1	GCA_014637085.1		accession	True	True	negative	negative	rod	rod	yes	yes	no	no	facultative	facultative	meso	meso	optimum	30.0	False	neutrophile	optimum	
132362	Companilactobacillus insicii	Companilactobacillus insicii	Companilactobacillus	Bacillota	RS_GCF_003946015.1	GCF_003946015.1	GCA_003946015.1	GCF_003946015.1	accession	True	True	positive	positive	rod	rod	no	no	no	no	facultative	facultative	meso	meso	optimum	30.0	False	neutrophile	growth_range	
132363	Paenibacillus terreus	Paenibacillus terreus	Paenibacillus	Bacillota	RS_GCF_042138595.1	GCF_042138595.1	GCA_042138595.1	GCF_042138595.1	accession	True	True	positive	positive	rod	rod	yes	yes	yes	yes	aerobe	aerobe	meso	meso	optimum	30.0	False	neutrophile	optimum	
132364	Bacillus gobiensis	Bacillus gobiensis	Bacillus	Bacillota	RS_GCF_001278705.1	GCF_001278705.1	GCA_001278705.1	GCF_001278705.1	accession	True	True	positive	positive	rod	rod	yes	yes	yes	yes	aerobe	aerobe	meso	meso	optimum	30.0	False	neutrophile	optimum	non-halophilic
132365	Bradyrhizobium vignae	Bradyrhizobium vignae	Bradyrhizobium	Pseudomonadota	RS_GCF_004114425.1	GCF_004114425.1	GCA_004114425.1	GCF_004114425.1	accession	True	True	negative	negative	rod	rod	yes	yes	no	no	aerobe	aerobe	meso	meso	growth_range	34.0	False	neutrophile	growth_range	
132373	Intrasporangium flavum	Monashia flava	Monashia	Actinomycetota	RS_GCF_001956915.1	GCF_001956915.1	GCA_001956915.1	GCF_001956915.1	accession	True	True	positive	positive	rod	rod	no	no	no	no	aerobe	aerobe	meso	meso	optimum	30.0	False	neutrophile	optimum	
132376	Cnuibacter physcomitrellae	Cnuibacter physcomitrellae	Cnuibacter	Actinomycetota	RS_GCF_014640535.1	GCF_014640535.1	GCA_014640535.1	GCF_014640535.1	accession	True	True	positive	positive	rod	rod	no	no	no	no	aerobe	aerobe	meso	meso	optimum	29.0	False	neutrophile	optimum	
132379	Tessaracoccus rhinocerotis	Arachnia rhinocerotis	Arachnia	Actinomycetota	RS_GCF_007197885.1	GCF_007197885.1	GCA_007197885.1	GCF_007197885.1	accession	True	True	positive	positive	rod	rod	no	no	no	no	facultative	facultative	meso	meso	optimum	28.0	False	neutrophile	optimum	
132382	Neobacillus cucumis	Neobacillus cucumis	Neobacillus	Bacillota	RS_GCF_016908975.1	GCF_016908975.1	GCA_016908975.1	GCF_016908975.1	accession	True	True	positive	positive	rod	rod	no	no	yes	yes	facultative	facultative	meso	meso	optimum	29.0	False		none	
132386	Haloimpatiens lingqiaonensis	Haloimpatiens lingqiaonensis	Haloimpatiens	Bacillota	RS_GCF_044502415.1	GCF_044502415.1	GCA_044502415.1	GCF_044502415.1	accession	True	True	positive	positive	rod	rod	yes	yes	no	no	anaerobe	anaerobe	meso	meso	optimum	43.0	False	neutrophile	optimum	non-halophilic
132388	Clostridium liquoris	Clostridium_AO liquoris	Clostridium_AO	Bacillota	RS_GCF_002995785.1	GCF_002995785.1	GCA_002995785.1	GCF_002995785.1	accession	True	True	positive	positive	rod	rod	no	no	yes	yes	anaerobe	anaerobe	meso	meso	optimum	37.0	False	neutrophile	optimum	non-halophilic
132389	Domibacillus iocasae	Domibacillus iocasae	Domibacillus	Bacillota	RS_GCF_001750285.1	GCF_001750285.1	GCA_001750285.1	GCF_001750285.1	accession	True	True	positive	positive	rod	rod	yes	yes	yes	yes	aerobe	aerobe	meso	meso	optimum	35.0	False	neutrophile	optimum	
132390	Paenibacillus marchantiophytorum	Paenibacillus_E marchantiophytorum	Paenibacillus_E	Bacillota	RS_GCF_014640555.1	GCF_014640555.1	GCA_014640555.1	GCF_014640555.1	accession	True	True	positive	positive	rod	rod	yes	yes	yes	yes	aerobe	aerobe	meso	meso	optimum	28.0	False	neutrophile	optimum	non-halophilic
132395	Agathobacter ruminis	Roseburia ruminis	Roseburia	Bacillota	RS_GCF_028539255.1	GCF_028539255.1	GCA_028539255.1	GCF_028539255.1	accession	True	True	negative	negative	rod	rod	yes	yes	no	no	anaerobe	anaerobe	meso	meso	optimum	37.0	False	neutrophile	optimum	
132396	Lachnotalea glycerini	Lachnotalea glycerini	Lachnotalea	Bacillota	RS_GCF_003201285.1	GCF_003201285.1	GCA_003201285.1	GCF_003201285.1	accession	True	True	positive	positive	rod	rod	no	no	no	no	anaerobe	anaerobe	meso	meso	optimum	30.0	False	neutrophile	optimum	non-halophilic
132397	Paenibacillus etheri	Paenibacillus_AQ etheri	Paenibacillus_AQ	Bacillota	RS_GCF_001012825.1	GCF_001012825.1	GCA_001012825.2	GCF_001012825.1	accession	True	True	positive	positive	rod	rod	yes	yes	yes	yes	facultative	facultative	meso	meso	optimum	30.0	False	neutrophile	optimum	non-halophilic
132403	Shimia abyssi	Shimia abyssi	Shimia	Pseudomonadota	RS_GCF_003014475.1	GCF_003014475.1	GCA_003014475.1	GCF_003014475.1	accession	True	True	negative	negative	other	other	no	no	no	no	aerobe	aerobe	meso	meso	optimum	25.0	False	neutrophile	optimum	
132414	Inmirania thermothiophila	Inmirania thermothiophila	Inmirania	Pseudomonadota	RS_GCF_003751635.1	GCF_003751635.1	GCA_003751635.1	GCF_003751635.1	accession	True	True	negative	negative	rod	rod	yes	yes	no	no	facultative	facultative	thermo	thermo	optimum	65.0	False	neutrophile	optimum	
132416	Athalassotoga saccharophila	Athalassotoga saccharophila	Athalassotoga	Thermotogota	RS_GCF_009936215.1	GCF_009936215.1	GCA_009936215.1	GCF_009936215.1	accession	True	True	negative	negative	rod	rod	no	no	no	no	anaerobe	anaerobe	thermo	thermo	optimum	55.0	False	neutrophile	optimum	non-halophilic
132424	Faecalibaculum rodentium	Faecalibaculum rodentium	Faecalibaculum	Bacillota_I	RS_GCF_001564455.1	GCF_001564455.1	GCA_001564455.1	GCF_001564455.1	accession	True	True	positive	positive	rod	rod	no	no	no	no	anaerobe	anaerobe	meso	meso	growth_single_point	37.0	False		none	
132430	Phycicoccus endophyticus	Phycicoccus endophyticus	Phycicoccus	Actinomycetota	RS_GCF_014395645.1	GCF_014395645.1	GCA_014395645.1	GCF_014395645.1	accession	True	True	positive	positive	rod	rod	no	no	no	no	aerobe	aerobe	meso	meso	optimum	37.0	False	neutrophile	optimum	
132436	Pseudomonas helleri	Aquipseudomonas helleri	Aquipseudomonas	Pseudomonadota	RS_GCF_001043025.1	GCF_001043025.1	GCA_001043025.1	GCF_001043025.1	accession	True	True	negative	negative	rod	rod	yes	yes	no	no	aerobe	aerobe	meso	meso	optimum	27.0	False	neutrophile	growth_range	
132438	Pseudomonas weihenstephanensis	Aquipseudomonas weihenstephanensis	Aquipseudomonas	Pseudomonadota	RS_GCF_001043055.1	GCF_001043055.1	GCA_001043055.1	GCF_001043055.1	accession	True	True	negative	negative	rod	rod	yes	yes	no	no	aerobe	aerobe	meso	meso	optimum	25.0	False	neutrophile	growth_range	
132440	Promicromonospora alba	Promicromonospora alba	Promicromonospora	Actinomycetota	RS_GCF_042654905.1	GCF_042654905.1	GCA_042654905.1	GCF_042654905.1	accession	True	True	positive	positive	coccus	coccus	no	no	no	no	aerobe	aerobe	meso	meso	optimum	28.0	False	neutrophile	optimum	
132446	Nesterenkonia aurantiaca	Nesterenkonia aurantiaca	Nesterenkonia	Actinomycetota	RS_GCF_004364585.1	GCF_004364585.1	GCA_004364585.1	GCF_004364585.1	accession	True	True	positive	positive	coccus	coccus	no	no	no	no	aerobe	aerobe	meso	meso	optimum	25.0	False	alkaliphile	optimum	slightly halophilic
132448	Sedimentibacter acidaminivorans	Sedimentibacter acidaminivorans	Sedimentibacter	Bacillota	RS_GCF_017873955.1	GCF_017873955.1	GCA_017873955.1	GCF_017873955.1	accession	True	True	negative	negative	rod	rod	no	no	no	no	anaerobe	anaerobe	meso	meso	optimum	30.0	False	neutrophile	optimum	
132449	Oceanobacillus halophilus	Oceanobacillus halophilus	Oceanobacillus	Bacillota	RS_GCF_003628505.1	GCF_003628505.1	GCA_003628505.1	GCF_003628505.1	accession	True	True	positive	positive	rod	rod	yes	yes	yes	yes	aerobe	aerobe	meso	meso	optimum	35.0	False	neutrophile	optimum	moderately halophilic
132450	Mobilisporobacter senegalensis	Mobilisporobacter senegalensis	Mobilisporobacter	Bacillota	RS_GCF_003752155.1	GCF_003752155.1	GCA_003752155.1	GCF_003752155.1	accession	True	True	positive	positive	rod	rod	yes	yes	yes	yes	anaerobe	anaerobe	meso	meso	optimum	30.0	False	neutrophile	optimum	
132451	Paenibacillus bovis	Saccharibacillus bovis	Saccharibacillus	Bacillota	RS_GCF_001421015.2	GCF_001421015.2	GCA_001421015.2	GCF_001421015.2	accession	True	True	positive	positive	rod	rod	yes	yes	yes	yes	aerobe	aerobe	meso	meso	optimum	32.5	False	neutrophile	optimum	
132457	Desulfurella amilsii	Desulfurella amilsii	Desulfurella	Campylobacterota_A	RS_GCF_002119425.1	GCF_002119425.1	GCA_002119425.1	GCF_002119425.1	accession	True	True	negative	negative	rod	rod	no	no	no	no	anaerobe	anaerobe	thermo	thermo	optimum	50.0	False	neutrophile	optimum	
132480	Tessaracoccus flavus	Arachnia flava	Arachnia	Actinomycetota	RS_GCF_001997295.1	GCF_001997295.1	GCA_001997295.1	GCF_001997295.1	accession	True	True	positive	positive	coccus	coccus	no	no	no	no	facultative	facultative	meso	meso	optimum	28.0	False	neutrophile	optimum	
132482	Nocardioides zeicaulis	Nocardioides zeicaulis	Nocardioides	Actinomycetota	RS_GCF_042432345.1	GCF_042432345.1	GCA_042432345.1	GCF_042432345.1	accession	True	True	positive	positive	rod	rod	no	no	no	no	aerobe	aerobe	meso	meso	optimum	28.0	False	neutrophile	optimum	
132485	Lysobacter tolerans	Solilutibacter tolerans	Solilutibacter	Pseudomonadota	RS_GCF_900155935.1	GCF_900155935.1	GCA_900155935.1	GCF_900155935.1	accession	True	True	negative	negative	rod	rod	no	no	no	no	aerobe	aerobe	meso	meso	optimum	28.0	False	neutrophile	optimum	
132488	Caviibacter abscessus	Caviibacter abscessus	Caviibacter	Fusobacteriota	RS_GCF_001517835.1	GCF_001517835.1	GCA_001517835.1	GCF_001517835.1	accession	True	True	negative	negative	rod	rod	no	no	no	no	anaerobe	anaerobe	meso	meso	optimum	36.0	False		none	
132514	Marmoricola ginsengisoli	Marmoricola marmoriginsengisoli	Marmoricola	Actinomycetota	RS_GCF_003725695.1	GCF_003725695.1	GCA_003725695.1	GCF_003725695.1	accession	True	True	positive	positive	rod	rod	no	no	no	no	aerobe	aerobe	meso	meso	optimum	30.0	False	neutrophile	optimum	non-halophilic
132515	Marmoricola pocheonensis	Marmoricola pocheonensis	Marmoricola	Actinomycetota	RS_GCF_003725535.1	GCF_003725535.1	GCA_003725535.1	GCF_003725535.1	accession	True	True	positive	positive	rod	rod	no	no	no	no	aerobe	aerobe	meso	meso	optimum	30.0	False	neutrophile	optimum	non-halophilic
132517	Longimicrobium terrae	Longimicrobium terrae	Longimicrobium	Gemmatimonadota	RS_GCF_014202995.1	GCF_014202995.1	GCA_014202995.1	GCF_014202995.1	accession	True	True	negative	negative	rod	rod	no	no	no	no	aerobe	aerobe	meso	meso	optimum	26.5	False	neutrophile	optimum	non-halophilic
132535	Kribbella pittospori	Kribbella pittospori	Kribbella	Actinomycetota	RS_GCF_004331465.1	GCF_004331465.1	GCA_004331465.1	GCF_004331465.1	accession	True	True	positive	positive	rod	rod	no	no	yes	yes	aerobe	aerobe	meso	meso	growth_range	27.5	False	neutrophile	growth_range	
132547	Alkalicoccus urumqiensis	Alkalicoccus urumqiensis	Alkalicoccus	Bacillota	RS_GCF_002993335.1	GCF_002993335.1	GCA_002993335.1	GCF_002993335.1	accession	True	True	positive	positive	rod	rod	yes	yes	no	no	aerobe	aerobe	meso	meso	optimum	37.0	False	alkaliphile	optimum	
132548	Fictibacillus halophilus	Fictibacillus halophilus	Fictibacillus	Bacillota	RS_GCF_016401385.1	GCF_016401385.1	GCA_016401385.1	GCF_016401385.1	accession	True	True	positive	positive	rod	rod	yes	yes	yes	yes	aerobe	aerobe	meso	meso	optimum	37.0	False	neutrophile	optimum	
132560	Corynebacterium faecale	Corynebacterium faecale	Corynebacterium	Actinomycetota	RS_GCF_030408735.1	GCF_030408735.1	GCA_030408735.1	GCF_030408735.1	accession	True	True	positive	positive	rod	rod	no	no	no	no	facultative	facultative	meso	meso	optimum	28.0	False	neutrophile	optimum	
132569	Dissulfurirhabdus thermomarina	Dissulfurirhabdus thermomarina	Dissulfurirhabdus	Desulfobacterota	RS_GCF_012979235.1	GCF_012979235.1	GCA_012979235.1	GCF_012979235.1	accession	True	True	negative	negative	rod	rod	yes	yes	no	no	anaerobe	anaerobe	thermo	thermo	optimum	50.0	False	neutrophile	optimum	
132573	Peribacillus loiseleuriae	Peribacillus loiseleuriae	Peribacillus	Bacillota	RS_GCF_001183985.1	GCF_001183985.1	GCA_001183985.1	GCF_001183985.1	accession	True	True	positive	positive	rod	rod	yes	yes	yes	yes	aerobe	aerobe	meso	meso	optimum	30.0	False	neutrophile	optimum	non-halophilic
132575	Caenibacillus caldisaponilyticus	Caenibacillus caldisaponilyticus	Caenibacillus	Bacillota	RS_GCF_002003465.1	GCF_002003465.1	GCA_002003465.1	GCF_002003465.1	accession	True	True	positive	positive	rod	rod	no	no	yes	yes	aerobe	aerobe	thermo	thermo	optimum	55.0	False	neutrophile	optimum	
132580	Microlunatus kandeliicorticis	Microlunatus kandeliicorticis	Microlunatus	Actinomycetota	RS_GCF_014137855.1	GCF_014137855.1	GCA_014137855.1	GCF_014137855.1	accession	True	True	positive	positive	coccus	coccus	no	no	no	no	aerobe	aerobe	meso	meso	optimum	29.0	False	neutrophile	optimum	
132583	Anaerotaenia torta	Mobilitalea torta	Mobilitalea	Bacillota	RS_GCF_050433395.1	GCF_050433395.1	GCA_050433395.1	GCF_050433395.1	accession	True	True	positive	positive	rod	rod	yes	yes	yes	yes	anaerobe	anaerobe	meso	meso	optimum	37.5	False	neutrophile	optimum	
132584	Anaerocolumna cellulosilytica	Anaerocolumna cellulosilytica	Anaerocolumna	Bacillota	RS_GCF_014202875.1	GCF_014202875.1	GCA_014202875.1	GCF_014202875.1	accession	True	True	positive	positive	rod	rod	yes	yes	yes	yes	anaerobe	anaerobe	meso	meso	optimum	35.0	False	neutrophile	optimum	
132588	Ruthenibacterium lactatiformans	Ruthenibacterium lactatiformans	Ruthenibacterium	Bacillota	RS_GCF_000949455.1	GCF_000949455.1	GCA_000949455.1	GCF_000949455.1	accession	True	True	negative	negative	rod	rod	no	no	no	no	anaerobe	anaerobe	meso	meso	optimum	37.0	False		none	
132589	Paenibacillus cisolokensis	Paenibacillus_AH cisolokensis	Paenibacillus_AH	Bacillota	RS_GCF_018403665.1	GCF_018403665.1	GCA_018403665.1	GCF_018403665.1	accession	True	True	positive	positive	rod	rod	yes	yes	yes	yes	aerobe	aerobe	thermo	thermo	optimum	47.5	False	neutrophile	optimum	
132597	Pseudoflavitalea ginsenosidimutans	Pseudobacter ginsenosidimutans	Pseudobacter	Bacteroidota	RS_GCF_007970185.1	GCF_007970185.1	GCA_007970185.1	GCF_007970185.1	accession	True	True	negative	negative	rod	rod	no	no	no	no	aerobe	aerobe	meso	meso	optimum	30.0	False	neutrophile	optimum	
132605	Cutibacterium namnetense	Cutibacterium namnetense	Cutibacterium	Actinomycetota	RS_GCF_001642025.1	GCF_001642025.1	GCA_001642025.1	GCF_001642025.1	accession	True	True	positive	positive	other	other	no	no	no	no	anaerobe	anaerobe	meso	meso	optimum	35.0	False	neutrophile	growth_range	
132609	Corynebacterium pollutisoli	Corynebacterium pollutisoli	Corynebacterium	Actinomycetota	RS_GCF_900177745.1	GCF_900177745.1	GCA_900177745.1	GCF_900177745.1	accession	True	True	positive	positive	other	other	no	no	no	no	aerobe	aerobe	meso	meso	optimum	28.0	False	neutrophile	optimum	
132617	Jeotgalicoccus schoeneichii	Phocicoccus schoeneichii	Phocicoccus	Bacillota	RS_GCF_014635565.1	GCF_014635565.1	GCA_014635565.1	GCF_014635565.1	accession	True	True	positive	positive	coccus	coccus	no	no	no	no	aerobe	aerobe	meso	meso	growth_range	35.0	False		none	
132618	Agathobaculum butyriciproducens	Agathobaculum butyriciproducens	Agathobaculum	Bacillota	RS_GCF_003096535.1	GCF_003096535.1	GCA_003096535.1	GCF_003096535.1	accession	True	True	positive	positive	rod	rod	no	no	no	no	anaerobe	anaerobe	meso	meso	optimum	37.0	False	neutrophile	optimum	
132619	Paenibacillus segetis	Fontibacillus segetis	Fontibacillus	Bacillota	RS_GCF_014639155.1	GCF_014639155.1	GCA_014639155.1	GCF_014639155.1	accession	True	True	positive	positive	rod	rod	yes	yes	yes	yes	facultative	facultative	meso	meso	optimum	33.5	False	alkaliphile	optimum	
132624	Varunaivibrio sulfuroxidans	Varunaivibrio sulfuroxidans	Varunaivibrio	Pseudomonadota	RS_GCF_029318635.1	GCF_029318635.1	GCA_029318635.1	GCF_029318635.1	accession	True	True	negative	negative	other	spiral	yes	yes	no	no	facultative		meso	meso	optimum	30.0	False	neutrophile	optimum	
132626	Undibacterium danionis	Undibacterium danionis	Undibacterium	Pseudomonadota	RS_GCF_042432465.1	GCF_042432465.1	GCA_042432465.1	GCF_042432465.1	accession	True	True	negative	negative	rod	rod	no	no	no	no	aerobe	aerobe	meso	meso	optimum	28.0	False	neutrophile	growth_range	
132637	Panacibacter ginsenosidivorans	Panacibacter ginsenosidivorans	Panacibacter	Bacteroidota	RS_GCF_007971225.1	GCF_007971225.1	GCA_007971225.1	GCF_007971225.1	accession	True	True	negative	negative	rod	rod	no	no	no	no	aerobe	aerobe	meso	meso	optimum	30.0	False	neutrophile	optimum	
132639	Anaerosporomusa subterranea	Anaerosporomusa subterranea	Anaerosporomusa	Bacillota	RS_GCF_001611555.1	GCF_001611555.1	GCA_001611555.1	GCF_001611555.1	accession	True	True	negative	negative	other	spiral	yes	yes	yes	yes	anaerobe	anaerobe	meso	meso	optimum	28.0	False	neutrophile	optimum	
132640	Paenibacillus silagei	Paenibacillus_AQ silagei	Paenibacillus_AQ	Bacillota	RS_GCF_017874735.1	GCF_017874735.1	GCA_017874735.1	GCF_017874735.1	accession	True	True	negative	negative	rod	rod	no	no	yes	yes	facultative	facultative	meso	meso	growth_range	20.5	False	neutrophile	growth_range	
132643	Tepidibacillus decaturensis	Tepidibacillus_B infernus	Tepidibacillus_B	Bacillota	RS_GCF_001561915.1	GCF_001561915.1	GCA_001561915.1	GCF_001561915.1	accession	True	True	negative	negative	rod	rod	yes	yes	yes	yes	facultative	microaerophile	meso	meso	optimum	35.0	True	neutrophile	optimum	
132644	Harryflintia acetispora	Harryflintia acetispora	Harryflintia	Bacillota	RS_GCF_004340125.1	GCF_004340125.1	GCA_004340125.1	GCF_004340125.1	accession	True	True	negative	negative	rod	rod	no	no	yes	yes	anaerobe	anaerobe	meso	meso	optimum	39.0	False	neutrophile	optimum	
132659	Hoyosella rhizosphaerae	Lolliginicoccus rhizosphaerae	Lolliginicoccus	Actinomycetota	RS_GCF_014643175.1	GCF_014643175.1	GCA_014643175.1	GCF_014643175.1	accession	True	True	positive	positive	coccus	coccus	no	no	no	no	aerobe	aerobe	meso	meso	optimum	32.5	False	neutrophile	optimum	halotolerant
132660	Microbacterium faecale	Microbacterium faecale	Microbacterium	Actinomycetota	RS_GCF_014640975.1	GCF_014640975.1	GCA_014640975.1	GCF_014640975.1	accession	True	True	positive	positive	rod	rod	no	no	no	no	aerobe	aerobe	meso	meso	growth_range	22.0	False	neutrophile	growth_range	
132676	Desulforamulus aquiferis	Desulfotomaculum aquiferis	Desulfotomaculum	Bacillota	GB_GCA_004143605.1	GCA_004143605.1	GCA_004143605.1		accession	True	True	positive	positive	rod	rod	no	no	yes	yes	anaerobe	anaerobe	meso	meso	optimum	42.0	False	neutrophile	optimum	
132678	Wukongibacter baidiensis	Wukongibacter baidiensis	Wukongibacter	Bacillota	RS_GCF_050888315.1	GCF_050888315.1	GCA_050888315.1	GCF_050888315.1	designation	True	True	positive	positive	rod	rod	no	no	yes	yes	anaerobe	anaerobe	meso	meso	optimum	30.0	False	neutrophile	optimum	
132679	Acetivibrio saccincola	Herbivorax saccincola	Herbivorax	Bacillota	RS_GCF_002844395.1	GCF_002844395.1	GCA_002844395.1	GCF_002844395.1	accession	True	True	positive	positive	rod	rod	no	no	yes	yes	anaerobe	anaerobe	thermo	thermo	optimum	60.0	False	neutrophile	optimum	
132680	Serpentinicella alkaliphila	Serpentinicella alkaliphila	Serpentinicella	Bacillota	RS_GCF_018141405.1	GCF_018141405.1	GCA_018141405.1	GCF_018141405.1	accession	True	True	positive	positive	rod	rod	yes	yes	yes	yes	anaerobe	anaerobe	meso	meso	optimum	37.0	False	alkaliphile	optimum	
132682	Allofrancisella inopinata	Francisella inopinata	Francisella	Pseudomonadota	RS_GCF_012222965.1	GCF_012222965.1	GCA_012222965.1	GCF_012222965.1	accession	True	True	negative	negative	coccus	coccus	no	no	no	no	aerobe	aerobe	meso	meso	optimum	32.0	False		none	
132684	Allofrancisella guangzhouensis	Francisella guangzhouensis	Francisella	Pseudomonadota	RS_GCF_000815225.1	GCF_000815225.1	GCA_000815225.1	GCF_000815225.1	accession	True	True	negative	negative	other	other	no	no	no	no	facultative	microaerophile	meso	meso	optimum	26.5	True		none	
132846	Jannaschia seosinensis	Jannaschia seosinensis	Jannaschia	Pseudomonadota	RS_GCF_001408515.1	GCF_001408515.1	GCA_001408515.1	GCF_001408515.1	accession	True	True	negative	negative	rod	rod	yes	yes	no	no	aerobe	aerobe	meso	meso	optimum	32.5	False	neutrophile	optimum	
132853	Arcicella rosea	Arcicella rosea	Arcicella	Bacteroidota	RS_GCF_040543805.1	GCF_040543805.1	GCA_040543805.1	GCF_040543805.1	accession	True	True	negative	negative	rod	rod	no	no	no	no	aerobe	aerobe	meso	meso	growth_range	26.0	False		none	
132874	Chryseobacterium flavum	Chryseobacterium flavum	Chryseobacterium	Bacteroidota	RS_GCF_040545315.1	GCF_040545315.1	GCA_040545315.1	GCF_040545315.1	accession	True	False	negative	negative	rod	rod	no	no	no	no	aerobe	aerobe	meso	meso	optimum	32.5	False	neutrophile	optimum	
132885	Kushneria indalinina	Kushneria indalinina	Kushneria	Pseudomonadota	RS_GCF_003385845.1	GCF_003385845.1	GCA_003385845.1	GCF_003385845.1	accession	True	True	negative	negative	rod	rod	yes	yes	no	no	aerobe	aerobe	meso	meso	optimum	27.5	False	neutrophile	optimum	
132910	Veillonella tobetsuensis	Veillonella tobetsuensis	Veillonella	Bacillota	RS_GCF_001078375.1	GCF_001078375.1	GCA_001078375.1	GCF_001078375.1	accession	True	True	negative	negative	coccus	coccus	no	no	no	no	anaerobe	anaerobe	meso	meso	optimum	37.0	False		none	
132911	Massilia yuzhufengensis	Telluria yuzhufengensis	Telluria	Pseudomonadota	RS_GCF_900112225.1	GCF_900112225.1	GCA_900112225.1	GCF_900112225.1	accession	True	True	negative	negative	rod	rod	yes	yes	no	no	aerobe	aerobe	meso	meso	optimum	25.0	False	neutrophile	optimum	
132917	Rhizobium tarimense	Neorhizobium tarimense	Neorhizobium	Pseudomonadota	RS_GCF_040545145.1	GCF_040545145.1	GCA_040545145.1	GCF_040545145.1	accession	True	False	negative	negative	rod	rod	no	no	no	no	aerobe	aerobe	meso	meso	optimum	30.0	False	neutrophile	optimum	
132963	Rhabdobacter roseus	Rhabdobacter roseus	Rhabdobacter	Bacteroidota	RS_GCF_014202275.1	GCF_014202275.1	GCA_014202275.1	GCF_014202275.1	accession	True	True	negative	negative	rod	rod	no	no	no	no	aerobe	aerobe	meso	meso	optimum	27.5	False	neutrophile	optimum	
132964	Fluviicoccus keumensis	Fluviicoccus keumensis	Fluviicoccus	Pseudomonadota	RS_GCF_004217445.1	GCF_004217445.1	GCA_004217445.1	GCF_004217445.1	accession	True	True	negative	negative	coccus	coccus	no	no	no	no	aerobe	aerobe	meso	meso	optimum	30.0	False	neutrophile	growth_range	non-halophilic
132966	Ahrensia marina	Ahrensia marina	Ahrensia	Pseudomonadota	RS_GCF_001293565.1	GCF_001293565.1	GCA_001293565.1	GCF_001293565.1	accession	True	True	negative	negative	rod	rod	yes	yes	no	no	aerobe	aerobe	meso	meso	optimum	28.0	False	neutrophile	optimum	
132970	Mucilaginibacter yixingensis	Mucilaginibacter yixingensis	Mucilaginibacter	Bacteroidota	RS_GCF_003050755.1	GCF_003050755.1	GCA_003050755.1	GCF_003050755.1	accession	True	True	negative	negative	rod	rod	no	no	no	no	aerobe	aerobe	meso	meso	optimum	37.0	False	neutrophile	optimum	non-halophilic
132978	Rhizobium azooxidifex	Mycoplana azooxidifex	Mycoplana	Pseudomonadota	RS_GCF_014196765.1	GCF_014196765.1	GCA_014196765.1	GCF_014196765.1	accession	True	True	negative	negative	rod	rod	no	no	no	no	facultative	facultative	meso	meso	optimum	27.5	False	neutrophile	optimum	
132986	Flavobacterium aquicola	Flavobacterium aquicola	Flavobacterium	Bacteroidota	RS_GCF_003385115.1	GCF_003385115.1	GCA_003385115.1	GCF_003385115.1	accession	True	True	negative	negative	rod	rod	yes	yes	no	no	facultative	facultative	meso	meso	optimum	25.0	False	neutrophile	optimum	
132988	Marinirhabdus gelatinilytica	Marinirhabdus gelatinilytica	Marinirhabdus	Bacteroidota	RS_GCF_003353425.1	GCF_003353425.1	GCA_003353425.1	GCF_003353425.1	accession	True	True	negative	negative	rod	rod	no	no	no	no	aerobe	aerobe	meso	meso	optimum	30.0	False	neutrophile	optimum	
132989	Chenggangzhangella methanolivorans	Methylopila methanolivorans	Methylopila	Pseudomonadota	RS_GCF_042648545.1	GCF_042648545.1	GCA_042648545.1	GCF_042648545.1	accession	True	True	negative	negative	rod	rod	no	no	no	no	aerobe	aerobe	meso	meso	optimum	29.0	False	neutrophile	optimum	
132991	Larsenimonas suaedae	Larsenimonas suaedae	Larsenimonas	Pseudomonadota	RS_GCF_023712105.1	GCF_023712105.1	GCA_023712105.1	GCF_023712105.1	accession	True	True	negative	negative	rod	rod	yes	yes	no	no	aerobe	aerobe	meso	meso	optimum	35.0	False	neutrophile	optimum	moderately halophilic
132992	Agarivorans aestuarii	Agarivorans aestuarii	Agarivorans	Pseudomonadota	RS_GCF_019670125.1	GCF_019670125.1	GCA_019670125.1	GCF_019670125.1	accession	True	True	negative	negative	rod	rod	yes	yes	no	no	aerobe	aerobe	meso	meso	optimum	25.0	False	neutrophile	optimum	
132993	Allohahella marinimesophila	Allohahella marinimesophila	Allohahella	Pseudomonadota	RS_GCF_039538005.1	GCF_039538005.1	GCA_039538005.1	GCF_039538005.1	accession	True	True	negative	negative	rod	rod	yes	yes	no	no	aerobe	aerobe	meso	meso	optimum	28.0	False	neutrophile	optimum	
133003	Ancylomarina subtilis	Ancylomarina subtilis	Ancylomarina	Bacteroidota	RS_GCF_004217115.1	GCF_004217115.1	GCA_004217115.1	GCF_004217115.1	accession	True	True	negative	negative	other	filamentous	no	no	no	no	facultative	facultative	meso	meso	optimum	29.0	False	neutrophile	optimum	moderately halophilic
133006	Lacinutrix iliipiscaria	Oceanihabitans iliipiscarium	Oceanihabitans	Bacteroidota	RS_GCF_042686125.1	GCF_042686125.1	GCA_042686125.1	GCF_042686125.1	accession	True	True	negative	negative	rod	rod	yes	yes	no	no	aerobe	aerobe	meso	meso	growth_range	29.0	False		none	
133009	Balneicella halophila	Balneicella halophila	Balneicella	Bacteroidota	RS_GCF_003096835.1	GCF_003096835.1	GCA_003096835.1	GCF_003096835.1	accession	True	True	negative	negative	rod	rod	no	no	no	no	anaerobe	anaerobe	meso	meso	optimum	37.0	False	neutrophile	optimum	
133010	Paenibacillus solani	Paenibacillus_AQ solani	Paenibacillus_AQ	Bacillota	RS_GCF_001277345.1	GCF_001277345.1	GCA_001277345.1	GCF_001277345.1	accession	True	True	positive	positive	rod	rod	yes	yes	yes	yes	aerobe	aerobe	meso	meso	optimum	30.0	False	neutrophile	optimum	
133011	Scopulibacillus daqui	Scopulibacillus_A daqui	Scopulibacillus_A	Bacillota	RS_GCF_016908855.1	GCF_016908855.1	GCA_016908855.1	GCF_016908855.1	accession	True	True	positive	positive	rod	rod	no	no	yes	yes	facultative	facultative	thermo	thermo	optimum	50.0	False	neutrophile	optimum	
133012	Bacillus wiedmannii	Bacillus_A wiedmannii	Bacillus_A	Bacillota	RS_GCF_001583695.1	GCF_001583695.1	GCA_001583695.1	GCF_001583695.1	accession	True	True	positive	positive	rod	rod	no	no	yes	yes	facultative	facultative	meso	meso	optimum	30.0	False		none	
133028	Peptococcus simiae	Peptococcus simiae	Peptococcus	Bacillota	RS_GCF_046097595.1	GCF_046097595.1	GCA_046097595.1	GCF_046097595.1	designation	True	True	positive	positive	coccus	coccus	no	no	no	no	anaerobe	anaerobe	meso	meso	growth_single_point	37.0	False		none	
133029	Lentibacillus populi	Lentibacillus_C populi	Lentibacillus_C	Bacillota	RS_GCF_014642895.1	GCF_014642895.1	GCA_014642895.1	GCF_014642895.1	accession	True	True	positive	positive	rod	rod	yes	yes	yes	yes	aerobe	aerobe	meso	meso	optimum	30.0	False	neutrophile	optimum	
133032	Deinococcus saudiensis	Deinococcus soli	Deinococcus	Deinococcota	RS_GCF_014640655.1	GCF_014640655.1	GCA_014640655.1	GCF_014640655.1	accession	True	False	negative	negative	rod	rod	no	no	no	no	aerobe	aerobe	meso	meso	growth_range	30.0	False	neutrophile	growth_range	
133033	Acidobacterium ailaaui	Pseudacidobacterium ailaaui	Pseudacidobacterium	Acidobacteriota	RS_GCF_000688455.1	GCF_000688455.1	GCA_000688455.1	GCF_000688455.1	accession	True	True	negative	negative	rod	rod	no	no	no	no	aerobe	aerobe	meso	meso	optimum	40.0	False	neutrophile	optimum	
133034	Deinococcus budaensis	Deinococcus budaensis	Deinococcus	Deinococcota	RS_GCF_014201885.1	GCF_014201885.1	GCA_014201885.1	GCF_014201885.1	accession	True	True	negative	negative	coccus	coccus	no	no	no	no	aerobe	aerobe	meso	meso	optimum	28.0	False	neutrophile	optimum	
133046	Luteimonas padinae	Luteimonas padinae	Luteimonas	Pseudomonadota	RS_GCF_014652935.1	GCF_014652935.1	GCA_014652935.1	GCF_014652935.1	accession	True	True	negative	negative	rod	rod	no	no	no	no	aerobe	aerobe	meso	meso	optimum	32.5	False	neutrophile	optimum	
133060	Citrobacter europaeus	Citrobacter europaeus	Citrobacter	Pseudomonadota	GB_GCA_020099315.1	GCA_020099315.1	GCA_020099315.1		accession	True	False	negative	negative	rod	rod	yes	yes	no	no	facultative	facultative	meso	meso	growth_range	27.5	False	neutrophile	growth_range	
133068	Thermodesulfitimonas autotrophica	Thermodesulfitimonas autotrophica	Thermodesulfitimonas	Bacillota	RS_GCF_003815015.1	GCF_003815015.1	GCA_003815015.1	GCF_003815015.1	accession	True	True	positive	positive	rod	rod	yes	yes	no	no	anaerobe	anaerobe	thermo	thermo	optimum	65.0	False	neutrophile	optimum	
133069	Lactobacillus colini	Lactobacillus colini	Lactobacillus	Bacillota	RS_GCF_017874575.1	GCF_017874575.1	GCA_017874575.1	GCF_017874575.1	accession	True	True	positive	positive	rod	rod	no	no	no	no	facultative		meso	meso	optimum	37.0	False	acidophile	optimum	
133071	Cohnella lubricantis	Cohnella lubricantis	Cohnella	Bacillota	RS_GCF_014212015.1	GCF_014212015.1	GCA_014212015.1	GCF_014212015.1	accession	True	True	positive	positive	rod	rod	no	no	yes	yes	aerobe	aerobe	meso	meso	optimum	28.0	False	neutrophile	optimum	
133072	Desulfobulbus oligotrophicus	Desulfobulbus oligotrophicus	Desulfobulbus	Desulfobacterota	RS_GCF_016446285.1	GCF_016446285.1	GCA_016446285.1	GCF_016446285.1	accession	True	True	negative	negative	other	other	yes	yes	no	no	anaerobe	anaerobe	meso	meso	optimum	35.0	False	neutrophile	optimum	
133079	Nocardioides cavernae	Nocardioides cavernae	Nocardioides	Actinomycetota	RS_GCF_016907475.1	GCF_016907475.1	GCA_016907475.1	GCF_016907475.1	accession	True	True	positive	positive	rod	rod	no	no	no	no	aerobe	aerobe	meso	meso	optimum	28.0	False	neutrophile	optimum	
133086	Oharaeibacter diazotrophicus	Oharaeibacter diazotrophicus	Oharaeibacter	Pseudomonadota	RS_GCF_004362745.1	GCF_004362745.1	GCA_004362745.1	GCF_004362745.1	accession	True	True	negative	negative	rod	rod	yes	yes	no	no	aerobe	aerobe	meso	meso	optimum	28.0	False	neutrophile	optimum	
133090	Paenibacillus silvae	Paenibacillus silvae	Paenibacillus	Bacillota	RS_GCF_014639235.1	GCF_014639235.1	GCA_014639235.1	GCF_014639235.1	accession	True	True	positive	positive	rod	rod	no	no	yes	yes	facultative	facultative	meso	meso	optimum	33.5	False	neutrophile	optimum	
133091	Planococcus versutus	Planococcus versutus	Planococcus	Bacillota	RS_GCF_001186155.3	GCF_001186155.3	GCA_001186155.3	GCF_001186155.3	accession	True	True	positive	positive	coccus	coccus	yes	yes	no	no	aerobe	aerobe	meso	meso	optimum	25.0	False	neutrophile	optimum	
133092	Paenibacillus eucommiae	Paenibacillus_AI eucommiae	Paenibacillus_AI	Bacillota	RS_GCF_017874215.1	GCF_017874215.1	GCA_017874215.1	GCF_017874215.1	accession	True	True	positive	positive	rod	rod	yes	yes	yes	yes	aerobe	aerobe	meso	meso	optimum	30.0	False	neutrophile	optimum	
133094	Paenibacillus aceris	Paenibacillus_E aceris	Paenibacillus_E	Bacillota	RS_GCF_017874035.1	GCF_017874035.1	GCA_017874035.1	GCF_017874035.1	accession	True	True	positive	positive	rod	rod	no	no	no	no	facultative	facultative	meso	meso	optimum	30.0	False	neutrophile	optimum	
133096	Sphingobacterium cellulitidis	Sphingobacterium cellulitidis	Sphingobacterium	Bacteroidota	RS_GCF_002245855.1	GCF_002245855.1	GCA_002245855.1	GCF_002245855.1	accession	True	True	negative	negative	rod	rod	no	no	no	no	aerobe	aerobe	meso	meso	optimum	32.5	False	neutrophile	optimum	
133099	Sanguibacter gelidistatuariae	Sanguibacter gelidistatuariae	Sanguibacter	Actinomycetota	RS_GCF_900096585.1	GCF_900096585.1	GCA_900096585.1	GCF_900096585.1	accession	True	True	positive	positive	rod	rod	yes	yes	no	no	facultative	facultative	meso	meso	optimum	23.0	False	neutrophile	optimum	
133106	Actinotalea caeni	Pseudactinotalea caeni	Pseudactinotalea	Actinomycetota	RS_GCF_009733795.1	GCF_009733795.1	GCA_009733795.1	GCF_009733795.1	accession	True	True	positive	positive	rod	rod	no	no	no	no	aerobe	aerobe	meso	meso	optimum	30.0	False	neutrophile	optimum	
133113	Pedobacter jamesrossensis	Pedobacter jamesrossensis	Pedobacter	Bacteroidota	RS_GCF_042650905.1	GCF_042650905.1	GCA_042650905.1	GCF_042650905.1	accession	True	True	negative	negative	rod	rod	no	no	no	no	aerobe	aerobe	meso	meso	optimum	20.0	False	neutrophile	optimum	
133120	Hymenobacter aquaticus	Hymenobacter aquaticus	Hymenobacter	Bacteroidota	RS_GCF_004765605.1	GCF_004765605.1	GCA_004765605.1	GCF_004765605.1	accession	True	True	negative	negative	rod	rod	no	no	no	no	aerobe	aerobe	meso	meso	growth_range	27.5	False		none	
133122	Rhodohalobacter halophilus	Rhodohalobacter halophilus	Rhodohalobacter	Bacteroidota	RS_GCF_001715195.1	GCF_001715195.1	GCA_001715195.1	GCF_001715195.1	accession	True	True	negative	negative	rod	rod	no	no	no	no	facultative	facultative	meso	meso	optimum	40.0	False	neutrophile	optimum	halophilic
133127	Sphingobacterium thermophilum	Sphingobacterium thermophilum	Sphingobacterium	Bacteroidota	RS_GCF_039541675.1	GCF_039541675.1	GCA_039541675.1	GCF_039541675.1	accession	True	True	negative	negative	rod	rod	no	no	no	no	aerobe	aerobe	meso	meso	optimum	42.5	False	neutrophile	optimum	
133133	Gordonia hongkongensis	Gordonia hongkongensis	Gordonia	Actinomycetota	RS_GCF_023078355.1	GCF_023078355.1	GCA_023078355.1	GCF_023078355.1	accession	True	True	positive	positive	rod	rod	no	no	no	no	aerobe	aerobe	meso	meso	optimum	39.5	False	neutrophile	optimum	
133139	Porphyromonas loveana	Porphyromonas loveana	Porphyromonas	Bacteroidota	RS_GCF_003096695.1	GCF_003096695.1	GCA_003096695.1	GCF_003096695.1	accession	True	True	negative	negative	rod	rod	no	no	no	no	anaerobe	anaerobe	meso	meso	growth_single_point	37.0	False		none	
133142	Mucilaginibacter pedocola	Mucilaginibacter pedocola	Mucilaginibacter	Bacteroidota	RS_GCF_002013915.1	GCF_002013915.1	GCA_002013915.1	GCF_002013915.1	accession	True	True	negative	negative	rod	rod	no	no	no	no	aerobe	aerobe	meso	meso	optimum	25.0	False	neutrophile	optimum	
133143	Chryseobacterium montanum	Kaistella montana	Kaistella	Bacteroidota	RS_GCF_042684405.1	GCF_042684405.1	GCA_042684405.1	GCF_042684405.1	accession	True	True	negative	negative	rod	rod	no	no	no	no	aerobe	aerobe	meso	meso	optimum	37.0	False	neutrophile	optimum	
133156	Streptococcus halotolerans	Streptococcus halotolerans	Streptococcus	Bacillota	RS_GCF_001598035.1	GCF_001598035.1	GCA_001598035.1	GCF_001598035.1	accession	True	True	positive	positive	coccus	coccus	no	no	no	no	facultative	facultative	meso	meso	growth_range	33.5	False		none	
133157	Oceanobacillus longus	Oceanobacillus longus	Oceanobacillus	Bacillota	RS_GCF_042650085.1	GCF_042650085.1	GCA_042650085.1	GCF_042650085.1	accession	True	True	positive	positive	rod	rod	yes	yes	yes	yes	aerobe	aerobe	meso	meso	optimum	35.0	False	neutrophile	optimum	moderately halophilic
133158	Sulfitobacter faviae	Sulfitobacter faviae	Sulfitobacter	Pseudomonadota	RS_GCF_029870955.1	GCF_029870955.1	GCA_029870955.1	GCF_029870955.1	designation	True	True	negative	negative	rod	rod	yes	yes	no	no	aerobe	aerobe	meso	meso	optimum	27.5	False	neutrophile	optimum	
133164	Aurantimonas endophytica	Aurantimonas endophytica	Aurantimonas	Pseudomonadota	RS_GCF_014196845.1	GCF_014196845.1	GCA_014196845.1	GCF_014196845.1	accession	True	True	negative	negative	rod	rod	yes	yes	no	no	aerobe	aerobe	meso	meso	optimum	30.0	False	neutrophile	optimum	
133169	Altererythrobacter confluentis	Allopontixanthobacter confluentis	Allopontixanthobacter	Pseudomonadota	RS_GCF_009827615.1	GCF_009827615.1	GCA_009827615.1	GCF_009827615.1	accession	True	True	negative	negative	other	other	no	no	no	no	aerobe	aerobe	meso	meso	optimum	30.0	False	neutrophile	optimum	
133173	Massilia psychrophila	JAFCUW01 sp002760665	JAFCUW01	Pseudomonadota	RS_GCF_002760665.1	GCF_002760665.1	GCA_002760665.1	GCF_002760665.1	accession	True	True	negative	negative	rod	rod	yes	yes	yes	yes	aerobe	aerobe	meso	meso	optimum	15.0	False	neutrophile	optimum	
133176	Rhizobium altiplani	Rhizobium altiplani	Rhizobium	Pseudomonadota	RS_GCF_001542405.1	GCF_001542405.1	GCA_001542405.1	GCF_001542405.1	accession	True	True	negative	negative	rod	rod	yes	yes	no	no	aerobe	aerobe	meso	meso	optimum	29.0	False	neutrophile	optimum	
133179	Paraburkholderia caffeinilytica	Paraburkholderia caffeinilytica	Paraburkholderia	Pseudomonadota	RS_GCF_003368325.1	GCF_003368325.1	GCA_003368325.1	GCF_003368325.1	accession	True	True	negative	negative	rod	rod	no	no	no	no	facultative	facultative	meso	meso	optimum	25.0	False	neutrophile	optimum	
133191	Pontibacter rugosus	Pontibacter rugosus	Pontibacter	Bacteroidota	RS_GCF_042678745.1	GCF_042678745.1	GCA_042678745.1	GCF_042678745.1	accession	True	True	negative	negative	rod	rod	yes	yes	no	no	aerobe	aerobe	meso	meso	optimum	30.0	False	neutrophile	optimum	
133198	Polaribacter marinaquae	Polaribacter marinaquae	Polaribacter	Bacteroidota	RS_GCF_038019025.1	GCF_038019025.1	GCA_038019025.1	GCF_038019025.1	accession	True	True	negative	negative	rod	rod	no	no	no	no	aerobe	aerobe	meso	meso	optimum	26.0	False	neutrophile	optimum	
133200	Haoranjiania flava	Haoranjiania flava	Haoranjiania	Bacteroidota	RS_GCF_025631005.1	GCF_025631005.1	GCA_025631005.1	GCF_025631005.1	accession	True	True	negative	negative	rod	rod	no	no	no	no	aerobe	aerobe	meso	meso	optimum	30.0	False	neutrophile	optimum	
133201	Hymenobacter nivis	Hymenobacter nivis	Hymenobacter	Bacteroidota	RS_GCF_003149515.1	GCF_003149515.1	GCA_003149515.1	GCF_003149515.1	accession	True	True	negative	negative	rod	rod	no	no	no	no	aerobe	aerobe	meso	meso	optimum	15.0	False	neutrophile	optimum	
133202	Maribacter arenosus	Maribacter_A arenosus	Maribacter_A	Bacteroidota	RS_GCF_014610845.1	GCF_014610845.1	GCA_014610845.1	GCF_014610845.1	accession	True	True	negative	negative	rod	rod	no	no	no	no	aerobe	aerobe	meso	meso	optimum	30.0	False	neutrophile	optimum	
133203	Streptococcus marmotae	Streptococcus marmotae	Streptococcus	Bacillota	RS_GCF_001623565.1	GCF_001623565.1	GCA_001623565.1	GCF_001623565.1	accession	True	True	positive	positive	coccus	coccus	no	no	no	no	facultative	facultative	meso	meso	growth_range	32.0	False		none	
133208	Saccharibacillus qingshengii	Saccharibacillus qingshengii	Saccharibacillus	Bacillota	RS_GCF_013185195.1	GCF_013185195.1	GCA_013185195.1	GCF_013185195.1	accession	True	True	positive	positive	rod	rod	yes	yes	yes	yes	aerobe	aerobe	meso	meso	optimum	30.0	False	neutrophile	optimum	
133210	Pullulanibacillus camelliae	Pullulanibacillus camelliae	Pullulanibacillus	Bacillota	RS_GCF_014642655.1	GCF_014642655.1	GCA_014642655.1	GCF_014642655.1	accession	True	True	positive	positive	rod	rod	no	no	yes	yes	aerobe	aerobe	meso	meso	optimum	33.5	False	neutrophile	optimum	
133217	Rhizobium favelukesii	Rhizobium favelukesii	Rhizobium	Pseudomonadota	RS_GCF_000577275.2	GCF_000577275.2	GCA_000577275.2	GCF_000577275.2	accession	True	True	negative	negative	rod	rod	no	no	no	no	aerobe	aerobe	meso	meso	optimum	28.0	False	neutrophile	optimum	
133225	Halomonas lutescens	Vreelandella lutescens	Vreelandella	Pseudomonadota	RS_GCF_014640815.1	GCF_014640815.1	GCA_014640815.1	GCF_014640815.1	accession	True	True	negative	negative	rod	rod	no	no	no	no	facultative	facultative	meso	meso	optimum	31.5	False	neutrophile	optimum	moderately halophilic
133229	Wenzhouxiangella sediminis	Wenzhouxiangella sediminis	Wenzhouxiangella	Pseudomonadota	RS_GCF_003410055.1	GCF_003410055.1	GCA_003410055.1	GCF_003410055.1	accession	True	True	negative	negative	rod	rod	no	no	no	no	facultative	facultative	meso	meso	optimum	37.0	False	neutrophile	optimum	
133230	Sphingomonas naphthae	Sphingomonas_Q naphthae	Sphingomonas_Q	Pseudomonadota	RS_GCF_028607085.1	GCF_028607085.1	GCA_028607085.1	GCF_028607085.1	accession	True	True	negative	negative	rod	rod	yes	yes	no	no	aerobe	aerobe	meso	meso	optimum	26.5	False	neutrophile	optimum	
133231	Pseudomonas turukhanskensis	Aquipseudomonas turukhanskensis	Aquipseudomonas	Pseudomonadota	RS_GCF_027922365.1	GCF_027922365.1	GCA_027922365.1	GCF_027922365.1	accession	True	True	negative	negative	rod	rod	yes	yes	no	no	aerobe	aerobe	meso	meso	growth_range	17.0	False	neutrophile	growth_range	
133240	Nocardioides flavus	Nocardioides flavus	Nocardioides	Actinomycetota	RS_GCF_014653115.1	GCF_014653115.1	GCA_014653115.1	GCF_014653115.1	accession	True	True	positive	positive	rod	rod	no	no	no	no	aerobe	aerobe	meso	meso	optimum	36.0	False	neutrophile	optimum	
133242	Cutibacterium acnes subsp. defendens	Cutibacterium acnes	Cutibacterium	Actinomycetota	RS_GCF_000231215.1	GCF_000231215.1	GCA_000231215.1	GCF_000231215.1	accession	True	False	positive	positive	coccus	coccus	no	no	no	no	anaerobe	anaerobe	meso	meso	optimum	33.5	False	acidophile	growth_range	
133248	Sphingobacterium chuzhouense	Sphingobacterium chuzhouense	Sphingobacterium	Bacteroidota	RS_GCF_014692525.1	GCF_014692525.1	GCA_014692525.1	GCF_014692525.1	accession	True	True	negative	negative	rod	rod	no	no	no	no	aerobe	aerobe	meso	meso	optimum	30.0	False	neutrophile	growth_range	
133249	Pedobacter vanadiisoli	Pedobacter vanadiisoli	Pedobacter	Bacteroidota	RS_GCF_042684385.1	GCF_042684385.1	GCA_042684385.1	GCF_042684385.1	accession	True	True	negative	negative	rod	rod	no	no	no	no	aerobe	aerobe	meso	meso	optimum	28.0	False	neutrophile	optimum	
133260	Spirosoma soli	Spirosoma soli	Spirosoma	Bacteroidota	RS_GCF_042684525.1	GCF_042684525.1	GCA_042684525.1	GCF_042684525.1	accession	True	True	negative	negative	rod	rod	no	no	no	no	aerobe	aerobe	meso	meso	optimum	28.0	False	neutrophile	optimum	
133262	Roseivirga ehrenbergii	Roseivirga seohaensis	Roseivirga	Bacteroidota	RS_GCF_001592945.1	GCF_001592945.1	GCA_001592945.1	GCF_001592945.1	designation	False	True	negative	negative	rod	rod	yes	yes	no	no	aerobe	aerobe	meso	meso	optimum	33.5	False	neutrophile	optimum	
133265	Paenibacillus oryzae	Pristimantibacillus oryzae	Pristimantibacillus	Bacillota	RS_GCF_001675045.1	GCF_001675045.1	GCA_001675045.1	GCF_001675045.1	accession	True	True	positive	positive	rod	rod	yes	yes	yes	yes	facultative	facultative	meso	meso	growth_range	27.5	False	alkaliphile	growth_range	
133267	Lactobacillus ixorae	Fructilactobacillus ixorae	Fructilactobacillus	Bacillota	RS_GCF_024029915.1	GCF_024029915.1	GCA_024029915.1	GCF_024029915.1	accession	True	True	positive	positive	rod	rod	no	no	no	no	facultative	facultative	meso	meso	optimum	33.5	False	neutrophile	optimum	
133269	Deinococcus persicinus	Lysinibacillus fusiformis	Lysinibacillus	Bacillota	GB_GCA_039535175.1	GCA_039535175.1	GCA_039535175.1		accession	True	True	negative	negative	coccus	coccus	no	no	no	no	aerobe	aerobe	meso	meso	optimum	25.0	False	neutrophile	optimum	
133277	Iodidimonas muriae	Iodidimonas muriae	Iodidimonas	Pseudomonadota	RS_GCF_014647255.1	GCF_014647255.1	GCA_014647255.1	GCF_014647255.1	accession	True	True	negative	negative	rod	rod	yes	yes	no	no	aerobe	aerobe	meso	meso	optimum	30.0	False	neutrophile	optimum	moderately halophilic
133280	Novosphingobium bradum	Novosphingobium bradum	Novosphingobium	Pseudomonadota	RS_GCF_042646485.1	GCF_042646485.1	GCA_042646485.1	GCF_042646485.1	accession	True	True	negative	negative	rod	rod	no	no	no	no	aerobe	aerobe	meso	meso	optimum	20.0	False	neutrophile	optimum	
133281	Psychrobacter pocilloporae	Psychrobacter pacificensis	Psychrobacter	Pseudomonadota	RS_GCF_029872915.1	GCF_029872915.1	GCA_029872915.1	GCF_029872915.1	designation	True	True	negative	negative	rod	rod	no	no	no	no	aerobe	aerobe	meso	meso	optimum	27.5	False	neutrophile	optimum	
133283	Uliginosibacterium paludis	Uliginosibacterium paludis	Uliginosibacterium	Pseudomonadota	RS_GCF_042648685.1	GCF_042648685.1	GCA_042648685.1	GCF_042648685.1	accession	True	True	negative	negative	rod	rod	yes	yes	no	no	aerobe	aerobe	meso	meso	optimum	35.0	False	neutrophile	optimum	
133285	Roseibium salinum	Roseibium salinum	Roseibium	Pseudomonadota	RS_GCF_026240905.1	GCF_026240905.1	GCA_026240905.1	GCF_026240905.1	accession	True	True	negative	negative	rod	rod	yes	yes	no	no	aerobe	aerobe	meso	meso	growth_range	27.5	False	alkaliphile	growth_range	halophilic
133289	Piscinibacterium candidicorallinum	Piscinibacterium candidicorallinum	Piscinibacterium	Pseudomonadota	RS_GCF_047549485.1	GCF_047549485.1	GCA_047549485.1	GCF_047549485.1	accession	True	True	negative	negative	rod	rod	yes	yes	no	no	aerobe	aerobe	meso	meso	optimum	30.0	False	neutrophile	optimum	
133294	Idiomarina tyrosinivorans	Idiomarina tyrosinivorans	Idiomarina	Pseudomonadota	RS_GCF_003987475.1	GCF_003987475.1	GCA_003987475.1	GCF_003987475.1	accession	True	True	negative	negative	other	spiral	yes	yes	no	no	aerobe	aerobe	meso	meso	optimum	37.0	False	neutrophile	optimum	
133297	Altererythrobacter sediminis	Allopontixanthobacter sediminis	Allopontixanthobacter	Pseudomonadota	RS_GCF_009828115.1	GCF_009828115.1	GCA_009828115.1	GCF_009828115.1	accession	True	True	negative	negative	coccus	coccus	no	no	no	no	aerobe	aerobe	meso	meso	optimum	30.0	False	neutrophile	optimum	
133299	Arsenicitalea aurantiaca	Arsenicitalea aurantiaca	Arsenicitalea	Pseudomonadota	RS_GCF_003994485.1	GCF_003994485.1	GCA_003994485.1	GCF_003994485.1	accession	True	True	negative	negative	rod	rod	no	no	no	no	aerobe	aerobe	meso	meso	optimum	37.0	False	neutrophile	growth_range	
133312	Lysinibacillus alkalisoli	Metalysinibacillus alkalisoli	Metalysinibacillus	Bacillota	RS_GCF_014643595.1	GCF_014643595.1	GCA_014643595.1	GCF_014643595.1	accession	True	True	positive	positive	rod	rod	yes	yes	yes	yes	aerobe	aerobe	meso	meso	optimum	30.0	False	alkaliphile	optimum	
133314	Deinococcus ruber	Deinococcus ruber	Deinococcus	Deinococcota	RS_GCF_014648095.1	GCF_014648095.1	GCA_014648095.1	GCF_014648095.1	accession	True	True	positive	positive	coccus	coccus	no	no	no	no	aerobe	aerobe	meso	meso	optimum	25.0	False	neutrophile	optimum	
133320	Formosimonas limnophila	Hydromonas limnophila	Hydromonas	Pseudomonadota	RS_GCF_014652675.1	GCF_014652675.1	GCA_014652675.1	GCF_014652675.1	accession	True	True	negative	negative	rod	rod	no	no	no	no	aerobe	aerobe	meso	meso	optimum	20.0	False	neutrophile	optimum	
133321	Marimonas arenosa	Marimonas arenosa	Marimonas	Pseudomonadota	RS_GCF_030848945.1	GCF_030848945.1	GCA_030848945.1	GCF_030848945.1	accession	True	True	negative	negative	rod	rod	no	no	no	no	aerobe	aerobe	meso	meso	optimum	30.0	False	neutrophile	optimum	
133322	Microvirga soli	Microvirga soli	Microvirga	Pseudomonadota	RS_GCF_016734765.1	GCF_016734765.1	GCA_016734765.1	GCF_016734765.1	accession	True	True	negative	negative	rod	rod	no	no	no	no	aerobe	aerobe	meso	meso	optimum	30.0	False	neutrophile	optimum	
133323	Achromobacter aloeverae	Bordetella_C aloeverae	Bordetella_C	Pseudomonadota	RS_GCF_004121055.1	GCF_004121055.1	GCA_004121055.1	GCF_004121055.1	accession	True	True	negative	negative	rod	rod	yes	yes	no	no	aerobe	aerobe	meso	meso	optimum	33.5	False	neutrophile	optimum	
133324	Colwellia mytili	Cognaticolwellia mytili	Cognaticolwellia	Pseudomonadota	RS_GCF_002104475.1	GCF_002104475.1	GCA_002104475.1	GCF_002104475.1	accession	True	True	negative	negative	rod	rod	yes	yes	no	no	aerobe	aerobe	meso	meso	optimum	20.0	False	neutrophile	optimum	
133328	Aeromicrobium choanae	Aeromicrobium choanae	Aeromicrobium	Actinomycetota	RS_GCF_900167475.1	GCF_900167475.1	GCA_900167475.1	GCF_900167475.1	accession	True	True	positive	positive	coccus	coccus	no	no	no	no	aerobe	aerobe	meso	meso	optimum	30.0	False	neutrophile	optimum	
133329	Algoriphagus iocasae	Algoriphagus iocasae	Algoriphagus	Bacteroidota	RS_GCF_014206875.1	GCF_014206875.1	GCA_014206875.1	GCF_014206875.1	accession	True	True	negative	negative	rod	rod	no	no	no	no	anaerobe	anaerobe	meso	meso	optimum	25.0	False	neutrophile	optimum	
133338	Streptococcus himalayensis	Streptococcus himalayensis	Streptococcus	Bacillota	RS_GCF_001708305.1	GCF_001708305.1	GCA_001708305.1	GCF_001708305.1	accession	True	True	positive	positive	coccus	coccus	no	no	no	no	facultative	facultative	meso	meso	growth_range	33.5	False		none	
133343	Marinobacter salinus	Marinobacter salinus	Marinobacter	Pseudomonadota	RS_GCF_001854125.1	GCF_001854125.1	GCA_001854125.1	GCF_001854125.1	accession	True	True	negative	negative	rod	rod	yes	yes	no	no	aerobe	aerobe	meso	meso	optimum	37.0	False	neutrophile	optimum	moderately halophilic
133344	Aliidongia dinghuensis	Aliidongia dinghuensis	Aliidongia	Pseudomonadota	RS_GCF_014643535.1	GCF_014643535.1	GCA_014643535.1	GCF_014643535.1	accession	True	True	negative	negative	rod	rod	yes	yes	no	no	aerobe	aerobe	meso	meso	optimum	28.0	False	neutrophile	optimum	
133346	Motilimonas eburnea	Motilimonas eburnea	Motilimonas	Pseudomonadota	RS_GCF_021295345.1	GCF_021295345.1	GCA_021295345.1	GCF_021295345.1	accession	True	True	negative	negative	rod	rod	yes	yes	no	no	facultative	facultative	meso	meso	optimum	30.5	False	neutrophile	optimum	
133354	Marinobacter halotolerans	Marinobacter halotolerans	Marinobacter	Pseudomonadota	RS_GCF_008795985.1	GCF_008795985.1	GCA_008795985.1	GCF_008795985.1	accession	True	True	negative	negative	rod	rod	no	no	no	no	aerobe	aerobe	meso	meso	optimum	37.0	False	neutrophile	optimum	
133371	Paenibacillus qinlingensis	Paenibacillus_E qinlingensis	Paenibacillus_E	Bacillota	RS_GCF_028746185.1	GCF_028746185.1	GCA_028746185.1	GCF_028746185.1	accession	True	True	positive	positive	rod	rod	yes	yes	yes	yes	aerobe	aerobe	meso	meso	growth_single_point	25.0	False		none	
133375	Aliidiomarina soli	Aliidiomarina soli	Aliidiomarina	Pseudomonadota	RS_GCF_003986975.1	GCF_003986975.1	GCA_003986975.1	GCF_003986975.1	accession	True	True	negative	negative	rod	rod	yes	yes	no	no	aerobe	aerobe	meso	meso	optimum	30.0	False	alkaliphile	optimum	
133376	Dyella acidisoli	Dyella_B acidisoli	Dyella_B	Pseudomonadota	RS_GCF_030160295.1	GCF_030160295.1	GCA_030160295.1	GCF_030160295.1	accession	True	True	negative	negative	rod	rod	yes	yes	no	no	aerobe	aerobe	meso	meso	optimum	28.0	False	neutrophile	optimum	
133383	Acidicapsa acidisoli	Acidicapsa acidisoli	Acidicapsa	Acidobacteriota	RS_GCF_025685625.1	GCF_025685625.1	GCA_025685625.1	GCF_025685625.1	accession	True	True	negative	negative	rod	rod	no	no	no	no	aerobe	aerobe	meso	meso	optimum	27.5	False	acidophile	optimum	
133400	Desulfuribacillus stibiiarsenatis	Desulfuribacillus_A stibiiarsenatis	Desulfuribacillus_A	Bacillota	RS_GCF_001742305.1	GCF_001742305.1	GCA_001742305.1	GCF_001742305.1	accession	True	True	negative	negative	rod	rod	yes	yes	yes	yes	anaerobe	anaerobe	meso	meso	optimum	34.0	False	neutrophile	optimum	
133403	Acinetobacter larvae	Acinetobacter larvae	Acinetobacter	Pseudomonadota	RS_GCF_001704115.1	GCF_001704115.1	GCA_001704115.1	GCF_001704115.1	accession	True	True	negative	negative	coccus	coccus	no	no	no	no	aerobe	aerobe	meso	meso	optimum	32.5	False	neutrophile	optimum	
133407	Sphingomonas aquatica	Sphingomonas aquatica	Sphingomonas	Pseudomonadota	RS_GCF_037173185.1	GCF_037173185.1	GCA_037173185.1	GCF_037173185.1	accession	True	True	negative	negative	rod	rod	no	no	no	no	aerobe	aerobe	meso	meso	optimum	30.0	False	neutrophile	optimum	
133410	Pseudomonas canadensis	Aquipseudomonas canadensis	Aquipseudomonas	Pseudomonadota	RS_GCF_000503215.1	GCF_000503215.1	GCA_000503215.1	GCF_000503215.1	accession	True	False	negative	negative	rod	rod	yes	yes	no	no	aerobe	aerobe	meso	meso	optimum	30.0	False		none	
133415	Planctobacterium marinum	Planctobacterium marinum	Planctobacterium	Pseudomonadota	RS_GCF_020687805.1	GCF_020687805.1	GCA_020687805.1	GCF_020687805.1	accession	True	True	negative	negative	rod	rod	yes	yes	no	no	aerobe	aerobe	meso	meso	optimum	27.5	False	neutrophile	optimum	
133419	Aliiglaciecola lipolytica	Aliiglaciecola lipolytica	Aliiglaciecola	Pseudomonadota	RS_GCF_000314975.1	GCF_000314975.1	GCA_000314975.1	GCF_000314975.1	accession	True	True	negative	negative	rod	rod	yes	yes	no	no	aerobe	aerobe	meso	meso	optimum	30.0	False	neutrophile	optimum	
133424	Shewanella vesiculosa	Shewanella vesiculosa	Shewanella	Pseudomonadota	GB_GCA_021560015.1	GCA_021560015.1	GCA_021560015.1		accession	True	True	negative	negative	rod	rod	yes	yes	no	no	facultative	facultative	meso	meso	optimum	17.5	False	neutrophile	optimum	
133426	Pseudidiomarina tainanensis	Pseudidiomarina tainanensis	Pseudidiomarina	Pseudomonadota	RS_GCF_004214835.1	GCF_004214835.1	GCA_004214835.1	GCF_004214835.1	accession	True	True	negative	negative	rod	rod	no	no	no	no	aerobe	aerobe	meso	meso	optimum	32.5	False	neutrophile	optimum	
133427	Pseudidiomarina marina	Pseudidiomarina marina	Pseudidiomarina	Pseudomonadota	RS_GCF_003987045.1	GCF_003987045.1	GCA_003987045.1	GCF_003987045.1	accession	True	True	negative	negative	rod	rod	no	no	no	no	aerobe	aerobe	meso	meso	optimum	32.5	False	neutrophile	optimum	
133431	Alcanivorax hongdengensis	Alcanivorax hongdengensis	Alcanivorax	Pseudomonadota	RS_GCF_000300995.1	GCF_000300995.1	GCA_000300995.1	GCF_000300995.1	accession	True	True	negative	negative	rod	rod	no	no	no	no	aerobe	aerobe	meso	meso	optimum	26.5	False	neutrophile	optimum	
133444	Thermotalea metallivorans	Thermotalea metallivorans	Thermotalea	Bacillota	RS_GCF_001562415.1	GCF_001562415.1	GCA_001562415.1	GCF_001562415.1	accession	True	True	negative	negative	rod	rod	yes	yes	no	no	anaerobe	anaerobe	thermo	thermo	optimum	55.0	False	neutrophile	optimum	
133445	Croceicoccus marinus	Croceicoccus marinus	Croceicoccus	Pseudomonadota	RS_GCF_001661675.2	GCF_001661675.2	GCA_001661675.2	GCF_001661675.2	accession	True	True	negative	negative	coccus	coccus	yes	yes	no	no	aerobe	aerobe	meso	meso	optimum	25.0	False	neutrophile	optimum	
133451	Maritalea mobilis	Maritalea mobilis	Maritalea	Pseudomonadota	RS_GCF_004363175.1	GCF_004363175.1	GCA_004363175.1	GCF_004363175.1	accession	True	True	negative	negative	rod	rod	yes	yes	no	no	aerobe	aerobe	meso	meso	optimum	36.0	False	neutrophile	optimum	
133452	Parvularcula lutaonensis	Parvularcula lutaonensis	Parvularcula	Pseudomonadota	RS_GCF_014651915.1	GCF_014651915.1	GCA_014651915.1	GCF_014651915.1	accession	True	True	negative	negative	rod	rod	yes	yes	no	no	aerobe	aerobe	meso	meso	optimum	37.0	False	neutrophile	optimum	
133454	Paracoccus chinensis	Paracoccus chinensis	Paracoccus	Pseudomonadota	RS_GCF_900102885.1	GCF_900102885.1	GCA_900102885.1	GCF_900102885.1	accession	True	True	negative	negative	other	other	yes	yes	no	no	aerobe	aerobe	meso	meso	optimum	32.5	False	neutrophile	optimum	
133456	Roseomonas frigidaquae	Falsiroseomonas frigidaquae	Falsiroseomonas	Pseudomonadota	RS_GCF_012163145.1	GCF_012163145.1	GCA_012163145.1	GCF_012163145.1	accession	True	True	negative	negative	other	other	no	no	yes	yes	aerobe	aerobe	meso	meso	optimum	30.0	False	neutrophile	optimum	
133458	Algoriphagus aquatilis	Algoriphagus aquatilis	Algoriphagus	Bacteroidota	RS_GCF_042657405.1	GCF_042657405.1	GCA_042657405.1	GCF_042657405.1	accession	True	True	negative	negative	rod	rod	no	no	no	no	aerobe	aerobe	meso	meso	optimum	30.0	False	neutrophile	optimum	
133460	Mucilaginibacter ximonensis	Mucilaginibacter ximonensis	Mucilaginibacter	Bacteroidota	RS_GCF_042686265.1	GCF_042686265.1	GCA_042686265.1	GCF_042686265.1	accession	True	True	negative	negative	rod	rod	no	no	no	no	aerobe	aerobe	meso	meso	optimum	28.0	False	neutrophile	optimum	
133461	Winogradskyella echinorum	Winogradskyella echinorum	Winogradskyella	Bacteroidota	RS_GCF_014297365.1	GCF_014297365.1	GCA_014297365.1	GCF_014297365.1	accession	True	True	negative	negative	rod	rod	yes	yes	yes	yes	aerobe	aerobe	meso	meso	optimum	20.5	False		none	
133462	Devosia crocina	Devosia crocina	Devosia	Pseudomonadota	RS_GCF_900116545.1	GCF_900116545.1	GCA_900116545.1	GCF_900116545.1	designation	True	True	negative	negative	other	other	yes	yes	no	no	aerobe	aerobe	meso	meso	optimum	18.5	False	neutrophile	optimum	
133463	Devosia albogilva	Devosia albogilva	Devosia	Pseudomonadota	RS_GCF_042685625.1	GCF_042685625.1	GCA_042685625.1	GCF_042685625.1	accession	True	True	negative	negative	rod	rod	yes	yes	no	no	aerobe	aerobe	meso	meso	optimum	25.0	False	neutrophile	optimum	
133467	Pseudidiomarina donghaiensis	Pseudidiomarina donghaiensis	Pseudidiomarina	Pseudomonadota	RS_GCF_900116895.1	GCF_900116895.1	GCA_900116895.1	GCF_900116895.1	accession	True	True	negative	negative	rod	rod	yes	yes	no	no	aerobe	aerobe	meso	meso	optimum	37.0	False	alkaliphile	optimum	
133470	Marinobacterium nitratireducens	Marinobacterium_A nitratireducens	Marinobacterium_A	Pseudomonadota	RS_GCF_014645375.1	GCF_014645375.1	GCA_014645375.1	GCF_014645375.1	accession	True	True	negative	negative	rod	rod	yes	yes	no	no	aerobe	aerobe	meso	meso	optimum	35.0	False	neutrophile	optimum	
133471	Marinobacterium sediminicola	Marinobacterium sediminicola	Marinobacterium	Pseudomonadota	RS_GCF_900184155.1	GCF_900184155.1	GCA_900184155.1	GCF_900184155.1	accession	True	True	negative	negative	rod	rod	yes	yes	no	no	aerobe	aerobe	meso	meso	optimum	35.0	False	neutrophile	optimum	
133474	Microbulbifer variabilis	Microbulbifer variabilis	Microbulbifer	Pseudomonadota	RS_GCF_000380565.1	GCF_000380565.1	GCA_000380565.1	GCF_000380565.1	accession	True	True	negative	negative	other	other	no	no	no	no	aerobe	aerobe	meso	meso	optimum	30.0	False	neutrophile	optimum	
133482	Marinobacter lacisalsi	Marinobacter lacisalsi	Marinobacter	Pseudomonadota	RS_GCF_042651045.1	GCF_042651045.1	GCA_042651045.1	GCF_042651045.1	accession	True	True	negative	negative	rod	rod	yes	yes	no	no	aerobe	aerobe	meso	meso	optimum	32.5	False	neutrophile	optimum	
133485	Muricauda olearia	Flagellimonas olearia	Flagellimonas	Bacteroidota	RS_GCF_009184425.1	GCF_009184425.1	GCA_009184425.1	GCF_009184425.1	accession	True	True	negative	negative	rod	rod	no	no	no	no	aerobe	aerobe	meso	meso	optimum	27.5	False	neutrophile	optimum	
133486	Flavobacterium tiangeerense	Flavobacterium tiangeerense	Flavobacterium	Bacteroidota	RS_GCF_007830355.1	GCF_007830355.1	GCA_007830355.1	GCF_007830355.1	accession	True	True	negative	negative	rod	rod	no	no	no	no	aerobe	aerobe	meso	meso	optimum	22.5	False	neutrophile	optimum	
133487	Meiothermus cateniformans	Meiothermus taiwanensis	Meiothermus	Deinococcota	RS_GCF_003574045.1	GCF_003574045.1	GCA_003574045.1	GCF_003574045.1	accession	True	False	negative	negative	rod	rod	no	no	no	no	aerobe	aerobe	thermo	thermo	optimum	57.5	False	neutrophile	optimum	
133488	Muricauda lutaonensis	Flagellimonas_A lutaonensis	Flagellimonas_A	Bacteroidota	RS_GCF_000963865.1	GCF_000963865.1	GCA_000963865.1	GCF_000963865.1	accession	True	True	negative	negative	rod	rod	no	no	no	no	aerobe	aerobe	meso	meso	optimum	41.0	False	neutrophile	optimum	
133489	Flavobacterium chungangense	Flavobacterium chungangense	Flavobacterium	Bacteroidota	RS_GCF_000735715.2	GCF_000735715.2	GCA_000735715.2	GCF_000735715.2	accession	True	True	negative	negative	rod	rod	no	no	no	no	aerobe	aerobe	meso	meso	optimum	25.0	False	neutrophile	optimum	
133490	Microvirga guangxiensis	Microvirga guangxiensis	Microvirga	Pseudomonadota	RS_GCF_900102135.1	GCF_900102135.1	GCA_900102135.1	GCF_900102135.1	accession	True	True	negative	negative	rod	rod	no	no	no	no	aerobe	aerobe	meso	meso	optimum	37.0	False	neutrophile	optimum	
133497	Marinimicrobium locisalis	Marinimicrobium locisalis	Marinimicrobium	Pseudomonadota	RS_GCF_039822625.1	GCF_039822625.1	GCA_039822625.1	GCF_039822625.1	accession	True	True	negative	negative	rod	rod	yes	yes	no	no	aerobe	aerobe	meso	meso	optimum	30.0	False	neutrophile	optimum	
133498	Kocuria gwangalliensis	Kocuria gwangalliensis	Kocuria	Actinomycetota	RS_GCF_039544365.1	GCF_039544365.1	GCA_039544365.1	GCF_039544365.1	accession	True	True	positive	positive	coccus	coccus	no	no	no	no	aerobe	aerobe	meso	meso	optimum	27.0	False	neutrophile	optimum	
133499	Lishizhenia tianjinensis	Lishizhenia tianjinensis	Lishizhenia	Bacteroidota	RS_GCF_900116425.1	GCF_900116425.1	GCA_900116425.1	GCF_900116425.1	accession	True	True	negative	negative	rod	rod	yes	yes	no	no	aerobe	aerobe	meso	meso	optimum	30.0	False	neutrophile	optimum	
133506	Marinobacter szutsaonensis	Marinobacter szutsaonensis	Marinobacter	Pseudomonadota	GB_GCA_039523335.1	GCA_039523335.1	GCA_039523335.1		accession	True	True	negative	negative	rod	rod	yes	yes	no	no	aerobe	aerobe	meso	meso	optimum	37.5	False	neutrophile	optimum	
133508	Marinifilum fragile	Marinifilum fragile	Marinifilum	Bacteroidota	RS_GCF_001310955.1	GCF_001310955.1	GCA_001310955.1	GCF_001310955.1	accession	True	True	negative	negative	rod	rod	no	no	no	no	facultative	facultative	meso	meso	optimum	33.8	False	neutrophile	optimum	
133511	Paenibacillus sonchi	Paenibacillus_AQ sonchi	Paenibacillus_AQ	Bacillota	RS_GCF_016772475.1	GCF_016772475.1	GCA_016772475.1	GCF_016772475.1	accession	True	True	positive	positive	rod	rod	yes	yes	yes	yes	aerobe	aerobe	meso	meso	optimum	30.0	False	neutrophile	optimum	
133516	Flectobacillus roseus	Flectobacillus roseus	Flectobacillus	Bacteroidota	RS_GCF_030056665.1	GCF_030056665.1	GCA_030056665.1	GCF_030056665.1	accession	True	True	negative	negative	rod	rod	no	no	no	no	aerobe	aerobe	meso	meso	optimum	30.0	False	neutrophile	optimum	
133517	Methylophilus rhizosphaerae	Methylophilus rhizosphaerae	Methylophilus	Pseudomonadota	RS_GCF_900100975.1	GCF_900100975.1	GCA_900100975.1	GCF_900100975.1	accession	True	True	negative	negative	rod	rod	yes	yes	no	no	aerobe	aerobe	meso	meso	optimum	28.0	False	neutrophile	optimum	
133519	Luteipulveratus mongoliensis	Luteipulveratus mongoliensis	Luteipulveratus	Actinomycetota	RS_GCF_001190945.1	GCF_001190945.1	GCA_001190945.1	GCF_001190945.1	accession	True	True	positive	positive	coccus	coccus	no	no	no	no	aerobe	aerobe	meso	meso	optimum	24.0	False		none	
133531	Dehalogenimonas lykanthroporepellens	Dehalogenimonas lykanthroporepellens	Dehalogenimonas	Chloroflexota	GB_GCA_000143165.1	GCA_000143165.1	GCA_000143165.1		accession	True	True	negative	negative	coccus	coccus	no	no	no	no	anaerobe	anaerobe	meso	meso	optimum	31.0	False	neutrophile	optimum	
133535	Ensifer numidicus	Sinorhizobium numidicum	Sinorhizobium	Pseudomonadota	RS_GCF_029892045.1	GCF_029892045.1	GCA_029892045.1	GCF_029892045.1	accession	True	True	negative	negative	rod	rod	yes	yes	no	no	aerobe	aerobe	meso	meso	growth_range	34.0	False	neutrophile	growth_range	
133536	Ensifer garamanticus	Sinorhizobium garamanticum	Sinorhizobium	Pseudomonadota	RS_GCF_029892065.1	GCF_029892065.1	GCA_029892065.1	GCF_029892065.1	accession	True	True	negative	negative	rod	rod	yes	yes	no	no	aerobe	aerobe	meso	meso	growth_range	34.0	False	alkaliphile	growth_range	
133541	Algoriphagus lutimaris	Algoriphagus lutimaris	Algoriphagus	Bacteroidota	RS_GCF_017051705.1	GCF_017051705.1	GCA_017051705.1	GCF_017051705.1	accession	True	True	negative	negative	rod	rod	no	no	no	no	aerobe	aerobe	meso	meso	optimum	30.0	False	neutrophile	optimum	
133552	Erythrobacter nanhaisediminis	Qipengyuania nanhaisediminis	Qipengyuania	Pseudomonadota	RS_GCF_900115585.1	GCF_900115585.1	GCA_900115585.1	GCF_900115585.1	accession	True	True	negative	negative	rod	rod	no	no	no	no	aerobe	aerobe	meso	meso	optimum	30.0	False	neutrophile	optimum	
133553	Mesorhizobium alhagi	Allomesorhizobium alhagi	Allomesorhizobium	Pseudomonadota	RS_GCF_000236565.1	GCF_000236565.1	GCA_000236565.2	GCF_000236565.1	accession	True	True	negative	negative	rod	rod	yes	yes	no	no	aerobe	aerobe	meso	meso	growth_single_point	28.0	False	neutrophile	growth_range	
133555	Flavobacterium sinopsychrotolerans	Flavobacterium sinopsychrotolerans	Flavobacterium	Bacteroidota	RS_GCF_900110375.1	GCF_900110375.1	GCA_900110375.1	GCF_900110375.1	accession	True	True	negative	negative	rod	rod	no	no	no	no	aerobe	aerobe	meso	meso	optimum	21.5	False	neutrophile	optimum	
133558	Cellulosilyticum ruminicola	Cellulosilyticum ruminicola	Cellulosilyticum	Bacillota	RS_GCF_001311925.1	GCF_001311925.1	GCA_001311925.1	GCF_001311925.1	accession	True	True	negative	negative	rod	rod	no	no	yes	yes	anaerobe	anaerobe	meso	meso	optimum	38.0	False	neutrophile	optimum	
133562	Paraburkholderia heleia	Paraburkholderia heleia	Paraburkholderia	Pseudomonadota	RS_GCF_000739775.1	GCF_000739775.1	GCA_000739775.1	GCF_000739775.1	accession	True	True	negative	negative	rod	rod	no	no	no	no	aerobe	aerobe	meso	meso	optimum	32.0	False	acidophile	optimum	
133569	Persicobacter psychrovividus	Persicobacter psychrovividus	Persicobacter	Bacteroidota	RS_GCF_036492425.1	GCF_036492425.1	GCA_036492425.1	GCF_036492425.1	accession	True	True	negative	negative	rod	rod	yes	yes	no	no	facultative	facultative	meso	meso	optimum	25.0	False	neutrophile	optimum	
133571	Agaricicola taiwanensis	Agaricicola taiwanensis	Agaricicola	Pseudomonadota	RS_GCF_014635245.1	GCF_014635245.1	GCA_014635245.1	GCF_014635245.1	accession	True	True	negative	negative	rod	rod	yes	yes	no	no	aerobe	aerobe	meso	meso	optimum	32.5	False	neutrophile	optimum	
133572	Euzebya tangerina	Euzebya tangerina	Euzebya	Actinomycetota	RS_GCF_003074135.1	GCF_003074135.1	GCA_003074135.1	GCF_003074135.1	accession	True	True	positive	positive	rod	rod	no	no	no	no	aerobe	aerobe	meso	meso	optimum	24.0	False	neutrophile	optimum	
133574	Psychrobacter aestuarii	Psychrobacter aestuarii	Psychrobacter	Pseudomonadota	RS_GCF_039523635.1	GCF_039523635.1	GCA_039523635.1	GCF_039523635.1	accession	True	True	negative	negative	other	other	no	no	no	no	aerobe	aerobe	meso	meso	optimum	25.0	False	neutrophile	optimum	
133577	Lactobacillus kimchicus	Secundilactobacillus kimchicus	Secundilactobacillus	Bacillota	RS_GCF_001433995.1	GCF_001433995.1	GCA_001433995.1	GCF_001433995.1	accession	True	True	positive	positive	rod	rod	no	no	no	no	facultative	facultative	meso	meso	optimum	37.0	False	neutrophile	optimum	
133579	Gemmobacter aquaticus	Gemmobacter aquaticus	Gemmobacter	Pseudomonadota	RS_GCF_007859075.1	GCF_007859075.1	GCA_007859075.1	GCF_007859075.1	accession	True	True	negative	negative	rod	rod	yes	yes	no	no	aerobe	aerobe	meso	meso	optimum	30.0	False	neutrophile	optimum	
133580	Cloacibacterium rupense	Cloacibacterium rupense	Cloacibacterium	Bacteroidota	RS_GCF_014645495.1	GCF_014645495.1	GCA_014645495.1	GCF_014645495.1	accession	True	True	negative	negative	rod	rod	yes	yes	no	no	aerobe	aerobe	meso	meso	optimum	37.0	False	neutrophile	optimum	
133581	Streptomyces osmaniensis	Streptomyces chartreusis	Streptomyces	Actinomycetota	RS_GCF_039538545.1	GCF_039538545.1	GCA_039538545.1	GCF_039538545.1	accession	True	True	positive	positive	rod	rod	no	no	yes	yes	aerobe	aerobe	meso	meso	optimum	28.0	False	neutrophile	optimum	
133585	Thermosporothrix hazakensis	Thermosporothrix hazakensis	Thermosporothrix	Chloroflexota	RS_GCF_003253565.1	GCF_003253565.1	GCA_003253565.1	GCF_003253565.1	accession	True	True	positive	positive	rod	rod	no	no	yes	yes	aerobe	aerobe	thermo	thermo	optimum	50.0	False	neutrophile	optimum	
133586	Paraburkholderia acidipaludis	Paraburkholderia acidipaludis	Paraburkholderia	Pseudomonadota	RS_GCF_000684975.1	GCF_000684975.1	GCA_000684975.1	GCF_000684975.1	accession	True	True	negative	negative	rod	rod	no	no	no	no	aerobe	aerobe	meso	meso	optimum	30.0	False	neutrophile	optimum	
133587	Adhaeribacter aerolatus	Adhaeribacter aerolatus	Adhaeribacter	Bacteroidota	RS_GCF_007991635.1	GCF_007991635.1	GCA_007991635.1	GCF_007991635.1	accession	True	True	negative	negative	rod	rod	no	no	no	no	aerobe	aerobe	meso	meso	optimum	30.0	False	neutrophile	optimum	
133588	Segetibacter aerophilus	Segetibacter aerophilus	Segetibacter	Bacteroidota	RS_GCF_007991655.1	GCF_007991655.1	GCA_007991655.1	GCF_007991655.1	accession	True	True	negative	negative	rod	rod	no	no	no	no	aerobe	aerobe	meso	meso	optimum	30.0	False		none	
133593	Hafnia paralvei	Hafnia paralvei	Hafnia	Pseudomonadota	RS_GCF_001655005.1	GCF_001655005.1	GCA_001655005.1	GCF_001655005.1	accession	True	True	negative	negative	rod	rod	yes	yes	no	no	facultative	facultative	meso	meso	optimum	32.5	False		none	
133595	Mucilaginibacter gossypii	Mucilaginibacter gossypii	Mucilaginibacter	Bacteroidota	RS_GCF_900100945.1	GCF_900100945.1	GCA_900100945.1	GCF_900100945.1	accession	True	True	negative	negative	rod	rod	no	no	no	no	aerobe	aerobe	meso	meso	optimum	28.0	False	neutrophile	optimum	
133596	Mucilaginibacter gossypiicola	Mucilaginibacter gossypiicola	Mucilaginibacter	Bacteroidota	RS_GCF_900110105.1	GCF_900110105.1	GCA_900110105.1	GCF_900110105.1	accession	True	True	negative	negative	rod	rod	no	no	no	no	aerobe	aerobe	meso	meso	optimum	28.0	False	neutrophile	optimum	
133597	Aquimarina macrocephali	Aquimarina macrocephali	Aquimarina	Bacteroidota	RS_GCF_000520995.1	GCF_000520995.1	GCA_000520995.1	GCF_000520995.1	accession	True	True	negative	negative	rod	rod	yes	yes	no	no	aerobe	aerobe	meso	meso	optimum	24.0	False		none	
133605	Hydrocarboniphaga daqingensis	Hydrocarboniphaga daqingensis	Hydrocarboniphaga	Pseudomonadota	RS_GCF_900129825.1	GCF_900129825.1	GCA_900129825.1	GCF_900129825.1	accession	True	True	negative	negative	rod	rod	yes	yes	no	no	aerobe	aerobe	meso	meso	optimum	22.5	False	neutrophile	optimum	
133606	Angustibacter luteus	Angustibacter luteus	Angustibacter	Actinomycetota	RS_GCF_039541115.1	GCF_039541115.1	GCA_039541115.1	GCF_039541115.1	accession	True	True	positive	positive	other	other	no	no	no	no	facultative	facultative	meso	meso	optimum	30.0	False	neutrophile	optimum	
133611	Limnobacter litoralis	Limnobacter litoralis	Limnobacter	Pseudomonadota	RS_GCF_030160455.1	GCF_030160455.1	GCA_030160455.1	GCF_030160455.1	accession	True	True	negative	negative	rod	rod	yes	yes	no	no	aerobe	aerobe	meso	meso	optimum	40.0	False	neutrophile	optimum	
133612	Dongia mobilis	Dongia mobilis	Dongia	Pseudomonadota	RS_GCF_004363235.1	GCF_004363235.1	GCA_004363235.1	GCF_004363235.1	accession	True	True	negative	negative	rod	rod	yes	yes	no	no	aerobe	aerobe	meso	meso	optimum	32.5	False	neutrophile	optimum	
133614	Euzebyella saccharophila	Euzebyella saccharophila	Euzebyella	Bacteroidota	RS_GCF_014855495.1	GCF_014855495.1	GCA_014855495.1	GCF_014855495.1	accession	True	True	negative	negative	rod	rod	no	no	no	no	aerobe	aerobe	meso	meso	optimum	27.0	False	neutrophile	optimum	
133615	Paracoccus sphaerophysae	Paracoccus sphaerophysae	Paracoccus	Pseudomonadota	RS_GCF_000763805.1	GCF_000763805.1	GCA_000763805.1	GCF_000763805.1	accession	True	True	negative	negative	rod	rod	no	no	no	no	aerobe	aerobe	meso	meso	optimum	28.0	False	neutrophile	optimum	
133622	Litoribacter ruber	Litoribacter ruber	Litoribacter	Bacteroidota	RS_GCF_018500185.1	GCF_018500185.1	GCA_018500185.1	GCF_018500185.1	accession	True	True	negative	negative	rod	rod	no	no	no	no	aerobe	aerobe	meso	meso	optimum	28.0	False	alkaliphile	optimum	
133625	Paracoccus fistulariae	Paracoccus fistulariae	Paracoccus	Pseudomonadota	RS_GCF_028553785.1	GCF_028553785.1	GCA_028553785.1	GCF_028553785.1	accession	True	True	negative	negative	rod	rod	no	no	no	no	aerobe	aerobe	meso	meso	optimum	30.0	False	neutrophile	optimum	
133628	Vagococcus acidifermentans	Vagococcus_B acidifermentans	Vagococcus_B	Bacillota	RS_GCF_003987655.1	GCF_003987655.1	GCA_003987655.1	GCF_003987655.1	accession	True	True	positive	positive	coccus	coccus	no	no	no	no	facultative	facultative	meso	meso	optimum	26.0	False	neutrophile	optimum	
133629	Flavobacterium dongtanense	Flavobacterium chuncheonense	Flavobacterium	Bacteroidota	RS_GCF_042686145.1	GCF_042686145.1	GCA_042686145.1	GCF_042686145.1	designation	True	False	negative	negative	rod	rod	no	no	no	no	aerobe	aerobe	meso	meso	optimum	30.0	False	neutrophile	optimum	
133630	Brachybacterium squillarum	Brachybacterium squillarum	Brachybacterium	Actinomycetota	RS_GCF_000225825.1	GCF_000225825.1	GCA_000225825.2	GCF_000225825.1	accession	True	True	positive	positive	coccus	coccus	no	no	no	no	aerobe	aerobe	meso	meso	optimum	31.0	False	neutrophile	optimum	
133635	Defluviicoccus vanus	Defluviicoccus vanus	Defluviicoccus	Pseudomonadota	RS_GCF_014672695.1	GCF_014672695.1	GCA_014672695.1	GCF_014672695.1	accession	True	True	negative	negative	coccus	coccus	no	no	no	no	aerobe	aerobe	meso	meso	optimum	25.0	False	neutrophile	optimum	
133636	Allobacillus halotolerans	Allobacillus halotolerans	Allobacillus	Bacillota	RS_GCF_028743495.1	GCF_028743495.1	GCA_028743495.1	GCF_028743495.1	accession	True	True	positive	positive	rod	rod	yes	yes	yes	yes	aerobe	aerobe	meso	meso	optimum	37.0	False	neutrophile	optimum	
133641	Sphingobacterium kyonggiense	Sphingobacterium kyonggiense	Sphingobacterium	Bacteroidota	RS_GCF_039536825.1	GCF_039536825.1	GCA_039536825.1	GCF_039536825.1	accession	True	True	negative	negative	rod	rod	no	no	no	no	aerobe	aerobe	meso	meso	optimum	30.0	False	neutrophile	optimum	
133644	Fodinibius salinus	Fodinibius salinus	Fodinibius	Bacteroidota	RS_GCF_008124865.1	GCF_008124865.1	GCA_008124865.1	GCF_008124865.1	accession	True	True	negative	negative	rod	rod	no	no	no	no	aerobe	aerobe	meso	meso	optimum	37.0	False	neutrophile	optimum	
133659	Methylorubrum populi	Methylobacterium thiocyanatum	Methylobacterium	Pseudomonadota	RS_GCF_000019945.1	GCF_000019945.1	GCA_000019945.1	GCF_000019945.1	accession	True	True	negative	negative	rod	rod	yes	yes	no	no	aerobe	aerobe	meso	meso	optimum	25.0	False	neutrophile	optimum	
133662	Pedobacter boryungensis	Pedobacter boryungensis	Pedobacter	Bacteroidota	RS_GCF_042675945.1	GCF_042675945.1	GCA_042675945.1	GCF_042675945.1	accession	True	True	negative	negative	rod	rod	no	no	no	no	aerobe	aerobe	meso	meso	optimum	30.0	False	neutrophile	optimum	
133667	Salinisphaera orenii	Salinisphaera orenii	Salinisphaera	Pseudomonadota	RS_GCF_003788635.1	GCF_003788635.1	GCA_003788635.1	GCF_003788635.1	accession	True	True	negative	negative	rod	rod	yes	yes	no	no	aerobe	aerobe	meso	meso	optimum	36.0	False	neutrophile	optimum	
133669	Marinobacter xestospongiae	Marinobacter xestospongiae	Marinobacter	Pseudomonadota	RS_GCF_023156385.1	GCF_023156385.1	GCA_023156385.1	GCF_023156385.1	accession	True	True	negative	negative	rod	rod	yes	yes	no	no	aerobe	aerobe	meso	meso	optimum	32.0	False	neutrophile	optimum	
133670	Chungangia koreensis	Chungangia koreensis	Chungangia	Bacillota	RS_GCF_042651785.1	GCF_042651785.1	GCA_042651785.1	GCF_042651785.1	accession	True	True	positive	positive	rod	rod	yes	yes	no	no	aerobe	aerobe	meso	meso	optimum	30.0	False	neutrophile	optimum	
133671	Sphingobium lucknowense	Sphingobium indicum	Sphingobium	Pseudomonadota	RS_GCF_042433065.1	GCF_042433065.1	GCA_042433065.1	GCF_042433065.1	accession	True	False	negative	negative	rod	rod	no	no	no	no	aerobe	aerobe	meso	meso	optimum	28.0	False	neutrophile	optimum	
133672	Corallibacter vietnamensis	Corallibacter vietnamensis	Corallibacter	Bacteroidota	RS_GCF_039537875.1	GCF_039537875.1	GCA_039537875.1	GCF_039537875.1	accession	True	True	negative	negative	rod	rod	yes	yes	no	no	aerobe	aerobe	meso	meso	growth_range	25.0	False	neutrophile	optimum	
133675	Kangiella geojedonensis	Kangiella geojedonensis	Kangiella	Pseudomonadota	RS_GCF_000981765.1	GCF_000981765.1	GCA_000981765.1	GCF_000981765.1	accession	True	True	negative	negative	rod	rod	no	no	no	no	aerobe	aerobe	meso	meso	optimum	30.0	False	neutrophile	optimum	
133677	Erythrobacter pelagi	Qipengyuania pelagi	Qipengyuania	Pseudomonadota	RS_GCF_009827295.1	GCF_009827295.1	GCA_009827295.1	GCF_009827295.1	accession	True	True	negative	negative	rod	rod	no	no	no	no	aerobe	aerobe	meso	meso	optimum	28.0	False	alkaliphile	optimum	
133678	Tenacibaculum geojense	Polaribacter geojense	Polaribacter	Bacteroidota	RS_GCF_042676005.1	GCF_042676005.1	GCA_042676005.1	GCF_042676005.1	accession	True	True	negative	negative	rod	rod	yes	yes	no	no	aerobe	aerobe	meso	meso	optimum	30.0	False	neutrophile	optimum	
133684	Flavobacterium xueshanense	Flavobacterium xueshanense	Flavobacterium	Bacteroidota	RS_GCF_900112975.1	GCF_900112975.1	GCA_900112975.1	GCF_900112975.1	accession	True	True	negative	negative	rod	rod	no	no	no	no	aerobe	aerobe	psychro	psychro	optimum	14.0	False	neutrophile	optimum	
133685	Flavobacterium urumqiense	Flavobacterium urumqiense	Flavobacterium	Bacteroidota	RS_GCF_900108015.1	GCF_900108015.1	GCA_900108015.1	GCF_900108015.1	accession	True	True	negative	negative	rod	rod	no	no	no	no	aerobe	aerobe	psychro	psychro	optimum	14.5	False	neutrophile	optimum	
133686	Aliidiomarina taiwanensis	Aliidiomarina taiwanensis	Aliidiomarina	Pseudomonadota	RS_GCF_003987015.1	GCF_003987015.1	GCA_003987015.1	GCF_003987015.1	accession	True	True	negative	negative	rod	rod	yes	yes	no	no	aerobe	aerobe	meso	meso	optimum	35.0	False	neutrophile	optimum	
133689	Methylobacterium gossipiicola	Methylobacterium gossipiicola	Methylobacterium	Pseudomonadota	RS_GCF_900113485.1	GCF_900113485.1	GCA_900113485.1	GCF_900113485.1	accession	True	True	negative	negative	rod	rod	yes	yes	no	no	aerobe	aerobe	meso	meso	optimum	28.0	False	neutrophile	optimum	
133692	Phaeocystidibacter luteus	Phaeocystidibacter luteus	Phaeocystidibacter	Bacteroidota	RS_GCF_008933115.1	GCF_008933115.1	GCA_008933115.1	GCF_008933115.1	accession	True	True	negative	negative	rod	rod	no	no	no	no	aerobe	aerobe	meso	meso	optimum	32.5	False	neutrophile	optimum	
133697	Colwellia piezophila	Colwellia piezophila	Colwellia	Pseudomonadota	RS_GCF_000378625.1	GCF_000378625.1	GCA_000378625.1	GCF_000378625.1	accession	True	True	negative	negative	rod	rod	yes	yes	no	no	facultative	facultative	psychro	psychro	optimum	10.0	False		none	
133700	Lactobacillus futsaii	Companilactobacillus futsaii	Companilactobacillus	Bacillota	RS_GCF_001435505.1	GCF_001435505.1	GCA_001435505.1	GCF_001435505.1	accession	True	True	positive	positive	rod	rod	no	no	no	no	facultative	facultative	meso	meso	growth_range	20.0	False	neutrophile	growth_range	
133701	Algoriphagus namhaensis	Algoriphagus namhaensis	Algoriphagus	Bacteroidota	RS_GCF_042649705.1	GCF_042649705.1	GCA_042649705.1	GCF_042649705.1	accession	True	True	negative	negative	rod	rod	no	no	no	no	aerobe	aerobe	meso	meso	optimum	30.0	False	neutrophile	optimum	
133702	Flavobacterium ummariense	Flavobacterium ummariense	Flavobacterium	Bacteroidota	RS_GCF_900115115.1	GCF_900115115.1	GCA_900115115.1	GCF_900115115.1	accession	True	True	negative	negative	rod	rod	no	no	no	no	aerobe	aerobe	meso	meso	optimum	28.0	False	neutrophile	optimum	
133703	Amycolatopsis granulosa	Amycolatopsis_E granulosa	Amycolatopsis_E	Actinomycetota	RS_GCF_011758745.1	GCF_011758745.1	GCA_011758745.1	GCF_011758745.1	accession	True	True	positive	positive	rod	rod	no	no	yes	yes	aerobe	aerobe	meso	meso	growth_range	35.0	False	neutrophile	growth_range	
133705	Amycolatopsis thermalba	Amycolatopsis_E thermalba	Amycolatopsis_E	Actinomycetota	RS_GCF_003385215.1	GCF_003385215.1	GCA_003385215.1	GCF_003385215.1	accession	True	True	positive	positive	rod	rod	no	no	yes	yes	aerobe	aerobe	meso	meso	growth_range	35.0	False	neutrophile	growth_range	
133711	Aureitalea marina	Aureitalea marina	Aureitalea	Bacteroidota	RS_GCF_002943755.1	GCF_002943755.1	GCA_002943755.1	GCF_002943755.1	accession	True	True	negative	negative	rod	rod	yes	yes	no	no	aerobe	aerobe	meso	meso	optimum	22.5	False	neutrophile	growth_range	
133723	Geofilum rubicundum	Geofilum rubicundum	Geofilum	Bacteroidota	RS_GCF_000974365.1	GCF_000974365.1	GCA_000974365.1	GCF_000974365.1	accession	True	True	negative	negative	rod	rod	yes	yes	no	no	facultative	facultative	meso	meso	optimum	33.0	False	neutrophile	optimum	
133724	Muricauda beolgyonensis	Flagellimonas beolgyonensis	Flagellimonas	Bacteroidota	RS_GCF_003992615.1	GCF_003992615.1	GCA_003992615.1	GCF_003992615.1	accession	True	True	negative	negative	rod	rod	no	no	no	no	aerobe	aerobe	meso	meso	optimum	37.0	False	neutrophile	optimum	
133729	Mesonia ostreae	Mesonia ostreae	Mesonia	Bacteroidota	RS_GCF_042679745.1	GCF_042679745.1	GCA_042679745.1	GCF_042679745.1	accession	True	True	negative	negative	rod	rod	no	no	no	no	aerobe	aerobe	meso	meso	optimum	25.0	False	neutrophile	optimum	
133733	Rhizobium grahamii	Rhizobium grahamii	Rhizobium	Pseudomonadota	RS_GCF_000298315.2	GCF_000298315.2	GCA_000298315.2	GCF_000298315.2	accession	True	True	negative	negative	rod	rod	yes	yes	no	no	aerobe	aerobe	meso	meso	optimum	29.0	False	neutrophile	optimum	
133734	Flavivirga amylovorans	Flavivirga amylovorans	Flavivirga	Bacteroidota	RS_GCF_030540875.1	GCF_030540875.1	GCA_030540875.1	GCF_030540875.1	accession	True	True	negative	negative	rod	rod	yes	yes	no	no	aerobe	aerobe	meso	meso	optimum	25.0	False		none	
133735	Flavivirga jejuensis	Flavivirga jejuensis	Flavivirga	Bacteroidota	RS_GCF_030540765.1	GCF_030540765.1	GCA_030540765.1	GCF_030540765.1	accession	True	True	negative	negative	rod	rod	yes	yes	no	no	aerobe	aerobe	meso	meso	optimum	25.0	False		none	
133749	Pseudahrensia aquimaris	Pseudahrensia aquimaris	Pseudahrensia	Pseudomonadota	RS_GCF_042676045.1	GCF_042676045.1	GCA_042676045.1	GCF_042676045.1	accession	True	True	negative	negative	other	other	no	no	no	no	aerobe	aerobe	meso	meso	optimum	30.0	False	neutrophile	optimum	
133751	Dehalococcoides mccartyi	Dehalococcoides mccartyi	Dehalococcoides	Chloroflexota	RS_GCF_000011905.1	GCF_000011905.1	GCA_000011905.1	GCF_000011905.1	accession	True	True	negative	negative	other	other	no	no	no	no	anaerobe	anaerobe	meso	meso	optimum	27.5	False	neutrophile	optimum	
133752	Microvirga lupini	Microvirga lupini	Microvirga	Pseudomonadota	GB_GCA_000517005.1	GCA_000517005.1	GCA_000517005.1		accession	True	True	negative	negative	rod	rod	no	no	no	no	aerobe	aerobe	meso	meso	optimum	39.0	False	neutrophile	optimum	
133764	Rheinheimera longhuensis	Alishewanella longhuensis	Alishewanella	Pseudomonadota	RS_GCF_014653435.1	GCF_014653435.1	GCA_014653435.1	GCF_014653435.1	accession	True	True	negative	negative	rod	rod	yes	yes	no	no	aerobe	aerobe	meso	meso	optimum	30.0	False	neutrophile	optimum	
133766	Terrimonas rubra	Terrimonas rubra	Terrimonas	Bacteroidota	RS_GCF_042686025.1	GCF_042686025.1	GCA_042686025.1	GCF_042686025.1	accession	True	True	negative	negative	rod	rod	no	no	no	no	aerobe	aerobe	meso	meso	optimum	30.0	False	neutrophile	optimum	
133771	Marinomonas hwangdonensis	Marinomonas hwangdonensis	Marinomonas	Pseudomonadota	RS_GCF_003721245.1	GCF_003721245.1	GCA_003721245.1	GCF_003721245.1	accession	True	True	negative	negative	rod	rod	yes	yes	no	no	aerobe	aerobe	meso	meso	optimum	25.0	False	neutrophile	optimum	
133772	Fulvivirga imtechensis	Fulvivirga imtechensis	Fulvivirga	Bacteroidota	RS_GCF_000331535.1	GCF_000331535.1	GCA_000331535.1	GCF_000331535.1	accession	True	True	negative	negative	rod	rod	no	no	no	no	aerobe	aerobe	meso	meso	optimum	32.5	False	neutrophile	growth_range	
133773	Chryseobacterium viscerum	Chryseobacterium viscerum	Chryseobacterium	Bacteroidota	RS_GCF_002899945.2	GCF_002899945.2	GCA_002899945.2	GCF_002899945.2	accession	True	True	negative	negative	rod	rod	no	no	no	no	aerobe	aerobe	meso	meso	optimum	25.0	False		none	
133774	Sphingobacterium detergens	Sphingobacterium detergens	Sphingobacterium	Bacteroidota	RS_GCF_003610355.1	GCF_003610355.1	GCA_003610355.1	GCF_003610355.1	accession	True	True	negative	negative	rod	rod	no	no	no	no	aerobe	aerobe	meso	meso	optimum	33.5	False	neutrophile	optimum	
133780	Halomonas beimenensis	Halomonas beimenensis	Halomonas	Pseudomonadota	RS_GCF_039522625.1	GCF_039522625.1	GCA_039522625.1	GCF_039522625.1	accession	True	True	negative	negative	rod	rod	yes	yes	no	no	aerobe	aerobe	meso	meso	optimum	40.0	False	neutrophile	optimum	
133782	Kangiella marina	Kangiella marina	Kangiella	Pseudomonadota	RS_GCF_039541235.1	GCF_039541235.1	GCA_039541235.1	GCF_039541235.1	accession	True	True	negative	negative	rod	rod	no	no	no	no	facultative	facultative	meso	meso	optimum	27.5	False	neutrophile	growth_range	
133783	Kangiella taiwanensis	Kangiella taiwanensis	Kangiella	Pseudomonadota	RS_GCF_020005165.1	GCF_020005165.1	GCA_020005165.1	GCF_020005165.1	accession	True	True	negative	negative	rod	rod	no	no	no	no	facultative	facultative	meso	meso	optimum	27.5	False	alkaliphile	growth_range	
133801	Phyllobacterium endophyticum	Phyllobacterium endophyticum	Phyllobacterium	Pseudomonadota	RS_GCF_003010935.1	GCF_003010935.1	GCA_003010935.1	GCF_003010935.1	accession	True	True	negative	negative	rod	rod	yes	yes	no	no	aerobe	aerobe	meso	meso	optimum	28.0	False	neutrophile	optimum	
133808	Sphingobacterium cladoniae	Sphingobacterium paramultivorum	Sphingobacterium	Bacteroidota	RS_GCF_039523475.1	GCF_039523475.1	GCA_039523475.1	GCF_039523475.1	designation	True	False	negative	negative	rod	rod	no	no	no	no	aerobe	aerobe	meso	meso	optimum	27.5	False	neutrophile	optimum	
133813	Haloferula chungangensis	Haloferula chungangensis	Haloferula	Verrucomicrobiota	RS_GCF_042664875.1	GCF_042664875.1	GCA_042664875.1	GCF_042664875.1	accession	True	True	negative	negative	rod	rod	no	no	no	no	aerobe	aerobe	meso	meso	optimum	30.0	False	neutrophile	optimum	
133814	Altererythrobacter gangjinensis	Pontixanthobacter gangjinensis	Pontixanthobacter	Pseudomonadota	RS_GCF_009827545.1	GCF_009827545.1	GCA_009827545.1	GCF_009827545.1	accession	True	True	negative	negative	rod	rod	no	no	no	no	aerobe	aerobe	meso	meso	optimum	25.0	False	neutrophile	optimum	
133819	Brevibacterium ammoniilyticum	Brevibacterium ammoniilyticum	Brevibacterium	Actinomycetota	RS_GCF_039537925.1	GCF_039537925.1	GCA_039537925.1	GCF_039537925.1	accession	True	True	positive	positive	rod	rod	no	no	no	no	aerobe	aerobe	meso	meso	growth_range	31.0	False	alkaliphile	optimum	
133821	Maribacter chungangensis	Maribacter chungangensis	Maribacter	Bacteroidota	RS_GCF_042676845.1	GCF_042676845.1	GCA_042676845.1	GCF_042676845.1	accession	True	True	negative	negative	rod	rod	yes	yes	no	no	aerobe	aerobe	meso	meso	optimum	30.0	False	alkaliphile	optimum	
133823	Pseudorhodoferax aquiterrae	Pseudorhodoferax aquiterrae	Pseudorhodoferax	Pseudomonadota	RS_GCF_014652235.1	GCF_014652235.1	GCA_014652235.1	GCF_014652235.1	accession	True	True	negative	negative	rod	rod	yes	yes	no	no	aerobe	aerobe	meso	meso	optimum	30.0	False	neutrophile	optimum	
133825	Flavobacterium enshiense	Flavobacterium enshiense	Flavobacterium	Bacteroidota	RS_GCF_000498495.1	GCF_000498495.1	GCA_000498495.1	GCF_000498495.1	accession	True	True	negative	negative	rod	rod	no	no	no	no	aerobe	aerobe	meso	meso	optimum	28.0	False	neutrophile	optimum	
133826	Chitinophaga cymbidii	Chitinophaga cymbidii	Chitinophaga	Bacteroidota	RS_GCF_042686315.1	GCF_042686315.1	GCA_042686315.1	GCF_042686315.1	accession	True	True	negative	negative	rod	rod	no	no	no	no	aerobe	aerobe	meso	meso	optimum	28.0	False	neutrophile	optimum	
133828	Chryseobacterium taihuense	Chryseobacterium taihuense	Chryseobacterium	Bacteroidota	RS_GCF_900103755.1	GCF_900103755.1	GCA_900103755.1	GCF_900103755.1	accession	True	True	negative	negative	rod	rod	no	no	no	no	facultative	facultative	meso	meso	optimum	33.5	False	neutrophile	optimum	
133833	Duganella sacchari	Rugamonas sacchari	Rugamonas	Pseudomonadota	RS_GCF_900143065.1	GCF_900143065.1	GCA_900143065.1	GCF_900143065.1	accession	True	True	negative	negative	rod	rod	yes	yes	no	no	aerobe	aerobe	meso	meso	optimum	28.0	False	neutrophile	optimum	
133834	Duganella radicis	Rugamonas radicis	Rugamonas	Pseudomonadota	RS_GCF_009720825.1	GCF_009720825.1	GCA_009720825.1	GCF_009720825.1	accession	True	True	negative	negative	rod	rod	yes	yes	no	no	aerobe	aerobe	meso	meso	optimum	30.0	False	neutrophile	optimum	
133835	Arenibacter hampyeongensis	Arenibacter hampyeongensis	Arenibacter	Bacteroidota	RS_GCF_002909255.1	GCF_002909255.1	GCA_002909255.1	GCF_002909255.1	accession	True	True	negative	negative	rod	rod	no	no	no	no	aerobe	aerobe	meso	meso	optimum	25.0	False	neutrophile	optimum	
133837	Bizionia hallyeonensis	Algorimicrobium hallyeonense	Algorimicrobium	Bacteroidota	RS_GCF_042657385.1	GCF_042657385.1	GCA_042657385.1	GCF_042657385.1	accession	True	True	negative	negative	rod	rod	no	no	no	no	aerobe	aerobe	meso	meso	optimum	25.0	False	neutrophile	optimum	
133840	Bacteroides reticulotermitis	Bacteroides reticulotermitis	Bacteroides	Bacteroidota	RS_GCF_000517545.1	GCF_000517545.1	GCA_000517545.1	GCF_000517545.1	accession	True	True	negative	negative	rod	rod	no	no	no	no	anaerobe	anaerobe	meso	meso	optimum	37.0	False		none	
133843	Derxia lacustris	Derxia lacustris	Derxia	Pseudomonadota	RS_GCF_002105195.1	GCF_002105195.1	GCA_002105195.1	GCF_002105195.1	accession	True	True	negative	negative	rod	rod	yes	yes	no	no	aerobe	aerobe	meso	meso	optimum	30.0	False	neutrophile	optimum	
133848	Profundibacterium mesophilum	Profundibacterium mesophilum	Profundibacterium	Pseudomonadota	RS_GCF_009835145.1	GCF_009835145.1	GCA_009835145.1	GCF_009835145.1	accession	True	True	negative	negative	coccus	coccus	yes	yes	no	no	aerobe	aerobe	meso	meso	optimum	22.5	False	neutrophile	optimum	
133853	Lactobacillus curieae	Lentilactobacillus curieae	Lentilactobacillus	Bacillota	RS_GCF_000785105.2	GCF_000785105.2	GCA_000785105.2	GCF_000785105.2	accession	True	True	positive	positive	rod	rod	no	no	no	no	facultative	facultative	meso	meso	growth_range	30.0	False	acidophile	optimum	
133854	Paracoccus tibetensis	Paracoccus tibetensis	Paracoccus	Pseudomonadota	RS_GCF_900102505.1	GCF_900102505.1	GCA_900102505.1	GCF_900102505.1	accession	True	True	negative	negative	rod	rod	no	no	no	no	aerobe	aerobe	meso	meso	optimum	28.0	False	alkaliphile	optimum	
133856	Dokdonella immobilis	Dokdonella immobilis	Dokdonella	Pseudomonadota	RS_GCF_900115085.1	GCF_900115085.1	GCA_900115085.1	GCF_900115085.1	accession	True	True	negative	negative	rod	rod	no	no	no	no	aerobe	aerobe	meso	meso	optimum	25.0	False	neutrophile	optimum	
133862	Olivibacter jilunii	Olivibacter oleidegradans	Olivibacter	Bacteroidota	RS_GCF_042686005.1	GCF_042686005.1	GCA_042686005.1	GCF_042686005.1	accession	True	True	negative	negative	rod	rod	no	no	no	no	aerobe	aerobe	meso	meso	optimum	29.0	False	neutrophile	optimum	
133863	Microbulbifer pacificus	Microbulbifer pacificus	Microbulbifer	Pseudomonadota	RS_GCF_033723955.1	GCF_033723955.1	GCA_033723955.1	GCF_033723955.1	designation	True	True	negative	negative	rod	rod	no	no	no	no	aerobe	aerobe	meso	meso	optimum	35.0	False	neutrophile	optimum	
133866	Mariniflexile jejuense	Mariniflexile jejuense	Mariniflexile	Bacteroidota	RS_GCF_042675665.1	GCF_042675665.1	GCA_042675665.1	GCF_042675665.1	accession	True	True	negative	negative	rod	rod	yes	yes	no	no	aerobe	aerobe	meso	meso	optimum	27.5	False	neutrophile	optimum	
133868	Lysinimonas soli	Lysinimonas soli	Lysinimonas	Actinomycetota	RS_GCF_042655435.1	GCF_042655435.1	GCA_042655435.1	GCF_042655435.1	accession	True	True	positive	positive	rod	rod	no	no	no	no	aerobe	aerobe	meso	meso	optimum	28.0	False	neutrophile	optimum	
133869	Microbulbifer mangrovi	Microbulbifer mangrovi	Microbulbifer	Pseudomonadota	RS_GCF_002009015.1	GCF_002009015.1	GCA_002009015.1	GCF_002009015.1	designation	True	True	negative	negative	rod	rod	no	no	no	no	aerobe	aerobe	meso	meso	optimum	36.0	False	neutrophile	optimum	
133876	Pseudofulvibacter geojedonensis	Pseudofulvibacter geojedonensis	Pseudofulvibacter	Bacteroidota	RS_GCF_042675745.1	GCF_042675745.1	GCA_042675745.1	GCF_042675745.1	accession	True	True	negative	negative	rod	rod	no	no	no	no	aerobe	aerobe	meso	meso	optimum	25.0	False	neutrophile	optimum	
133877	Litorisediminicola beolgyonensis	Litorisediminicola beolgyonensis	Litorisediminicola	Pseudomonadota	RS_GCF_042679605.1	GCF_042679605.1	GCA_042679605.1	GCF_042679605.1	accession	True	True	negative	negative	rod	rod	no	no	no	no	aerobe	aerobe	meso	meso	optimum	33.5	False	neutrophile	optimum	
133879	Pseudoalteromonas arabiensis	Pseudoalteromonas arabiensis	Pseudoalteromonas	Pseudomonadota	RS_GCF_001550155.1	GCF_001550155.1	GCA_001550155.1	GCF_001550155.1	accession	True	True	negative	negative	rod	rod	yes	yes	no	no	aerobe	aerobe	meso	meso	optimum	25.0	False	neutrophile	optimum	
133880	Pontimonas salivibrio	Pontimonas salivibrio	Pontimonas	Actinomycetota	RS_GCF_002950575.1	GCF_002950575.1	GCA_002950575.1	GCF_002950575.1	accession	True	True	positive	positive	rod	rod	no	no	no	no	aerobe	aerobe	meso	meso	optimum	30.0	False	neutrophile	optimum	
133883	Sungkyunkwania multivorans	Sungkyunkwania multivorans	Sungkyunkwania	Bacteroidota	RS_GCF_042675645.1	GCF_042675645.1	GCA_042675645.1	GCF_042675645.1	accession	True	True	negative	negative	rod	rod	no	no	no	no	aerobe	aerobe	meso	meso	optimum	30.0	False	neutrophile	optimum	
133884	Mucilaginibacter jinjuensis	Mucilaginibacter jinjuensis	Mucilaginibacter	Bacteroidota	RS_GCF_028596025.1	GCF_028596025.1	GCA_028596025.1	GCF_028596025.1	accession	True	True	negative	negative	rod	rod	no	no	no	no	facultative	facultative	meso	meso	optimum	30.0	False	neutrophile	optimum	
133885	Rheinheimera tilapiae	Pararheinheimera tilapiae	Pararheinheimera	Pseudomonadota	RS_GCF_042432165.1	GCF_042432165.1	GCA_042432165.1	GCF_042432165.1	accession	True	True	negative	negative	rod	rod	yes	yes	no	no	aerobe	aerobe	meso	meso	optimum	25.0	False	alkaliphile	optimum	
133891	Hirschia litorea	Hirschia litorea	Hirschia	Pseudomonadota	RS_GCF_042665075.1	GCF_042665075.1	GCA_042665075.1	GCF_042665075.1	accession	True	True	negative	negative	coccus	coccus	no	no	no	no	aerobe	aerobe	meso	meso	optimum	25.0	False	neutrophile	optimum	
133895	Winogradskyella psychrotolerans	Winogradskyella psychrotolerans	Winogradskyella	Bacteroidota	RS_GCF_000427335.1	GCF_000427335.1	GCA_000427335.1	GCF_000427335.1	accession	True	True	negative	negative	rod	rod	no	no	no	no	aerobe	aerobe	meso	meso	optimum	18.0	False	neutrophile	optimum	
133896	Gemmobacter tilapiae	Neogemmobacter tilapiae	Neogemmobacter	Pseudomonadota	RS_GCF_014652215.1	GCF_014652215.1	GCA_014652215.1	GCF_014652215.1	accession	True	True	negative	negative	rod	rod	no	no	no	no	aerobe	aerobe	meso	meso	optimum	22.5	False	alkaliphile	optimum	
133898	Dehalogenimonas alkenigignens	Dehalogenimonas alkenigignens	Dehalogenimonas	Chloroflexota	RS_GCF_001466665.1	GCF_001466665.1	GCA_001466665.1	GCF_001466665.1	accession	True	True	negative	negative	coccus	coccus	no	no	no	no	anaerobe	anaerobe	meso	meso	optimum	32.0	False	neutrophile	optimum	
133899	Aureicoccus marinus	Aureicoccus marinus	Aureicoccus	Bacteroidota	RS_GCF_002954325.1	GCF_002954325.1	GCA_002954325.1	GCF_002954325.1	accession	True	True	negative	negative	coccus	coccus	yes	yes	no	no	aerobe	aerobe	meso	meso	optimum	27.5	False	neutrophile	optimum	
133914	Rubrivirga marina	Rubrivirga marina	Rubrivirga	Bacteroidota	RS_GCF_002283365.1	GCF_002283365.1	GCA_002283365.1	GCF_002283365.1	accession	True	True	negative	negative	rod	rod	no	no	no	no	aerobe	aerobe	meso	meso	optimum	27.5	False	neutrophile	growth_range	
133918	Oceanobacillus chungangensis	Oceanobacillus chungangensis	Oceanobacillus	Bacillota	RS_GCF_003369565.1	GCF_003369565.1	GCA_003369565.1	GCF_003369565.1	accession	True	True	positive	positive	rod	rod	yes	yes	yes	yes	aerobe	aerobe	meso	meso	optimum	30.0	False	acidophile	optimum	
133919	Roseomonas aerophila	Pseudoroseomonas aerophila	Pseudoroseomonas	Pseudomonadota	RS_GCF_014490485.1	GCF_014490485.1	GCA_014490485.1	GCF_014490485.1	accession	True	True	negative	negative	coccus	coccus	yes	yes	yes	yes	aerobe	aerobe	meso	meso	optimum	30.0	False	neutrophile	optimum	
133921	Naasia aerilata	Naasia aerilata	Naasia	Actinomycetota	RS_GCF_030296595.1	GCF_030296595.1	GCA_030296595.1	GCF_030296595.1	accession	True	True	positive	positive	rod	rod	yes	yes	no	no	aerobe	aerobe	meso	meso	optimum	30.0	False	neutrophile	optimum	
133924	Luteolibacter yonseiensis	Luteolibacter yonseiensis	Luteolibacter	Verrucomicrobiota	RS_GCF_016595465.1	GCF_016595465.1	GCA_016595465.1	GCF_016595465.1	accession	True	True	negative	negative	rod	rod	no	no	no	no	aerobe	aerobe	meso	meso	optimum	30.0	False	neutrophile	optimum	
133925	Idiomarina indica	Pseudidiomarina indica	Pseudidiomarina	Pseudomonadota	RS_GCF_900104245.1	GCF_900104245.1	GCA_900104245.1	GCF_900104245.1	accession	True	True	negative	negative	rod	rod	yes	yes	no	no	aerobe	aerobe	meso	meso	optimum	36.0	False	neutrophile	optimum	
133927	Bacillus thermocopriae	Neobacillus thermocopriae	Neobacillus	Bacillota	RS_GCF_010975035.1	GCF_010975035.1	GCA_010975035.1	GCF_010975035.1	accession	True	True	positive	positive	rod	rod	yes	yes	yes	yes	facultative	facultative	thermo	thermo	optimum	50.0	False	neutrophile	optimum	
133929	Nocardioides daeguensis	Nocardioides daeguensis	Nocardioides	Actinomycetota	RS_GCF_019192965.1	GCF_019192965.1	GCA_019192965.1	GCF_019192965.1	accession	True	True	positive	positive	rod	rod	no	no	no	no	aerobe	aerobe	meso	meso	growth_range	33.5	False	neutrophile	optimum	
133930	Massilia lurida	Rugamonas lurida	Rugamonas	Pseudomonadota	RS_GCF_007830455.1	GCF_007830455.1	GCA_007830455.1	GCF_007830455.1	accession	True	True	negative	negative	rod	rod	yes	yes	no	no	aerobe	aerobe	meso	meso	optimum	29.0	False	neutrophile	optimum	
133943	Muricauda taeanensis	Flagellimonas taeanensis	Flagellimonas	Bacteroidota	RS_GCF_003584105.1	GCF_003584105.1	GCA_003584105.1	GCF_003584105.1	accession	True	True	negative	negative	rod	rod	yes	yes	no	no	aerobe	aerobe	meso	meso	optimum	33.5	False	neutrophile	optimum	
133950	Pectinatus sottacetonis	Pectinatus sottacetonis	Pectinatus	Bacillota	RS_GCF_015732155.1	GCF_015732155.1	GCA_015732155.1	GCF_015732155.1	accession	True	False	negative	negative	rod	rod	yes	yes	no	no	anaerobe	anaerobe	meso	meso	optimum	30.0	False	neutrophile	growth_range	
133952	Nocardioides marinquilinus	Nocardioides marinquilinus	Nocardioides	Actinomycetota	RS_GCF_039543705.1	GCF_039543705.1	GCA_039543705.1	GCF_039543705.1	accession	True	True	positive	positive	rod	rod	no	no	no	no	aerobe	aerobe	meso	meso	optimum	30.0	False	neutrophile	optimum	
133955	Gillisia marina	Gillisia marina	Gillisia	Bacteroidota	RS_GCF_000258765.1	GCF_000258765.1	GCA_000258765.1	GCF_000258765.1	accession	True	True	negative	negative	rod	rod	no	no	no	no	aerobe	aerobe	meso	meso	optimum	25.0	False		none	
133960	Pustulibacterium marinum	Pustulibacterium marinum	Pustulibacterium	Bacteroidota	RS_GCF_900116665.1	GCF_900116665.1	GCA_900116665.1	GCF_900116665.1	accession	True	True	negative	negative	rod	rod	yes	yes	no	no	aerobe	aerobe	meso	meso	optimum	28.0	False	neutrophile	optimum	
133961	Chryseobacterium kwangjuense	Chryseobacterium kwangjuense	Chryseobacterium	Bacteroidota	RS_GCF_001563495.1	GCF_001563495.1	GCA_001563495.1	GCF_001563495.1	accession	True	True	negative	negative	rod	rod	no	no	no	no	aerobe	aerobe	meso	meso	optimum	33.0	False	neutrophile	optimum	
133964	Oceanobacillus polygoni	Oceanobacillus polygoni	Oceanobacillus	Bacillota	RS_GCF_008304605.1	GCF_008304605.1	GCA_008304605.1	GCF_008304605.1	accession	True	True	positive	positive	rod	rod	yes	yes	yes	yes	facultative	facultative	meso	meso	optimum	35.0	False	alkaliphile	optimum	
133966	Gramella aestuarii	Christiangramia aestuarii	Christiangramia	Bacteroidota	RS_GCF_009735585.1	GCF_009735585.1	GCA_009735585.1	GCF_009735585.1	accession	True	True	negative	negative	rod	rod	yes	yes	no	no	aerobe	aerobe	meso	meso	optimum	25.0	False	neutrophile	optimum	
133970	Martelella endophytica	Martelella endophytica	Martelella	Pseudomonadota	RS_GCF_000960975.1	GCF_000960975.1	GCA_000960975.1	GCF_000960975.1	accession	True	True	negative	negative	rod	rod	no	no	no	no	facultative	facultative	meso	meso	optimum	29.0	False	neutrophile	optimum	
133974	Caballeronia terrestris	Caballeronia terrestris	Caballeronia	Pseudomonadota	RS_GCF_001544515.1	GCF_001544515.1	GCA_001544515.2	GCF_001544515.1	accession	True	True	negative	negative	rod	rod	no	no	no	no	anaerobe	anaerobe	meso	meso	growth_range	22.5	False	neutrophile	growth_range	
133977	Bacillus thermotolerans	Quasibacillus thermotolerans	Quasibacillus	Bacillota	RS_GCF_000812025.2	GCF_000812025.2	GCA_000812025.2	GCF_000812025.2	accession	True	True	positive	positive	other	other	no	no	yes	yes	facultative	facultative	thermo	thermo	optimum	50.0	False	neutrophile	optimum	
133979	Flavobacterium marinum	Flavobacterium marinum	Flavobacterium	Bacteroidota	RS_GCF_900108395.1	GCF_900108395.1	GCA_900108395.1	GCF_900108395.1	accession	True	True	negative	negative	rod	rod	no	no	no	no	aerobe	aerobe	meso	meso	optimum	35.0	False	neutrophile	optimum	
133982	Siminovitchia thermophila	Siminovitchia thermophila	Siminovitchia	Bacillota	RS_GCF_016909185.1	GCF_016909185.1	GCA_016909185.1	GCF_016909185.1	accession	True	True	positive	positive	rod	rod	yes	yes	yes	yes	facultative	facultative	thermo	thermo	optimum	50.0	False	neutrophile	optimum	
133988	Albimonas pacifica	Albimonas pacifica	Albimonas	Pseudomonadota	RS_GCF_900113695.1	GCF_900113695.1	GCA_900113695.1	GCF_900113695.1	accession	True	True	negative	negative	rod	rod	no	no	no	no	aerobe	aerobe	meso	meso	optimum	30.0	False	neutrophile	optimum	
133990	Enterococcus alcedinis	Enterococcus_I alcedinis	Enterococcus_I	Bacillota	RS_GCF_014635985.1	GCF_014635985.1	GCA_014635985.1	GCF_014635985.1	accession	True	True	positive	positive	coccus	coccus	no	no	no	no	facultative	facultative	meso	meso	growth_range	28.5	False		none	
133998	Maribacter aestuarii	Maribacter aestuarii	Maribacter	Bacteroidota	RS_GCF_027474845.2	GCF_027474845.2	GCA_027474845.2	GCF_027474845.2	accession	True	True	negative	negative	rod	rod	yes	yes	no	no	aerobe	aerobe	meso	meso	optimum	25.0	False	neutrophile	optimum	
133999	Anoxybacillus vitaminiphilus	Paranoxybacillus vitaminiphilus	Paranoxybacillus	Bacillota	RS_GCF_003259935.1	GCF_003259935.1	GCA_003259935.1	GCF_003259935.1	accession	True	True	positive	positive	rod	rod	yes	yes	yes	yes	aerobe	aerobe	thermo	thermo	optimum	58.5	False	neutrophile	optimum	
134001	Bacillus salsus	Litchfieldia salsa	Litchfieldia	Bacillota	RS_GCF_900104555.1	GCF_900104555.1	GCA_900104555.1	GCF_900104555.1	accession	True	True	positive	positive	rod	rod	yes	yes	yes	yes	aerobe	aerobe	meso	meso	optimum	35.0	False	neutrophile	optimum	
134002	Mucilaginibacter gynuensis	Mucilaginibacter gynuensis	Mucilaginibacter	Bacteroidota	RS_GCF_039541195.1	GCF_039541195.1	GCA_039541195.1	GCF_039541195.1	accession	True	True	negative	negative	rod	rod	no	no	no	no	aerobe	aerobe	meso	meso	optimum	30.0	False	neutrophile	optimum	
134004	Paenibacillus endophyticus	Pristimantibacillus endophyticus	Pristimantibacillus	Bacillota	RS_GCF_014192395.1	GCF_014192395.1	GCA_014192395.1	GCF_014192395.1	accession	True	True	positive	positive	rod	rod	yes	yes	yes	yes	anaerobe	anaerobe	meso	meso	optimum	30.0	False	neutrophile	optimum	
134006	Paenibacillus taihuensis	Paenibacillus_Z taihuensis	Paenibacillus_Z	Bacillota	RS_GCF_003386535.1	GCF_003386535.1	GCA_003386535.1	GCF_003386535.1	accession	True	True	negative	negative	rod	rod	yes	yes	yes	yes	facultative	facultative	meso	meso	optimum	33.5	False	neutrophile	optimum	
134007	Marinoscillum luteum	Marinoscillum luteum	Marinoscillum	Bacteroidota	RS_GCF_044005705.1	GCF_044005705.1	GCA_044005705.1	GCF_044005705.1	accession	True	True	negative	negative	rod	rod	yes	yes	no	no	aerobe	aerobe	meso	meso	optimum	30.0	False	neutrophile	optimum	
134009	Bacillus songklensis	Bacillus_BA songklensis	Bacillus_BA	Bacillota	RS_GCF_042649685.1	GCF_042649685.1	GCA_042649685.1	GCF_042649685.1	accession	True	True	positive	positive	rod	rod	yes	yes	yes	yes	aerobe	aerobe	meso	meso	optimum	30.0	False	neutrophile	optimum	
134013	Azospirillum fermentarium	Azospirillum fermentarium	Azospirillum	Pseudomonadota	RS_GCF_025961205.1	GCF_025961205.1	GCA_025961205.1	GCF_025961205.1	accession	True	True	negative	negative	other	spiral	yes	yes	no	no	aerobe	aerobe	meso	meso	optimum	30.0	False	neutrophile	optimum	
134016	Pedobacter ginsenosidimutans	Pedobacter ginsenosidimutans	Pedobacter	Bacteroidota	RS_GCF_001442625.1	GCF_001442625.1	GCA_001442625.1	GCF_001442625.1	accession	True	True	negative	negative	rod	rod	no	no	no	no	aerobe	aerobe	meso	meso	optimum	27.5	False	neutrophile	optimum	
134017	Gluconacetobacter aggeris	Gluconacetobacter aggeris	Gluconacetobacter	Pseudomonadota	RS_GCF_014174395.1	GCF_014174395.1	GCA_014174395.1	GCF_014174395.1	accession	True	True	negative	negative	rod	rod	yes	yes	no	no	aerobe	aerobe	meso	meso	optimum	25.0	False	acidophile	growth_range	
134018	Gluconacetobacter tumulisoli	Gluconacetobacter tumulisoli	Gluconacetobacter	Pseudomonadota	RS_GCF_014174155.1	GCF_014174155.1	GCA_014174155.1	GCF_014174155.1	accession	True	True	negative	negative	rod	rod	no	no	no	no	aerobe	aerobe	meso	meso	optimum	25.0	False	acidophile	growth_range	
134019	Gluconacetobacter takamatsuzukensis	Gluconacetobacter takamatsuzukensis	Gluconacetobacter	Pseudomonadota	RS_GCF_014174275.1	GCF_014174275.1	GCA_014174275.1	GCF_014174275.1	accession	True	True	negative	negative	rod	rod	yes	yes	no	no	aerobe	aerobe	meso	meso	optimum	25.0	False	acidophile	growth_range	
134027	Sphingomonas kyungheensis	Sphingomonas kyungheensis	Sphingomonas	Pseudomonadota	RS_GCF_037120395.1	GCF_037120395.1	GCA_037120395.1	GCF_037120395.1	accession	True	True	negative	negative	rod	rod	yes	yes	no	no	aerobe	aerobe	meso	meso	optimum	26.5	False	neutrophile	optimum	
134036	Gemmobacter lanyuensis	Gemmobacter lanyuensis	Gemmobacter	Pseudomonadota	RS_GCF_014652355.1	GCF_014652355.1	GCA_014652355.1	GCF_014652355.1	accession	True	True	negative	negative	rod	rod	no	no	no	no	facultative	facultative	meso	meso	optimum	27.5	False	neutrophile	optimum	
134038	Amnibacterium soli	Amnibacterium soli	Amnibacterium	Actinomycetota	RS_GCF_039544415.1	GCF_039544415.1	GCA_039544415.1	GCF_039544415.1	accession	True	True	positive	positive	rod	rod	no	no	no	no	aerobe	aerobe	meso	meso	optimum	30.0	False	neutrophile	optimum	
134039	Ornithinimicrobium tianjinense	Ornithinicoccus tianjinensis	Ornithinicoccus	Actinomycetota	RS_GCF_014636495.1	GCF_014636495.1	GCA_014636495.1	GCF_014636495.1	accession	True	True	positive	positive	rod	rod	no	no	no	no	aerobe	aerobe	meso	meso	optimum	30.0	False	neutrophile	optimum	
134044	Sphingomicrobium flavum	Sphingomicrobium flavum	Sphingomicrobium	Pseudomonadota	RS_GCF_024721605.1	GCF_024721605.1	GCA_024721605.1	GCF_024721605.1	accession	True	True	negative	negative	rod	rod	no	no	no	no	aerobe	aerobe	meso	meso	optimum	33.5	False	neutrophile	optimum	
134055	Shimia biformata	Shimia_A biformata	Shimia_A	Pseudomonadota	RS_GCF_016888515.1	GCF_016888515.1	GCA_016888515.1	GCF_016888515.1	accession	True	True	negative	negative	rod	rod	no	no	no	no	aerobe	aerobe	meso	meso	optimum	33.5	False	neutrophile	optimum	
134061	Lactobacillus nenjiangensis	Paucilactobacillus nenjiangensis	Paucilactobacillus	Bacillota	RS_GCF_005405445.1	GCF_005405445.1	GCA_005405445.1	GCF_005405445.1	accession	True	True	positive	positive	rod	rod	no	no	no	no	facultative	facultative	meso	meso	growth_range	32.5	False	acidophile	growth_single_point	
134065	Chryseobacterium angstadtii	Chryseobacterium angstadtii	Chryseobacterium	Bacteroidota	RS_GCF_001045465.1	GCF_001045465.1	GCA_001045465.1	GCF_001045465.1	accession	True	True	negative	negative	rod	rod	no	no	no	no	aerobe	aerobe	meso	meso	growth_range	25.0	False	neutrophile	optimum	
134066	Nibribacter koreensis	Nibribacter koreensis	Nibribacter	Bacteroidota	RS_GCF_039541795.1	GCF_039541795.1	GCA_039541795.1	GCF_039541795.1	accession	True	True	negative	negative	rod	rod	no	no	no	no	aerobe	aerobe	meso	meso	optimum	25.0	False	neutrophile	optimum	
134067	Nocardioides endophyticus	Nocardioides endophyticus	Nocardioides	Actinomycetota	RS_GCF_039543845.1	GCF_039543845.1	GCA_039543845.1	GCF_039543845.1	accession	True	True	positive	positive	rod	rod	no	no	no	no	aerobe	aerobe	meso	meso	optimum	30.0	False	neutrophile	optimum	
134068	Nocardioides conyzicola	Nocardioides conyzicola	Nocardioides	Actinomycetota	RS_GCF_039543825.1	GCF_039543825.1	GCA_039543825.1	GCF_039543825.1	accession	True	True	positive	positive	rod	rod	no	no	no	no	aerobe	aerobe	meso	meso	optimum	27.5	False	neutrophile	optimum	
134069	Luteibaculum oceani	Luteibaculum oceani	Luteibaculum	Bacteroidota	RS_GCF_007995015.1	GCF_007995015.1	GCA_007995015.1	GCF_007995015.1	accession	True	True	negative	negative	rod	rod	yes	yes	no	no	aerobe	aerobe	meso	meso	optimum	30.0	False	neutrophile	optimum	
134072	Shewanella aestuarii	Shewanella aestuarii	Shewanella	Pseudomonadota	RS_GCF_014647215.1	GCF_014647215.1	GCA_014647215.1	GCF_014647215.1	accession	True	True	negative	negative	rod	rod	yes	yes	no	no	facultative	facultative	meso	meso	optimum	27.5	False	neutrophile	optimum	
134080	Haloferula rosea	Haloferula rosea	Haloferula	Verrucomicrobiota	RS_GCF_016595525.1	GCF_016595525.1	GCA_016595525.1	GCF_016595525.1	accession	True	True	negative	negative	rod	rod	no	no	no	no	aerobe	aerobe	meso	meso	optimum	27.5	False	neutrophile	optimum	
134084	Halomonas salifodinae	Bisbaumannia salifodinae	Bisbaumannia	Pseudomonadota	RS_GCF_039522585.1	GCF_039522585.1	GCA_039522585.1	GCF_039522585.1	accession	True	True	negative	negative	rod	rod	yes	yes	no	no	aerobe	aerobe	meso	meso	optimum	30.0	False	neutrophile	optimum	
134085	Marinobacter mobilis	Marinobacter mobilis	Marinobacter	Pseudomonadota	RS_GCF_900106945.1	GCF_900106945.1	GCA_900106945.1	GCF_900106945.1	accession	True	True	negative	negative	rod	rod	yes	yes	no	no	aerobe	aerobe	meso	meso	optimum	32.5	False	neutrophile	optimum	
134086	Marinobacter zhejiangensis	Marinobacter zhejiangensis	Marinobacter	Pseudomonadota	RS_GCF_900114775.1	GCF_900114775.1	GCA_900114775.1	GCF_900114775.1	accession	True	True	negative	negative	rod	rod	yes	yes	no	no	aerobe	aerobe	meso	meso	optimum	32.5	False	neutrophile	optimum	
134095	Tenuibacillus multivorans	Tenuibacillus multivorans	Tenuibacillus	Bacillota	RS_GCF_007989445.1	GCF_007989445.1	GCA_007989445.1	GCF_007989445.1	accession	True	True	positive	positive	rod	rod	yes	yes	yes	yes	aerobe	aerobe	meso	meso	optimum	38.5	False	neutrophile	optimum	
134096	Nocardioides aestuarii	Nocardioides aestuarii	Nocardioides	Actinomycetota	RS_GCF_039527245.1	GCF_039527245.1	GCA_039527245.1	GCF_039527245.1	accession	True	True	positive	positive	rod	rod	no	no	no	no	aerobe	aerobe	meso	meso	optimum	30.0	False	neutrophile	optimum	
134103	Lentibacillus juripiscarius	Lentibacillus juripiscarius	Lentibacillus	Bacillota	RS_GCF_042685205.1	GCF_042685205.1	GCA_042685205.1	GCF_042685205.1	accession	True	True	positive	positive	rod	rod	no	no	yes	yes	aerobe	aerobe	meso	meso	optimum	37.0	False	neutrophile	optimum	
134104	Bacillus bogoriensis	Bacillus_AO bogoriense	Bacillus_AO	Bacillota	RS_GCF_000621445.1	GCF_000621445.1	GCA_000621445.1	GCF_000621445.1	accession	True	True	positive	positive	rod	rod	no	no	yes	yes	aerobe	aerobe	meso	meso	optimum	37.0	False	alkaliphile	optimum	
134105	Asticcacaulis taihuensis	Asticcacaulis taihuensis	Asticcacaulis	Pseudomonadota	RS_GCF_900100255.1	GCF_900100255.1	GCA_900100255.1	GCF_900100255.1	accession	True	False	negative	negative	rod	rod	yes	yes	no	no	aerobe	aerobe	meso	meso	growth_range	20.0	False		none	
134115	Oceanobacillus oncorhynchi	Oceanobacillus oncorhynchi	Oceanobacillus	Bacillota	RS_GCF_039521805.1	GCF_039521805.1	GCA_039521805.1	GCF_039521805.1	accession	True	True	positive	positive	rod	rod	yes	yes	yes	yes	aerobe	aerobe	meso	meso	optimum	33.0	False	alkaliphile	optimum	
134116	Alkalibacterium iburiense	Alkalibacterium iburiense	Alkalibacterium	Bacillota	RS_GCF_039521845.1	GCF_039521845.1	GCA_039521845.1	GCF_039521845.1	accession	True	True	positive	positive	rod	rod	yes	yes	no	no	facultative	facultative	meso	meso	optimum	33.5	False	alkaliphile	optimum	
134119	Altererythrobacter luteolus	Pontixanthobacter luteolus	Pontixanthobacter	Pseudomonadota	RS_GCF_009828095.1	GCF_009828095.1	GCA_009828095.1	GCF_009828095.1	accession	True	True	negative	negative	rod	rod	no	no	no	no	aerobe	aerobe	meso	meso	optimum	20.0	False	neutrophile	optimum	
134120	Methylibium petroleiphilum	Methylibium petroleiphilum	Methylibium	Pseudomonadota	RS_GCF_000015725.1	GCF_000015725.1	GCA_000015725.1	GCF_000015725.1	accession	True	True	negative	negative	rod	rod	yes	yes	no	no	facultative	facultative	meso	meso	optimum	30.0	False	neutrophile	optimum	
134134	Pedobacter himalayensis	Enterobacter hormaechei_C	Enterobacter	Pseudomonadota	GB_GCA_002003685.1	GCA_002003685.1	GCA_002003685.1		accession	True	True	negative	negative	rod	rod	no	no	no	no	aerobe	aerobe	meso	meso	optimum	22.0	False	neutrophile	optimum	
134135	Pilibacter termitis	Pilibacter termitis	Pilibacter	Bacillota	RS_GCF_900167335.1	GCF_900167335.1	GCA_900167335.1	GCF_900167335.1	accession	True	True	positive	positive	rod	rod	no	no	no	no	anaerobe	anaerobe	meso	meso	optimum	25.0	False		none	
134138	Roseivirga echinicomitans	Roseivirga echinicomitans	Roseivirga	Bacteroidota	RS_GCF_001592935.1	GCF_001592935.1	GCA_001592935.1	GCF_001592935.1	accession	True	True	negative	negative	rod	rod	no	no	no	no	aerobe	aerobe	meso	meso	optimum	22.0	False		none	
134145	Methylobacter tundripaludum	Methylobacter_A tundripaludum	Methylobacter_A	Pseudomonadota	RS_GCF_000190755.2	GCF_000190755.2	GCA_000190755.3	GCF_000190755.2	accession	True	True	negative	negative	rod	rod	no	no	no	no	aerobe	aerobe	meso	meso	optimum	23.0	False	neutrophile	optimum	
134146	Pseudoalteromonas byunsanensis	Pseudoalteromonas byunsanensis	Pseudoalteromonas	Pseudomonadota	RS_GCF_001854475.1	GCF_001854475.1	GCA_001854475.1	GCF_001854475.1	accession	True	True	negative	negative	rod	rod	yes	yes	no	no	aerobe	aerobe	meso	meso	optimum	27.5	False	neutrophile	optimum	
134147	Zoogloea oryzae	Zoogloea oryzae	Zoogloea	Pseudomonadota	RS_GCF_030161255.1	GCF_030161255.1	GCA_030161255.1	GCF_030161255.1	accession	True	True	negative	negative	rod	rod	yes	yes	no	no	aerobe	aerobe	meso	meso	optimum	33.5	False	neutrophile	optimum	
134149	Terrabacter terrae	Terrabacter terrae	Terrabacter	Actinomycetota	RS_GCF_039529575.1	GCF_039529575.1	GCA_039529575.1	GCF_039529575.1	accession	True	True	positive	positive	rod	rod	no	no	no	no	aerobe	aerobe	meso	meso	optimum	27.5	False		none	
134150	Cyclobacterium amurskyense	Cyclobacterium amurskyense	Cyclobacterium	Bacteroidota	RS_GCF_001050135.1	GCF_001050135.1	GCA_001050135.1	GCF_001050135.1	accession	True	True	negative	negative	other	other	no	no	no	no	aerobe	aerobe	meso	meso	optimum	22.0	False		none	
134151	Thalassotalea loyana	Thalassotalea_G loyana	Thalassotalea_G	Pseudomonadota	RS_GCF_030161435.1	GCF_030161435.1	GCA_030161435.1	GCF_030161435.1	accession	True	True	negative	negative	rod	rod	yes	yes	no	no	aerobe	aerobe	meso	meso	optimum	20.0	False		none	
134154	Nonlabens tegetincola	Nonlabens tegetincola	Nonlabens	Bacteroidota	RS_GCF_002954355.1	GCF_002954355.1	GCA_002954355.1	GCF_002954355.1	accession	True	True	negative	negative	rod	rod	no	no	no	no	aerobe	aerobe	meso	meso	optimum	32.0	False	neutrophile	optimum	
134161	Nonlabens spongiae	Nonlabens spongiae	Nonlabens	Bacteroidota	RS_GCF_002117125.1	GCF_002117125.1	GCA_002117125.1	GCF_002117125.1	accession	True	True	negative	negative	rod	rod	yes	yes	no	no	aerobe	aerobe	meso	meso	optimum	29.0	False	neutrophile	optimum	
134163	Shewanella morhuae	Shewanella morhuae	Shewanella	Pseudomonadota	RS_GCF_900156405.1	GCF_900156405.1	GCA_900156405.1	GCF_900156405.1	accession	True	True	negative	negative	rod	rod	yes	yes	no	no	aerobe	aerobe	meso	meso	optimum	25.0	False	neutrophile	optimum	
134164	Bacillus tequilensis	Bacillus tequilensis	Bacillus	Bacillota	RS_GCF_031317525.1	GCF_031317525.1	GCA_031317525.1	GCF_031317525.1	accession	True	True	positive	positive	rod	rod	yes	yes	yes	yes	aerobe	aerobe	thermo	thermo	optimum	45.0	False	neutrophile	optimum	
134165	Larkinella insperata	Larkinella insperata	Larkinella	Bacteroidota	RS_GCF_026248825.1	GCF_026248825.1	GCA_026248825.1	GCF_026248825.1	accession	True	True	negative	negative	rod	rod	yes	yes	no	no	aerobe	aerobe	meso	meso	growth_range	25.0	False	neutrophile	optimum	
134169	Azospirillum melinis	Azospirillum melinis	Azospirillum	Pseudomonadota	RS_GCF_017876055.1	GCF_017876055.1	GCA_017876055.1	GCF_017876055.1	accession	True	True	negative	negative	rod	rod	no	no	no	no	facultative	facultative	meso	meso	optimum	26.5	False	neutrophile	optimum	
134170	Tenacibaculum litoreum	Polaribacter litoreum	Polaribacter	Bacteroidota	RS_GCF_964513915.1	GCF_964513915.1	GCA_964513915.1	GCF_964513915.1	designation	True	False	negative	negative	rod	rod	yes	yes	no	no	aerobe	aerobe	meso	meso	optimum	37.5	False	neutrophile	optimum	
134176	Yeosuana aromativorans	Yeosuana aromativorans	Yeosuana	Bacteroidota	RS_GCF_014646655.1	GCF_014646655.1	GCA_014646655.1	GCF_014646655.1	accession	True	True	negative	negative	rod	rod	no	no	no	no	aerobe	aerobe	meso	meso	optimum	34.5	False	neutrophile	optimum	
134179	Caldalkalibacillus thermarum	Caldalkalibacillus thermarum	Caldalkalibacillus	Bacillota	RS_GCF_014644735.1	GCF_014644735.1	GCA_014644735.1	GCF_014644735.1	accession	True	True	positive	positive	rod	rod	no	no	yes	yes	aerobe	aerobe	thermo	thermo	optimum	60.0	False	alkaliphile	optimum	
134181	Zobellella taiwanensis	Oceanimonas taiwanensis	Oceanimonas	Pseudomonadota	RS_GCF_003012795.1	GCF_003012795.1	GCA_003012795.1	GCF_003012795.1	accession	True	True	negative	negative	rod	rod	yes	yes	no	no	facultative	facultative	meso	meso	optimum	32.5	False	neutrophile	optimum	
134182	Pseudokineococcus marinus	Pseudokineococcus marinus	Pseudokineococcus	Actinomycetota	RS_GCF_037482405.1	GCF_037482405.1	GCA_037482405.1	GCF_037482405.1	accession	True	True	positive	positive	coccus	coccus	yes	yes	no	no	aerobe	aerobe	meso	meso	optimum	30.0	False	neutrophile	optimum	
134184	Lutibacter litoralis	Lutibacter litoralis	Lutibacter	Bacteroidota	RS_GCF_014646675.1	GCF_014646675.1	GCA_014646675.1	GCF_014646675.1	accession	True	True	negative	negative	rod	rod	no	no	no	no	aerobe	aerobe	meso	meso	optimum	27.5	False	neutrophile	optimum	
134186	Costertonia aggregata	Costertonia aggregata	Costertonia	Bacteroidota	RS_GCF_013402795.1	GCF_013402795.1	GCA_013402795.1	GCF_013402795.1	accession	True	True	negative	negative	rod	rod	yes	yes	no	no	aerobe	aerobe	meso	meso	optimum	29.0	False	neutrophile	optimum	
134187	Psychroserpens mesophilus	Psychroserpens mesophilus	Psychroserpens	Bacteroidota	RS_GCF_000826645.1	GCF_000826645.1	GCA_000826645.1	GCF_000826645.1	accession	True	True	negative	negative	rod	rod	no	no	no	no	aerobe	aerobe	meso	meso	optimum	30.0	False	neutrophile	optimum	
134188	Pedobacter aquatilis	Pedobacter aquatilis	Pedobacter	Bacteroidota	RS_GCF_030409415.1	GCF_030409415.1	GCA_030409415.1	GCF_030409415.1	accession	True	True	negative	negative	rod	rod	no	no	no	no	aerobe	aerobe	meso	meso	optimum	26.5	False	neutrophile	optimum	
134192	Leeuwenhoekiella blandensis	Leeuwenhoekiella blandensis	Leeuwenhoekiella	Bacteroidota	RS_GCF_000152985.1	GCF_000152985.1	GCA_000152985.1	GCF_000152985.1	designation	True	True	negative	negative	rod	rod	yes	yes	no	no	aerobe	aerobe	meso	meso	optimum	29.0	False	neutrophile	optimum	
134193	Chryseobacterium hispanicum	Epilithonimonas hispanica	Epilithonimonas	Bacteroidota	RS_GCF_042433225.1	GCF_042433225.1	GCA_042433225.1	GCF_042433225.1	accession	True	True	negative	negative	rod	rod	no	no	no	no	aerobe	aerobe	meso	meso	optimum	26.5	False	neutrophile	optimum	
134194	Helicobacter equorum	Helicobacter_F equorum	Helicobacter_F	Campylobacterota	RS_GCF_042649585.1	GCF_042649585.1	GCA_042649585.1	GCF_042649585.1	accession	True	True	negative	negative	rod	rod	yes	yes	no	no	facultative	microaerophile	meso	meso	optimum	37.0	True		none	
134196	Chryseobacterium taiwanense	Chryseobacterium taiwanense	Chryseobacterium	Bacteroidota	RS_GCF_000813825.1	GCF_000813825.1	GCA_000813825.1	GCF_000813825.1	accession	True	False	negative	negative	rod	rod	no	no	no	no	aerobe	aerobe	meso	meso	optimum	30.0	False	neutrophile	optimum	
134197	Prolixibacter bellariivorans	Prolixibacter bellariivorans	Prolixibacter	Bacteroidota	RS_GCF_000621705.1	GCF_000621705.1	GCA_000621705.1	GCF_000621705.1	accession	True	True	negative	negative	rod	rod	no	no	no	no	facultative	facultative	meso	meso	optimum	22.0	False	neutrophile	optimum	
134198	Tenacibaculum aestuarii	Polaribacter aestuarii	Polaribacter	Bacteroidota	RS_GCF_964510395.1	GCF_964510395.1	GCA_964510395.1	GCF_964510395.1	designation	True	False	negative	negative	rod	rod	yes	yes	no	no	aerobe	aerobe	meso	meso	optimum	33.5	False	neutrophile	optimum	
134199	Myroides pelagicus	Flavobacterium pelagicum	Flavobacterium	Bacteroidota	RS_GCF_042677025.1	GCF_042677025.1	GCA_042677025.1	GCF_042677025.1	accession	True	False	negative	negative	rod	rod	no	no	no	no	aerobe	aerobe	meso	meso	optimum	33.5	False	neutrophile	optimum	
134205	Sneathiella chinensis	Sneathiella chinensis	Sneathiella	Pseudomonadota	RS_GCF_012720115.1	GCF_012720115.1	GCA_012720115.1	GCF_012720115.1	designation	True	True	negative	negative	rod	rod	yes	yes	no	no	aerobe	aerobe	meso	meso	optimum	20.5	False		none	
134210	Labrys neptuniae	Labrys neptuniae	Labrys	Pseudomonadota	RS_GCF_040797145.1	GCF_040797145.1	GCA_040797145.1	GCF_040797145.1	accession	True	True	negative	negative	rod	rod	no	no	no	no	aerobe	aerobe	meso	meso	optimum	29.0	False	neutrophile	optimum	
134211	Flagellimonas eckloniae	Flagellimonas eckloniae	Flagellimonas	Bacteroidota	RS_GCF_001413955.1	GCF_001413955.1	GCA_001413955.1	GCF_001413955.1	accession	True	True	negative	negative	rod	rod	yes	yes	no	no	aerobe	aerobe	meso	meso	optimum	27.5	False	neutrophile	optimum	
134213	Methylobacterium jeotgali	Methylobacterium jeotgali	Methylobacterium	Pseudomonadota	RS_GCF_022179345.1	GCF_022179345.1	GCA_022179345.1	GCF_022179345.1	accession	True	True	negative	negative	rod	rod	yes	yes	no	no	aerobe	aerobe	meso	meso	optimum	30.0	False	neutrophile	optimum	
134217	Fulvivirga kasyanovii	Fulvivirga kasyanovii	Fulvivirga	Bacteroidota	RS_GCF_039523515.1	GCF_039523515.1	GCA_039523515.1	GCF_039523515.1	accession	True	True	negative	negative	rod	rod	yes	yes	no	no	aerobe	aerobe	meso	meso	optimum	36.0	False		none	
134220	Marixanthomonas ophiurae	Marixanthomonas ophiurae	Marixanthomonas	Bacteroidota	RS_GCF_003413745.1	GCF_003413745.1	GCA_003413745.1	GCF_003413745.1	accession	True	True	negative	negative	rod	rod	no	no	no	no	aerobe	aerobe	meso	meso	optimum	26.5	False	neutrophile	optimum	
134221	Parapedobacter koreensis	Parapedobacter koreensis	Parapedobacter	Bacteroidota	RS_GCF_900109365.1	GCF_900109365.1	GCA_900109365.1	GCF_900109365.1	designation	True	True	negative	negative	rod	rod	no	no	no	no	aerobe	aerobe	meso	meso	optimum	37.0	False		none	
134231	Persicitalea jodogahamensis	Persicitalea jodogahamensis	Persicitalea	Bacteroidota	RS_GCF_014651615.1	GCF_014651615.1	GCA_014651615.1	GCF_014651615.1	accession	True	True	negative	negative	rod	rod	no	no	no	no	aerobe	aerobe	meso	meso	optimum	27.5	False	neutrophile	optimum	
134234	Tsukamurella pulmonis	Tsukamurella pulmonis	Tsukamurella	Actinomycetota	RS_GCF_001575215.1	GCF_001575215.1	GCA_001575215.1	GCF_001575215.1	accession	False	False	positive	positive	rod	rod	no	no	no	no	aerobe	aerobe	meso	meso	optimum	31.0	False		none	
134238	Prevotella pleuritidis	Prevotella pleuritidis	Prevotella	Bacteroidota	RS_GCF_000613725.1	GCF_000613725.1	GCA_000613725.1	GCF_000613725.1	accession	True	True	negative	negative	rod	rod	no	no	no	no	anaerobe	anaerobe	meso	meso	growth_single_point	37.0	False		none	
134242	Pseudovibrio japonicus	Pseudovibrio japonicus	Pseudovibrio	Pseudomonadota	RS_GCF_014651595.1	GCF_014651595.1	GCA_014651595.1	GCF_014651595.1	accession	True	True	negative	negative	rod	rod	yes	yes	no	no	facultative	facultative	meso	meso	optimum	27.5	False	neutrophile	optimum	
134249	Bacillus acidiceler	Gottfriedia acidiceleris	Gottfriedia	Bacillota	RS_GCF_002128425.1	GCF_002128425.1	GCA_002128425.1	GCF_002128425.1	accession	True	True	positive	positive	rod	rod	no	no	yes	yes	facultative	facultative	meso	meso	optimum	30.0	False	neutrophile	optimum	
134250	Alkalibacterium indicireducens	Alkalibacterium indicireducens	Alkalibacterium	Bacillota	RS_GCF_039522005.1	GCF_039522005.1	GCA_039522005.1	GCF_039522005.1	accession	True	True	negative	negative	rod	rod	yes	yes	no	no	facultative	facultative	meso	meso	optimum	25.0	False	alkaliphile	optimum	
134251	Virgibacillus chiguensis	Virgibacillus chiguensis	Virgibacillus	Bacillota	RS_GCF_900129865.1	GCF_900129865.1	GCA_900129865.1	GCF_900129865.1	accession	True	True	positive	positive	rod	rod	yes	yes	yes	yes	aerobe	aerobe	meso	meso	optimum	40.0	False	neutrophile	optimum	
134258	Alkalimonas collagenimarina	Alkalimonas collagenimarina	Alkalimonas	Pseudomonadota	RS_GCF_030717845.1	GCF_030717845.1	GCA_030717845.1	GCF_030717845.1	designation	True	True	negative	negative	rod	rod	yes	yes	no	no	aerobe	aerobe	meso	meso	optimum	33.0	False	alkaliphile	optimum	
134262	Cerasicoccus arenae	Cerasicoccus arenae	Cerasicoccus	Verrucomicrobiota	RS_GCF_014651635.1	GCF_014651635.1	GCA_014651635.1	GCF_014651635.1	accession	True	True	negative	negative	coccus	coccus	no	no	no	no	aerobe	aerobe	meso	meso	optimum	27.5	False	neutrophile	optimum	
134267	Paenisporosarcina quisquiliarum	Paenisporosarcina quisquiliarum	Paenisporosarcina	Bacillota	RS_GCF_027563315.1	GCF_027563315.1	GCA_027563315.1	GCF_027563315.1	designation	True	True	positive	positive	rod	rod	no	no	yes	yes	aerobe	aerobe	meso	meso	optimum	27.5	False	neutrophile	optimum	
134268	Knoellia remsis	Knoellia remsis	Knoellia	Actinomycetota	RS_GCF_003002895.1	GCF_003002895.1	GCA_003002895.1	GCF_003002895.1	accession	True	True	positive	positive	coccus	coccus	no	no	no	no	aerobe	aerobe	meso	meso	optimum	25.0	False	neutrophile	optimum	
134269	Methylophaga aminisulfidivorans	Methylophaga thalassica	Methylophaga	Pseudomonadota	RS_GCF_000214595.1	GCF_000214595.1	GCA_000214595.2	GCF_000214595.1	accession	True	True	negative	negative	rod	rod	no	no	no	no	aerobe	aerobe	meso	meso	optimum	30.0	False	neutrophile	optimum	
134272	Pelomonas puraquae	Pelomonas puraquae	Pelomonas	Pseudomonadota	RS_GCF_002205845.1	GCF_002205845.1	GCA_002205845.1	GCF_002205845.1	accession	True	True	negative	negative	rod	rod	yes	yes	no	no	aerobe	aerobe	meso	meso	optimum	37.0	False		none	
134273	Pelomonas aquatica	Pelomonas aquatica	Pelomonas	Pseudomonadota	RS_GCF_026712205.1	GCF_026712205.1	GCA_026712205.1	GCF_026712205.1	accession	True	True	negative	negative	rod	rod	yes	yes	no	no	aerobe	aerobe	meso	meso	optimum	30.0	False		none	
134274	Helicobacter baculiformis	Helicobacter baculiformis	Helicobacter	Campylobacterota	RS_GCF_042649605.1	GCF_042649605.1	GCA_042649605.1	GCF_042649605.1	accession	True	True	negative	negative	other	spiral	yes	yes	no	no	facultative	microaerophile	meso	meso	growth_single_point	37.0	True		none	
134278	Microbulbifer celer	Microbulbifer celer	Microbulbifer	Pseudomonadota	RS_GCF_020991125.1	GCF_020991125.1	GCA_020991125.1	GCF_020991125.1	accession	True	True	negative	negative	rod	rod	no	no	no	no	aerobe	aerobe	meso	meso	optimum	37.0	False	neutrophile	optimum	
134283	Chromohalobacter japonicus	Chromohalobacter beijerinckii	Chromohalobacter	Pseudomonadota	RS_GCF_023061175.1	GCF_023061175.1	GCA_023061175.1	GCF_023061175.1	accession	True	True	negative	negative	rod	rod	yes	yes	no	no	aerobe	aerobe	meso	meso	optimum	28.5	False	neutrophile	optimum	
134285	Paracoccus halophilus	Paracoccus halophilus	Paracoccus	Pseudomonadota	RS_GCF_000763905.1	GCF_000763905.1	GCA_000763905.1	GCF_000763905.1	accession	True	True	negative	negative	rod	rod	no	no	no	no	aerobe	aerobe	meso	meso	optimum	25.0	False	neutrophile	optimum	
134290	Methylobacterium platani	Methylobacterium platani	Methylobacterium	Pseudomonadota	RS_GCF_001653715.1	GCF_001653715.1	GCA_001653715.1	GCF_001653715.1	accession	True	True	negative	negative	rod	rod	yes	yes	no	no	aerobe	aerobe	meso	meso	optimum	27.5	False	neutrophile	optimum	
134296	Marinobacter guineae	Marinobacter guineae	Marinobacter	Pseudomonadota	RS_GCF_002744735.1	GCF_002744735.1	GCA_002744735.1	GCF_002744735.1	accession	True	True	negative	negative	rod	rod	yes	yes	no	no	aerobe	aerobe	meso	meso	growth_range	23.0	False	neutrophile	growth_range	
134301	Sinomonas albida	Sinomonas albida	Sinomonas	Actinomycetota	RS_GCF_004919045.1	GCF_004919045.1	GCA_004919045.1	GCF_004919045.1	accession	True	True	positive	positive	rod	rod	no	no	no	no	aerobe	aerobe	meso	meso	optimum	30.0	False	neutrophile	optimum	
134304	Sneathiella glossodoripedis	Sneathiella glossodoripedis	Sneathiella	Pseudomonadota	RS_GCF_000616095.1	GCF_000616095.1	GCA_000616095.1	GCF_000616095.1	accession	True	True	negative	negative	rod	rod	yes	yes	no	no	aerobe	aerobe	meso	meso	optimum	40.0	False		none	
134306	Brucella microti	Brucella melitensis	Brucella	Pseudomonadota	RS_GCF_000022745.1	GCF_000022745.1	GCA_000022745.1	GCF_000022745.1	accession	True	True	negative	negative	rod	rod	no	no	no	no	aerobe	aerobe	meso	meso	growth_range	33.5	False		none	
134318	Tenacibaculum aiptasiae	Polaribacter aiptasiae	Polaribacter	Bacteroidota	RS_GCF_008806755.1	GCF_008806755.1	GCA_008806755.1	GCF_008806755.1	accession	True	True	negative	negative	rod	rod	yes	yes	no	no	aerobe	aerobe	meso	meso	optimum	32.5	False	neutrophile	optimum	
134323	Chryseobacterium aquaticum	Chryseobacterium aquaticum	Chryseobacterium	Bacteroidota	RS_GCF_001420285.1	GCF_001420285.1	GCA_001420285.1	GCF_001420285.1	accession	True	True	negative	negative	rod	rod	no	no	no	no	aerobe	aerobe	meso	meso	optimum	27.5	False	neutrophile	optimum	
134324	Nubsella zeaxanthinifaciens	Pedobacter zeaxanthinifaciens	Pedobacter	Bacteroidota	RS_GCF_003313335.1	GCF_003313335.1	GCA_003313335.1	GCF_003313335.1	accession	True	True	negative	negative	rod	rod	yes	yes	no	no	aerobe	aerobe	meso	meso	optimum	30.0	False	neutrophile	optimum	
134325	Halolactibacillus alkaliphilus	Halolactibacillus alkaliphilus	Halolactibacillus	Bacillota	RS_GCF_007991355.1	GCF_007991355.1	GCA_007991355.1	GCF_007991355.1	accession	True	True	positive	positive	rod	rod	no	no	no	no	facultative	facultative	meso	meso	optimum	28.0	False	alkaliphile	optimum	
134326	Microbulbifer halophilus	Microbulbifer halophilus	Microbulbifer	Pseudomonadota	RS_GCF_026183675.1	GCF_026183675.1	GCA_026183675.1	GCF_026183675.1	accession	True	True	negative	negative	rod	rod	yes	yes	no	no	aerobe	aerobe	meso	meso	optimum	37.0	False	neutrophile	optimum	
134327	Roseibacillus ishigakijimensis	Roseibacillus ishigakijimensis	Roseibacillus	Verrucomicrobiota	RS_GCF_016595415.1	GCF_016595415.1	GCA_016595415.1	GCF_016595415.1	accession	True	True	negative	negative	rod	rod	no	no	no	no	aerobe	aerobe	meso	meso	optimum	33.5	False	neutrophile	optimum	
134329	Roseibacillus persicicus	Roseibacillus persicicus	Roseibacillus	Verrucomicrobiota	RS_GCF_014651675.1	GCF_014651675.1	GCA_014651675.1	GCF_014651675.1	accession	True	True	negative	negative	rod	rod	no	no	no	no	aerobe	aerobe	meso	meso	optimum	33.5	False	neutrophile	growth_range	
134330	Luteolibacter algae	Luteolibacter algae	Luteolibacter	Verrucomicrobiota	RS_GCF_042683045.1	GCF_042683045.1	GCA_042683045.1	GCF_042683045.1	accession	True	True	negative	negative	rod	rod	no	no	no	no	aerobe	aerobe	meso	meso	optimum	25.0	False	neutrophile	growth_range	
134331	Luteolibacter pohnpeiensis	Luteolibacter pohnpeiensis	Luteolibacter	Verrucomicrobiota	RS_GCF_016595435.1	GCF_016595435.1	GCA_016595435.1	GCF_016595435.1	accession	True	True	negative	negative	rod	rod	no	no	no	no	aerobe	aerobe	meso	meso	optimum	33.5	False	neutrophile	growth_range	
134338	Allorhizobium oryzae	Xaviernesmea oryzae	Xaviernesmea	Pseudomonadota	RS_GCF_900109605.1	GCF_900109605.1	GCA_900109605.1	GCF_900109605.1	accession	True	True	negative	negative	rod	rod	yes	yes	no	no	aerobe	aerobe	meso	meso	optimum	32.5	False	neutrophile	optimum	
134344	Kineococcus gynurae	Kineococcus gynurae	Kineococcus	Actinomycetota	RS_GCF_050871315.1	GCF_050871315.1	GCA_050871315.1	GCF_050871315.1	accession	True	True	positive	positive	coccus	coccus	yes	yes	no	no	aerobe	aerobe	meso	meso	optimum	26.5	False	neutrophile	optimum	
134345	Robinsoniella peoriensis	Robinsoniella peoriensis	Robinsoniella	Bacillota	RS_GCF_042680125.1	GCF_042680125.1	GCA_042680125.1	GCF_042680125.1	accession	True	True	positive	positive	other	other	no	no	yes	yes	anaerobe	anaerobe	meso	meso	growth_single_point	37.0	False		none	
134347	Sphingobacterium siyangense	Sphingobacterium siyangense	Sphingobacterium	Bacteroidota	RS_GCF_007830445.1	GCF_007830445.1	GCA_007830445.1	GCF_007830445.1	accession	True	True	negative	negative	rod	rod	no	no	no	no	aerobe	aerobe	meso	meso	optimum	33.5	False	neutrophile	optimum	
134349	Croceitalea dokdonensis	Croceitalea dokdonensis	Croceitalea	Bacteroidota	RS_GCF_001306415.1	GCF_001306415.1	GCA_001306415.1	GCF_001306415.1	accession	True	True	negative	negative	rod	rod	no	no	no	no	aerobe	aerobe	meso	meso	optimum	35.0	False	alkaliphile	optimum	
134350	Tamlana agarivorans	Pseudotamlana agarivorans	Pseudotamlana	Bacteroidota	RS_GCF_001642835.1	GCF_001642835.1	GCA_001642835.1	GCF_001642835.1	accession	True	True	negative	negative	rod	rod	no	no	no	no	aerobe	aerobe	meso	meso	optimum	30.0	False	neutrophile	optimum	
134352	Shewanella basaltis	Shewanella basaltis	Shewanella	Pseudomonadota	RS_GCF_023283885.1	GCF_023283885.1	GCA_023283885.1	GCF_023283885.1	accession	True	True	negative	negative	rod	rod	yes	yes	no	no	aerobe	aerobe	meso	meso	growth_range	24.5	False	neutrophile	optimum	
134354	Marinomonas arctica	Marinomonas arctica	Marinomonas	Pseudomonadota	RS_GCF_003259225.1	GCF_003259225.1	GCA_003259225.1	GCF_003259225.1	accession	True	True	negative	negative	rod	rod	yes	yes	no	no	aerobe	aerobe	meso	meso	optimum	26.0	False	neutrophile	optimum	
134356	Psychromonas ossibalaenae	Psychromonas ossibalaenae	Psychromonas	Pseudomonadota	RS_GCF_000381745.1	GCF_000381745.1	GCA_000381745.1	GCF_000381745.1	accession	True	True	negative	negative	rod	rod	yes	yes	no	no	facultative	facultative	meso	meso	optimum	20.0	False	alkaliphile	optimum	
134357	Psychromonas aquimarina	Psychromonas aquimarina	Psychromonas	Pseudomonadota	RS_GCF_000428725.1	GCF_000428725.1	GCA_000428725.1	GCF_000428725.1	accession	True	True	negative	negative	rod	rod	yes	yes	no	no	facultative	facultative	meso	meso	optimum	22.5	False	alkaliphile	optimum	
134359	Halomonas daqingensis	Halomonas desiderata	Halomonas	Pseudomonadota	RS_GCF_900108215.1	GCF_900108215.1	GCA_900108215.1	GCF_900108215.1	accession	True	False	negative	negative	rod	rod	yes	yes	no	no	aerobe	aerobe	meso	meso	optimum	30.0	False	alkaliphile	optimum	
134361	Mucilaginibacter kameinonensis	Mucilaginibacter kameinonensis	Mucilaginibacter	Bacteroidota	RS_GCF_003675385.1	GCF_003675385.1	GCA_003675385.1	GCF_003675385.1	accession	True	True	negative	negative	rod	rod	no	no	no	no	aerobe	aerobe	meso	meso	optimum	25.0	False	neutrophile	optimum	
134363	Prosthecobacter fluviatilis	Prosthecobacter fluviatilis	Prosthecobacter	Verrucomicrobiota	RS_GCF_042655725.1	GCF_042655725.1	GCA_042655725.1	GCF_042655725.1	accession	True	True	negative	negative	rod	rod	no	no	no	no	aerobe	aerobe	meso	meso	optimum	30.0	False	neutrophile	optimum	
134366	Lacinutrix mariniflava	Lacinutrix mariniflava	Lacinutrix	Bacteroidota	RS_GCF_001418015.1	GCF_001418015.1	GCA_001418015.1	GCF_001418015.1	accession	True	True	negative	negative	rod	rod	no	no	no	no	aerobe	aerobe	meso	meso	optimum	17.5	False	neutrophile	optimum	
134367	Nocardioides fonticola	Nocardioides fonticola	Nocardioides	Actinomycetota	RS_GCF_039536805.1	GCF_039536805.1	GCA_039536805.1	GCF_039536805.1	accession	True	True	positive	positive	rod	rod	no	no	no	no	aerobe	aerobe	meso	meso	optimum	30.0	False	neutrophile	optimum	
134368	Amphritea japonica	Amphritea japonica	Amphritea	Pseudomonadota	RS_GCF_016592435.1	GCF_016592435.1	GCA_016592435.1	GCF_016592435.1	accession	True	True	negative	negative	rod	rod	yes	yes	no	no	facultative	facultative	meso	meso	optimum	23.0	False	neutrophile	optimum	
134369	Amphritea balenae	Amphritea balenae	Amphritea	Pseudomonadota	RS_GCF_003858655.1	GCF_003858655.1	GCA_003858655.1	GCF_003858655.1	accession	True	True	negative	negative	rod	rod	yes	yes	no	no	facultative	facultative	meso	meso	optimum	21.0	False	neutrophile	optimum	
134370	Paenochrobactrum glaciei	Paenochrobactrum glaciei	Paenochrobactrum	Pseudomonadota	RS_GCF_039522165.1	GCF_039522165.1	GCA_039522165.1	GCF_039522165.1	accession	True	True	negative	negative	rod	rod	no	no	no	no	aerobe	aerobe	meso	meso	optimum	29.0	False	neutrophile	optimum	
134371	Mesorhizobium caraganae	Mesorhizobium caraganae	Mesorhizobium	Pseudomonadota	RS_GCF_016836705.1	GCF_016836705.1	GCA_016836705.1	GCF_016836705.1	accession	True	True	negative	negative	rod	rod	yes	yes	no	no	aerobe	aerobe	meso	meso	optimum	28.0	False	neutrophile	optimum	
134374	Paenibacillus septentrionalis	Pristimantibacillus septentrionalis	Pristimantibacillus	Bacillota	RS_GCF_042659865.1	GCF_042659865.1	GCA_042659865.1	GCF_042659865.1	accession	True	True	positive	positive	rod	rod	yes	yes	yes	yes	facultative	facultative	meso	meso	optimum	30.0	False	neutrophile	optimum	
134376	Sphingobacterium anhuiense	Sphingobacterium anhuiense	Sphingobacterium	Bacteroidota	RS_GCF_042686355.1	GCF_042686355.1	GCA_042686355.1	GCF_042686355.1	accession	True	True	negative	negative	rod	rod	no	no	no	no	aerobe	aerobe	meso	meso	optimum	27.5	False	neutrophile	optimum	
134460	Moraxella catarrhalis	Moraxella veridica	Moraxella	Pseudomonadota	RS_GCF_900453075.1	GCF_900453075.1	GCA_900453075.1	GCF_900453075.1	accession	False	True	negative	negative	coccus	coccus	no	no	no	no	aerobe	aerobe	meso	meso	growth_range	31.0	False		none	
135033	Mogibacterium diversum	Mogibacterium diversum	Mogibacterium	Bacillota	RS_GCF_002998925.1	GCF_002998925.1	GCA_002998925.1	GCF_002998925.1	accession	True	True	positive	positive	rod	rod	no	no	no	no	anaerobe	anaerobe	meso	meso	growth_single_point	37.0	False		none	
135505	Bacillus paranthracis	Pseudomonas aeruginosa	Pseudomonas	Pseudomonadota	RS_GCF_050908025.1	GCF_050908025.1	GCA_050908025.1	GCF_050908025.1	designation	False	False	positive	positive	rod	rod	yes	yes	yes	yes	facultative	facultative	meso	meso	growth_range	27.5	False		none	
135692	Escherichia coli	G047199095 sp047199095	G047199095	Pseudomonadota	RS_GCF_965139105.1	GCF_965139105.1	GCA_965139105.1	GCF_965139105.1	designation	False	False	negative	negative	rod	rod	yes	yes	no	no	facultative	facultative	meso	meso	growth_range	35.5	False		none	
136411	Bacillus licheniformis	Bacillus amyloliquefaciens	Bacillus	Bacillota	RS_GCF_050517505.1	GCF_050517505.1	GCA_050517505.1	GCF_050517505.1	designation	False	False	positive	positive	rod	rod	yes	yes	yes	yes	facultative	facultative	meso	meso	growth_range	38.5	False	neutrophile	growth_single_point	
136795	Shewanella oneidensis	Shewanella oneidensis	Shewanella	Pseudomonadota	RS_GCF_000146165.2	GCF_000146165.2	GCA_000146165.2	GCF_000146165.2	accession	True	True	negative	negative	rod	rod	yes	yes	no	no	aerobe	aerobe	meso	meso	growth_range	17.5	False		none	
136829	Achromobacter mucicolens	Achromobacter mucicolens	Achromobacter	Pseudomonadota	RS_GCF_902859995.1	GCF_902859995.1	GCA_902859995.1	GCF_902859995.1	accession	False	False	negative	negative	rod	rod	yes	yes	no	no	aerobe	aerobe	meso	meso	growth_range	28.0	False		none	
136835	Vibrio aestuarianus	Vibrio aestuarianus	Vibrio	Pseudomonadota	RS_GCF_965138855.1	GCF_965138855.1	GCA_965138855.1	GCF_965138855.1	designation	False	False	negative	negative	rod	rod	yes	yes	no	no	facultative	facultative	meso	meso	growth_single_point	25.0	False		none	
136935	Clostridium tetani	Clostridium_G tetani	Clostridium_G	Bacillota	RS_GCF_004115645.1	GCF_004115645.1	GCA_004115645.1	GCF_004115645.1	designation	False	False	positive	positive	rod	rod	no	no	yes	yes	anaerobe	anaerobe	meso	meso	growth_single_point	37.0	False		none	
137313	Enterococcus faecalis	Enterococcus faecalis	Enterococcus	Bacillota	RS_GCF_040535365.1	GCF_040535365.1	GCA_040535365.1	GCF_040535365.1	designation	False	False	positive	positive	coccus	coccus	no	no	no	no	facultative	facultative	meso	meso	growth_range	27.5	False		none	
137380	Sphingobacterium daejeonense	Sphingobacterium daejeonense	Sphingobacterium	Bacteroidota	RS_GCF_042678525.1	GCF_042678525.1	GCA_042678525.1	GCF_042678525.1	accession	True	True	negative	negative	rod	rod	no	no	no	no	aerobe	aerobe	meso	meso	growth_single_point	30.0	False		none	
137383	Chryseobacterium rhizosphaerae	Chryseobacterium rhizosphaerae	Chryseobacterium	Bacteroidota	RS_GCF_003385455.1	GCF_003385455.1	GCA_003385455.1	GCF_003385455.1	accession	True	True	negative	negative	rod	rod	no	no	no	no	aerobe	aerobe	meso	meso	growth_range	33.5	False		none	
138119	Clostridium perfringens	Sarcina perfringens	Sarcina	Bacillota	RS_GCF_000171215.1	GCF_000171215.1	GCA_000171215.1	GCF_000171215.1	accession	False	False	positive	positive	rod	rod	no	no	no	no	anaerobe	anaerobe	meso	meso	growth_single_point	37.0	False		none	
138488	Klebsiella variicola	Klebsiella variicola	Klebsiella	Pseudomonadota	RS_GCF_965137225.1	GCF_965137225.1	GCA_965137225.1	GCF_965137225.1	designation	False	False	negative	negative	rod	rod	no	no	no	no	facultative	facultative	meso	meso	growth_single_point	30.0	False		none	
138792	Shewanella algae	Shewanella algae	Shewanella	Pseudomonadota	RS_GCF_019670525.1	GCF_019670525.1	GCA_019670525.1	GCF_019670525.1	accession	False	False	negative	negative	rod	rod	no	no	no	no	aerobe	aerobe	meso	meso	growth_range	31.0	False		none	
139168	Escherichia coli	ECMA0423 sp047199055	ECMA0423	Pseudomonadota	RS_GCF_038435305.1	GCF_038435305.1	GCA_038435305.1	GCF_038435305.1	designation	False	False	negative	negative	rod	rod	yes	yes	no	no	facultative	facultative	meso	meso	growth_single_point	30.0	False		none	
139617	Sphingobacterium zeae	Sphingobacterium zeae	Sphingobacterium	Bacteroidota	RS_GCF_042647425.1	GCF_042647425.1	GCA_042647425.1	GCF_042647425.1	accession	True	True	negative	negative	rod	rod	no	no	no	no	aerobe	aerobe	meso	meso	growth_range	23.0	False	neutrophile	growth_range	
139755	Catenibacillus scindens	Catenibacillus scindens	Catenibacillus	Bacillota	RS_GCF_014202115.1	GCF_014202115.1	GCA_014202115.1	GCF_014202115.1	accession	True	True	positive	positive	rod	rod	no	no	no	no	anaerobe	anaerobe	meso	meso	growth_single_point	37.0	False		none	
139988	Peribacillus asahii	Peribacillus asahii	Peribacillus	Bacillota	RS_GCF_003570725.1	GCF_003570725.1	GCA_003570725.1	GCF_003570725.1	accession	True	True	positive	positive	rod	rod	yes	yes	yes	yes	aerobe	aerobe	meso	meso	growth_range	33.5	False	neutrophile	growth_single_point	
140045	Peribacillus deserti	Paraperibacillus deserti	Paraperibacillus	Bacillota	RS_GCF_016909175.1	GCF_016909175.1	GCA_016909175.1	GCF_016909175.1	accession	True	True	positive	positive	rod	rod	yes	yes	yes	yes	aerobe	aerobe	meso	meso	growth_single_point	30.0	False		none	
140138	Streptococcus oricebi	Streptococcus oricebi	Streptococcus	Bacillota	RS_GCF_017883985.1	GCF_017883985.1	GCA_017883985.1	GCF_017883985.1	accession	True	True	positive	positive	coccus	coccus	no	no	no	no	facultative		meso	meso	growth_single_point	37.0	False		none	
140140	Peribacillus cavernae	Peribacillus cavernae	Peribacillus	Bacillota	RS_GCF_003989135.1	GCF_003989135.1	GCA_003989135.1	GCF_003989135.1	accession	True	True	positive	positive	rod	rod	yes	yes	yes	yes	aerobe	aerobe	meso	meso	optimum	28.0	False	neutrophile	optimum	non-halophilic
140230	Streptococcus pantholopis	Streptococcus pantholopis	Streptococcus	Bacillota	RS_GCF_001642085.1	GCF_001642085.1	GCA_001642085.1	GCF_001642085.1	designation	True	True	positive	positive	coccus	coccus	no	no	no	no	facultative	facultative	meso	meso	growth_range	32.0	False		none	
140254	Flexivirga oryzae	Flexivirga oryzae	Flexivirga	Actinomycetota	RS_GCF_014190805.1	GCF_014190805.1	GCA_014190805.1	GCF_014190805.1	accession	True	True	positive	positive	coccus	coccus	no	no	no	no	aerobe	aerobe	meso	meso	optimum	30.0	False	neutrophile	optimum	
140264	Alkalicoccus halolimnae	Alkalicoccus halolimnae	Alkalicoccus	Bacillota	RS_GCF_008014775.2	GCF_008014775.2	GCA_008014775.2	GCF_008014775.2	accession	True	True	positive	positive	coccus	coccus	no	no	no	no	aerobe	aerobe	meso	meso	optimum	33.0	False	neutrophile	optimum	moderately halophilic
140265	Defluviitalea raffinosedens	Defluviitalea raffinosedens	Defluviitalea	Bacillota	RS_GCF_016908775.1	GCF_016908775.1	GCA_016908775.1	GCF_016908775.1	accession	True	True	positive	positive	rod	rod	no	no	no	no	anaerobe	anaerobe	thermo	thermo	optimum	50.0	False	neutrophile	optimum	
140266	Mesobacillus zeae	Mesobacillus_C zeae	Mesobacillus_C	Bacillota	RS_GCF_003570705.1	GCF_003570705.1	GCA_003570705.1	GCF_003570705.1	accession	True	True	positive	positive	rod	rod	no	no	no	no	aerobe	aerobe	meso	meso	optimum	29.0	False	neutrophile	optimum	
140267	Fournierella massiliensis	Allofournierella massiliensis	Allofournierella	Bacillota	RS_GCF_004345265.1	GCF_004345265.1	GCA_004345265.1	GCF_004345265.1	accession	True	True	negative	negative	rod	rod	no	no	no	no	anaerobe	anaerobe	meso	meso	optimum	37.0	False	neutrophile	optimum	
140268	Faecalimonas umbilicata	Faecalimonas umbilicata	Faecalimonas	Bacillota	RS_GCF_004346095.1	GCF_004346095.1	GCA_004346095.1	GCF_004346095.1	accession	True	True	positive	positive	coccus	coccus	no	no	no	no	anaerobe	anaerobe	meso	meso	optimum	37.0	False	neutrophile	optimum	
140269	Ileibacterium valens	Ileibacterium valens	Ileibacterium	Bacillota_I	RS_GCF_001945525.1	GCF_001945525.1	GCA_001945525.1	GCF_001945525.1	accession	True	True	positive	positive	rod	rod	no	no	no	no	anaerobe	anaerobe	meso	meso	optimum	37.0	False		none	
140275	Luteitalea pratensis	Luteitalea pratensis	Luteitalea	Acidobacteriota	RS_GCF_001618865.1	GCF_001618865.1	GCA_001618865.1	GCF_001618865.1	accession	True	True	negative	negative	rod	rod	no	no	no	no	aerobe	aerobe	meso	meso	optimum	25.0	False	neutrophile	optimum	
140276	Halomonas alkalicola	Halomonas alkalicola	Halomonas	Pseudomonadota	RS_GCF_030704205.1	GCF_030704205.1	GCA_030704205.1	GCF_030704205.1	accession	True	True	negative	negative	rod	rod	no	no	no	no	aerobe	aerobe	meso	meso	optimum	29.0	False	alkaliphile	optimum	moderately halophilic
140287	Actinomyces vulturis	Actinomyces vulturis	Actinomyces	Actinomycetota	RS_GCF_001687305.1	GCF_001687305.1	GCA_001687305.1	GCF_001687305.1	accession	True	True	positive	positive	rod	rod	no	no	no	no	facultative	facultative	meso	meso	growth_range	29.5	False	neutrophile	growth_range	
140290	Boudabousia liubingyangii	Boudabousia liubingyangii	Boudabousia	Actinomycetota	RS_GCF_001907245.1	GCF_001907245.1	GCA_001907245.1	GCF_001907245.1	accession	True	True	positive	positive	rod	rod	no	no	no	no	facultative	facultative	meso	meso	optimum	37.0	False	neutrophile	optimum	
140299	Pseudomonas lactis	Aquipseudomonas lactis	Aquipseudomonas	Pseudomonadota	RS_GCF_001439845.1	GCF_001439845.1	GCA_001439845.1	GCF_001439845.1	accession	True	True	negative	negative	rod	rod	yes	yes	no	no	aerobe	aerobe	meso	meso	growth_range	19.5	False	neutrophile	optimum	
140300	Pseudomonas paralactis	Aquipseudomonas paralactis	Aquipseudomonas	Pseudomonadota	RS_GCF_001439735.1	GCF_001439735.1	GCA_001439735.1	GCF_001439735.1	accession	True	True	negative	negative	rod	rod	yes	yes	no	no	aerobe	aerobe	meso	meso	optimum	29.0	False	neutrophile	optimum	
140308	Mobilicoccus caccae	Mobilicoccus caccae	Mobilicoccus	Actinomycetota	RS_GCF_030161635.1	GCF_030161635.1	GCA_030161635.1	GCF_030161635.1	accession	True	False	positive	positive	coccus	coccus	yes	yes	no	no	facultative	facultative	meso	meso	growth_range	22.5	False	neutrophile	optimum	
140310	Bifidobacterium apri	Bifidobacterium apri	Bifidobacterium	Actinomycetota	RS_GCF_009299485.1	GCF_009299485.1	GCA_009299485.1	GCF_009299485.1	accession	True	True	positive	positive	rod	rod	no	no	no	no	anaerobe	anaerobe	meso	meso	optimum	37.0	False	neutrophile	optimum	
140314	Paraglaciecola hydrolytica	Paraglaciecola hydrolytica	Paraglaciecola	Pseudomonadota	RS_GCF_001565895.1	GCF_001565895.1	GCA_001565895.1	GCF_001565895.1	accession	True	True	negative	negative	rod	rod	yes	yes	no	no	aerobe	aerobe	meso	meso	optimum	22.5	False	neutrophile	optimum	
140317	Clostridium tepidum	Clostridium_F tepidum	Clostridium_F	Bacillota	RS_GCF_002008345.1	GCF_002008345.1	GCA_002008345.1	GCF_002008345.1	accession	True	True	positive	positive	rod	rod	yes	yes	yes	yes	anaerobe	anaerobe	thermo	thermo	optimum	47.5	False	neutrophile	growth_range	
140318	Paenibacillus konkukensis	Paenibacillus_S doosanensis	Paenibacillus_S	Bacillota	RS_GCF_023523925.1	GCF_023523925.1	GCA_023523925.1	GCF_023523925.1	designation	True	True	positive	positive	rod	rod	no	no	yes	yes	aerobe	aerobe	meso	meso	optimum	30.0	False	neutrophile	optimum	
140320	Sphingomonas spermidinifaciens	Sphingomonas spermidinifaciens	Sphingomonas	Pseudomonadota	RS_GCF_002351485.1	GCF_002351485.1	GCA_002351485.1	GCF_002351485.1	accession	True	True	negative	negative	rod	rod	yes	yes	no	no	aerobe	aerobe	meso	meso	optimum	30.0	False	neutrophile	optimum	
140321	Cysteiniphilum litorale	Caedibacter litoralis	Caedibacter	Pseudomonadota	RS_GCF_003428165.1	GCF_003428165.1	GCA_003428165.1	GCF_003428165.1	accession	True	True	negative	negative	coccus	coccus	no	no	no	no	facultative	microaerophile	meso	meso	optimum	30.0	True	neutrophile	optimum	
140343	Naumannella cuiyingiana	Naumannella cuiyingiana	Naumannella	Actinomycetota	RS_GCF_013408305.1	GCF_013408305.1	GCA_013408305.1	GCF_013408305.1	accession	True	True	positive	positive	other	other	no	no	no	no	aerobe	aerobe	meso	meso	growth_range	28.5	False	neutrophile	growth_range	
140346	Alloscardovia venturai	Alloscardovia venturai	Alloscardovia	Actinomycetota	RS_GCF_042676605.1	GCF_042676605.1	GCA_042676605.1	GCF_042676605.1	accession	True	True	positive	positive	rod	rod	no	no	no	no	anaerobe	anaerobe	meso	meso	optimum	37.0	False	neutrophile	optimum	
140348	Mesonia maritima	Mesonia maritima	Mesonia	Bacteroidota	RS_GCF_042433895.1	GCF_042433895.1	GCA_042433895.1	GCF_042433895.1	accession	True	True	negative	negative	rod	rod	yes	yes	no	no	aerobe	aerobe	meso	meso	optimum	27.5	False	neutrophile	optimum	
140349	Micrococcoides hystricis	Micrococcoides hystricis	Micrococcoides	Actinomycetota	RS_GCF_042434215.1	GCF_042434215.1	GCA_042434215.1	GCF_042434215.1	accession	True	True	positive	positive	coccus	coccus	no	no	no	no	aerobe	aerobe	meso	meso	optimum	28.5	False	alkaliphile	optimum	
140352	Neobacillus notoginsengisoli	Bacillus_D notoginsengisoli	Bacillus_D	Bacillota	RS_GCF_003515685.1	GCF_003515685.1	GCA_003515685.1	GCF_003515685.1	accession	True	True	positive	positive	rod	rod	yes	yes	yes	yes	aerobe	aerobe	meso	meso	optimum	37.0	False	neutrophile	optimum	
140353	Desulfocucumis palustris	Desulfocucumis palustris	Desulfocucumis	Bacillota	RS_GCF_002933875.1	GCF_002933875.1	GCA_002933875.1	GCF_002933875.1	accession	True	True	negative	negative	rod	rod	yes	yes	yes	yes	anaerobe	anaerobe	meso	meso	optimum	34.5	False	neutrophile	optimum	non-halophilic
140354	Bacillus wudalianchiensis	Pseudobacillus wudalianchiensis	Pseudobacillus	Bacillota	RS_GCF_001685015.1	GCF_001685015.1	GCA_001685015.1	GCF_001685015.1	accession	True	True	positive	positive	rod	rod	yes	yes	yes	yes	aerobe	aerobe	meso	meso	optimum	30.0	False	neutrophile	optimum	non-halophilic
140355	Cytobacillus praedii	Cytobacillus praedii	Cytobacillus	Bacillota	RS_GCF_001439605.1	GCF_001439605.1	GCA_001439605.1	GCF_001439605.1	accession	True	True	positive	positive	rod	rod	yes	yes	yes	yes	aerobe	aerobe	meso	meso	optimum	30.0	False	alkaliphile	optimum	
140356	Limosilactobacillus caviae	Limosilactobacillus caviae	Limosilactobacillus	Bacillota	RS_GCF_014635905.1	GCF_014635905.1	GCA_014635905.1	GCF_014635905.1	accession	True	True	positive	positive	rod	rod	no	no	no	no	anaerobe	anaerobe	meso	meso	growth_range	32.5	False	neutrophile	growth_range	
140359	Stenotrophomonas bentonitica	Stenotrophomonas bentonitica	Stenotrophomonas	Pseudomonadota	RS_GCF_013185915.1	GCF_013185915.1	GCA_013185915.1	GCF_013185915.1	accession	True	True	negative	negative	rod	rod	no	no	no	no	aerobe	aerobe	meso	meso	optimum	28.0	False	neutrophile	optimum	
140360	Desulfosarcina widdelii	Desulfosarcina widdelii	Desulfosarcina	Desulfobacterota	RS_GCF_009688965.1	GCF_009688965.1	GCA_009688965.1	GCF_009688965.1	accession	True	True	negative	negative	rod	rod	yes	yes	no	no	anaerobe	anaerobe	meso	meso	optimum	28.0	False	neutrophile	optimum	
140361	Desulfosarcina alkanivorans	Desulfosarcina alkanivorans	Desulfosarcina	Desulfobacterota	RS_GCF_009688945.1	GCF_009688945.1	GCA_009688945.1	GCF_009688945.1	accession	True	True	negative	negative	rod	rod	yes	yes	no	no	anaerobe	anaerobe	meso	meso	optimum	32.0	False	neutrophile	optimum	
140370	Conexibacter stalactiti	Conexibacter stalactiti	Conexibacter	Actinomycetota	RS_GCF_035967765.1	GCF_035967765.1	GCA_035967765.1	GCF_035967765.1	accession	False	True	positive	positive	rod	rod	yes	yes	no	no	aerobe	aerobe	meso	meso	optimum	30.0	False	neutrophile	optimum	
140372	Actinomyces gaoshouyii	Actinomyces gaoshouyii	Actinomyces	Actinomycetota	RS_GCF_002072175.1	GCF_002072175.1	GCA_002072175.1	GCF_002072175.1	accession	True	True	positive	positive	rod	rod	no	no	no	no	facultative	facultative	meso	meso	optimum	30.0	False	neutrophile	optimum	
140375	Saonia flava	Saonia flava	Saonia	Bacteroidota	RS_GCF_011927795.1	GCF_011927795.1	GCA_011927795.1	GCF_011927795.1	accession	True	True	negative	negative	rod	rod	no	no	no	no	aerobe	aerobe	meso	meso	growth_range	22.5	False	neutrophile	optimum	
140383	Flavobacterium gossypii	Flavobacterium endophyticum	Flavobacterium	Bacteroidota	RS_GCF_014138495.1	GCF_014138495.1	GCA_014138495.1	GCF_014138495.1	accession	True	True	negative	negative	rod	rod	no	no	no	no	aerobe	aerobe	meso	meso	growth_range	22.5	False	neutrophile	growth_range	
140403	Levilactobacillus cerevisiae	Levilactobacillus cerevisiae	Levilactobacillus	Bacillota	RS_GCF_003946245.1	GCF_003946245.1	GCA_003946245.1	GCF_003946245.1	accession	True	True	positive	positive	rod	rod	no	no	no	no	facultative	facultative	meso	meso	growth_range	20.5	False	neutrophile	growth_range	
140404	Halalkalibacter kiskunsagensis	Halalkalibacter kiskunsagensis	Halalkalibacter	Bacillota	RS_GCF_037027555.1	GCF_037027555.1	GCA_037027555.1	GCF_037027555.1	accession	True	True	positive	positive	rod	rod	no	no	yes	yes	facultative	facultative	meso	meso	optimum	26.5	False	alkaliphile	optimum	moderately halophilic
140408	Metabacillus iocasae	Priestia iocasae	Priestia	Bacillota	RS_GCF_016909075.1	GCF_016909075.1	GCA_016909075.1	GCF_016909075.1	accession	True	True	positive	positive	rod	rod	yes	yes	yes	yes	aerobe	aerobe	meso	meso	optimum	28.0	False	neutrophile	optimum	
140409	Secundilactobacillus silagincola	Secundilactobacillus silagincola	Secundilactobacillus	Bacillota	RS_GCF_002583405.1	GCF_002583405.1	GCA_002583405.1	GCF_002583405.1	accession	True	True	positive	positive	rod	rod	no	no	no	no	facultative	facultative	meso	meso	optimum	30.0	False	neutrophile	growth_range	
140410	Secundilactobacillus pentosiphilus	Secundilactobacillus pentosiphilus	Secundilactobacillus	Bacillota	RS_GCF_002217985.1	GCF_002217985.1	GCA_002217985.1	GCF_002217985.1	accession	True	True	positive	positive	rod	rod	no	no	no	no	facultative	facultative	meso	meso	growth_range	33.5	False	neutrophile	growth_range	
140411	Streptococcus ruminantium	Streptococcus ruminantium	Streptococcus	Bacillota	RS_GCF_003609975.1	GCF_003609975.1	GCA_003609975.1	GCF_003609975.1	accession	True	True	positive	positive	coccus	coccus	no	no	no	no	aerobe	aerobe	meso	meso	growth_single_point	37.0	False		none	
140414	Pseudodesulfovibrio senegalensis	Pseudodesulfovibrio senegalensis	Pseudodesulfovibrio	Desulfobacterota	RS_GCF_008830225.1	GCF_008830225.1	GCA_008830225.1	GCF_008830225.1	accession	True	True	negative	negative	rod	rod	yes	yes	no	no	anaerobe	anaerobe	meso	meso	optimum	40.0	False	neutrophile	optimum	moderately halophilic
140420	Monaibacterium marinum	Pontivivens marinum	Pontivivens	Pseudomonadota	RS_GCF_900231835.1	GCF_900231835.1	GCA_900231835.1	GCF_900231835.1	accession	True	True	negative	negative	rod	rod	no	no	no	no	aerobe	aerobe	meso	meso	optimum	20.0	False	neutrophile	optimum	
140426	Citrobacter portucalensis	Citrobacter portucalensis	Citrobacter	Pseudomonadota	RS_GCF_002042885.1	GCF_002042885.1	GCA_002042885.1	GCF_002042885.1	accession	True	True	negative	negative	rod	rod	yes	yes	no	no	facultative	facultative	meso	meso	growth_range	35.0	False	neutrophile	growth_range	
140460	Auricoccus indicus	Abyssicoccus albus	Abyssicoccus	Bacillota	RS_GCF_001989575.1	GCF_001989575.1	GCA_001989575.1	GCF_001989575.1	accession	True	False	positive	positive	coccus	coccus	no	no	no	no	aerobe	aerobe	meso	meso	optimum	35.0	False	neutrophile	optimum	
140462	Dehalogenimonas formicexedens	Dehalogenimonas formicexedens	Dehalogenimonas	Chloroflexota	RS_GCF_001953175.1	GCF_001953175.1	GCA_001953175.1	GCF_001953175.1	accession	True	True	negative	negative	coccus	coccus	no	no	no	no	anaerobe	anaerobe	meso	meso	optimum	32.0	False	neutrophile	optimum	
140466	Xenorhabdus thuongxuanensis	Xenorhabdus thuongxuanensis	Xenorhabdus	Pseudomonadota	RS_GCF_001908095.1	GCF_001908095.1	GCA_001908095.1	GCF_001908095.1	accession	True	True	negative	negative	rod	rod	yes	yes	no	no	aerobe	aerobe	meso	meso	growth_range	23.5	False		none	
140468	Hyphobacterium vulgare	Hyphobacterium vulgare	Hyphobacterium	Pseudomonadota	RS_GCF_042643335.1	GCF_042643335.1	GCA_042643335.1	GCF_042643335.1	accession	True	True	negative	negative	rod	rod	no	no	no	no	aerobe	aerobe	meso	meso	optimum	30.0	False	neutrophile	optimum	
140477	Sphingopyxis solisilvae	Sphingopyxis solisilvae	Sphingopyxis	Pseudomonadota	RS_GCF_015475875.1	GCF_015475875.1	GCA_015475875.1	GCF_015475875.1	accession	True	True	negative	negative	rod	rod	yes	yes	no	no	aerobe	aerobe	meso	meso	optimum	30.0	False	neutrophile	optimum	
140510	Lutimaribacter marinistellae	Lutimaribacter_A marinistellae	Lutimaribacter_A	Pseudomonadota	RS_GCF_042648365.1	GCF_042648365.1	GCA_042648365.1	GCF_042648365.1	accession	True	True	negative	negative	rod	rod	yes	yes	no	no	facultative	facultative	meso	meso	optimum	30.0	False	neutrophile	optimum	
140511	Massilia pinisoli	Telluria pinisoli	Telluria	Pseudomonadota	RS_GCF_024753285.1	GCF_024753285.1	GCA_024753285.1	GCF_024753285.1	accession	True	True	negative	negative	rod	rod	yes	yes	no	no	aerobe	aerobe	meso	meso	optimum	34.5	False	neutrophile	optimum	
140515	Gelatiniphilus marinus	Gelatiniphilus marinus	Gelatiniphilus	Bacteroidota	RS_GCF_042678305.1	GCF_042678305.1	GCA_042678305.1	GCF_042678305.1	accession	True	True	negative	negative	rod	rod	no	no	no	no	aerobe	aerobe	meso	meso	optimum	31.5	False	neutrophile	optimum	
140523	Bacillus nakamurai	Bacillus nakamurai	Bacillus	Bacillota	RS_GCF_001584325.1	GCF_001584325.1	GCA_001584325.1	GCF_001584325.1	accession	True	True	positive	positive	rod	rod	yes	yes	yes	yes	aerobe	aerobe	meso	meso	optimum	37.0	False	neutrophile	optimum	
140524	Desulfotomaculum ferrireducens	Desulfotomaculum ferrireducens	Desulfotomaculum	Bacillota	RS_GCF_002005145.1	GCF_002005145.1	GCA_002005145.1	GCF_002005145.1	accession	True	True	positive	positive	rod	rod	yes	yes	yes	yes	anaerobe	anaerobe	thermo	thermo	optimum	50.0	False	neutrophile	optimum	
140529	Paenibacillus tritici	Paenibacillus_AQ tritici	Paenibacillus_AQ	Bacillota	RS_GCF_013204885.1	GCF_013204885.1	GCA_013204885.1	GCF_013204885.1	accession	True	True	positive	positive	rod	rod	yes	yes	yes	yes	aerobe	aerobe	meso	meso	optimum	30.0	False	neutrophile	optimum	
140530	Sporolactobacillus shoreicorticis	Sporolactobacillus shoreicorticis	Sporolactobacillus	Bacillota	RS_GCF_024125445.1	GCF_024125445.1	GCA_024125445.1	GCF_024125445.1	accession	True	True	positive	positive	rod	rod	yes	yes	yes	yes	facultative	facultative	meso	meso	optimum	30.0	False	neutrophile	growth_range	
140531	Merdimonas faecis	Merdimonas faecis	Merdimonas	Bacillota	RS_GCF_001754075.1	GCF_001754075.1	GCA_001754075.1	GCF_001754075.1	designation	True	True	positive	positive	rod	rod	no	no	no	no	anaerobe	anaerobe	meso	meso	optimum	37.0	False	neutrophile	optimum	
140538	Bombella apis	Bombella apis	Bombella	Pseudomonadota	RS_GCF_018221685.1	GCF_018221685.1	GCA_018221685.1	GCF_018221685.1	designation	True	True	negative	negative	rod	rod	no	no	no	no	aerobe	aerobe	meso	meso	optimum	33.5	False	neutrophile	optimum	
140551	Bizionia sediminis	Algorimicrobium sediminis	Algorimicrobium	Bacteroidota	RS_GCF_042684585.1	GCF_042684585.1	GCA_042684585.1	GCF_042684585.1	accession	True	True	negative	negative	rod	rod	no	no	no	no	aerobe	aerobe	meso	meso	optimum	29.0	False	neutrophile	optimum	
140557	Leuconostoc mesenteroides subsp. jonggajibkimchii	Leuconostoc mesenteroides	Leuconostoc	Bacillota	RS_GCF_001886915.1	GCF_001886915.1	GCA_001886915.1	GCF_001886915.1	accession	True	False	positive	positive	coccus	coccus	no	no	no	no	facultative	facultative	meso	meso	optimum	33.5	False	neutrophile	optimum	
140558	Lysinibacillus telephonicus	Ureibacillus telephonicus	Ureibacillus	Bacillota	RS_GCF_003966145.1	GCF_003966145.1	GCA_003966145.1	GCF_003966145.1	accession	True	True	positive	positive	rod	rod	yes	yes	yes	yes	aerobe	aerobe	meso	meso	optimum	37.0	False	neutrophile	optimum	
140564	Flavobacterium olei	Flavobacterium olei	Flavobacterium	Bacteroidota	RS_GCF_039749035.1	GCF_039749035.1	GCA_039749035.1	GCF_039749035.1	accession	True	True	negative	negative	rod	rod	no	no	no	no	aerobe	aerobe	meso	meso	optimum	17.5	False	neutrophile	optimum	
140571	Jeotgalibaca porci	Jeotgalibaca porci	Jeotgalibaca	Bacillota	RS_GCF_011299095.1	GCF_011299095.1	GCA_011299095.1	GCF_011299095.1	accession	True	True	positive	positive	coccus	coccus	no	no	no	no	facultative		meso	meso	growth_range	26.0	False		none	
140572	Jeotgalibaca arthritidis	Jeotgalibaca arthritidis	Jeotgalibaca	Bacillota	RS_GCF_011100465.1	GCF_011100465.1	GCA_011100465.1	GCF_011100465.1	accession	True	True	positive	positive	coccus	coccus	no	no	no	no	facultative		meso	meso	growth_range	26.0	False		none	
140573	Bacillus terrae	Siminovitchia terrae	Siminovitchia	Bacillota	RS_GCF_003605405.2	GCF_003605405.2	GCA_003605405.2	GCF_003605405.2	accession	True	True	positive	positive	rod	rod	yes	yes	yes	yes	aerobe	aerobe	meso	meso	optimum	30.0	False	neutrophile	optimum	
140577	Dyella lipolytica	Dyella_B lipolytica	Dyella_B	Pseudomonadota	RS_GCF_030160075.1	GCF_030160075.1	GCA_030160075.1	GCF_030160075.1	accession	True	True	negative	negative	rod	rod	no	no	no	no	aerobe	aerobe	meso	meso	optimum	28.0	False	acidophile	optimum	
140586	Nesterenkonia cremea	Nesterenkonia cremea	Nesterenkonia	Actinomycetota	RS_GCF_014642675.1	GCF_014642675.1	GCA_014642675.1	GCF_014642675.1	accession	True	True	positive	positive	rod	rod	no	no	no	no	aerobe	aerobe	meso	meso	optimum	37.0	False	neutrophile	optimum	
140592	Salibacter halophilus	Salibacter halophilus	Salibacter	Bacteroidota	RS_GCF_008806325.1	GCF_008806325.1	GCA_008806325.1	GCF_008806325.1	accession	True	True	negative	negative	rod	rod	no	no	no	no	facultative	facultative	meso	meso	optimum	33.0	False	neutrophile	optimum	halophilic
140595	Sphingobacterium alkalisoli	Sphingobacterium alkalisoli	Sphingobacterium	Bacteroidota	RS_GCF_005049105.1	GCF_005049105.1	GCA_005049105.1	GCF_005049105.1	accession	True	True	negative	negative	rod	rod	no	no	no	no	aerobe	aerobe	meso	meso	optimum	30.0	False	neutrophile	optimum	
140596	Hymenobacter coccineus	Hymenobacter coccineus	Hymenobacter	Bacteroidota	RS_GCF_001816125.1	GCF_001816125.1	GCA_001816125.1	GCF_001816125.1	accession	True	True	negative	negative	rod	rod	no	no	no	no	aerobe	aerobe	psychro	psychro	growth_range	12.5	False	neutrophile	growth_single_point	
140597	Hymenobacter lapidarius	Hymenobacter lapidarius	Hymenobacter	Bacteroidota	RS_GCF_001816145.1	GCF_001816145.1	GCA_001816145.1	GCF_001816145.1	accession	True	True	negative	negative	rod	rod	no	no	no	no	aerobe	aerobe	psychro	psychro	growth_range	13.0	False	neutrophile	growth_range	
140598	Hymenobacter glacialis	Hymenobacter glacialis	Hymenobacter	Bacteroidota	RS_GCF_001816165.1	GCF_001816165.1	GCA_001816165.1	GCF_001816165.1	accession	True	True	negative	negative	rod	rod	no	no	no	no	aerobe	aerobe	meso	meso	growth_range	15.0	False	neutrophile	growth_range	
140603	Pararhizobium antarcticum	Pararhizobium antarcticum	Pararhizobium	Pseudomonadota	RS_GCF_001885585.1	GCF_001885585.1	GCA_001885585.1	GCF_001885585.1	accession	True	True	negative	negative	rod	rod	yes	yes	no	no	aerobe	aerobe	meso	meso	optimum	20.0	False	neutrophile	optimum	
140606	Acinetobacter defluvii	Acinetobacter defluvii	Acinetobacter	Pseudomonadota	RS_GCF_001704615.3	GCF_001704615.3	GCA_001704615.3	GCF_001704615.3	accession	True	True	negative	negative	coccus	coccus	no	no	no	no	aerobe	aerobe	meso	meso	growth_range	28.5	False	neutrophile	growth_range	
140608	Caulobacter rhizosphaerae	Caulobacter rhizosphaerae	Caulobacter	Pseudomonadota	RS_GCF_010977555.1	GCF_010977555.1	GCA_010977555.1	GCF_010977555.1	accession	True	True	negative	negative	rod	rod	yes	yes	no	no	aerobe	aerobe	meso	meso	growth_range	20.0	False	neutrophile	growth_range	
140612	Salinicola tamaricis	Salinicola tamaricis	Salinicola	Pseudomonadota	RS_GCF_003006155.1	GCF_003006155.1	GCA_003006155.1	GCF_003006155.1	accession	True	True	negative	negative	rod	rod	yes	yes	no	no	aerobe	aerobe	meso	meso	optimum	30.0	False	neutrophile	optimum	halotolerant
140618	Paenibacillus aceti	Fontibacillus aceti	Fontibacillus	Bacillota	RS_GCF_003614185.1	GCF_003614185.1	GCA_003614185.1	GCF_003614185.1	accession	True	True	negative	negative	rod	rod	yes	yes	yes	yes	facultative	facultative	meso	meso	optimum	37.0	False	neutrophile	optimum	
140621	Chryseomicrobium palamuruense	Chryseomicrobium palamuruense	Chryseomicrobium	Bacillota	RS_GCF_042649045.1	GCF_042649045.1	GCA_042649045.1	GCF_042649045.1	accession	True	True	positive	positive	rod	rod	yes	yes	no	no	aerobe	aerobe	meso	meso	optimum	37.0	False	neutrophile	optimum	
140622	Colwellia sediminilitoris	Cognaticolwellia sediminilitoris	Cognaticolwellia	Pseudomonadota	GB_GCA_002104535.1	GCA_002104535.1	GCA_002104535.1		accession	True	True	negative	negative	rod	rod	yes	yes	no	no	aerobe	aerobe	meso	meso	optimum	30.0	False	neutrophile	optimum	
140624	Rhizorhabdus dicambivorans	Rhizorhabdus dicambivorans	Rhizorhabdus	Pseudomonadota	RS_GCF_002355275.1	GCF_002355275.1	GCA_002355275.1	GCF_002355275.1	accession	True	True	negative	negative	rod	rod	no	no	no	no	aerobe	aerobe	meso	meso	optimum	30.0	False	neutrophile	optimum	
140628	Paracoccus acridae	Paracoccus acridae	Paracoccus	Pseudomonadota	RS_GCF_014642735.1	GCF_014642735.1	GCA_014642735.1	GCF_014642735.1	accession	True	True	negative	negative	rod	rod	no	no	no	no	aerobe	aerobe	meso	meso	optimum	27.5	False	neutrophile	optimum	
140629	Phenylobacterium aquaticum	Phenylobacterium aquaticum	Phenylobacterium	Pseudomonadota	RS_GCF_022695515.1	GCF_022695515.1	GCA_022695515.1	GCF_022695515.1	accession	True	True	negative	negative	rod	rod	no	no	no	no	aerobe	aerobe	meso	meso	optimum	27.5	False	neutrophile	optimum	
140631	Acinetobacter lactucae	Acinetobacter lactucae	Acinetobacter	Pseudomonadota	RS_GCF_001605885.1	GCF_001605885.1	GCA_001605885.1	GCF_001605885.1	accession	True	True	negative	negative	rod	rod	no	no	no	no	aerobe	aerobe	meso	meso	optimum	30.0	False	neutrophile	growth_range	
140632	Novosphingobium flavum	Novosphingobium flavum	Novosphingobium	Pseudomonadota	RS_GCF_014230315.1	GCF_014230315.1	GCA_014230315.1	GCF_014230315.1	accession	True	True	negative	negative	rod	rod	no	no	no	no	aerobe	aerobe	meso	meso	growth_range	23.5	False	neutrophile	growth_range	
140638	Corynebacterium guangdongense	Corynebacterium guangdongense	Corynebacterium	Actinomycetota	RS_GCF_030408915.1	GCF_030408915.1	GCA_030408915.1	GCF_030408915.1	accession	True	False	positive	positive	rod	rod	no	no	no	no	facultative	facultative	meso	meso	optimum	27.5	False	neutrophile	optimum	
140656	Caldicellulosiruptor obsidiansis	Caldicellulosiruptor obsidiansis	Caldicellulosiruptor	Bacillota	RS_GCF_000145215.1	GCF_000145215.1	GCA_000145215.1	GCF_000145215.1	accession	True	True	positive	positive	rod	rod	no	no	no	no	anaerobe	anaerobe	thermo	thermo	optimum	78.0	False	neutrophile	optimum	
140658	Cellvibrio japonicus	Cellvibrio japonicus	Cellvibrio	Pseudomonadota	RS_GCF_000019225.1	GCF_000019225.1	GCA_000019225.1	GCF_000019225.1	designation	True	True	negative	negative	rod	rod	yes	yes	no	no	aerobe	aerobe	meso	meso	growth_range	32.0	False	neutrophile	growth_range	
140665	Thermoflexus hugenholtzii	Thermoflexus hugenholtzii	Thermoflexus	Chloroflexota	RS_GCF_900187885.1	GCF_900187885.1	GCA_900187885.1	GCF_900187885.1	accession	True	True	negative	negative	other	filamentous	no	no	no	no	facultative		thermo	thermo	optimum	73.75	False	neutrophile	optimum	
140666	Thermogemmatispora onikobensis	Thermogemmatispora onikobensis	Thermogemmatispora	Chloroflexota	RS_GCF_001748285.1	GCF_001748285.1	GCA_001748285.1	GCF_001748285.1	accession	True	True	positive	positive	other		no	no	yes	yes	aerobe	aerobe	thermo	thermo	optimum	62.5	False	neutrophile	optimum	
140669	Cumulibacter manganitolerans	Cumulibacter manganitolerans	Cumulibacter	Actinomycetota	RS_GCF_009602465.1	GCF_009602465.1	GCA_009602465.1	GCF_009602465.1	accession	True	True	positive	positive	rod	rod	no	no	no	no	aerobe	aerobe	meso	meso	optimum	28.0	False	neutrophile	optimum	non-halophilic
140674	Pedobacter psychrophilus	Pseudopedobacter psychrophilus	Pseudopedobacter	Bacteroidota	RS_GCF_001652725.1	GCF_001652725.1	GCA_001652725.1	GCF_001652725.1	accession	True	True	negative	negative	rod	rod	no	no	no	no	aerobe	aerobe	meso	meso	optimum	20.0	False	neutrophile	optimum	non-halophilic
140679	Mucilaginibacter rubeus	Mucilaginibacter rubeus	Mucilaginibacter	Bacteroidota	RS_GCF_014643835.1	GCF_014643835.1	GCA_014643835.1	GCF_014643835.1	accession	True	True	negative	negative	rod	rod	no	no	no	no	aerobe	aerobe	meso	meso	growth_range	23.5	False	neutrophile	growth_range	
140681	Emticicia soli	Emticicia soli	Emticicia	Bacteroidota	RS_GCF_042684285.1	GCF_042684285.1	GCA_042684285.1	GCF_042684285.1	accession	True	True	negative	negative	rod	rod	no	no	no	no	aerobe	aerobe	meso	meso	growth_range	23.5	False	neutrophile	optimum	
140684	Chengkuizengella sediminis	Chengkuizengella sediminis	Chengkuizengella	Bacillota	RS_GCF_010078385.1	GCF_010078385.1	GCA_010078385.1	GCF_010078385.1	accession	True	True	positive	positive	rod	rod	yes	yes	yes	yes	aerobe	aerobe	meso	meso	optimum	31.5	False	neutrophile	optimum	
140687	Domibacillus mangrovi	Domibacillus mangrovi	Domibacillus	Bacillota	RS_GCF_001906925.1	GCF_001906925.1	GCA_001906925.1	GCF_001906925.1	accession	True	True	positive	positive	rod	rod	yes	yes	yes	yes	aerobe	aerobe	meso	meso	optimum	30.0	False	neutrophile	optimum	
140688	Domibacillus epiphyticus	Domibacillus epiphyticus	Domibacillus	Bacillota	RS_GCF_001975785.1	GCF_001975785.1	GCA_001975785.1	GCF_001975785.1	accession	True	True	positive	positive	rod	rod	yes	yes	yes	yes	aerobe	aerobe	meso	meso	optimum	37.5	False	neutrophile	optimum	
140704	Mongoliimonas terrestris	Chthonobacter terrestris	Chthonobacter	Pseudomonadota	RS_GCF_001927285.1	GCF_001927285.1	GCA_001927285.1	GCF_001927285.1	accession	True	True	negative	negative	coccus	coccus	no	no	no	no	aerobe	aerobe	meso	meso	optimum	40.0	False	alkaliphile	optimum	non-halophilic
140709	Tenacibaculum haliotis	Polaribacter haliotis_B	Polaribacter	Bacteroidota	RS_GCF_025215075.1	GCF_025215075.1	GCA_025215075.1	GCF_025215075.1	accession	True	True	negative	negative	rod	rod	yes	yes	no	no	aerobe	aerobe	meso	meso	optimum	20.0	False	neutrophile	optimum	
140711	Chitinophaga sedimenti	Chitinophaga sedimenti	Chitinophaga	Bacteroidota	RS_GCF_023156195.1	GCF_023156195.1	GCA_023156195.1	GCF_023156195.1	accession	True	True	negative	negative	rod	rod	no	no	no	no	aerobe	aerobe	meso	meso	optimum	30.0	False	neutrophile	optimum	
140712	Winogradskyella flava	Winogradskyella flava	Winogradskyella	Bacteroidota	RS_GCF_014243395.1	GCF_014243395.1	GCA_014243395.1	GCF_014243395.1	accession	True	True	negative	negative	rod	rod	yes	yes	no	no	aerobe	aerobe	meso	meso	optimum	25.0	False	neutrophile	optimum	
140722	Pelagibacterium lentulum	Pelagibacterium lentulum	Pelagibacterium	Pseudomonadota	RS_GCF_003992625.1	GCF_003992625.1	GCA_003992625.1	GCF_003992625.1	accession	True	True	negative	negative	rod	rod	yes	yes	no	no	aerobe	aerobe	meso	meso	optimum	33.0	False	neutrophile	optimum	
140729	Altererythrobacter aquaemixtae	Pontixanthobacter aquaemixtae	Pontixanthobacter	Pseudomonadota	RS_GCF_009827395.1	GCF_009827395.1	GCA_009827395.1	GCF_009827395.1	accession	True	True	negative	negative	rod	rod	no	no	no	no	aerobe	aerobe	meso	meso	optimum	30.0	False	neutrophile	optimum	
140746	Alteromonas pelagimontana	Alteromonas pelagimontana	Alteromonas	Pseudomonadota	RS_GCF_002499975.2	GCF_002499975.2	GCA_002499975.2	GCF_002499975.2	accession	True	True	negative	negative	coccus	coccus	yes	yes	no	no	aerobe	aerobe	meso	meso	optimum	35.0	False	neutrophile	optimum	
140754	Dyella agri	Rhodanobacter_A agri	Rhodanobacter_A	Pseudomonadota	RS_GCF_044904705.1	GCF_044904705.1	GCA_044904705.1	GCF_044904705.1	designation	True	True	negative	negative	rod	rod	yes	yes	no	no	aerobe	aerobe	meso	meso	optimum	30.0	False	neutrophile	optimum	non-halophilic
140761	Flavobacterium quisquiliarum	Flavobacterium quisquiliarum	Flavobacterium	Bacteroidota	RS_GCF_019308285.1	GCF_019308285.1	GCA_019308285.1	GCF_019308285.1	accession	True	True	negative	negative	rod	rod	no	no	no	no	aerobe	aerobe	meso	meso	optimum	25.0	False	neutrophile	optimum	
140766	Lactobacillus curtus	Furfurilactobacillus curtus	Furfurilactobacillus	Bacillota	RS_GCF_045862785.1	GCF_045862785.1	GCA_045862785.1	GCF_045862785.1	accession	True	True	positive	positive	rod	rod	no	no	no	no	facultative	facultative	meso	meso	optimum	30.0	False	neutrophile	growth_range	
140768	Lentibacillus sediminis	Lentibacillus_D sediminis_A	Lentibacillus_D	Bacillota	RS_GCF_002763455.1	GCF_002763455.1	GCA_002763455.1	GCF_002763455.1	accession	True	True	positive	positive	rod	rod	yes	yes	yes	yes	facultative	facultative	meso	meso	optimum	37.0	False	neutrophile	optimum	
140778	Mucilaginibacter terrae	Mucilaginibacter terrae	Mucilaginibacter	Bacteroidota	RS_GCF_042679325.1	GCF_042679325.1	GCA_042679325.1	GCF_042679325.1	accession	True	True	negative	negative	other	other	no	no	no	no	aerobe	aerobe	meso	meso	growth_range	15.0	False	neutrophile	growth_range	
140783	Nesterenkonia pannonica	Nesterenkonia pannonica	Nesterenkonia	Actinomycetota	RS_GCF_019575955.1	GCF_019575955.1	GCA_019575955.1	GCF_019575955.1	accession	True	True	negative	negative	rod	rod	no	no	no	no	aerobe	aerobe	meso	meso	optimum	26.5	False	alkaliphile	optimum	moderately halophilic
140794	Sphingomonas antarctica	Sphingomonas_O antarctica	Sphingomonas_O	Pseudomonadota	RS_GCF_965137005.1	GCF_965137005.1	GCA_965137005.1	GCF_965137005.1	designation	True	False	negative	negative	rod	rod	no	no	no	no	aerobe	aerobe	meso	meso	optimum	20.0	False	neutrophile	optimum	non-halophilic
140798	Williamwhitmania taraxaci	Williamwhitmania taraxaci	Williamwhitmania	Bacteroidota	RS_GCF_900096565.1	GCF_900096565.1	GCA_900096565.1	GCF_900096565.1	accession	True	True	negative	negative	rod	rod	yes	yes	no	no	anaerobe	anaerobe	meso	meso	optimum	22.5	False	neutrophile	optimum	
140803	Ideonella sakaiensis	Ideonella_A sakaiensis	Ideonella_A	Pseudomonadota	RS_GCF_001293525.1	GCF_001293525.1	GCA_001293525.1	GCF_001293525.1	accession	True	True	negative	negative	rod	rod	yes	yes	no	no	aerobe	aerobe	meso	meso	optimum	33.5	False	neutrophile	optimum	
140823	Niabella pedocola	Niabella pedocola	Niabella	Bacteroidota	RS_GCF_021044425.1	GCF_021044425.1	GCA_021044425.1	GCF_021044425.1	accession	True	True	negative	negative	rod	rod	no	no	no	no	aerobe	aerobe	meso	meso	optimum	30.0	False	neutrophile	optimum	non-halophilic
140827	Pseudoalteromonas fenneropenaei	Pseudoalteromonas fenneropenaei	Pseudoalteromonas	Pseudomonadota	RS_GCF_042660165.1	GCF_042660165.1	GCA_042660165.1	GCF_042660165.1	accession	True	True	negative	negative	rod	rod	yes	yes	no	no	aerobe	aerobe	meso	meso	optimum	30.0	False	neutrophile	optimum	
140829	Salipaludibacillus aurantiacus	Salipaludibacillus aurantiacus	Salipaludibacillus	Bacillota	RS_GCF_900111295.1	GCF_900111295.1	GCA_900111295.1	GCF_900111295.1	accession	True	True	positive	positive	rod	rod	no	no	yes	yes	aerobe	aerobe	meso	meso	optimum	37.0	False	alkaliphile	optimum	
140830	Tenacibaculum sediminilitoris	Polaribacter sediminilitoris	Polaribacter	Bacteroidota	RS_GCF_964513795.1	GCF_964513795.1	GCA_964513795.1	GCF_964513795.1	designation	True	False	negative	negative	rod	rod	no	no	no	no	aerobe	aerobe	meso	meso	optimum	30.0	False	neutrophile	optimum	
140831	Variovorax humicola	Variovorax humicola	Variovorax	Pseudomonadota	RS_GCF_037889915.1	GCF_037889915.1	GCA_037889915.1	GCF_037889915.1	accession	True	True	negative	negative	rod	rod	yes	yes	no	no	aerobe	aerobe	meso	meso	optimum	27.5	False	neutrophile	optimum	
140849	Nocardioides rotundus	Nocardioides rotundus	Nocardioides	Actinomycetota	RS_GCF_019931675.1	GCF_019931675.1	GCA_019931675.1	GCF_019931675.1	accession	True	True	positive	positive	coccus	coccus	no	no	no	no	aerobe	aerobe	meso	meso	optimum	32.5	False	alkaliphile	optimum	
140850	Paenibacillus baekrokdamisoli	Paenibacillus_Z baekrokdamisoli	Paenibacillus_Z	Bacillota	RS_GCF_003945345.1	GCF_003945345.1	GCA_003945345.1	GCF_003945345.1	accession	True	True	positive	positive	rod	rod	yes	yes	yes	yes	aerobe	aerobe	meso	meso	optimum	25.0	False	neutrophile	optimum	
140852	Sphingomonas metalli	Sphingomonas metalli	Sphingomonas	Pseudomonadota	RS_GCF_014641735.1	GCF_014641735.1	GCA_014641735.1	GCF_014641735.1	accession	True	True	negative	negative	rod	rod	no	no	no	no	aerobe	aerobe	meso	meso	optimum	27.5	False	neutrophile	optimum	non-halophilic
140856	Aquisalinus flavus	Aquisalinus flavus	Aquisalinus	Pseudomonadota	RS_GCF_022559625.1	GCF_022559625.1	GCA_022559625.1	GCF_022559625.1	accession	True	True	negative	negative	rod	rod	yes	yes	no	no	aerobe	aerobe	meso	meso	optimum	30.0	False	neutrophile	optimum	
140857	Celeribacter persicus	Celeribacter persicus	Celeribacter	Pseudomonadota	RS_GCF_003050785.1	GCF_003050785.1	GCA_003050785.1	GCF_003050785.1	accession	True	True	negative	negative	rod	rod	no	no	no	no	aerobe	aerobe	meso	meso	optimum	28.0	False	neutrophile	optimum	moderately halophilic
140867	Rhizobium ipomoeae	Allorhizobium ipomoeae	Allorhizobium	Pseudomonadota	RS_GCF_004912165.1	GCF_004912165.1	GCA_004912165.1	GCF_004912165.1	accession	True	True	negative	negative	rod	rod	yes	yes	no	no	aerobe	aerobe	meso	meso	optimum	30.0	False	neutrophile	optimum	
140873	Ampullimonas aquatilis	Ampullimonas aquatilis	Ampullimonas	Pseudomonadota	RS_GCF_049675895.1	GCF_049675895.1	GCA_049675895.1	GCF_049675895.1	accession	True	True	negative	negative	rod	rod	yes	yes	no	no	aerobe	aerobe	meso	meso	optimum	30.0	False	neutrophile	optimum	
140879	Bacillus zhangzhouensis	Bacillus zhangzhouensis	Bacillus	Bacillota	RS_GCF_000715205.1	GCF_000715205.1	GCA_000715205.1	GCF_000715205.1	accession	True	True	positive	positive	rod	rod	yes	yes	yes	yes	aerobe	aerobe	meso	meso	optimum	33.5	False	neutrophile	optimum	
140884	Bifidobacterium aquikefiri	Bombiscardovia aquikefiri	Bombiscardovia	Actinomycetota	RS_GCF_002259795.1	GCF_002259795.1	GCA_002259795.1	GCF_002259795.1	accession	True	True	positive	positive	rod	rod	no	no	no	no	anaerobe	anaerobe	meso	meso	optimum	28.0	False	neutrophile	growth_range	
140890	Kineococcus mangrovi	Kineococcus mangrovi	Kineococcus	Actinomycetota	RS_GCF_050871285.1	GCF_050871285.1	GCA_050871285.1	GCF_050871285.1	accession	True	True	positive	positive	coccus	coccus	yes	yes	no	no	aerobe	aerobe	meso	meso	optimum	26.0	False	neutrophile	optimum	
140896	Membranicola marinus	Membranihabitans marinus	Membranihabitans	Bacteroidota	RS_GCF_021729155.1	GCF_021729155.1	GCA_021729155.1	GCF_021729155.1	accession	True	True	negative	negative	rod	rod	no	no	no	no	aerobe	aerobe	meso	meso	optimum	30.0	False	neutrophile	optimum	
140899	Novosphingobium piscinae	Novosphingobium piscinae	Novosphingobium	Pseudomonadota	RS_GCF_014230355.1	GCF_014230355.1	GCA_014230355.1	GCF_014230355.1	accession	True	True	negative	negative	rod	rod	yes	yes	no	no	aerobe	aerobe	meso	meso	optimum	38.5	False	neutrophile	optimum	non-halophilic
140901	Paraclostridium benzoelyticum	Paraclostridium benzoelyticum	Paraclostridium	Bacillota	RS_GCF_001006285.1	GCF_001006285.1	GCA_001006285.1	GCF_001006285.1	accession	True	True	positive	positive	rod	rod	yes	yes	yes	yes	anaerobe	anaerobe	meso	meso	optimum	32.5	False	neutrophile	optimum	
140911	Terrilactibacillus laevilacticus	Terrilactibacillus laevilacticus	Terrilactibacillus	Bacillota	RS_GCF_006517395.1	GCF_006517395.1	GCA_006517395.1	GCF_006517395.1	accession	True	True	positive	positive	rod	rod	yes	yes	yes	yes	facultative	facultative	meso	meso	growth_range	32.5	False	neutrophile	growth_range	
140929	Massilia violacea	Rugamonas violacea_A	Rugamonas	Pseudomonadota	RS_GCF_014191875.1	GCF_014191875.1	GCA_014191875.1	GCF_014191875.1	accession	True	True	negative	negative	rod	rod	yes	yes	no	no	aerobe	aerobe	meso	meso	optimum	28.0	False	neutrophile	optimum	non-halophilic
140931	Novosphingobium colocasiae	Novosphingobium colocasiae	Novosphingobium	Pseudomonadota	RS_GCF_014652555.1	GCF_014652555.1	GCA_014652555.1	GCF_014652555.1	accession	True	True	negative	negative	rod	rod	no	no	no	no	aerobe	aerobe	meso	meso	optimum	20.0	False	neutrophile	optimum	non-halophilic
140932	Paenibacillus nasutitermitis	Paenibacillus_Z nasutitermitis	Paenibacillus_Z	Bacillota	RS_GCF_014641075.1	GCF_014641075.1	GCA_014641075.1	GCF_014641075.1	accession	True	True	positive	positive	rod	rod	no	no	yes	yes	aerobe	aerobe	meso	meso	optimum	30.0	False	neutrophile	optimum	non-halophilic
140933	Paenibacillus radicis	Pristimantibacillus radicis	Pristimantibacillus	Bacillota	RS_GCF_014641555.1	GCF_014641555.1	GCA_014641555.1	GCF_014641555.1	accession	True	True	positive	positive	rod	rod	yes	yes	yes	yes	aerobe	aerobe	meso	meso	optimum	30.0	False	neutrophile	optimum	
140942	Aquimarina hainanensis	Aquimarina hainanensis	Aquimarina	Bacteroidota	RS_GCF_042684685.1	GCF_042684685.1	GCA_042684685.1	GCF_042684685.1	accession	True	True	negative	negative	rod	rod	no	no	no	no	aerobe	aerobe	meso	meso	optimum	28.0	False	neutrophile	optimum	
140954	Aliifodinibius salicampi	Fodinibius salicampi	Fodinibius	Bacteroidota	RS_GCF_039545095.1	GCF_039545095.1	GCA_039545095.1	GCF_039545095.1	accession	True	True	negative	negative	rod	rod	no	no	no	no	aerobe	aerobe	meso	meso	optimum	37.0	False	neutrophile	optimum	
140955	Flavivirga eckloniae	Flavivirga eckloniae	Flavivirga	Bacteroidota	RS_GCF_002886045.1	GCF_002886045.1	GCA_002886045.1	GCF_002886045.1	accession	True	True	negative	negative	rod	rod	no	no	no	no	aerobe	aerobe	meso	meso	optimum	27.5	False	neutrophile	optimum	
140956	Flavivirga aquimarina	Flavivirga aquimarina	Flavivirga	Bacteroidota	RS_GCF_030540835.1	GCF_030540835.1	GCA_030540835.1	GCF_030540835.1	accession	True	True	negative	negative	rod	rod	no	no	no	no	aerobe	aerobe	meso	meso	optimum	27.5	False	neutrophile	optimum	
140971	Arenimonas soli	Arenimonas soli	Arenimonas	Pseudomonadota	RS_GCF_014643775.1	GCF_014643775.1	GCA_014643775.1	GCF_014643775.1	accession	True	True	negative	negative	rod	rod	no	no	no	no	aerobe	aerobe	meso	meso	optimum	35.0	False	neutrophile	optimum	
140972	Aureimonas endophytica	Plantimonas endophytica	Plantimonas	Pseudomonadota	RS_GCF_014642635.1	GCF_014642635.1	GCA_014642635.1	GCF_014642635.1	accession	True	True	negative	negative	rod	rod	yes	yes	no	no	aerobe	aerobe	meso	meso	optimum	29.0	False	neutrophile	optimum	
140974	Blastomonas fulva	Blastomonas fulva	Blastomonas	Pseudomonadota	RS_GCF_003431825.1	GCF_003431825.1	GCA_003431825.1	GCF_003431825.1	accession	True	True	negative	negative	rod	rod	no	no	no	no	aerobe	aerobe	meso	meso	optimum	30.0	False	neutrophile	optimum	
140975	Massilia solisilvae	Telluria solisilvae	Telluria	Pseudomonadota	RS_GCF_024753215.1	GCF_024753215.1	GCA_024753215.1	GCF_024753215.1	accession	True	True	negative	negative	rod	rod	yes	yes	no	no	aerobe	aerobe	meso	meso	optimum	32.5	False	neutrophile	optimum	
140976	Massilia terrae	Telluria terrae	Telluria	Pseudomonadota	RS_GCF_024753145.1	GCF_024753145.1	GCA_024753145.1	GCF_024753145.1	accession	True	True	negative	negative	rod	rod	yes	yes	no	no	aerobe	aerobe	meso	meso	optimum	32.5	False	neutrophile	optimum	
140977	Massilia agilis	Telluria agilis	Telluria	Pseudomonadota	RS_GCF_024756255.1	GCF_024756255.1	GCA_024756255.1	GCF_024756255.1	accession	True	True	negative	negative	rod	rod	yes	yes	no	no	aerobe	aerobe	meso	meso	optimum	32.5	False	neutrophile	optimum	
140978	Sphingomonas limnosediminicola	Sphingomicrobium limnosediminicola	Sphingomicrobium	Pseudomonadota	RS_GCF_039537965.1	GCF_039537965.1	GCA_039537965.1	GCF_039537965.1	accession	True	True	negative	negative	rod	rod	yes	yes	no	no	aerobe	aerobe	meso	meso	optimum	27.5	False	neutrophile	optimum	
140982	Pseudomonas wadenswilerensis	Aquipseudomonas wadenswilerensis	Aquipseudomonas	Pseudomonadota	RS_GCF_900497695.1	GCF_900497695.1	GCA_900497695.1	GCF_900497695.1	accession	True	True	negative	negative	rod	rod	yes	yes	no	no	aerobe	aerobe	meso	meso	optimum	27.5	False		none	
140983	Pseudomonas reidholzensis	Aquipseudomonas reidholzensis	Aquipseudomonas	Pseudomonadota	RS_GCF_900536025.1	GCF_900536025.1	GCA_900536025.1	GCF_900536025.1	accession	True	True	negative	negative	rod	rod	yes	yes	no	no	aerobe	aerobe	meso	meso	optimum	27.5	False		none	
140986	Massilia agri	Telluria agri	Telluria	Pseudomonadota	RS_GCF_024753255.1	GCF_024753255.1	GCA_024753255.1	GCF_024753255.1	accession	True	True	negative	negative	rod	rod	yes	yes	no	no	aerobe	aerobe	meso	meso	optimum	30.0	False	neutrophile	optimum	
141004	Arenivirga flava	Arenivirga flava	Arenivirga	Actinomycetota	RS_GCF_030161575.1	GCF_030161575.1	GCA_030161575.1	GCF_030161575.1	accession	True	True	positive	positive	rod	rod	no	no	no	no	aerobe	aerobe	meso	meso	optimum	26.5	False	neutrophile	optimum	
141007	Lysinimicrobium sediminis	Demequina sediminis	Demequina	Actinomycetota	RS_GCF_030296675.1	GCF_030296675.1	GCA_030296675.1	GCF_030296675.1	accession	True	True	positive	positive	rod	rod	no	no	no	no	aerobe	aerobe	meso	meso	optimum	28.0	False	neutrophile	optimum	
141010	Agarilytica rhodophyticola	Agarilytica rhodophyticola	Agarilytica	Pseudomonadota	RS_GCF_002157225.2	GCF_002157225.2	GCA_002157225.2	GCF_002157225.2	accession	True	True	negative	negative	rod	rod	yes	yes	no	no	aerobe	aerobe	meso	meso	optimum	30.5	False	neutrophile	optimum	
141012	Allobranchiibius huperziae	Allobranchiibius huperziae	Allobranchiibius	Actinomycetota	RS_GCF_013410455.1	GCF_013410455.1	GCA_013410455.1	GCF_013410455.1	accession	True	True	positive	positive	coccus	coccus	no	no	no	no	aerobe	aerobe	meso	meso	optimum	29.0	False	neutrophile	optimum	
141034	Dyella caseinilytica	Dyella_B caseinilytica	Dyella_B	Pseudomonadota	RS_GCF_016865235.1	GCF_016865235.1	GCA_016865235.1	GCF_016865235.1	accession	True	True	negative	negative	rod	rod	no	no	no	no	aerobe	aerobe	meso	meso	optimum	26.5	False	neutrophile	optimum	
141035	Dyella flava	Dyella_B flava	Dyella_B	Pseudomonadota	RS_GCF_016904955.1	GCF_016904955.1	GCA_016904955.1	GCF_016904955.1	accession	True	True	negative	negative	rod	rod	no	no	no	no	aerobe	aerobe	meso	meso	optimum	28.0	False	acidophile	optimum	
141036	Dyella mobilis	Dyella_B mobilis	Dyella_B	Pseudomonadota	RS_GCF_016904945.1	GCF_016904945.1	GCA_016904945.1	GCF_016904945.1	accession	True	True	negative	negative	rod	rod	yes	yes	no	no	aerobe	aerobe	meso	meso	optimum	26.5	False	neutrophile	optimum	
141047	Pseudokineococcus basanitobsidens	Pseudokineococcus basanitobsidens	Pseudokineococcus	Actinomycetota	RS_GCF_037482545.1	GCF_037482545.1	GCA_037482545.1	GCF_037482545.1	accession	True	True	positive	positive	coccus	coccus	yes	yes	no	no	aerobe	aerobe	meso	meso	optimum	28.0	False	neutrophile	optimum	
141053	Sphingomonas jeddahensis	Sphingomonas jeddahensis	Sphingomonas	Pseudomonadota	RS_GCF_001981525.1	GCF_001981525.1	GCA_001981525.1	GCF_001981525.1	accession	True	True	negative	negative	rod	rod	yes	yes	no	no	aerobe	aerobe	meso	meso	optimum	30.0	False	neutrophile	growth_range	
141062	Shewanella gelidii	Shewanella gelidii	Shewanella	Pseudomonadota	RS_GCF_014647855.1	GCF_014647855.1	GCA_014647855.1	GCF_014647855.1	accession	True	True	negative	negative	rod	rod	yes	yes	no	no	facultative	facultative	meso	meso	optimum	26.0	False	neutrophile	optimum	
141068	Crenalkalicoccus roseus	Crenalkalicoccus roseus	Crenalkalicoccus	Pseudomonadota	RS_GCF_004761865.1	GCF_004761865.1	GCA_004761865.1	GCF_004761865.1	accession	True	True	negative	negative	coccus	coccus	no	no	no	no	aerobe	aerobe	thermo	thermo	optimum	45.0	False	neutrophile	optimum	
141070	Flavobacterium tistrianum	Flavobacterium tistrianum	Flavobacterium	Bacteroidota	RS_GCF_003254545.1	GCF_003254545.1	GCA_003254545.1	GCF_003254545.1	accession	True	True	negative	negative	rod	rod	yes	yes	no	no	aerobe	aerobe	meso	meso	optimum	27.5	False	neutrophile	optimum	
141078	Paracoccus cavernae	Paracoccus cavernae	Paracoccus	Pseudomonadota	RS_GCF_042661105.1	GCF_042661105.1	GCA_042661105.1	GCF_042661105.1	accession	True	True	negative	negative	rod	rod	no	no	no	no	aerobe	aerobe	meso	meso	optimum	25.0	False	neutrophile	growth_range	
141082	Planktosalinus lacus	Planktosalinus lacus	Planktosalinus	Bacteroidota	RS_GCF_014640155.1	GCF_014640155.1	GCA_014640155.1	GCF_014640155.1	accession	True	True	negative	negative	rod	rod	no	no	no	no	aerobe	aerobe	meso	meso	optimum	27.5	False	neutrophile	optimum	
141095	Franconibacter daqui	Franconibacter pulveris	Franconibacter	Pseudomonadota	RS_GCF_014644275.1	GCF_014644275.1	GCA_014644275.1	GCF_014644275.1	accession	True	True	negative	negative	coccus	coccus	yes	yes	no	no	facultative	facultative	meso	meso	optimum	32.5	False	neutrophile	optimum	
141098	Gemmobacter straminiformis	Paragemmobacter straminiformis	Paragemmobacter	Pseudomonadota	RS_GCF_014243445.1	GCF_014243445.1	GCA_014243445.1	GCF_014243445.1	accession	True	True	negative	negative	rod	rod	no	no	no	no	facultative	facultative	meso	meso	optimum	25.0	False	neutrophile	optimum	
141103	Nocardioides immobilis	Nocardioides immobilis	Nocardioides	Actinomycetota	RS_GCF_003515065.1	GCF_003515065.1	GCA_003515065.1	GCF_003515065.1	accession	True	True	negative	negative	rod	rod	no	no	no	no	aerobe	aerobe	meso	meso	optimum	28.0	False	neutrophile	growth_range	
141110	Tenacibaculum agarivorans	Polaribacter agarivorans	Polaribacter	Bacteroidota	RS_GCF_001936575.1	GCF_001936575.1	GCA_001936575.1	GCF_001936575.1	accession	True	True	negative	negative	rod	rod	no	no	no	no	aerobe	aerobe	meso	meso	optimum	28.0	False	neutrophile	optimum	
141115	Deinococcus actinosclerus	Deinococcus actinosclerus	Deinococcus	Deinococcota	RS_GCF_001507665.1	GCF_001507665.1	GCA_001507665.1	GCF_001507665.1	accession	True	True	positive	positive	coccus	coccus	no	no	no	no	aerobe	aerobe	meso	meso	optimum	25.0	False	neutrophile	optimum	
141116	Egicoccus halophilus	Egicoccus halophilus	Egicoccus	Actinomycetota	RS_GCF_004300825.1	GCF_004300825.1	GCA_004300825.1	GCF_004300825.1	accession	True	True	positive	positive	coccus	coccus	no	no	no	no	aerobe	aerobe	meso	meso	optimum	30.0	False	alkaliphile	optimum	slightly halophilic
141117	Fabivirga thermotolerans	Roseivirga thermotolerans	Roseivirga	Bacteroidota	RS_GCF_014653175.1	GCF_014653175.1	GCA_014653175.1	GCF_014653175.1	accession	True	True	negative	negative	rod	rod	yes	yes	no	no	aerobe	aerobe	meso	meso	optimum	30.0	False	neutrophile	optimum	non-halophilic
141127	Roseovarius atlanticus	Roseovarius atlanticus	Roseovarius	Pseudomonadota	RS_GCF_001441615.1	GCF_001441615.1	GCA_001441615.1	GCF_001441615.1	accession	True	True	negative	negative	rod	rod	no	no	no	no	aerobe	aerobe	meso	meso	optimum	26.5	False	neutrophile	optimum	
141132	Egibacter rhizosphaerae	Egibacter rhizosphaerae	Egibacter	Actinomycetota	RS_GCF_004322855.1	GCF_004322855.1	GCA_004322855.1	GCF_004322855.1	accession	True	True	positive	positive	rod	rod	no	no	no	no	aerobe	aerobe	meso	meso	optimum	32.5	False	alkaliphile	optimum	haloalkaliphilic
141138	Lysobacter hankyongensis	Lysobacter_I hankyongensis	Lysobacter_I	Pseudomonadota	RS_GCF_039543145.1	GCF_039543145.1	GCA_039543145.1	GCF_039543145.1	accession	True	True	negative	negative	rod	rod	no	no	no	no	aerobe	aerobe	meso	meso	optimum	30.0	False	neutrophile	optimum	non-halophilic
141141	Massilia putida	Telluria putida	Telluria	Pseudomonadota	RS_GCF_001941825.1	GCF_001941825.1	GCA_001941825.1	GCF_001941825.1	accession	True	True	negative	negative	rod	rod	yes	yes	no	no	aerobe	aerobe	meso	meso	optimum	30.0	False	neutrophile	optimum	non-halophilic
141146	Actibacterium pelagium	Actibacterium_B pelagium	Actibacterium_B	Pseudomonadota	RS_GCF_002285415.1	GCF_002285415.1	GCA_002285415.1	GCF_002285415.1	accession	True	True	negative	negative	rod	rod	no	no	no	no	aerobe	aerobe	meso	meso	optimum	30.0	False	neutrophile	optimum	
141149	Gordonia phthalatica	Gordonia phthalatica	Gordonia	Actinomycetota	RS_GCF_001305675.1	GCF_001305675.1	GCA_001305675.1	GCF_001305675.1	accession	True	True	positive	positive	rod	rod	no	no	no	no	aerobe	aerobe	meso	meso	optimum	30.0	False	neutrophile	optimum	non-halophilic
141151	Lactobacillus allii	Companilactobacillus allii	Companilactobacillus	Bacillota	RS_GCF_001971585.1	GCF_001971585.1	GCA_001971585.1	GCF_001971585.1	accession	True	True	positive	positive	rod	rod	no	no	no	no	facultative	facultative	meso	meso	growth_range	31.0	False	neutrophile	growth_range	
141153	Larkinella soli	Larkinella soli	Larkinella	Bacteroidota	RS_GCF_003703975.1	GCF_003703975.1	GCA_003703975.1	GCF_003703975.1	accession	True	True	negative	negative	rod	rod	yes	yes	no	no	aerobe	aerobe	meso	meso	optimum	30.0	False	neutrophile	optimum	
141159	Pedobacter kyonggii	Pedobacter kyonggii	Pedobacter	Bacteroidota	RS_GCF_004310665.1	GCF_004310665.1	GCA_004310665.1	GCF_004310665.1	accession	True	True	negative	negative	rod	rod	no	no	no	no	aerobe	aerobe	meso	meso	optimum	19.0	False	neutrophile	optimum	non-halophilic
143604	Eubacterium sulci	Eubacterium_B sulci	Eubacterium_B	Bacillota	GB_GCA_001189495.1	GCA_001189495.1	GCA_001189495.1		accession	True	True	negative	negative	rod	rod	no	no	no	no	anaerobe	anaerobe	meso	meso	growth_single_point	37.0	False		none	
154125	Sphingobacterium composti	Sphingobacterium composti	Sphingobacterium	Bacteroidota	RS_GCF_009829075.1	GCF_009829075.1	GCA_009829075.1	GCF_009829075.1	accession	True	True	negative	negative	rod	rod	no	no	no	no	aerobe	aerobe	meso	meso	growth_range	36.0	False		none	
156938	Streptococcus caprae	Streptococcus caprae	Streptococcus	Bacillota	RS_GCF_042649745.1	GCF_042649745.1	GCA_042649745.1	GCF_042649745.1	accession	True	True	positive	positive	coccus	coccus	no	no	no	no	facultative		meso	meso	growth_range	32.0	False		none	
157127	Streptococcus ovuberis	Streptococcus ovuberis	Streptococcus	Bacillota	RS_GCF_012396585.1	GCF_012396585.1	GCA_012396585.1	GCF_012396585.1	accession	True	True	positive	positive	coccus	coccus	no	no	no	no	facultative		meso	meso	growth_range	36.0	False		none	
157686	Thermomonospora catenispora	Thermomonospora catenispora	Thermomonospora	Actinomycetota	RS_GCF_006363815.1	GCF_006363815.1	GCA_006363815.1	GCF_006363815.1	accession	True	True	positive	positive	other	other	no	no	yes	yes	aerobe	aerobe	thermo	thermo	optimum	52.5	False	neutrophile	optimum	
157812	Pseudomonas asiatica	Aquipseudomonas asiatica	Aquipseudomonas	Pseudomonadota	RS_GCF_009932335.1	GCF_009932335.1	GCA_009932335.1	GCF_009932335.1	accession	True	True	negative	negative	rod	rod	yes	yes	no	no	aerobe	aerobe	meso	meso	optimum	32.0	False	neutrophile	optimum	
157972	Acetivibrio mesophilus	Hungateiclostridium mesophilum	Hungateiclostridium	Bacillota	RS_GCF_004102745.1	GCF_004102745.1	GCA_004102745.1	GCF_004102745.1	accession	True	True	positive	positive	rod	rod	no	no	yes	yes	anaerobe	anaerobe	thermo	thermo	optimum	45.0	False	neutrophile	optimum	
158026	Nocardioides sambongensis	Nocardioides sambongensis	Nocardioides	Actinomycetota	RS_GCF_006494815.1	GCF_006494815.1	GCA_006494815.1	GCF_006494815.1	designation	True	True	positive	positive	rod	rod	no	no	no	no	aerobe	aerobe	meso	meso	growth_range	31.0	False	neutrophile	optimum	
158068	Peribacillus alkalitolerans	Bacillus_BN alkalitolerans	Bacillus_BN	Bacillota	RS_GCF_010882125.1	GCF_010882125.1	GCA_010882125.1	GCF_010882125.1	accession	True	True	positive	positive	rod	rod	yes	yes	yes	yes	aerobe	aerobe	meso	meso	optimum	28.0	False	neutrophile	optimum	
158255	Acidocella aquatica	Acidocella aquatica	Acidocella	Pseudomonadota	RS_GCF_030160635.1	GCF_030160635.1	GCA_030160635.1	GCF_030160635.1	accession	True	True	negative	negative	rod	rod	no	no	no	no	aerobe	aerobe	meso	meso	optimum	28.0	False	acidophile	optimum	
158256	Ancylobacter pratisalsi	Ancylobacter pratisalsi	Ancylobacter	Pseudomonadota	RS_GCF_010669125.1	GCF_010669125.1	GCA_010669125.1	GCF_010669125.1	accession	True	True	negative	negative	rod	rod	no	no	no	no	aerobe	aerobe	meso	meso	growth_range	16.0	False		none	
158259	Gottfriedia solisilvae	Gottfriedia solisilvae	Gottfriedia	Bacillota	RS_GCF_002128405.1	GCF_002128405.1	GCA_002128405.1	GCF_002128405.1	accession	True	True	positive	positive	rod	rod	yes	yes	yes	yes	facultative	facultative	meso	meso	optimum	30.0	False	neutrophile	optimum	
158260	Cytobacillus ciccensis	Cytobacillus solani	Cytobacillus	Bacillota	RS_GCF_006704205.1	GCF_006704205.1	GCA_006704205.1	GCF_006704205.1	accession	True	False	positive	positive	rod	rod	yes	yes	yes	yes	aerobe	aerobe	meso	meso	optimum	30.0	False	neutrophile	optimum	
158270	Psychrobacillus lasiicapitis	Psychrobacillus lasiicapitis	Psychrobacillus	Bacillota	RS_GCF_006861795.1	GCF_006861795.1	GCA_006861795.1	GCF_006861795.1	accession	True	True	positive	positive	rod	rod	yes	yes	yes	yes	aerobe	aerobe	meso	meso	optimum	29.0	False	neutrophile	optimum	
158284	Kineococcus terrestris	Kineococcus terrestris	Kineococcus	Actinomycetota	RS_GCF_041020765.1	GCF_041020765.1	GCA_041020765.1	GCF_041020765.1	accession	True	True	positive	positive	coccus	coccus	yes	yes	no	no	aerobe	aerobe	meso	meso	growth_range	25.0	False	neutrophile	optimum	
158306	Monoglobus pectinilyticus	Monoglobus pectinilyticus	Monoglobus	Bacillota	RS_GCF_002874775.1	GCF_002874775.1	GCA_002874775.1	GCF_002874775.1	accession	True	True	positive	positive	coccus	coccus	no	no	no	no	anaerobe	anaerobe	meso	meso	optimum	35.0	False	neutrophile	optimum	
158356	Pseudodesulfovibrio hydrargyri	Pseudodesulfovibrio hydrargyri	Pseudodesulfovibrio	Desulfobacterota	RS_GCF_001874525.1	GCF_001874525.1	GCA_001874525.1	GCF_001874525.1	accession	True	True	negative	negative	other	spiral	yes	yes	no	no	anaerobe	anaerobe	meso	meso	optimum	30.0	False	neutrophile	optimum	
158358	Romboutsia hominis	Romboutsia_C hominis	Romboutsia_C	Bacillota	RS_GCF_900002575.1	GCF_900002575.1	GCA_900002575.1	GCF_900002575.1	accession	True	True	positive	positive	rod	rod	yes	yes	no	no	anaerobe	anaerobe	meso	meso	growth_single_point	37.0	False		none	
158361	Butyricicoccus porcorum	Butyricicoccus_A porcorum	Butyricicoccus_A	Bacillota	RS_GCF_002157465.1	GCF_002157465.1	GCA_002157465.1	GCF_002157465.1	accession	True	True	positive	positive	coccus	coccus	no	no	no	no	anaerobe	anaerobe	meso	meso	optimum	39.0	False	neutrophile	optimum	
158381	Alteribacter populi	Alteribacter populi	Alteribacter	Bacillota	RS_GCF_002352765.1	GCF_002352765.1	GCA_002352765.2	GCF_002352765.1	accession	True	True	negative	negative	rod	rod	no	no	yes	yes	aerobe	aerobe	meso	meso	optimum	25.0	False	neutrophile	optimum	
158383	Microbacterium album	Microbacterium album	Microbacterium	Actinomycetota	RS_GCF_014643695.1	GCF_014643695.1	GCA_014643695.1	GCF_014643695.1	accession	True	True	positive	positive	rod	rod	no	no	no	no	aerobe	aerobe	meso	meso	optimum	28.0	False	neutrophile	optimum	
158395	Marinicrinis lubricantis	Marinicrinis lubricantis	Marinicrinis	Bacillota	RS_GCF_042658665.1	GCF_042658665.1	GCA_042658665.1	GCF_042658665.1	accession	True	True	positive	positive	rod	rod	no	no	yes	yes	aerobe	aerobe	meso	meso	optimum	32.5	False		none	
158396	Georgenia deserti	Allobogoriella deserti	Allobogoriella	Actinomycetota	RS_GCF_042680605.1	GCF_042680605.1	GCA_042680605.1	GCF_042680605.1	accession	True	True	positive	positive	coccus	coccus	no	no	no	no	aerobe	aerobe	meso	meso	optimum	32.5	False	neutrophile	optimum	
158397	Parolsenella catena	Parolsenella catena	Parolsenella	Actinomycetota	RS_GCF_003966955.1	GCF_003966955.1	GCA_003966955.1	GCF_003966955.1	accession	True	True	positive	positive	coccus	coccus	no	no	no	no	anaerobe	anaerobe	meso	meso	optimum	37.0	False	neutrophile	optimum	
158403	Carnobacterium antarcticum	Carnobacterium_A antarcticum	Carnobacterium_A	Bacillota	RS_GCF_042658365.1	GCF_042658365.1	GCA_042658365.1	GCF_042658365.1	accession	True	True	positive	positive	rod	rod	yes	yes	no	no	facultative	facultative	meso	meso	optimum	30.0	False	neutrophile	optimum	
158404	Ellagibacter isourolithinifaciens	Ellagibacter isourolithinifaciens	Ellagibacter	Actinomycetota	RS_GCF_008831035.1	GCF_008831035.1	GCA_008831035.1	GCF_008831035.1	accession	True	True	positive	positive	rod	rod	no	no	no	no	anaerobe	anaerobe	meso	meso	growth_single_point	37.0	False		none	
158408	Collimonas antrihumi	Collimonas antrihumi	Collimonas	Pseudomonadota	RS_GCF_018304965.1	GCF_018304965.1	GCA_018304965.1	GCF_018304965.1	accession	True	True	negative	negative	rod	rod	no	no	no	no	aerobe	aerobe	meso	meso	optimum	25.0	False	neutrophile	optimum	
158411	Apilactobacillus quenuiae	Apilactobacillus quenuiae	Apilactobacillus	Bacillota	RS_GCF_002994005.1	GCF_002994005.1	GCA_002994005.1	GCF_002994005.1	accession	True	True	positive	positive	rod	rod	no	no	no	no	aerobe	aerobe	meso	meso	optimum	32.5	False	neutrophile	optimum	
158412	Apilactobacillus timberlakei	Apilactobacillus timberlakei	Apilactobacillus	Bacillota	RS_GCF_002993965.1	GCF_002993965.1	GCA_002993965.1	GCF_002993965.1	accession	True	True	positive	positive	rod	rod	no	no	no	no	aerobe	aerobe	meso	meso	optimum	32.5	False	acidophile	optimum	
158413	Apilactobacillus micheneri	Apilactobacillus micheneri	Apilactobacillus	Bacillota	RS_GCF_002993975.1	GCF_002993975.1	GCA_002993975.1	GCF_002993975.1	accession	True	True	positive	positive	rod	rod	no	no	no	no	aerobe	aerobe	meso	meso	optimum	32.5	False	neutrophile	optimum	
158414	Streptococcus respiraculi	Streptococcus respiraculi	Streptococcus	Bacillota	RS_GCF_003595525.1	GCF_003595525.1	GCA_003595525.1	GCF_003595525.1	accession	True	True	positive	positive	coccus	coccus	no	no	no	no	facultative	facultative	meso	meso	growth_range	33.5	False		none	
158415	Cohnella kolymensis	Cohnella kolymensis	Cohnella	Bacillota	RS_GCF_000829465.1	GCF_000829465.1	GCA_000829465.1	GCF_000829465.1	accession	True	True	positive	positive	rod	rod	no	no	yes	yes	facultative	facultative	meso	meso	optimum	28.0	False	neutrophile	optimum	
158416	Peribacillus acanthi	Bacillus_BN acanthi	Bacillus_BN	Bacillota	RS_GCF_003073175.1	GCF_003073175.1	GCA_003073175.1	GCF_003073175.1	accession	True	True	positive	positive	rod	rod	no	no	yes	yes	aerobe	aerobe	meso	meso	optimum	37.0	False	neutrophile	optimum	
158419	Spirosoma pollinicola	Spirosoma pollinicola	Spirosoma	Bacteroidota	RS_GCF_002831565.1	GCF_002831565.1	GCA_002831565.1	GCF_002831565.1	accession	True	True	negative	negative	rod	rod	no	no	no	no	aerobe	aerobe	meso	meso	optimum	25.0	False	neutrophile	optimum	
158424	Desertimonas flava	Desertimonas flava	Desertimonas	Actinomycetota	RS_GCF_003426815.1	GCF_003426815.1	GCA_003426815.1	GCF_003426815.1	accession	True	True	positive	positive	other	other	no	no	no	no	aerobe	aerobe	meso	meso	optimum	28.0	False	neutrophile	optimum	
158428	Megasphaera stantonii	Megasphaera stantonii	Megasphaera	Bacillota	RS_GCF_003367905.1	GCF_003367905.1	GCA_003367905.1	GCF_003367905.1	accession	True	True	negative	negative	coccus	coccus	no	no	no	no	anaerobe	anaerobe	meso	meso	optimum	42.0	False	neutrophile	optimum	
158436	Boudabousia tangfeifanii	Boudabousia tangfeifanii	Boudabousia	Actinomycetota	RS_GCF_001856685.1	GCF_001856685.1	GCA_001856685.1	GCF_001856685.1	accession	True	True	positive	positive	rod	rod	no	no	no	no	facultative	facultative	meso	meso	growth_single_point	37.0	False		none	
158437	Kyrpidia spormannii	Kyrpidia spormannii	Kyrpidia	Bacillota	RS_GCF_002804065.1	GCF_002804065.1	GCA_002804065.1	GCF_002804065.1	accession	True	True	positive	positive	rod	rod	no	no	yes	yes	aerobe	aerobe	thermo	thermo	optimum	55.0	False	neutrophile	optimum	
158440	Sutterella megalosphaeroides	Sutterella megalosphaeroides	Sutterella	Pseudomonadota	RS_GCF_003609995.1	GCF_003609995.1	GCA_003609995.1	GCF_003609995.1	accession	True	True	negative	negative	coccus	coccus	no	no	no	no	anaerobe	anaerobe	meso	meso	optimum	37.0	False		none	
158452	Listeria thailandensis	Listeria kieliensis_A	Listeria	Bacillota	GB_GCA_900576925.1	GCA_900576925.1	GCA_900576925.1		accession	True	False	positive	positive	rod	rod	no	no	no	no	facultative	facultative	meso	meso	optimum	33.5	False		none	
158468	Microbacterium ureisolvens	Microbacterium ureisolvens	Microbacterium	Actinomycetota	RS_GCF_015278315.1	GCF_015278315.1	GCA_015278315.1	GCF_015278315.1	accession	True	True	positive	positive	rod	rod	no	no	no	no	aerobe	aerobe	meso	meso	optimum	31.0	False	neutrophile	optimum	
158471	Anaerobacillus alkaliphilus	Anaerobacillus alkaliphilus	Anaerobacillus	Bacillota	RS_GCF_004116265.1	GCF_004116265.1	GCA_004116265.1	GCF_004116265.1	accession	True	True	positive	positive	rod	rod	yes	yes	yes	yes	facultative	facultative	meso	meso	optimum	26.5	False	alkaliphile	optimum	moderately halophilic
158474	Butyricimonas faecalis	Butyricimonas faecalis	Butyricimonas	Bacteroidota	RS_GCF_003991565.1	GCF_003991565.1	GCA_003991565.1	GCF_003991565.1	accession	True	True	negative	negative	rod	rod	no	no	no	no	anaerobe	anaerobe	meso	meso	optimum	37.0	False	neutrophile	growth_range	
158491	Litorihabitans aurantiacus	Litorihabitans aurantiacus	Litorihabitans	Actinomycetota	RS_GCF_030161595.1	GCF_030161595.1	GCA_030161595.1	GCF_030161595.1	accession	True	True	positive	positive	rod	rod	no	no	no	no	aerobe	aerobe	meso	meso	optimum	28.0	False	neutrophile	optimum	
158495	Citroniella saccharovorans	Citroniella saccharovorans	Citroniella	Bacillota	RS_GCF_035481615.1	GCF_035481615.1	GCA_035481615.1	GCF_035481615.1	accession	True	True	positive	positive	coccus	coccus	no	no	no	no	anaerobe	anaerobe	meso	meso	optimum	30.0	False	neutrophile	optimum	
158498	Streptococcus chenjunshii	Streptococcus chenjunshii	Streptococcus	Bacillota	RS_GCF_003086355.1	GCF_003086355.1	GCA_003086355.2	GCF_003086355.1	accession	True	True	positive	positive	coccus	coccus	no	no	no	no	facultative	facultative	meso	meso	optimum	36.0	False	neutrophile	optimum	
158503	Paraliobacillus zengyii	Paraliobacillus_A zengyii	Paraliobacillus_A	Bacillota	RS_GCF_003268595.1	GCF_003268595.1	GCA_003268595.1	GCF_003268595.1	accession	True	True	positive	positive	rod	rod	yes	yes	yes	yes	facultative	facultative	meso	meso	optimum	28.0	False	neutrophile	optimum	slightly halophilic
158504	Specibacter cremeus	Specibacter cremeus	Specibacter	Actinomycetota	RS_GCF_003946885.1	GCF_003946885.1	GCA_003946885.1	GCF_003946885.1	accession	True	True	positive	positive	rod	rod	no	no	no	no	aerobe	aerobe	meso	meso	optimum	30.0	False	neutrophile	optimum	
158505	Halalkalibacter urbisdiaboli	Halalkalibacter_A urbisdiaboli	Halalkalibacter_A	Bacillota	RS_GCF_002156385.1	GCF_002156385.1	GCA_002156385.1	GCF_002156385.1	accession	True	True	negative	negative	rod	rod	yes	yes	yes	yes	facultative	facultative	meso	meso	optimum	30.0	False	alkaliphile	optimum	
158506	Deinococcus fonticola	Deinococcus fonticola	Deinococcus	Deinococcota	RS_GCF_004634215.1	GCF_004634215.1	GCA_004634215.1	GCF_004634215.1	accession	True	True	negative	negative	coccus	coccus	no	no	no	no	aerobe	aerobe	meso	meso	optimum	28.0	False	neutrophile	optimum	
158507	Segatella cerevisiae	Prevotella cerevisiae	Prevotella	Bacteroidota	RS_GCF_024054555.1	GCF_024054555.1	GCA_024054555.1	GCF_024054555.1	accession	True	True	negative	negative	rod	rod	no	no	no	no	anaerobe	anaerobe	meso	meso	growth_single_point	30.0	False	neutrophile	optimum	
158509	Bailinhaonella thermotolerans	Bailinhaonella thermotolerans	Bailinhaonella	Actinomycetota	RS_GCF_003594875.1	GCF_003594875.1	GCA_003594875.1	GCF_003594875.1	accession	True	True	positive	positive	rod	rod	no	no	yes	yes	aerobe	aerobe	meso	meso	growth_range	35.0	False	neutrophile	growth_range	
158524	Pelagirhabdus alkalitolerans	Pelagirhabdus alkalitolerans	Pelagirhabdus	Bacillota	RS_GCF_900096905.1	GCF_900096905.1	GCA_900096905.1	GCF_900096905.1	accession	True	True	positive	positive	rod	rod	no	no	no	no	facultative	facultative	meso	meso	optimum	37.0	False	alkaliphile	optimum	
158527	Pyruvatibacter mobilis	Pyruvatibacter mobilis	Pyruvatibacter	Pseudomonadota	RS_GCF_012848855.1	GCF_012848855.1	GCA_012848855.1	GCF_012848855.1	accession	True	True	negative	negative	rod	rod	yes	yes	no	no	aerobe	aerobe	meso	meso	optimum	30.0	False	neutrophile	optimum	
158539	Ravibacter arvi	Ravibacter arvi	Ravibacter	Bacteroidota	RS_GCF_039540405.1	GCF_039540405.1	GCA_039540405.1	GCF_039540405.1	accession	True	True	negative	negative	rod	rod	no	no	no	no	aerobe	aerobe	meso	meso	optimum	31.0	False	neutrophile	optimum	
158547	Ruegeria marisrubri	Ruegeria marisrubri	Ruegeria	Pseudomonadota	RS_GCF_001507595.1	GCF_001507595.1	GCA_001507595.1	GCF_001507595.1	accession	True	True	negative	negative	rod	rod	no	no	no	no	aerobe	aerobe	meso	meso	optimum	38.5	False	neutrophile	optimum	moderately halophilic
158554	Siccirubricoccus deserti	Siccirubricoccus deserti	Siccirubricoccus	Pseudomonadota	RS_GCF_014283215.1	GCF_014283215.1	GCA_014283215.1	GCF_014283215.1	accession	True	True	negative	negative	coccus	coccus	no	no	no	no	aerobe	aerobe	meso	meso	optimum	32.5	False	neutrophile	optimum	
158558	Tenacibaculum aestuariivivum	Polaribacter aestuariivivum	Polaribacter	Bacteroidota	RS_GCF_964507685.1	GCF_964507685.1	GCA_964507685.1	GCF_964507685.1	designation	True	False	negative	negative	rod	rod	no	no	no	no	aerobe	aerobe	meso	meso	optimum	25.0	False	neutrophile	optimum	
158560	Aeribacillus composti	Aeribacillus composti	Aeribacillus	Bacillota	RS_GCF_007827555.1	GCF_007827555.1	GCA_007827555.1	GCF_007827555.1	accession	True	True	positive	positive	rod	rod	no	no	yes	yes	aerobe	aerobe	thermo	thermo	optimum	60.0	False	alkaliphile	optimum	haloalkaliphilic
158567	Caldovatus sediminis	Caldovatus sediminis	Caldovatus	Pseudomonadota	RS_GCF_014644455.1	GCF_014644455.1	GCA_014644455.1	GCF_014644455.1	accession	True	True	negative	negative	other	other	no	no	no	no	aerobe	aerobe	thermo	thermo	optimum	45.0	False	neutrophile	optimum	
158570	Cohnella algarum	Cohnella algarum	Cohnella	Bacillota	RS_GCF_016937515.1	GCF_016937515.1	GCA_016937515.1	GCF_016937515.1	accession	True	True	positive	positive	rod	rod	yes	yes	yes	yes	facultative	facultative	meso	meso	growth_range	35.0	False	neutrophile	optimum	
158572	Desertibacillus haloalkaliphilus	Desertibacillus haloalkaliphilus	Desertibacillus	Bacillota	RS_GCF_019039105.1	GCF_019039105.1	GCA_019039105.1	GCF_019039105.1	accession	True	True	positive	positive	rod	rod	no	no	yes	yes	aerobe	aerobe	meso	meso	optimum	37.0	False	alkaliphile	optimum	
158577	Pseudomonas tarimensis	Azomonas tarimensis	Azomonas	Pseudomonadota	RS_GCF_042648805.1	GCF_042648805.1	GCA_042648805.1	GCF_042648805.1	accession	True	True	negative	negative	rod	rod	yes	yes	no	no	aerobe	aerobe	meso	meso	optimum	30.0	False	neutrophile	optimum	
158580	Phenylobacterium hankyongense	Phenylobacterium hankyongense	Phenylobacterium	Pseudomonadota	RS_GCF_003254505.1	GCF_003254505.1	GCA_003254505.1	GCF_003254505.1	accession	True	True	negative	negative	rod	rod	no	no	no	no	aerobe	aerobe	meso	meso	optimum	27.5	False	neutrophile	optimum	
158583	Phytobacter ursingii	Phytobacter ursingii	Phytobacter	Pseudomonadota	GB_GCA_901456055.1	GCA_901456055.1	GCA_901456055.1		accession	True	True	negative	negative	rod	rod	yes	yes	no	no	facultative	facultative	meso	meso	optimum	32.5	False	neutrophile	optimum	
158587	Tenacibaculum insulae	Polaribacter insulae_A	Polaribacter	Bacteroidota	RS_GCF_964512435.1	GCF_964512435.1	GCA_964512435.1	GCF_964512435.1	designation	True	False	negative	negative	rod	rod	no	no	no	no	aerobe	aerobe	meso	meso	optimum	25.0	False	neutrophile	optimum	
158593	Paraburkholderia azotifigens	Paraburkholderia azotifigens	Paraburkholderia	Pseudomonadota	RS_GCF_007995085.1	GCF_007995085.1	GCA_007995085.1	GCF_007995085.1	designation	True	True	negative	negative	rod	rod	no	no	no	no	aerobe	aerobe	meso	meso	optimum	27.5	False	neutrophile	optimum	
158603	Pedobacter quisquiliarum	Pedobacter quisquiliarum	Pedobacter	Bacteroidota	RS_GCF_014642175.1	GCF_014642175.1	GCA_014642175.1	GCF_014642175.1	accession	True	True	negative	negative	rod	rod	no	no	no	no	aerobe	aerobe	meso	meso	optimum	30.0	False	neutrophile	optimum	
158609	Bacillus tamaricis	Evansella tamaricis	Evansella	Bacillota	RS_GCF_019042215.1	GCF_019042215.1	GCA_019042215.1	GCF_019042215.1	accession	True	True	positive	positive	rod	rod	yes	yes	yes	yes	facultative	facultative	meso	meso	optimum	30.0	False	alkaliphile	optimum	
158610	Bacillus camelliae	Margalitia camelliae	Margalitia	Bacillota	RS_GCF_002844575.1	GCF_002844575.1	GCA_002844575.1	GCF_002844575.1	accession	True	True	positive	positive	rod	rod	yes	yes	yes	yes	aerobe	aerobe	meso	meso	optimum	37.5	False	neutrophile	optimum	
158621	Epidermidibacterium keratini	Epidermidibacterium keratini	Epidermidibacterium	Actinomycetota	RS_GCF_009834025.1	GCF_009834025.1	GCA_009834025.1	GCF_009834025.1	accession	True	True	positive	positive	rod	rod	no	no	no	no	aerobe	aerobe	meso	meso	optimum	25.0	False	neutrophile	optimum	
158627	Tsukamurella ocularis	Tsukamurella ocularis_A	Tsukamurella	Actinomycetota	RS_GCF_965138335.1	GCF_965138335.1	GCA_965138335.1	GCF_965138335.1	designation	True	False	positive	positive	rod	rod	no	no	no	no	aerobe	aerobe	meso	meso	growth_single_point	37.0	False		none	
158628	Tsukamurella hominis	Tsukamurella hominis	Tsukamurella	Actinomycetota	RS_GCF_965137015.1	GCF_965137015.1	GCA_965137015.1	GCF_965137015.1	designation	True	False	positive	positive	rod	rod	no	no	no	no	aerobe	aerobe	meso	meso	growth_single_point	37.0	False		none	
158642	Blautia hominis	Blautia hominis	Blautia	Bacillota	RS_GCF_002270465.1	GCF_002270465.1	GCA_002270465.1	GCF_002270465.1	accession	True	True	positive	positive	other	other	no	no	yes	yes	anaerobe	anaerobe	meso	meso	growth_range	28.5	False		none	
158660	Altererythrobacter fulvus	Andeanibacterium fulvum	Andeanibacterium	Pseudomonadota	RS_GCF_037154085.1	GCF_037154085.1	GCA_037154085.1	GCF_037154085.1	accession	True	True	negative	negative	rod	rod	no	no	no	no	aerobe	aerobe	meso	meso	optimum	27.5	False	neutrophile	optimum	
158671	Bacteroides kribbi	Bacteroides ovatus	Bacteroides	Bacteroidota	RS_GCF_007341395.1	GCF_007341395.1	GCA_007341395.1	GCF_007341395.1	accession	True	True	negative	negative	rod	rod	no	no	no	no	anaerobe	anaerobe	meso	meso	optimum	37.0	False	neutrophile	optimum	
158677	Marmoricola endophyticus	Marmoricola endophyticus	Marmoricola	Actinomycetota	RS_GCF_014644415.1	GCF_014644415.1	GCA_014644415.1	GCF_014644415.1	accession	True	True	positive	positive	rod	rod	no	no	no	no	aerobe	aerobe	meso	meso	optimum	29.0	False	neutrophile	optimum	
158678	Massilia buxea	Rugamonas buxea	Rugamonas	Pseudomonadota	RS_GCF_009720835.1	GCF_009720835.1	GCA_009720835.1	GCF_009720835.1	accession	True	True	negative	negative	rod	rod	yes	yes	no	no	aerobe	aerobe	meso	meso	optimum	29.0	False	neutrophile	optimum	
158682	Psychrosphaera aquimarina	Psychrosphaera aquimarina	Psychrosphaera	Pseudomonadota	RS_GCF_032461525.1	GCF_032461525.1	GCA_032461525.1	GCF_032461525.1	accession	True	True	negative	negative	rod	rod	yes	yes	no	no	aerobe	aerobe	meso	meso	optimum	27.5	False	neutrophile	optimum	
158695	Ornithinibacillus salinisoli	Ornithinibacillus salinisoli	Ornithinibacillus	Bacillota	RS_GCF_042682545.1	GCF_042682545.1	GCA_042682545.1	GCF_042682545.1	accession	True	True	positive	positive	rod	rod	yes	yes	yes	yes	aerobe	aerobe	meso	meso	optimum	27.5	False	neutrophile	optimum	
158703	Roseisolibacter agri	Roseisolibacter agri	Roseisolibacter	Gemmatimonadota	RS_GCF_030159095.1	GCF_030159095.1	GCA_030159095.1	GCF_030159095.1	designation	True	True	negative	negative	rod	rod	no	no	no	no	aerobe	aerobe	meso	meso	optimum	22.5	False	neutrophile	optimum	
158709	Parvibium lacunae	Parvibium lacunae	Parvibium	Pseudomonadota	RS_GCF_003335215.1	GCF_003335215.1	GCA_003335215.1	GCF_003335215.1	designation	True	True	negative	negative	rod	rod	yes	yes	no	no	aerobe	aerobe	meso	meso	optimum	31.0	False	neutrophile	optimum	
158714	Amnibacterium endophyticum	Amnibacterium endophyticum	Amnibacterium	Actinomycetota	RS_GCF_042680685.1	GCF_042680685.1	GCA_042680685.1	GCF_042680685.1	accession	True	True	positive	positive	rod	rod	no	no	no	no	aerobe	aerobe	meso	meso	optimum	29.0	False	neutrophile	optimum	
158724	Tumebacillus avium	Tumebacillus_A avium	Tumebacillus_A	Bacillota	RS_GCF_002162355.1	GCF_002162355.1	GCA_002162355.1	GCF_002162355.1	accession	True	True	positive	positive	rod	rod	yes	yes	yes	yes	facultative	facultative	meso	meso	optimum	27.5	False	neutrophile	optimum	
158731	Bacillus lacus	Metabacillus_C lacus	Metabacillus_C	Bacillota	RS_GCF_009674805.1	GCF_009674805.1	GCA_009674805.1	GCF_009674805.1	accession	True	True	positive	positive	rod	rod	yes	yes	yes	yes	aerobe	aerobe	meso	meso	optimum	37.0	False	alkaliphile	optimum	
158735	Stenotrophomonas lactitubi	Stenotrophomonas lactitubi	Stenotrophomonas	Pseudomonadota	RS_GCF_002803515.1	GCF_002803515.1	GCA_002803515.1	GCF_002803515.1	accession	True	True	negative	negative	rod	rod	yes	yes	no	no	aerobe	aerobe	meso	meso	growth_range	21.5	False	neutrophile	growth_range	
158760	Paenibacillus crassostreae	Paenibacillus_AQ crassostreae	Paenibacillus_AQ	Bacillota	RS_GCF_001857945.1	GCF_001857945.1	GCA_001857945.1	GCF_001857945.1	accession	True	True	positive	positive	rod	rod	yes	yes	yes	yes	facultative	facultative	meso	meso	optimum	25.0	False	neutrophile	optimum	
158761	Pseudomonas floridensis	Aquipseudomonas floridensis	Aquipseudomonas	Pseudomonadota	RS_GCF_002087235.1	GCF_002087235.1	GCA_002087235.1	GCF_002087235.1	accession	True	True	negative	negative	rod	rod	yes	yes	no	no	aerobe	aerobe	meso	meso	optimum	27.5	False	neutrophile	growth_range	
158766	Salibacterium lacus	Salibacterium lacus	Salibacterium	Bacillota	RS_GCF_042684865.1	GCF_042684865.1	GCA_042684865.1	GCF_042684865.1	accession	True	True	positive	positive	rod	rod	yes	yes	no	no	aerobe	aerobe	meso	meso	optimum	30.0	False	neutrophile	optimum	halophilic
158781	Halomonas malpeensis	Vreelandella malpeensis	Vreelandella	Pseudomonadota	RS_GCF_042651245.1	GCF_042651245.1	GCA_042651245.1	GCF_042651245.1	accession	True	True	negative	negative	rod	rod	yes	yes	no	no	aerobe	aerobe	meso	meso	optimum	27.5	False	neutrophile	optimum	halophilic
158785	Veillonella infantium	Veillonella infantium	Veillonella	Bacillota	RS_GCF_002959895.1	GCF_002959895.1	GCA_002959895.1	GCF_002959895.1	accession	True	True	negative	negative	coccus	coccus	no	no	no	no	anaerobe	anaerobe	meso	meso	growth_single_point	37.0	False		none	
158792	Tenacibaculum todarodis	Polaribacter todarodis	Polaribacter	Bacteroidota	RS_GCF_001889045.1	GCF_001889045.1	GCA_001889045.1	GCF_001889045.1	accession	True	True	negative	negative	rod	rod	yes	yes	no	no	aerobe	aerobe	meso	meso	optimum	25.0	False	neutrophile	optimum	
158793	Companilactobacillus metriopterae	Companilactobacillus metriopterae	Companilactobacillus	Bacillota	RS_GCF_004117915.1	GCF_004117915.1	GCA_004117915.1	GCF_004117915.1	accession	True	True	positive	positive	rod	rod	no	no	no	no	facultative	facultative	meso	meso	growth_range	26.0	False		none	
158794	Streptococcus penaeicida	Streptococcus penaeicida	Streptococcus	Bacillota	RS_GCF_002887775.1	GCF_002887775.1	GCA_002887775.1	GCF_002887775.1	accession	True	True	positive	positive	coccus	coccus	no	no	no	no	facultative	facultative	meso	meso	growth_range	22.0	False	neutrophile	growth_range	
158803	Aquimarina celericrescens	Aquimarina celericrescens	Aquimarina	Bacteroidota	RS_GCF_042682765.1	GCF_042682765.1	GCA_042682765.1	GCF_042682765.1	accession	True	True	negative	negative	rod	rod	yes	yes	no	no	aerobe	aerobe	meso	meso	optimum	30.0	False	neutrophile	optimum	slightly halophilic
158808	Acidovorax kalamii	Acidovorax kalamii	Acidovorax	Pseudomonadota	RS_GCF_002245625.1	GCF_002245625.1	GCA_002245625.1	GCF_002245625.1	accession	True	True	negative	negative	rod	rod	yes	yes	no	no	aerobe	aerobe	meso	meso	optimum	30.0	False	neutrophile	optimum	non-halophilic
158810	Flavobacterium hankyongi	Flavobacterium hankyongi	Flavobacterium	Bacteroidota	RS_GCF_039542845.1	GCF_039542845.1	GCA_039542845.1	GCF_039542845.1	accession	True	True	negative	negative	rod	rod	no	no	no	no	aerobe	aerobe	meso	meso	optimum	30.0	False	neutrophile	optimum	non-halophilic
158813	Camelliibacillus cellulosilyticus	Camelliibacillus cellulosilyticus	Camelliibacillus	Bacillota	RS_GCF_042654185.1	GCF_042654185.1	GCA_042654185.1	GCF_042654185.1	accession	True	True	positive	positive	rod	rod	no	no	yes	yes	aerobe	aerobe	meso	meso	optimum	27.5	False	neutrophile	optimum	non-halophilic
158816	Paenibacillus yanchengensis	Pristimantibacillus yanchengensis	Pristimantibacillus	Bacillota	RS_GCF_042684845.1	GCF_042684845.1	GCA_042684845.1	GCF_042684845.1	accession	True	True	negative	negative	rod	rod	yes	yes	yes	yes	aerobe	aerobe	meso	meso	optimum	30.0	False	neutrophile	optimum	
158858	Peribacillus saganii	Peribacillus saganii	Peribacillus	Bacillota	RS_GCF_003429095.1	GCF_003429095.1	GCA_003429095.1	GCF_003429095.1	accession	True	True	positive	positive	rod	rod	yes	yes	yes	yes	aerobe	aerobe	meso	meso	optimum	25.0	False	alkaliphile	optimum	
158859	Peribacillus glennii	Peribacillus glennii	Peribacillus	Bacillota	RS_GCF_003429105.1	GCF_003429105.1	GCA_003429105.1	GCF_003429105.1	accession	True	True	positive	positive	rod	rod	yes	yes	yes	yes	aerobe	aerobe	meso	meso	optimum	32.0	False	alkaliphile	optimum	
158883	Bacteroides faecalis	Bacteroides faecalis	Bacteroides	Bacteroidota	RS_GCF_003865075.1	GCF_003865075.1	GCA_003865075.1	GCF_003865075.1	accession	True	True	negative	negative	rod	rod	no	no	no	no	anaerobe	anaerobe	meso	meso	optimum	37.0	False	acidophile	optimum	
159052	Dysosmobacter welbionis	Oscillibacter welbionis	Oscillibacter	Bacillota	RS_GCF_005121165.3	GCF_005121165.3	GCA_005121165.3	GCF_005121165.3	accession	True	True	negative	negative	rod	rod	no	no	no	no	facultative	facultative	meso	meso	growth_single_point	37.0	False		none	
159168	Pseudomonas bubulae	Aquipseudomonas bubulae	Aquipseudomonas	Pseudomonadota	RS_GCF_900618535.1	GCF_900618535.1	GCA_900618535.1	GCF_900618535.1	accession	True	False	negative	negative	rod	rod	yes	yes	no	no	aerobe	aerobe	meso	meso	growth_range	17.5	False	neutrophile	growth_range	
159185	Aerosticca soli	Aerosticca soli	Aerosticca	Pseudomonadota	RS_GCF_003967035.1	GCF_003967035.1	GCA_003967035.1	GCF_003967035.1	accession	True	True	negative	negative	rod	rod	yes	yes	no	no	aerobe	aerobe	meso	meso	optimum	43.5	False	neutrophile	optimum	
159192	Acidithiobacillus sulfuriphilus	Acidithiobacillus_B sulfuriphilus	Acidithiobacillus_B	Pseudomonadota	RS_GCF_003721225.2	GCF_003721225.2	GCA_003721225.2	GCF_003721225.2	accession	True	True	negative	negative	rod	rod	yes	yes	no	no	aerobe	aerobe	meso	meso	optimum	26.5	False	acidophile	optimum	
159196	Propioniciclava flava	Propioniciclava flava	Propioniciclava	Actinomycetota	RS_GCF_004126535.1	GCF_004126535.1	GCA_004126535.1	GCF_004126535.1	accession	True	True	positive	positive	rod	rod	no	no	no	no	anaerobe	anaerobe	meso	meso	optimum	32.0	False	neutrophile	optimum	
159311	Ktedonosporobacter rubrisoli	Ktedonosporobacter rubrisoli	Ktedonosporobacter	Chloroflexota	RS_GCF_004208415.1	GCF_004208415.1	GCA_004208415.1	GCF_004208415.1	accession	True	True	positive	positive	other	filamentous	no	no	yes	yes	aerobe	aerobe	meso	meso	optimum	31.5	False	neutrophile	optimum	
159350	Actinomyces qiguomingii	Actinomyces qiguomingii	Actinomyces	Actinomycetota	RS_GCF_004102025.1	GCF_004102025.1	GCA_004102025.1	GCF_004102025.1	accession	True	False	positive	positive	rod	rod	no	no	no	no	facultative	facultative	meso	meso	optimum	37.0	False	neutrophile	optimum	
159377	Paenibacillus xylanivorans	Paenibacillus xylanivorans	Paenibacillus	Bacillota	RS_GCF_001280595.1	GCF_001280595.1	GCA_001280595.1	GCF_001280595.1	accession	True	True	positive	positive	rod	rod	yes	yes	yes	yes	facultative	facultative	meso	meso	optimum	30.0	False	neutrophile	optimum	
159403	Deinococcus psychrotolerans	Deinococcus psychrotolerans	Deinococcus	Deinococcota	RS_GCF_003860465.1	GCF_003860465.1	GCA_003860465.1	GCF_003860465.1	accession	True	True	negative	negative	coccus	coccus	no	no	no	no	aerobe	aerobe	meso	meso	optimum	20.0	False	neutrophile	optimum	
159479	Streptomyces triticagri	Streptomyces triticagri	Streptomyces	Actinomycetota	RS_GCF_003429565.1	GCF_003429565.1	GCA_003429565.1	GCF_003429565.1	accession	True	True	positive	positive	other	other	no	no	yes	yes	aerobe	aerobe	meso	meso	optimum	28.0	False	neutrophile	optimum	
159616	Agromyces tardus	Agromyces tardus	Agromyces	Actinomycetota	RS_GCF_003710805.1	GCF_003710805.1	GCA_003710805.1	GCF_003710805.1	accession	True	True	positive	positive	rod	rod	no	no	no	no	aerobe	aerobe	meso	meso	optimum	28.0	False	neutrophile	optimum	
159637	Blastococcus litoris	Blastococcus_B litoris	Blastococcus_B	Actinomycetota	RS_GCF_003075095.1	GCF_003075095.1	GCA_003075095.1	GCF_003075095.1	accession	True	True	positive	positive	coccus	coccus	no	no	no	no	aerobe	aerobe	meso	meso	optimum	32.5	False	neutrophile	optimum	
159642	Lentzea terrae	Lentzea terrae	Lentzea	Actinomycetota	RS_GCF_003265345.1	GCF_003265345.1	GCA_003265345.1	GCF_003265345.1	accession	True	True	positive	positive	rod	rod	no	no	yes	yes	aerobe	aerobe	meso	meso	optimum	28.0	False	neutrophile	optimum	
159661	Trinickia diaoshuihuensis	Trinickia diaoshuihuensis	Trinickia	Pseudomonadota	RS_GCF_003390925.1	GCF_003390925.1	GCA_003390925.1	GCF_003390925.1	accession	True	True	negative	negative	rod	rod	no	no	no	no	aerobe	aerobe	meso	meso	optimum	30.0	False	neutrophile	optimum	
159700	Paracoccus fontiphilus	Paracoccus fontiphilus	Paracoccus	Pseudomonadota	RS_GCF_017356265.1	GCF_017356265.1	GCA_017356265.1	GCF_017356265.1	accession	True	True	negative	negative	rod	rod	no	no	no	no	aerobe	aerobe	meso	meso	optimum	22.5	False	neutrophile	optimum	
159708	Marinicella sediminis	Marinicella sediminis	Marinicella	Pseudomonadota	RS_GCF_002000055.1	GCF_002000055.1	GCA_002000055.1	GCF_002000055.1	accession	True	True	negative	negative	rod	rod	no	no	no	no	aerobe	aerobe	meso	meso	optimum	33.0	False	neutrophile	optimum	
159709	Acidicapsa dinghuensis	Acidicapsa dinghuensis	Acidicapsa	Acidobacteriota	RS_GCF_025685685.1	GCF_025685685.1	GCA_025685685.1	GCF_025685685.1	accession	True	True	negative	negative	rod	rod	no	no	no	no	aerobe	aerobe	meso	meso	optimum	27.5	False	acidophile	optimum	
159710	Gramella salexigens	Christiangramia salexigens	Christiangramia	Bacteroidota	RS_GCF_001889005.1	GCF_001889005.1	GCA_001889005.1	GCF_001889005.1	accession	True	True	negative	negative	rod	rod	yes	yes	no	no	aerobe	aerobe	meso	meso	optimum	30.0	False	neutrophile	optimum	
159714	Caballeronia insecticola	Caballeronia insecticola	Caballeronia	Pseudomonadota	RS_GCF_000402035.1	GCF_000402035.1	GCA_000402035.1	GCF_000402035.1	accession	True	True	negative	negative	rod	rod	yes	yes	no	no	aerobe	aerobe	meso	meso	optimum	30.0	False	neutrophile	growth_range	
159721	Ferrigenium kumadai	Gallionella kumadai	Gallionella	Pseudomonadota	RS_GCF_018324385.1	GCF_018324385.1	GCA_018324385.1	GCF_018324385.1	accession	True	True	negative	negative	rod	rod	yes	yes	no	no	facultative	microaerophile	meso	meso	optimum	27.5	True	neutrophile	optimum	
159726	Kushneria phyllosphaerae	Kushneria phyllosphaerae	Kushneria	Pseudomonadota	RS_GCF_900312995.1	GCF_900312995.1	GCA_900312995.1	GCF_900312995.1	accession	True	True	negative	negative	rod	rod	yes	yes	no	no	aerobe	aerobe	meso	meso	optimum	30.0	False	neutrophile	optimum	moderately halophilic
159727	Saccharospirillum mangrovi	Saccharospirillum mangrovi	Saccharospirillum	Pseudomonadota	RS_GCF_003367315.1	GCF_003367315.1	GCA_003367315.1	GCF_003367315.1	accession	True	True	negative	negative	other	spiral	yes	yes	no	no	aerobe	aerobe	meso	meso	optimum	37.0	False	neutrophile	optimum	
159731	Mangrovicella endophytica	Mangrovicella endophytica	Mangrovicella	Pseudomonadota	RS_GCF_002893625.1	GCF_002893625.1	GCA_002893625.1	GCF_002893625.1	accession	True	True	negative	negative	rod	rod	yes	yes	no	no	aerobe	aerobe	meso	meso	optimum	30.0	False	neutrophile	optimum	
159732	Emcibacter congregatus	Paremcibacter congregatus	Paremcibacter	Pseudomonadota	RS_GCF_006385135.1	GCF_006385135.1	GCA_006385135.1	GCF_006385135.1	accession	True	True	negative	negative	rod	rod	yes	yes	no	no	aerobe	aerobe	meso	meso	optimum	25.0	False	neutrophile	optimum	
159733	Phreatobacter cathodiphilus	Phreatobacter cathodiphilus	Phreatobacter	Pseudomonadota	RS_GCF_003008515.1	GCF_003008515.1	GCA_003008515.1	GCF_003008515.1	accession	True	True	negative	negative	rod	rod	yes	yes	no	no	aerobe	aerobe	meso	meso	optimum	29.0	False	neutrophile	optimum	
159734	Sphingomonas aeria	Sphingomonas carotinifaciens	Sphingomonas	Pseudomonadota	RS_GCF_003287395.1	GCF_003287395.1	GCA_003287395.1	GCF_003287395.1	accession	True	False	negative	negative	rod	rod	no	no	no	no	aerobe	aerobe	meso	meso	optimum	28.0	False	neutrophile	optimum	
159736	Pueribacillus theae	Pueribacillus theae	Pueribacillus	Bacillota	RS_GCF_003097615.1	GCF_003097615.1	GCA_003097615.1	GCF_003097615.1	accession	True	True	positive	positive	rod	rod	yes	yes	yes	yes	aerobe	aerobe	meso	meso	optimum	41.0	False	neutrophile	optimum	
159739	Clostridium bovifaecis	Clostridium_H bovifaecis	Clostridium_H	Bacillota	GB_GCA_009738435.1	GCA_009738435.1	GCA_009738435.1		accession	True	True	positive	positive	rod	rod	yes	yes	yes	yes	anaerobe	anaerobe	meso	meso	optimum	30.0	False	neutrophile	optimum	
159746	Arenimonas caeni	Arenimonas caeni	Arenimonas	Pseudomonadota	RS_GCF_003024235.1	GCF_003024235.1	GCA_003024235.1	GCF_003024235.1	accession	True	True	negative	negative	rod	rod	yes	yes	no	no	aerobe	aerobe	meso	meso	optimum	30.0	False	neutrophile	optimum	
159754	Marinobacter fuscus	Marinobacter fuscus	Marinobacter	Pseudomonadota	RS_GCF_003007675.1	GCF_003007675.1	GCA_003007675.1	GCF_003007675.1	accession	True	True	negative	negative	rod	rod	no	no	no	no	aerobe	aerobe	meso	meso	optimum	37.0	False	neutrophile	optimum	
159756	Primorskyibacter marinus	Primorskyibacter marinus	Primorskyibacter	Pseudomonadota	RS_GCF_003313245.1	GCF_003313245.1	GCA_003313245.1	GCF_003313245.1	accession	True	True	negative	negative	rod	rod	no	no	no	no	aerobe	aerobe	meso	meso	optimum	30.0	False	neutrophile	optimum	
159761	Dyella halodurans	Dyella halodurans	Dyella	Pseudomonadota	RS_GCF_042654325.1	GCF_042654325.1	GCA_042654325.1	GCF_042654325.1	accession	True	True	negative	negative	rod	rod	yes	yes	no	no	aerobe	aerobe	meso	meso	optimum	28.0	False	neutrophile	optimum	
159764	Flagellimonas aquimarina	Flagellimonas aquimarina	Flagellimonas	Bacteroidota	RS_GCF_003149745.1	GCF_003149745.1	GCA_003149745.1	GCF_003149745.1	accession	True	True	negative	negative	rod	rod	no	no	no	no	aerobe	aerobe	meso	meso	optimum	27.5	False	neutrophile	optimum	
159768	Pedobacter chitinilyticus	Pedobacter chitinilyticus	Pedobacter	Bacteroidota	RS_GCF_003313385.1	GCF_003313385.1	GCA_003313385.1	GCF_003313385.1	accession	True	True	negative	negative	rod	rod	yes	yes	no	no	aerobe	aerobe	meso	meso	optimum	28.0	False	neutrophile	optimum	
159770	Alcanivorax indicus	Isoalcanivorax indicus	Isoalcanivorax	Pseudomonadota	RS_GCF_003259185.1	GCF_003259185.1	GCA_003259185.1	GCF_003259185.1	accession	True	True	negative	negative	rod	rod	yes	yes	no	no	aerobe	aerobe	meso	meso	optimum	30.0	False	neutrophile	optimum	
159772	Zobellella endophytica	Oceanimonas endophytica	Oceanimonas	Pseudomonadota	RS_GCF_003012775.1	GCF_003012775.1	GCA_003012775.1	GCF_003012775.1	accession	True	True	negative	negative	rod	rod	yes	yes	no	no	aerobe	aerobe	meso	meso	optimum	31.0	False	neutrophile	optimum	
159774	Acinetobacter sichuanensis	Acinetobacter sichuanensis	Acinetobacter	Pseudomonadota	RS_GCF_003024515.2	GCF_003024515.2	GCA_003024515.2	GCF_003024515.2	accession	True	True	negative	negative	coccus	coccus	no	no	no	no	aerobe	aerobe	meso	meso	growth_range	28.5	False	neutrophile	growth_range	
159775	Alsobacter soli	Alsobacter soli	Alsobacter	Pseudomonadota	RS_GCF_003004785.1	GCF_003004785.1	GCA_003004785.1	GCF_003004785.1	accession	True	True	negative	negative	rod	rod	yes	yes	no	no	aerobe	aerobe	meso	meso	optimum	32.5	False	neutrophile	optimum	
159787	Pedobacter yulinensis	Pedobacter yulinensis	Pedobacter	Bacteroidota	RS_GCF_003029735.1	GCF_003029735.1	GCA_003029735.1	GCF_003029735.1	accession	True	True	negative	negative	rod	rod	no	no	no	no	aerobe	aerobe	meso	meso	optimum	30.0	False	neutrophile	optimum	
159792	Chryseobacterium aurantiacum	Chryseobacterium aurantiacum	Chryseobacterium	Bacteroidota	RS_GCF_003020585.1	GCF_003020585.1	GCA_003020585.1	GCF_003020585.1	accession	True	True	negative	negative	rod	rod	no	no	no	no	aerobe	aerobe	meso	meso	optimum	28.0	False	neutrophile	optimum	
159794	Chitinophaga parva	Chitinophaga parva	Chitinophaga	Bacteroidota	RS_GCF_003071345.1	GCF_003071345.1	GCA_003071345.1	GCF_003071345.1	accession	True	True	negative	negative	rod	rod	no	no	no	no	aerobe	aerobe	meso	meso	optimum	32.5	False	neutrophile	optimum	
159795	Bacillus shivajii	Bacillus_CA shivajii	Bacillus_CA	Bacillota	RS_GCF_020519665.1	GCF_020519665.1	GCA_020519665.1	GCF_020519665.1	accession	True	True	positive	positive	rod	rod	yes	yes	yes	yes	aerobe	aerobe	meso	meso	optimum	31.0	False	alkaliphile	optimum	
159797	Lactobacillus paragasseri	Lactobacillus paragasseri	Lactobacillus	Bacillota	RS_GCF_003584685.1	GCF_003584685.1	GCA_003584685.1	GCF_003584685.1	accession	True	True	positive	positive	rod	rod	no	no	no	no	facultative	facultative	meso	meso	growth_range	35.0	False	neutrophile	growth_range	
159804	Microbispora triticiradicis	Microbispora triticiradicis	Microbispora	Actinomycetota	RS_GCF_003260025.2	GCF_003260025.2	GCA_003260025.2	GCF_003260025.2	accession	True	True	positive	positive	other	other	no	no	yes	yes	aerobe	aerobe	meso	meso	optimum	28.0	False	neutrophile	optimum	
159812	Minwuia thermotolerans	Minwuia thermotolerans	Minwuia	Pseudomonadota	RS_GCF_002924445.1	GCF_002924445.1	GCA_002924445.1	GCF_002924445.1	accession	True	True	negative	negative	rod	rod	no	no	no	no	aerobe	aerobe	meso	meso	optimum	42.0	False	neutrophile	optimum	
159821	Hyphobacterium indicum	Hyphobacterium indicum	Hyphobacterium	Pseudomonadota	RS_GCF_003129605.1	GCF_003129605.1	GCA_003129605.1	GCF_003129605.1	accession	True	True	negative	negative	rod	rod	yes	yes	no	no	aerobe	aerobe	meso	meso	optimum	28.0	False	neutrophile	optimum	
159832	Lactobacilus nuruki	Companilactobacillus nuruki	Companilactobacillus	Bacillota	RS_GCF_002872255.1	GCF_002872255.1	GCA_002872255.1	GCF_002872255.1	designation	True	True	positive	positive	rod	rod	no	no	no	no	facultative	facultative	meso	meso	optimum	37.0	False	neutrophile	optimum	
159834	Motiliproteus coralliicola	Motiliproteus coralliicola	Motiliproteus	Pseudomonadota	RS_GCF_003345655.1	GCF_003345655.1	GCA_003345655.1	GCF_003345655.1	accession	True	True	negative	negative	other	other	yes	yes	no	no	aerobe	aerobe	meso	meso	optimum	30.0	False	neutrophile	optimum	
159838	Geobacillus yumthangensis	Parageobacillus_B toebii	Parageobacillus_B	Bacillota	GB_GCA_002494375.1	GCA_002494375.1	GCA_002494375.1		accession	True	True	positive	positive	rod	rod	yes	yes	yes	yes	aerobe	aerobe	thermo	thermo	optimum	60.0	False	neutrophile	optimum	
159846	Paenibacillus montanisoli	Paenibacillus_Z montanisoli	Paenibacillus_Z	Bacillota	RS_GCF_003268025.1	GCF_003268025.1	GCA_003268025.1	GCF_003268025.1	accession	True	True	negative	negative	rod	rod	yes	yes	yes	yes	aerobe	aerobe	meso	meso	optimum	28.0	False	neutrophile	optimum	
159851	Ignatzschineria cameli	Ignatzschineria cameli	Ignatzschineria	Pseudomonadota	RS_GCF_003121895.1	GCF_003121895.1	GCA_003121895.1	GCF_003121895.1	accession	True	True	negative	negative	rod	rod	no	no	no	no	aerobe	aerobe	meso	meso	growth_single_point	37.0	False	neutrophile	optimum	
159855	Novosphingobium arvoryzae	Novosphingobium arvoryzae	Novosphingobium	Pseudomonadota	RS_GCF_014652615.1	GCF_014652615.1	GCA_014652615.1	GCF_014652615.1	accession	True	True	negative	negative	rod	rod	no	no	no	no	aerobe	aerobe	meso	meso	optimum	20.0	False	neutrophile	optimum	non-halophilic
159857	Chryseomicrobium excrementi	Chryseomicrobium excrementi	Chryseomicrobium	Bacillota	RS_GCF_002798305.1	GCF_002798305.1	GCA_002798305.1	GCF_002798305.1	accession	True	True	positive	positive	rod	rod	no	no	yes	yes	aerobe	aerobe	meso	meso	optimum	36.0	False	neutrophile	optimum	
159866	Roseomonas radiodurans	Roseomonas radiodurans	Roseomonas	Pseudomonadota	RS_GCF_050154705.1	GCF_050154705.1	GCA_050154705.1	GCF_050154705.1	designation	True	True	negative	negative	rod	rod	yes	yes	no	no	aerobe	aerobe	meso	meso	optimum	29.0	False	neutrophile	optimum	
159876	Xinfangfangia soli	Tabrizicola soli	Tabrizicola	Pseudomonadota	RS_GCF_015999335.1	GCF_015999335.1	GCA_015999335.1	GCF_015999335.1	accession	True	True	negative	negative	rod	rod	no	no	no	no	aerobe	aerobe	meso	meso	optimum	30.0	False	neutrophile	optimum	
159877	Piscinibacter caeni	Piscinibacter caeni	Piscinibacter	Pseudomonadota	GB_GCA_003265685.1	GCA_003265685.1	GCA_003265685.1		accession	True	True	negative	negative	rod	rod	yes	yes	no	no	aerobe	aerobe	meso	meso	optimum	30.0	False	neutrophile	optimum	non-halophilic
159882	Hymenobacter bucti	Hymenobacter bucti	Hymenobacter	Bacteroidota	RS_GCF_042681145.1	GCF_042681145.1	GCA_042681145.1	GCF_042681145.1	accession	True	True	negative	negative	rod	rod	no	no	no	no	aerobe	aerobe	meso	meso	optimum	22.0	False	neutrophile	optimum	
159886	Euzebya rosea	Euzebya rosea	Euzebya	Actinomycetota	RS_GCF_003073135.1	GCF_003073135.1	GCA_003073135.1	GCF_003073135.1	accession	True	True	positive	positive	rod	rod	no	no	no	no	aerobe	aerobe	meso	meso	optimum	27.5	False	neutrophile	optimum	
159905	Tenuifilum thalassicum	Tenuifilum thalassicum	Tenuifilum	Bacteroidota	RS_GCF_013265555.1	GCF_013265555.1	GCA_013265555.1	GCF_013265555.1	accession	True	True	negative	negative	rod	rod	yes	yes	no	no	anaerobe	anaerobe	thermo	thermo	optimum	50.0	False	neutrophile	optimum	halophilic
160178	Alkaliphilus serpentinus	Alkaliphilus_D serpentinus	Alkaliphilus_D	Bacillota	RS_GCF_009017255.1	GCF_009017255.1	GCA_009017255.1	GCF_009017255.1	accession	True	True	positive	positive	rod	rod	yes	yes	yes	yes	anaerobe	anaerobe	meso	meso	optimum	30.0	False	neutrophile	optimum	
160213	Galactobacter valiniphilus	Galactobacter valiniphilus	Galactobacter	Actinomycetota	RS_GCF_003575975.1	GCF_003575975.1	GCA_003575975.1	GCF_003575975.1	accession	True	True	positive	positive	rod	rod	no	no	no	no	aerobe	aerobe	meso	meso	optimum	30.0	False	neutrophile	optimum	
160214	Marimonas lutisalis	Marimonas_A lutisalis	Marimonas_A	Pseudomonadota	RS_GCF_005434965.1	GCF_005434965.1	GCA_005434965.1	GCF_005434965.1	accession	True	True	negative	negative	rod	rod	yes	yes	no	no	aerobe	aerobe	meso	meso	optimum	30.0	False	neutrophile	optimum	
160373	Alkaliphilus pronyensis	Alkaliphilus_C pronyensis	Alkaliphilus_C	Bacillota	RS_GCF_009017275.1	GCF_009017275.1	GCA_009017275.1	GCF_009017275.1	accession	True	True	positive	positive	rod	rod	yes	yes	yes	yes	anaerobe	anaerobe	meso	meso	optimum	30.0	False	alkaliphile	optimum	
160507	Longirhabdus pacifica	Longirhabdus pacifica	Longirhabdus	Bacillota	RS_GCF_004115085.1	GCF_004115085.1	GCA_004115085.1	GCF_004115085.1	accession	True	True	negative	negative	rod	rod	yes	yes	yes	yes	aerobe	aerobe	meso	meso	optimum	28.0	False	neutrophile	optimum	
160635	Clostridium thermarum	Clostridium_AU thermarum	Clostridium_AU	Bacillota	RS_GCF_006351925.1	GCF_006351925.1	GCA_006351925.1	GCF_006351925.1	accession	True	True	positive	positive	rod	rod	yes	yes	yes	yes	aerobe	aerobe	thermo	thermo	optimum	45.0	False	neutrophile	optimum	
160775	Aestuariivirga litoralis	Aestuariivirga litoralis	Aestuariivirga	Pseudomonadota	RS_GCF_003234965.1	GCF_003234965.1	GCA_003234965.1	GCF_003234965.1	accession	True	True	negative	negative	rod	rod	no	no	no	no	aerobe	aerobe	meso	meso	optimum	28.0	False	neutrophile	optimum	
160797	Acidithiobacillus ferrianus	Acidithiobacillus ferrianus	Acidithiobacillus	Pseudomonadota	RS_GCF_010378095.2	GCF_010378095.2	GCA_010378095.2	GCF_010378095.2	accession	True	True	negative	negative	rod	rod	yes	yes	no	no	facultative	facultative	meso	meso	optimum	29.0	False	acidophile	optimum	
162196	Luteimonas granuli	Luteimonas granuli	Luteimonas	Pseudomonadota	RS_GCF_007795095.1	GCF_007795095.1	GCA_007795095.1	GCF_007795095.1	accession	True	True	negative	negative	rod	rod	no	no	no	no	aerobe	aerobe	meso	meso	optimum	30.0	False	neutrophile	optimum	
162600	Gemmobacter aestuarii	Aliigemmobacter aestuarii	Aliigemmobacter	Pseudomonadota	RS_GCF_004799285.1	GCF_004799285.1	GCA_004799285.1	GCF_004799285.1	accession	True	True	negative	negative	rod	rod	no	no	no	no	aerobe	aerobe	meso	meso	optimum	30.0	False	neutrophile	optimum	
163760	Chryseotalea sanaruensis	Chryseotalea sanaruensis	Chryseotalea	Bacteroidota	RS_GCF_003990915.1	GCF_003990915.1	GCA_003990915.1	GCF_003990915.1	accession	True	True	negative	negative	rod	rod	no	no	no	no	aerobe	aerobe	meso	meso	optimum	30.0	False	neutrophile	optimum	
163942	Acinetobacter lwoffii	Acinetobacter fasciculus	Acinetobacter	Pseudomonadota	RS_GCF_011058205.1	GCF_011058205.1	GCA_011058205.1	GCF_011058205.1	accession	False	False	negative	negative	coccus	coccus	no	no	no	no	aerobe	aerobe	meso	meso	optimum	27.5	False	neutrophile	optimum	
164124	Indiicoccus explosivorum	Indiicoccus explosivorum	Indiicoccus	Bacillota	RS_GCF_002167005.1	GCF_002167005.1	GCA_002167005.1	GCF_002167005.1	accession	True	True	positive	positive	coccus	coccus	no	no	no	no	aerobe	aerobe	meso	meso	optimum	32.5	False	neutrophile	optimum	
164194	Nesterenkonia natronophila	Nesterenkonia natronophila	Nesterenkonia	Actinomycetota	RS_GCF_003595215.1	GCF_003595215.1	GCA_003595215.1	GCF_003595215.1	accession	True	True	positive	positive	coccus	coccus	no	no	no	no	aerobe	aerobe	meso	meso	optimum	30.0	False	alkaliphile	optimum	
164197	Alteribacter natronophilus	Alteribacter natronophilus	Alteribacter	Bacillota	RS_GCF_006007885.1	GCF_006007885.1	GCA_006007885.1	GCF_006007885.1	accession	True	True	negative	negative	rod	rod	no	no	yes	yes	aerobe	aerobe	meso	meso	optimum	27.5	False	alkaliphile	optimum	moderately halophilic
164210	Segnochrobactrum spirostomi	Segnochrobactrum spirostomi	Segnochrobactrum	Pseudomonadota	RS_GCF_009600605.1	GCF_009600605.1	GCA_009600605.1	GCF_009600605.1	accession	True	True	negative	negative	rod	rod	no	no	no	no	aerobe	aerobe	meso	meso	growth_single_point	30.0	False		none	
164229	Faecalibacillus intestinalis	Faecalibacillus intestinalis	Faecalibacillus	Bacillota_I	RS_GCF_003024685.1	GCF_003024685.1	GCA_003024685.1	GCF_003024685.1	accession	True	True	positive	positive	rod	rod	no	no	no	no	anaerobe	anaerobe	meso	meso	optimum	37.0	False	neutrophile	optimum	
164230	Faecalibacillus faecis	Faecalibacillus faecis	Faecalibacillus	Bacillota_I	RS_GCF_003024675.1	GCF_003024675.1	GCA_003024675.1	GCF_003024675.1	accession	True	True	positive	positive	rod	rod	no	no	no	no	anaerobe	anaerobe	meso	meso	optimum	37.0	False	neutrophile	optimum	
164251	Cryobacterium soli	Cryobacterium soli	Cryobacterium	Actinomycetota	RS_GCF_003611035.1	GCF_003611035.1	GCA_003611035.1	GCF_003611035.1	accession	True	True	positive	positive	rod	rod	no	no	no	no	aerobe	aerobe	meso	meso	optimum	18.0	False	neutrophile	optimum	
164262	Pradoshia eiseniae	Pradoshia eiseniae	Pradoshia	Bacillota	RS_GCF_002946355.1	GCF_002946355.1	GCA_002946355.1	GCF_002946355.1	accession	True	True	positive	positive	rod	rod	yes	yes	yes	yes	facultative	facultative	meso	meso	optimum	29.0	False	neutrophile	optimum	
164308	Lentibacillus lipolyticus	Lentibacillus lipolyticus	Lentibacillus	Bacillota	GB_GCA_004145795.1	GCA_004145795.1	GCA_004145795.1		accession	True	True	positive	positive	rod	rod	yes	yes	yes	yes	aerobe	aerobe	meso	meso	optimum	38.5	False	neutrophile	optimum	moderately halophilic
164331	Vibrio ouci	Vibrio ouci	Vibrio	Pseudomonadota	RS_GCF_004551525.1	GCF_004551525.1	GCA_004551525.1	GCF_004551525.1	accession	True	True	negative	negative	rod	rod	yes	yes	no	no	facultative	facultative	meso	meso	optimum	32.0	False	neutrophile	optimum	
164332	Vibrio aquaticus	Vibrio aquaticus	Vibrio	Pseudomonadota	RS_GCF_003970385.1	GCF_003970385.1	GCA_003970385.1	GCF_003970385.1	accession	True	True	negative	negative	rod	rod	yes	yes	no	no	facultative	facultative	meso	meso	optimum	28.0	False	neutrophile	optimum	
164337	Hymenobacter metallilatus	Hymenobacter metallilatus	Hymenobacter	Bacteroidota	RS_GCF_003944705.1	GCF_003944705.1	GCA_003944705.1	GCF_003944705.1	accession	True	True	negative	negative	rod	rod	no	no	no	no	aerobe	aerobe	meso	meso	optimum	28.0	False	neutrophile	optimum	
164352	Absicoccus porci	Absicoccus porci	Absicoccus	Bacillota_I	RS_GCF_003725415.1	GCF_003725415.1	GCA_003725415.1	GCF_003725415.1	accession	True	True	positive	positive	coccus	coccus	no	no	no	no	anaerobe	anaerobe	meso	meso	optimum	37.0	False	neutrophile	optimum	
164369	Streptomyces soli	Actinacidiphila soli	Actinacidiphila	Actinomycetota	RS_GCF_003999195.1	GCF_003999195.1	GCA_003999195.1	GCF_003999195.1	accession	True	True	positive	positive	rod	rod	no	no	yes	yes	aerobe	aerobe	meso	meso	optimum	30.0	False	neutrophile	optimum	
164370	Serinicoccus sediminis	Ornithinicoccus sediminis_A	Ornithinicoccus	Actinomycetota	RS_GCF_004153545.1	GCF_004153545.1	GCA_004153545.1	GCF_004153545.1	accession	True	True	positive	positive	coccus	coccus	no	no	no	no	aerobe	aerobe	meso	meso	optimum	32.5	False	alkaliphile	optimum	
164372	Clostridium fermenticellae	Clostridium_AV fermenticellae	Clostridium_AV	Bacillota	RS_GCF_003600355.1	GCF_003600355.1	GCA_003600355.1	GCF_003600355.1	accession	True	True	positive	positive	rod	rod	no	no	yes	yes	anaerobe	anaerobe	meso	meso	optimum	37.0	False	acidophile	optimum	
164402	Oceanobacillus piezotolerans	Oceanobacillus piezotolerans	Oceanobacillus	Bacillota	RS_GCF_003665065.1	GCF_003665065.1	GCA_003665065.1	GCF_003665065.1	accession	True	True	positive	positive	rod	rod	yes	yes	yes	yes	aerobe	aerobe	meso	meso	optimum	37.0	False	neutrophile	optimum	
164404	Neobacillus piezotolerans	Bacillus_D piezotolerans	Bacillus_D	Bacillota	RS_GCF_003362805.1	GCF_003362805.1	GCA_003362805.1	GCF_003362805.1	accession	True	True	positive	positive	rod	rod	yes	yes	no	no	aerobe	aerobe	thermo	thermo	optimum	45.0	False	neutrophile	optimum	
164413	Pseudomonas huaxiensis	Aquipseudomonas huaxiensis	Aquipseudomonas	Pseudomonadota	RS_GCF_003231275.1	GCF_003231275.1	GCA_003231275.1	GCF_003231275.1	accession	True	True	negative	negative	rod	rod	yes	yes	no	no	aerobe	aerobe	meso	meso	growth_range	20.5	False	neutrophile	growth_range	
164452	Nonomuraea phyllanthi	Nonomuraea phyllanthi	Nonomuraea	Actinomycetota	RS_GCF_006334985.2	GCF_006334985.2	GCA_006334985.2	GCF_006334985.2	accession	True	True	positive	positive	other	filamentous	no	no	yes	yes	aerobe	aerobe	meso	meso	optimum	31.0	False	neutrophile	optimum	
164454	Niallia taxi	Niallia taxi	Niallia	Bacillota	RS_GCF_004005475.1	GCF_004005475.1	GCA_004005475.1	GCF_004005475.1	accession	True	True	positive	positive	rod	rod	no	no	yes	yes	aerobe	aerobe	meso	meso	optimum	30.0	False	alkaliphile	growth_range	
164466	Bacillus xiapuensis	Bacillus_CE xiapuensis	Bacillus_CE	Bacillota	RS_GCF_002797355.1	GCF_002797355.1	GCA_002797355.1	GCF_002797355.1	accession	True	True	positive	positive	rod	rod	yes	yes	yes	yes	aerobe	aerobe	meso	meso	optimum	25.0	False	neutrophile	optimum	
164468	Chryseobacterium aureum	Chryseobacterium aureum	Chryseobacterium	Bacteroidota	RS_GCF_003971235.1	GCF_003971235.1	GCA_003971235.1	GCF_003971235.1	accession	True	True	negative	negative	rod	rod	no	no	no	no	aerobe	aerobe	meso	meso	growth_range	23.5	False	neutrophile	optimum	
164479	Algoriphagus aquimaris	Algoriphagus formosus	Algoriphagus	Bacteroidota	RS_GCF_004358035.1	GCF_004358035.1	GCA_004358035.1	GCF_004358035.1	accession	True	False	negative	negative	rod	rod	no	no	no	no	aerobe	aerobe	meso	meso	optimum	37.0	False	neutrophile	optimum	
164490	Nocardioides guangzhouensis	Nocardioides guangzhouensis	Nocardioides	Actinomycetota	RS_GCF_004519545.1	GCF_004519545.1	GCA_004519545.1	GCF_004519545.1	accession	True	True	positive	positive	rod	rod	no	no	no	no	aerobe	aerobe	meso	meso	optimum	27.5	False	neutrophile	optimum	
164491	Acetilactobacillus jinshanensis	Acetilactobacillus jinshanensis	Acetilactobacillus	Bacillota	RS_GCF_004359375.1	GCF_004359375.1	GCA_004359375.1	GCF_004359375.1	accession	True	True	positive	positive	rod	rod	no	no	no	no	facultative	facultative	meso	meso	optimum	35.0	False	acidophile	optimum	
164533	Nocardioides vastitatis	Nocardioides vastitatis	Nocardioides	Actinomycetota	RS_GCF_042655845.1	GCF_042655845.1	GCA_042655845.1	GCF_042655845.1	accession	True	True	positive	positive	rod	rod	no	no	no	no	aerobe	aerobe	meso	meso	optimum	29.0	False	neutrophile	optimum	
164545	Pseudomonas juntendi	Aquipseudomonas juntendi	Aquipseudomonas	Pseudomonadota	RS_GCF_009932375.1	GCF_009932375.1	GCA_009932375.1	GCF_009932375.1	accession	True	True	negative	negative	rod	rod	yes	yes	no	no	aerobe	aerobe	meso	meso	growth_range	22.0	False		none	
164547	Nocardioides yefusunii	Nocardioides yefusunii	Nocardioides	Actinomycetota	RS_GCF_004014875.1	GCF_004014875.1	GCA_004014875.1	GCF_004014875.1	accession	True	True	positive	positive	rod	rod	no	no	no	no	aerobe	aerobe	meso	meso	optimum	28.0	False	neutrophile	optimum	
164567	Paenibacillus oralis	Fontibacillus oralis	Fontibacillus	Bacillota	RS_GCF_003863965.1	GCF_003863965.1	GCA_003863965.1	GCF_003863965.1	accession	True	True	negative	negative	rod	rod	no	no	yes	yes	facultative	facultative	meso	meso	optimum	35.0	False	neutrophile	optimum	
164571	Georgenia faecalis	Georgenia_A faecalis	Georgenia_A	Actinomycetota	RS_GCF_003710105.1	GCF_003710105.1	GCA_003710105.1	GCF_003710105.1	accession	True	True	positive	positive	coccus	coccus	no	no	no	no	aerobe	aerobe	meso	meso	optimum	28.0	False	neutrophile	optimum	
164621	Motilibacter deserti	Motilibacter_A deserti	Motilibacter_A	Actinomycetota	RS_GCF_011250635.1	GCF_011250635.1	GCA_011250635.1	GCF_011250635.1	accession	True	True	positive	positive	rod	rod	yes	yes	no	no	aerobe	aerobe	meso	meso	optimum	37.0	False	neutrophile	optimum	
164622	Motilibacter aurantiacus	Motilibacter_A aurantiacus	Motilibacter_A	Actinomycetota	RS_GCF_011250645.1	GCF_011250645.1	GCA_011250645.1	GCF_011250645.1	accession	True	True	positive	positive	rod	rod	yes	yes	no	no	aerobe	aerobe	meso	meso	optimum	37.0	False	neutrophile	optimum	
164658	Companilactobacillus zhongbaensis	Companilactobacillus zhongbaensis	Companilactobacillus	Bacillota	RS_GCF_003946515.1	GCF_003946515.1	GCA_003946515.1	GCF_003946515.1	accession	True	True	positive	positive	rod	rod	no	no	no	no	facultative	facultative	meso	meso	growth_range	26.0	False	acidophile	growth_single_point	
164659	Companilactobacillus hulinensis	Companilactobacillus hulinensis	Companilactobacillus	Bacillota	RS_GCF_003946555.1	GCF_003946555.1	GCA_003946555.1	GCF_003946555.1	accession	True	True	positive	positive	rod	rod	no	no	no	no	facultative	facultative	meso	meso	growth_range	26.0	False	neutrophile	growth_range	
164660	Companilactobacillus mishanensis	Companilactobacillus mishanensis	Companilactobacillus	Bacillota	RS_GCF_003946505.1	GCF_003946505.1	GCA_003946505.1	GCF_003946505.1	accession	True	True	positive	positive	rod	rod	no	no	no	no	facultative	facultative	meso	meso	growth_range	26.0	False	acidophile	growth_single_point	
164661	Companilactobacillus baiquanensis	Companilactobacillus baiquanensis	Companilactobacillus	Bacillota	RS_GCF_003946605.1	GCF_003946605.1	GCA_003946605.1	GCF_003946605.1	accession	True	True	positive	positive	rod	rod	no	no	no	no	facultative	facultative	meso	meso	growth_range	26.0	False	acidophile	growth_single_point	
164662	Companilactobacillus kedongensis	Companilactobacillus kedongensis	Companilactobacillus	Bacillota	RS_GCF_003946625.1	GCF_003946625.1	GCA_003946625.1	GCF_003946625.1	accession	True	True	positive	positive	rod	rod	no	no	no	no	facultative	facultative	meso	meso	growth_range	26.0	False	acidophile	growth_single_point	
164663	Companilactobacillus jidongensis	Companilactobacillus jidongensis	Companilactobacillus	Bacillota	RS_GCF_003946575.1	GCF_003946575.1	GCA_003946575.1	GCF_003946575.1	accession	True	True	positive	positive	rod	rod	no	no	no	no	facultative	facultative	meso	meso	growth_range	22.5	False	neutrophile	growth_range	
164664	Agrilactobacillus yilanensis	Agrilactobacillus yilanensis	Agrilactobacillus	Bacillota	RS_GCF_003946725.1	GCF_003946725.1	GCA_003946725.1	GCF_003946725.1	accession	True	True	positive	positive	rod	rod	no	no	no	no	facultative	facultative	meso	meso	growth_range	26.0	False	acidophile	growth_single_point	
164665	Companilactobacillus keshanensis	Companilactobacillus keshanensis	Companilactobacillus	Bacillota	RS_GCF_003946205.1	GCF_003946205.1	GCA_003946205.1	GCF_003946205.1	accession	True	True	positive	positive	rod	rod	no	no	no	no	facultative	facultative	meso	meso	growth_range	22.5	False	acidophile	growth_single_point	
164673	Enterococcus pingfangensis	Enterococcus_A pingfangensis	Enterococcus_A	Bacillota	RS_GCF_005405205.1	GCF_005405205.1	GCA_005405205.1	GCF_005405205.1	accession	True	True	positive	positive	coccus	coccus	no	no	no	no	facultative	facultative	meso	meso	growth_range	33.5	False	alkaliphile	growth_single_point	
164674	Enterococcus songbeiensis	Enterococcus_C songbeiensis	Enterococcus_C	Bacillota	RS_GCF_005405265.1	GCF_005405265.1	GCA_005405265.1	GCF_005405265.1	accession	True	False	positive	positive	coccus	coccus	no	no	no	no	facultative	facultative	meso	meso	growth_range	33.5	False	alkaliphile	growth_single_point	
164709	Paratractidigestivibacter faecalis	Paratractidigestivibacter faecalis	Paratractidigestivibacter	Actinomycetota	RS_GCF_003416765.1	GCF_003416765.1	GCA_003416765.1	GCF_003416765.1	accession	True	True	positive	positive	rod	rod	no	no	no	no	anaerobe	anaerobe	meso	meso	optimum	37.0	False	neutrophile	optimum	
164710	Sutterella faecalis	Sutterella faecalis	Sutterella	Pseudomonadota	RS_GCF_006337085.1	GCF_006337085.1	GCA_006337085.1	GCF_006337085.1	accession	True	True	negative	negative	rod	rod	no	no	no	no	anaerobe	anaerobe	meso	meso	optimum	37.0	False	neutrophile	optimum	
166099	Phytohalomonas tamaricis	Phytohalomonas tamaricis	Phytohalomonas	Pseudomonadota	RS_GCF_003012345.1	GCF_003012345.1	GCA_003012345.1	GCF_003012345.1	accession	True	True	negative	negative	rod	rod	no	no	no	no	aerobe	aerobe	meso	meso	optimum	30.0	False	neutrophile	optimum	
166100	Neorhizobium lilium	Neorhizobium lilii	Neorhizobium	Pseudomonadota	RS_GCF_004053875.1	GCF_004053875.1	GCA_004053875.1	GCF_004053875.1	accession	True	True	negative	negative	rod	rod	no	no	no	no	aerobe	aerobe	meso	meso	optimum	30.0	False	neutrophile	optimum	
166101	Oceanobacillus halotolerans	Oceanibacillus_A halotolerans	Oceanibacillus_A	Bacillota	RS_GCF_010993955.1	GCF_010993955.1	GCA_010993955.1	GCF_010993955.1	accession	True	True	positive	positive	rod	rod	yes	yes	yes	yes	aerobe	aerobe	meso	meso	optimum	37.0	False	neutrophile	optimum	
166102	Bacillus lacisalsi	Alteribacter lacisalsi	Alteribacter	Bacillota	RS_GCF_003226345.1	GCF_003226345.1	GCA_003226345.1	GCF_003226345.1	accession	True	True	positive	positive	rod	rod	yes	yes	yes	yes	aerobe	aerobe	meso	meso	optimum	36.0	False	alkaliphile	optimum	
166104	Methylobacterium durans	Methylobacterium durans	Methylobacterium	Pseudomonadota	RS_GCF_003173715.1	GCF_003173715.1	GCA_003173715.1	GCF_003173715.1	accession	True	True	negative	negative	rod	rod	yes	yes	no	no	aerobe	aerobe	meso	meso	optimum	29.0	False	neutrophile	optimum	
166105	Paenibacillus pinistramenti	Fontibacillus pinistramenti	Fontibacillus	Bacillota	RS_GCF_005869875.1	GCF_005869875.1	GCA_005869875.1	GCF_005869875.1	accession	True	True	positive	positive	rod	rod	yes	yes	yes	yes	aerobe	aerobe	meso	meso	optimum	37.0	False	neutrophile	optimum	
166113	Pelomicrobium methylotrophicum	Pelomicrobium methylotrophicum	Pelomicrobium	Pseudomonadota	RS_GCF_008014345.1	GCF_008014345.1	GCA_008014345.1	GCF_008014345.1	accession	True	True	negative	negative	rod	rod	yes	yes	no	no	facultative	facultative	thermo	thermo	optimum	50.0	False	alkaliphile	optimum	
166115	Edaphocola flava	Edaphocola flava	Edaphocola	Bacteroidota	RS_GCF_004118155.1	GCF_004118155.1	GCA_004118155.1	GCF_004118155.1	accession	True	True	negative	negative	rod	rod	no	no	no	no	aerobe	aerobe	meso	meso	optimum	30.0	False	neutrophile	optimum	
166119	Ensifer aridi	Sinorhizobium aridi	Sinorhizobium	Pseudomonadota	RS_GCF_002078505.1	GCF_002078505.1	GCA_002078505.1	GCF_002078505.1	accession	True	True	negative	negative	rod	rod	yes	yes	no	no	aerobe	aerobe	meso	meso	growth_single_point	40.0	False	neutrophile	growth_range	
166127	Hankyongella ginsenosidimutans	Hankyongella ginsenosidimutans	Hankyongella	Pseudomonadota	RS_GCF_005144965.1	GCF_005144965.1	GCA_005144965.1	GCF_005144965.1	accession	True	True	negative	negative	rod	rod	no	no	no	no	aerobe	aerobe	meso	meso	optimum	25.0	False	neutrophile	optimum	
166128	Lichenibacterium minor	Lichenihabitans minor	Lichenihabitans	Pseudomonadota	RS_GCF_004137685.1	GCF_004137685.1	GCA_004137685.1	GCF_004137685.1	accession	True	True	negative	negative	rod	rod	yes	yes	no	no	aerobe	aerobe	meso	meso	optimum	23.0	False	acidophile	optimum	
166129	Lichenibacterium ramalinae	Lichenihabitans ramalinae	Lichenihabitans	Pseudomonadota	RS_GCF_004137085.1	GCF_004137085.1	GCA_004137085.1	GCF_004137085.1	accession	True	True	negative	negative	rod	rod	yes	yes	no	no	aerobe	aerobe	meso	meso	optimum	25.5	False	acidophile	optimum	
166136	Ochrobactrum soli	Brucella teleogrylli	Brucella	Pseudomonadota	RS_GCF_003664555.1	GCF_003664555.1	GCA_003664555.1	GCF_003664555.1	accession	True	True	negative	negative	rod	rod	yes	yes	no	no	aerobe	aerobe	meso	meso	optimum	27.5	False	neutrophile	optimum	
166145	Glaciihabitans arcticus	Conyzicola arctica	Conyzicola	Actinomycetota	RS_GCF_004310685.1	GCF_004310685.1	GCA_004310685.1	GCF_004310685.1	accession	True	True	positive	positive	rod	rod	no	no	no	no	aerobe	aerobe	meso	meso	optimum	17.5	False	neutrophile	optimum	
166146	Hydrocarboniclastica marina	Hydrocarboniclastica marina	Hydrocarboniclastica	Pseudomonadota	RS_GCF_004851605.1	GCF_004851605.1	GCA_004851605.1	GCF_004851605.1	accession	True	True	negative	negative	rod	rod	yes	yes	no	no	aerobe	aerobe	meso	meso	optimum	30.0	False	neutrophile	optimum	
166148	Sphingomonas lenta	Sphingomonas lenta	Sphingomonas	Pseudomonadota	RS_GCF_002288825.1	GCF_002288825.1	GCA_002288825.1	GCF_002288825.1	accession	True	True	negative	negative	rod	rod	yes	yes	no	no	aerobe	aerobe	meso	meso	optimum	29.0	False		none	
166154	Croceibacterium ferulae	Croceibacterium ferulae	Croceibacterium	Pseudomonadota	RS_GCF_003660445.1	GCF_003660445.1	GCA_003660445.1	GCF_003660445.1	accession	True	True	negative	negative	other	other	no	no	no	no	aerobe	aerobe	meso	meso	optimum	28.0	False	neutrophile	optimum	
166155	Lactobacillus mulengensis	Levilactobacillus mulengensis	Levilactobacillus	Bacillota	RS_GCF_003946045.1	GCF_003946045.1	GCA_003946045.1	GCF_003946045.1	accession	True	True	positive	positive	rod	rod	no	no	no	no	facultative	facultative	meso	meso	growth_range	26.0	False	neutrophile	growth_range	
166156	Lactobacillus fujinensis	Levilactobacillus fujinensis	Levilactobacillus	Bacillota	RS_GCF_003946335.1	GCF_003946335.1	GCA_003946335.1	GCF_003946335.1	accession	True	True	positive	positive	rod	rod	no	no	no	no	facultative	facultative	meso	meso	growth_range	24.0	False	neutrophile	growth_range	
166157	Lactobacillus tongjiangensis	Levilactobacillus tongjiangensis	Levilactobacillus	Bacillota	RS_GCF_003946345.1	GCF_003946345.1	GCA_003946345.1	GCF_003946345.1	accession	True	True	positive	positive	rod	rod	no	no	no	no	facultative	facultative	meso	meso	growth_range	27.5	False	neutrophile	growth_range	
166158	Lactobacillus fuyuanensis	Levilactobacillus fuyuanensis	Levilactobacillus	Bacillota	RS_GCF_003946395.1	GCF_003946395.1	GCA_003946395.1	GCF_003946395.1	accession	True	True	positive	positive	rod	rod	no	no	no	no	facultative	facultative	meso	meso	growth_range	26.0	False	neutrophile	growth_range	
166159	Lactobacillus tangyuanensis	Levilactobacillus tangyuanensis	Levilactobacillus	Bacillota	RS_GCF_003946545.1	GCF_003946545.1	GCA_003946545.1	GCF_003946545.1	accession	True	True	positive	positive	rod	rod	no	no	no	no	facultative	facultative	meso	meso	growth_range	24.0	False	neutrophile	growth_range	
166160	Lactobacillus huananensis	Levilactobacillus huananensis	Levilactobacillus	Bacillota	RS_GCF_003946145.1	GCF_003946145.1	GCA_003946145.1	GCF_003946145.1	accession	True	True	positive	positive	rod	rod	no	no	no	no	facultative	facultative	meso	meso	growth_range	26.0	False	neutrophile	growth_range	
166161	Lactobacillus lindianensis	Levilactobacillus lindianensis	Levilactobacillus	Bacillota	RS_GCF_003946095.1	GCF_003946095.1	GCA_003946095.1	GCF_003946095.1	accession	True	True	positive	positive	rod	rod	no	no	no	no	facultative	facultative	meso	meso	growth_range	24.0	False	neutrophile	growth_range	
166162	Lactobacillus zhaoyuanensis	Loigolactobacillus zhaoyuanensis	Loigolactobacillus	Bacillota	RS_GCF_003946385.1	GCF_003946385.1	GCA_003946385.1	GCF_003946385.1	accession	True	True	positive	positive	rod	rod	no	no	no	no	facultative	facultative	meso	meso	growth_range	24.0	False	neutrophile	growth_range	
166163	Lactobacillus jiayinensis	Loigolactobacillus jiayinensis	Loigolactobacillus	Bacillota	RS_GCF_003946445.1	GCF_003946445.1	GCA_003946445.1	GCF_003946445.1	accession	True	True	positive	positive	rod	rod	no	no	no	no	facultative	facultative	meso	meso	growth_range	23.0	False	neutrophile	growth_range	
166164	Lactobacillus baoqingensis	Lacticaseibacillus baoqingensis	Lacticaseibacillus	Bacillota	RS_GCF_003946165.1	GCF_003946165.1	GCA_003946165.1	GCF_003946165.1	accession	True	True	positive	positive	rod	rod	no	no	no	no	facultative	facultative	meso	meso	growth_range	27.5	False	neutrophile	growth_range	
166165	Lactobacillus jixianensis	Lacticaseibacillus jixianensis	Lacticaseibacillus	Bacillota	RS_GCF_003946485.1	GCF_003946485.1	GCA_003946485.1	GCF_003946485.1	accession	True	True	positive	positive	rod	rod	no	no	no	no	facultative	facultative	meso	meso	growth_range	26.0	False	neutrophile	growth_range	
166167	Altererythrobacter aquimixticola	Alteraurantiacibacter aquimixticola	Alteraurantiacibacter	Pseudomonadota	RS_GCF_004965515.1	GCF_004965515.1	GCA_004965515.1	GCF_004965515.1	accession	True	True	negative	negative	coccus	coccus	no	no	no	no	aerobe	aerobe	meso	meso	optimum	37.0	False	neutrophile	optimum	
166168	Pseudomonas nitrititolerans	Stutzerimonas nitrititolerans	Stutzerimonas	Pseudomonadota	RS_GCF_003696285.1	GCF_003696285.1	GCA_003696285.1	GCF_003696285.1	accession	True	True	negative	negative	rod	rod	yes	yes	no	no	facultative	facultative	meso	meso	optimum	33.5	False	alkaliphile	optimum	
166171	Aquincola rivuli	Rubrivivax rivuli	Rubrivivax	Pseudomonadota	RS_GCF_004016505.1	GCF_004016505.1	GCA_004016505.1	GCF_004016505.1	accession	True	True	negative	negative	rod	rod	yes	yes	no	no	aerobe	aerobe	meso	meso	optimum	30.0	False	neutrophile	optimum	
166177	Chengkuizengella marina	Chengkuizengella marina	Chengkuizengella	Bacillota	RS_GCF_009910845.1	GCF_009910845.1	GCA_009910845.1	GCF_009910845.1	accession	True	True	positive	positive	rod	rod	yes	yes	yes	yes	aerobe	aerobe	meso	meso	optimum	30.5	False	neutrophile	optimum	moderately halophilic
166181	Nocardioides zhouii	Nocardioides zhouii	Nocardioides	Actinomycetota	RS_GCF_004137345.1	GCF_004137345.1	GCA_004137345.1	GCF_004137345.1	accession	True	True	positive	positive	rod	rod	no	no	no	no	aerobe	aerobe	meso	meso	optimum	20.0	False	neutrophile	optimum	
166182	Maribellus luteus	Draconibacterium luteum	Draconibacterium	Bacteroidota	RS_GCF_003576475.1	GCF_003576475.1	GCA_003576475.1	GCF_003576475.1	accession	True	True	negative	negative	rod	rod	no	no	no	no	facultative	facultative	meso	meso	optimum	33.0	False	neutrophile	optimum	
166183	Paenibacillus luteus	Pristimantibacillus luteus	Pristimantibacillus	Bacillota	RS_GCF_006542765.1	GCF_006542765.1	GCA_006542765.1	GCF_006542765.1	accession	True	True	positive	positive	rod	rod	yes	yes	yes	yes	aerobe	aerobe	meso	meso	optimum	29.0	False	neutrophile	optimum	
166185	Chryseobacterium pennipullorum	Chryseobacterium pennipullorum	Chryseobacterium	Bacteroidota	RS_GCF_003384725.1	GCF_003384725.1	GCA_003384725.1	GCF_003384725.1	accession	True	True	negative	negative	rod	rod	no	no	no	no	aerobe	aerobe	meso	meso	optimum	25.0	False	neutrophile	optimum	
166186	Bacillus antri	Ectobacillus antri	Ectobacillus	Bacillota	RS_GCF_003852715.1	GCF_003852715.1	GCA_003852715.1	GCF_003852715.1	accession	True	True	positive	positive	rod	rod	yes	yes	yes	yes	aerobe	aerobe	meso	meso	optimum	28.0	False	neutrophile	optimum	
166188	Bradyrhizobium amphicarpaeae	Bradyrhizobium amphicarpaeae	Bradyrhizobium	Pseudomonadota	RS_GCF_002266435.3	GCF_002266435.3	GCA_002266435.3	GCF_002266435.3	accession	True	True	negative	negative	rod	rod	yes	yes	no	no	aerobe	aerobe	meso	meso	optimum	28.0	False	neutrophile	optimum	
166195	Erythrobacter marisflavi	Qipengyuania marisflavi	Qipengyuania	Pseudomonadota	RS_GCF_005884405.1	GCF_005884405.1	GCA_005884405.1	GCF_005884405.1	accession	True	True	negative	negative	other	other	no	no	no	no	aerobe	aerobe	meso	meso	optimum	25.0	False	neutrophile	optimum	
166198	Hymenobacter humicola	Hymenobacter sp003417065	Hymenobacter	Bacteroidota	RS_GCF_003417065.2	GCF_003417065.2	GCA_003417065.2	GCF_003417065.2	accession	True	False	negative	negative	rod	rod	no	no	no	no	aerobe	aerobe	psychro	psychro	growth_range	13.0	False	neutrophile	growth_range	
166201	Flavobacterium silvisoli	Flavobacterium silvisoli	Flavobacterium	Bacteroidota	RS_GCF_004329815.1	GCF_004329815.1	GCA_004329815.1	GCF_004329815.1	accession	True	True	negative	negative	rod	rod	no	no	no	no	aerobe	aerobe	meso	meso	optimum	31.5	False	neutrophile	optimum	
166202	Lactobacillus huachuanensis	Companilactobacillus huachuanensis	Companilactobacillus	Bacillota	RS_GCF_005404815.1	GCF_005404815.1	GCA_005404815.1	GCF_005404815.1	accession	True	True	positive	positive	rod	rod	no	no	no	no	facultative	facultative	meso	meso	optimum	30.0	False	acidophile	growth_single_point	
166206	Pelagibacterium sediminicola	Pelagibacterium sediminicola	Pelagibacterium	Pseudomonadota	RS_GCF_003390885.1	GCF_003390885.1	GCA_003390885.1	GCF_003390885.1	accession	True	True	negative	negative	rod	rod	yes	yes	no	no	aerobe	aerobe	meso	meso	optimum	30.0	False	neutrophile	optimum	
166207	Empedobacter tilapiae	Empedobacter tilapiae	Empedobacter	Bacteroidota	RS_GCF_004785645.1	GCF_004785645.1	GCA_004785645.1	GCF_004785645.1	accession	True	True	negative	negative	other	other	no	no	no	no	aerobe	aerobe	meso	meso	optimum	30.0	False	neutrophile	optimum	
166210	Ancylomarina salipaludis	Ancylomarina salipaludis	Ancylomarina	Bacteroidota	RS_GCF_004122035.1	GCF_004122035.1	GCA_004122035.1	GCF_004122035.1	accession	True	True	negative	negative	other	filamentous	no	no	no	no	aerobe	aerobe	meso	meso	optimum	25.0	False	neutrophile	optimum	
166211	Ornithinibacillus gellani	Ornithinibacillus_A gellani	Ornithinibacillus_A	Bacillota	RS_GCF_003730295.1	GCF_003730295.1	GCA_003730295.1	GCF_003730295.1	accession	True	True	positive	positive	rod	rod	yes	yes	yes	yes	aerobe	aerobe	meso	meso	optimum	37.0	False	neutrophile	optimum	
166214	Sphingomonas flavalba	Sphingomonas_L flavalba	Sphingomonas_L	Pseudomonadota	RS_GCF_004796535.1	GCF_004796535.1	GCA_004796535.1	GCF_004796535.1	accession	True	True	negative	negative	rod	rod	yes	yes	no	no	aerobe	aerobe	meso	meso	optimum	37.0	False	neutrophile	optimum	
166226	Acidibrevibacterium fodinaquatile	Acidibrevibacterium fodinaquatile	Acidibrevibacterium	Pseudomonadota	RS_GCF_003352165.1	GCF_003352165.1	GCA_003352165.1	GCF_003352165.1	accession	True	True	negative	negative	rod	rod	no	no	no	no	aerobe	aerobe	meso	meso	optimum	37.0	False	acidophile	optimum	
166230	Colwellia ponticola	Colwellia ponticola	Colwellia	Pseudomonadota	RS_GCF_005885605.1	GCF_005885605.1	GCA_005885605.1	GCF_005885605.1	accession	True	True	negative	negative	rod	rod	yes	yes	no	no	aerobe	aerobe	meso	meso	optimum	25.0	False	neutrophile	optimum	
166231	Sulfitobacter sabulilitoris	Sulfitobacter_E sabulilitoris	Sulfitobacter_E	Pseudomonadota	RS_GCF_005887615.1	GCF_005887615.1	GCA_005887615.1	GCF_005887615.1	accession	True	True	negative	negative	other	other	no	no	no	no	aerobe	aerobe	meso	meso	optimum	30.0	False	neutrophile	optimum	
166234	Lactobacillus bayanensis	Lapidilactobacillus bayanensis	Lapidilactobacillus	Bacillota	RS_GCF_003946695.1	GCF_003946695.1	GCA_003946695.1	GCF_003946695.1	accession	True	True	positive	positive	coccus	coccus	no	no	no	no	facultative	facultative	meso	meso	growth_range	26.0	False	acidophile	growth_single_point	
166239	Aquibacillus sediminis	Aquibacillus_E sediminis	Aquibacillus_E	Bacillota	RS_GCF_005870085.1	GCF_005870085.1	GCA_005870085.1	GCF_005870085.1	accession	True	True	positive	positive	rod	rod	yes	yes	yes	yes	aerobe	aerobe	meso	meso	optimum	35.0	False	neutrophile	optimum	moderately halophilic
166240	Enterococcus nangangensis	Enterococcus_J nangangensis	Enterococcus_J	Bacillota	RS_GCF_005405245.1	GCF_005405245.1	GCA_005405245.1	GCF_005405245.1	accession	True	False	positive	positive	coccus	coccus	no	no	no	no	facultative	facultative	meso	meso	growth_single_point	37.0	False	alkaliphile	growth_single_point	
166241	Enterococcus hulanensis	Enterococcus_A hulanensis	Enterococcus_A	Bacillota	RS_GCF_005405485.1	GCF_005405485.1	GCA_005405485.1	GCF_005405485.1	accession	True	True	positive	positive	coccus	coccus	no	no	no	no	facultative	facultative	meso	meso	growth_single_point	37.0	False	alkaliphile	growth_single_point	
166242	Enterococcus dongliensis	Enterococcus_A dongliensis	Enterococcus_A	Bacillota	GB_GCA_005405225.1	GCA_005405225.1	GCA_005405225.1		accession	True	False	positive	positive	coccus	coccus	no	no	no	no	facultative	facultative	meso	meso	growth_single_point	37.0	False	alkaliphile	growth_single_point	
166244	Amycolatopsis eburnea	Amycolatopsis eburnea	Amycolatopsis	Actinomycetota	RS_GCF_003937945.1	GCF_003937945.1	GCA_003937945.1	GCF_003937945.1	accession	True	True	positive	positive	other	filamentous	no	no	yes	yes	aerobe	aerobe	meso	meso	optimum	25.0	False	neutrophile	optimum	
166249	Actinomyces lilanjuaniae	Actinomyces lilanjuaniae	Actinomyces	Actinomycetota	RS_GCF_003606385.1	GCF_003606385.1	GCA_003606385.1	GCF_003606385.1	accession	True	True	positive	positive	rod	rod	no	no	no	no	facultative	facultative	meso	meso	optimum	37.0	False	neutrophile	optimum	
166250	Steroidobacter soli	Steroidobacter soli	Steroidobacter	Pseudomonadota	RS_GCF_004138485.1	GCF_004138485.1	GCA_004138485.1	GCF_004138485.1	accession	True	True	negative	negative	rod	rod	yes	yes	no	no	aerobe	aerobe	meso	meso	optimum	30.0	False	neutrophile	optimum	
166255	Apibacter muscae	Apibacter muscae	Apibacter	Bacteroidota	RS_GCF_007845635.1	GCF_007845635.1	GCA_007845635.1	GCF_007845635.1	accession	True	True	negative	negative	rod	rod	no	no	no	no	aerobe	aerobe	meso	meso	optimum	32.5	False	neutrophile	growth_range	
166276	Methylobacterium oryzihabitans	Methylobacterium oryzihabitans	Methylobacterium	Pseudomonadota	RS_GCF_004004555.2	GCF_004004555.2	GCA_004004555.2	GCF_004004555.2	accession	True	True	negative	negative	rod	rod	yes	yes	no	no	aerobe	aerobe	meso	meso	optimum	27.5	False	neutrophile	optimum	
166277	Nakamurella antarctica	Nakamurella antarctica	Nakamurella	Actinomycetota	RS_GCF_003860405.1	GCF_003860405.1	GCA_003860405.1	GCF_003860405.1	accession	True	True	positive	positive	coccus	coccus	no	no	no	no	aerobe	aerobe	meso	meso	optimum	20.0	False	neutrophile	optimum	
166278	Sphingomonas paeninsulae	Sphingomonas_O paeninsulae	Sphingomonas_O	Pseudomonadota	RS_GCF_003660165.1	GCF_003660165.1	GCA_003660165.1	GCF_003660165.1	accession	True	True	negative	negative	rod	rod	no	no	no	no	aerobe	aerobe	meso	meso	optimum	20.0	False	neutrophile	optimum	
166284	Muricauda hymeniacidonis	Flagellimonas allohymeniacidonis	Flagellimonas	Bacteroidota	RS_GCF_004296335.1	GCF_004296335.1	GCA_004296335.1	GCF_004296335.1	accession	True	True	negative	negative	rod	rod	no	no	no	no	aerobe	aerobe	meso	meso	optimum	30.0	False	neutrophile	optimum	
166288	Cysteiniphilum halobium	Caedibacter halobius	Caedibacter	Pseudomonadota	RS_GCF_003574425.1	GCF_003574425.1	GCA_003574425.1	GCF_003574425.1	accession	True	True	negative	negative	other	other	no	no	no	no	aerobe	aerobe	meso	meso	optimum	35.0	False	neutrophile	optimum	
166294	Bacillus cabrialesii	Bacillus cabrialesii	Bacillus	Bacillota	RS_GCF_004124315.2	GCF_004124315.2	GCA_004124315.2	GCF_004124315.2	accession	True	True	positive	positive	rod	rod	yes	yes	yes	yes	aerobe	aerobe	meso	meso	optimum	29.0	False	neutrophile	optimum	
166298	Sandaracinomonas limnophila	Sandaracinomonas limnophila	Sandaracinomonas	Bacteroidota	RS_GCF_004005965.1	GCF_004005965.1	GCA_004005965.1	GCF_004005965.1	accession	True	True	negative	negative	rod	rod	no	no	no	no	aerobe	aerobe	meso	meso	optimum	25.0	False	neutrophile	optimum	
166302	Comamonas flocculans	Comamonas_C flocculans	Comamonas_C	Pseudomonadota	RS_GCF_007954405.1	GCF_007954405.1	GCA_007954405.1	GCF_007954405.1	accession	True	True	negative	negative	rod	rod	no	no	no	no	aerobe	aerobe	meso	meso	optimum	30.0	False	neutrophile	optimum	
166309	Nakamurella albus	Nakamurella alba	Nakamurella	Actinomycetota	RS_GCF_009707545.1	GCF_009707545.1	GCA_009707545.1	GCF_009707545.1	accession	True	True	positive	positive	rod	rod	no	no	no	no	aerobe	aerobe	meso	meso	optimum	28.0	False	neutrophile	optimum	
166313	Parvibaculum sedimenti	Parvibaculum sedimenti	Parvibaculum	Pseudomonadota	RS_GCF_009184905.1	GCF_009184905.1	GCA_009184905.1	GCF_009184905.1	accession	True	True	negative	negative	rod	rod	no	no	no	no	aerobe	aerobe	meso	meso	optimum	30.0	False	neutrophile	optimum	
166316	Pukyongia salina	Pukyongia salina	Pukyongia	Bacteroidota	RS_GCF_002966125.1	GCF_002966125.1	GCA_002966125.1	GCF_002966125.1	accession	True	True	negative	negative	rod	rod	no	no	no	no	aerobe	aerobe	meso	meso	optimum	27.5	False	neutrophile	optimum	
166319	Rudanella paleaurantiibacter	Rudanella paleaurantiibacter	Rudanella	Bacteroidota	RS_GCF_009184635.1	GCF_009184635.1	GCA_009184635.1	GCF_009184635.1	accession	True	True	negative	negative	other	other	no	no	no	no	aerobe	aerobe	meso	meso	optimum	27.5	False	neutrophile	optimum	
166324	Tepidiphilus baoligensis	Tepidiphilus olei	Tepidiphilus	Pseudomonadota	RS_GCF_042654425.1	GCF_042654425.1	GCA_042654425.1	GCF_042654425.1	accession	True	True	negative	negative	rod	rod	yes	yes	no	no	aerobe	aerobe	thermo	thermo	optimum	55.0	False	neutrophile	optimum	
166328	Lactobacillus suantsaicola	Companilactobacillus suantsaicola	Companilactobacillus	Bacillota	RS_GCF_004745525.1	GCF_004745525.1	GCA_004745525.1	GCF_004745525.1	accession	True	True	positive	positive	rod	rod	no	no	no	no	facultative	facultative	meso	meso	optimum	30.0	False	neutrophile	growth_range	
166329	Lactobacillus suantsaiihabitans	Levilactobacillus suantsaiihabitans	Levilactobacillus	Bacillota	RS_GCF_004745505.1	GCF_004745505.1	GCA_004745505.1	GCF_004745505.1	accession	True	True	positive	positive	rod	rod	no	no	no	no	facultative	facultative	meso	meso	optimum	30.0	False	neutrophile	growth_range	
166332	Bacillus aerolatus	Pseudobacillus aerolatus	Pseudobacillus	Bacillota	RS_GCF_009183655.1	GCF_009183655.1	GCA_009183655.1	GCF_009183655.1	accession	True	True	positive	positive	rod	rod	yes	yes	yes	yes	facultative	facultative	meso	meso	optimum	37.0	False	neutrophile	optimum	
166333	Herbaspirillum camelliae	Herbaspirillum seropedicae	Herbaspirillum	Pseudomonadota	RS_GCF_001929405.1	GCF_001929405.1	GCA_001929405.1	GCF_001929405.1	accession	True	True	negative	negative	rod	rod	yes	yes	no	no	facultative	microaerophile	meso	meso	optimum	35.5	True	neutrophile	optimum	
166338	Clostridium massiliamazoniense	Sarcina massiliamazoniense	Sarcina	Bacillota	RS_GCF_001403635.1	GCF_001403635.1	GCA_001403635.1	GCF_001403635.1	accession	True	True	positive	positive	rod	rod	no	no	yes	yes	anaerobe	anaerobe	meso	meso	growth_range	41.0	False		none	
166340	Erythrobacter mangrovi	Qipengyuania mangrovi	Qipengyuania	Pseudomonadota	RS_GCF_013260645.1	GCF_013260645.1	GCA_013260645.1	GCF_013260645.1	accession	True	True	negative	negative	rod	rod	no	no	no	no	aerobe	aerobe	meso	meso	optimum	29.0	False	neutrophile	optimum	
166344	Falsigemmobacter faecalis	Wagnerdoeblera faecalis	Wagnerdoeblera	Pseudomonadota	RS_GCF_003863335.1	GCF_003863335.1	GCA_003863335.1	GCF_003863335.1	accession	True	True	negative	negative	rod	rod	no	no	no	no	aerobe	aerobe	meso	meso	optimum	30.0	False	neutrophile	optimum	
166345	Lentibacillus panjinensis	Lentibacillus cibarius	Lentibacillus	Bacillota	GB_GCA_013387165.1	GCA_013387165.1	GCA_013387165.1		accession	True	True	positive	positive	rod	rod	yes	yes	no	no	aerobe	aerobe	meso	meso	optimum	37.0	False	neutrophile	optimum	
166351	Bacillus rugosus	Bacillus rugosus	Bacillus	Bacillota	RS_GCF_011745685.2	GCF_011745685.2	GCA_011745685.2	GCF_011745685.2	accession	True	True	positive	positive	rod	rod	yes	yes	yes	yes	aerobe	aerobe	meso	meso	optimum	35.0	False	neutrophile	optimum	
166355	Luteimonas weifangensis	Cognatiluteimonas weifangensis	Cognatiluteimonas	Pseudomonadota	RS_GCF_003416885.1	GCF_003416885.1	GCA_003416885.1	GCF_003416885.1	accession	True	True	negative	negative	rod	rod	no	no	no	no	aerobe	aerobe	meso	meso	optimum	30.0	False	neutrophile	optimum	
166356	Caenimonas sedimenti	Ramlibacter sedimenti	Ramlibacter	Pseudomonadota	RS_GCF_007833165.1	GCF_007833165.1	GCA_007833165.1	GCF_007833165.1	accession	True	True	negative	negative	rod	rod	no	no	no	no	aerobe	aerobe	meso	meso	optimum	30.0	False	neutrophile	optimum	
166364	Vallicoccus soli	Vallicoccus soli	Vallicoccus	Actinomycetota	RS_GCF_003594885.1	GCF_003594885.1	GCA_003594885.1	GCF_003594885.1	accession	True	True	positive	positive	coccus	coccus	no	no	no	no	aerobe	aerobe	meso	meso	optimum	37.0	False	neutrophile	growth_range	
166373	Pseudomonas atacamensis	Aquipseudomonas atacamensis	Aquipseudomonas	Pseudomonadota	RS_GCF_004801935.1	GCF_004801935.1	GCA_004801935.1	GCF_004801935.1	accession	True	True	negative	negative	rod	rod	yes	yes	no	no	aerobe	aerobe	meso	meso	optimum	28.0	False		none	
166375	Methylobacterium symbioticum	Methylobacterium symbioticum	Methylobacterium	Pseudomonadota	RS_GCF_902141845.1	GCF_902141845.1	GCA_902141845.1	GCF_902141845.1	accession	True	False	negative	negative	rod	rod	yes	yes	no	no	aerobe	aerobe	meso	meso	optimum	28.0	False	neutrophile	optimum	
166379	Mitsuaria chitinivorans	Roseateles chitinivorans	Roseateles	Pseudomonadota	RS_GCF_002761755.1	GCF_002761755.1	GCA_002761755.1	GCF_002761755.1	accession	True	True	negative	negative	rod	rod	yes	yes	no	no	aerobe	aerobe	meso	meso	optimum	30.0	False	neutrophile	optimum	
166381	Sphingomonas gellani	Sphingomonas gellani	Sphingomonas	Pseudomonadota	RS_GCF_900110035.1	GCF_900110035.1	GCA_900110035.1	GCF_900110035.1	accession	True	True	negative	negative	rod	rod	yes	yes	no	no	aerobe	aerobe	meso	meso	optimum	28.0	False	neutrophile	optimum	
166386	Bacillus tepidiphilus	Bacillus_BN tepidiphilus	Bacillus_BN	Bacillota	RS_GCF_009466385.1	GCF_009466385.1	GCA_009466385.1	GCF_009466385.1	accession	True	True	positive	positive	rod	rod	yes	yes	yes	yes	aerobe	aerobe	thermo	thermo	optimum	45.0	False	neutrophile	optimum	
166392	Reinekea thalattae	Reinekea thalattae	Reinekea	Pseudomonadota	RS_GCF_008041945.1	GCF_008041945.1	GCA_008041945.1	GCF_008041945.1	accession	True	True	negative	negative	rod	rod	yes	yes	no	no	aerobe	aerobe	meso	meso	optimum	28.0	False	neutrophile	optimum	
166403	Deinococcus detaillensis	Deinococcus detaillensis	Deinococcus	Deinococcota	RS_GCF_007280555.1	GCF_007280555.1	GCA_007280555.1	GCF_007280555.1	accession	True	True	positive	positive	other	other	no	no	no	no	aerobe	aerobe	meso	meso	optimum	15.0	False	neutrophile	optimum	
166408	Sphingobacterium endophyticum	Sphingobacterium endophyticum	Sphingobacterium	Bacteroidota	RS_GCF_009733535.1	GCF_009733535.1	GCA_009733535.1	GCF_009733535.1	accession	True	True	negative	negative	rod	rod	no	no	no	no	aerobe	aerobe	meso	meso	optimum	30.0	False	neutrophile	optimum	
166411	Aequoribacter fuscus	Aequoribacter fuscus	Aequoribacter	Pseudomonadota	RS_GCF_009910365.1	GCF_009910365.1	GCA_009910365.1	GCF_009910365.1	accession	True	True	negative	negative	rod	rod	no	no	no	no	aerobe	aerobe	meso	meso	optimum	25.0	False	neutrophile	optimum	
166412	Mannheimia ovis	Mannheimia pernigra	Mannheimia	Pseudomonadota	RS_GCF_009828705.1	GCF_009828705.1	GCA_009828705.1	GCF_009828705.1	accession	True	False	negative	negative	other	other	no	no	no	no	facultative	facultative	meso	meso	optimum	37.0	False	alkaliphile	optimum	
166415	Flavobacterium ajazii	Flavobacterium ajazii	Flavobacterium	Bacteroidota	RS_GCF_010614725.1	GCF_010614725.1	GCA_010614725.1	GCF_010614725.1	accession	True	True	negative	negative	rod	rod	yes	yes	no	no	aerobe	aerobe	meso	meso	optimum	27.5	False	neutrophile	optimum	
166416	Flavobacterium tibetense	Flavobacterium tibetense	Flavobacterium	Bacteroidota	RS_GCF_003293845.1	GCF_003293845.1	GCA_003293845.1	GCF_003293845.1	accession	True	True	negative	negative	rod	rod	no	no	no	no	aerobe	aerobe	meso	meso	optimum	30.0	False	neutrophile	optimum	
166418	Paenibacillus flagellatus	Paenibacillus_AB flagellatus	Paenibacillus_AB	Bacillota	RS_GCF_003217775.1	GCF_003217775.1	GCA_003217775.1	GCF_003217775.1	accession	True	True	negative	negative	rod	rod	yes	yes	yes	yes	aerobe	aerobe	meso	meso	optimum	37.0	False	neutrophile	optimum	
166419	Paraburkholderia phosphatilytica	Paraburkholderia phosphatilytica	Paraburkholderia	Pseudomonadota	RS_GCF_003443895.1	GCF_003443895.1	GCA_003443895.1	GCF_003443895.1	accession	True	True	negative	negative	rod	rod	no	no	no	no	aerobe	aerobe	meso	meso	optimum	28.0	False	neutrophile	optimum	
166422	Nakamurella deserti	Nakamurella deserti	Nakamurella	Actinomycetota	RS_GCF_003260015.1	GCF_003260015.1	GCA_003260015.1	GCF_003260015.1	accession	True	True	positive	positive	coccus	coccus	no	no	no	no	aerobe	aerobe	meso	meso	optimum	29.0	False	neutrophile	optimum	
166430	Marinimicrobium alkaliphilum	Marinimicrobium_A alkaliphilum	Marinimicrobium_A	Pseudomonadota	RS_GCF_003259155.1	GCF_003259155.1	GCA_003259155.1	GCF_003259155.1	accession	True	True	negative	negative	rod	rod	yes	yes	no	no	aerobe	aerobe	meso	meso	optimum	30.0	False	alkaliphile	optimum	
166432	Nocardioides gansuensis	Nocardioides gansuensis	Nocardioides	Actinomycetota	RS_GCF_003076135.1	GCF_003076135.1	GCA_003076135.1	GCF_003076135.1	accession	True	True	positive	positive	rod	rod	no	no	no	no	aerobe	aerobe	meso	meso	optimum	28.0	False	neutrophile	optimum	
166435	Microbacterium suaedae	Microbacterium suaedae	Microbacterium	Actinomycetota	RS_GCF_003254645.1	GCF_003254645.1	GCA_003254645.1	GCF_003254645.1	accession	True	True	positive	positive	rod	rod	no	no	no	no	aerobe	aerobe	meso	meso	optimum	28.0	False	neutrophile	optimum	
166437	Botryobacter ruber	Pontibacter ruber_A	Pontibacter	Bacteroidota	RS_GCF_003347595.2	GCF_003347595.2	GCA_003347595.2	GCF_003347595.2	accession	True	True	negative	negative	rod	rod	no	no	no	no	aerobe	aerobe	meso	meso	optimum	28.0	False	neutrophile	optimum	
166445	Gynurincola endophyticus	Gynurincola endophyticus	Gynurincola	Bacteroidota	RS_GCF_003991195.1	GCF_003991195.1	GCA_003991195.1	GCF_003991195.1	accession	True	True	negative	negative	rod	rod	no	no	no	no	aerobe	aerobe	meso	meso	optimum	29.0	False	neutrophile	optimum	
166455	Paenibacillus zeisoli	Fontibacillus zeisoli	Fontibacillus	Bacillota	RS_GCF_003994465.1	GCF_003994465.1	GCA_003994465.1	GCF_003994465.1	accession	True	True	negative	negative	rod	rod	yes	yes	yes	yes	aerobe	aerobe	meso	meso	optimum	29.0	False	neutrophile	optimum	
166464	Dyella psychrodurans	Dyella_B psychrodurans	Dyella_B	Pseudomonadota	RS_GCF_003363265.1	GCF_003363265.1	GCA_003363265.1	GCF_003363265.1	accession	True	True	negative	negative	rod	rod	no	no	no	no	aerobe	aerobe	meso	meso	optimum	28.0	False	acidophile	optimum	
166465	Dyella monticola	Dyella_B monticola	Dyella_B	Pseudomonadota	RS_GCF_003363155.1	GCF_003363155.1	GCA_003363155.1	GCF_003363155.1	accession	True	True	negative	negative	rod	rod	no	no	no	no	aerobe	aerobe	meso	meso	optimum	28.0	False	acidophile	optimum	
166468	Parashewanella curva	Parashewanella curva	Parashewanella	Pseudomonadota	RS_GCF_003675895.1	GCF_003675895.1	GCA_003675895.1	GCF_003675895.1	accession	True	True	negative	negative	rod	rod	yes	yes	no	no	aerobe	aerobe	meso	meso	optimum	25.0	False	neutrophile	optimum	
166469	Marortus luteolus	Spongiibacter marinus_B	Spongiibacter	Pseudomonadota	RS_GCF_002915595.1	GCF_002915595.1	GCA_002915595.1	GCF_002915595.1	accession	True	False	negative	negative	rod	rod	yes	yes	no	no	aerobe	aerobe	meso	meso	optimum	30.0	False	neutrophile	optimum	
166481	Marmoricola mangrovicus	Marmoricola mangrovicus	Marmoricola	Actinomycetota	RS_GCF_003674065.1	GCF_003674065.1	GCA_003674065.1	GCF_003674065.1	accession	True	True	positive	positive	rod	rod	yes	yes	no	no	aerobe	aerobe	meso	meso	optimum	29.0	False	neutrophile	optimum	
166482	Suicoccus acidiformans	Suicoccus acidiformans	Suicoccus	Bacillota	RS_GCF_003546865.1	GCF_003546865.1	GCA_003546865.1	GCF_003546865.1	accession	True	True	positive	positive	coccus	coccus	no	no	no	no	anaerobe	anaerobe	meso	meso	optimum	37.0	False	neutrophile	optimum	
166490	Falsibacillus albus	Falsibacillus albus	Falsibacillus	Bacillota	RS_GCF_003668575.1	GCF_003668575.1	GCA_003668575.1	GCF_003668575.1	accession	True	True	positive	positive	rod	rod	yes	yes	yes	yes	aerobe	aerobe	meso	meso	optimum	28.0	False	neutrophile	optimum	
166493	Chitinophaga deserti	Chitinophaga deserti	Chitinophaga	Bacteroidota	RS_GCF_003149455.1	GCF_003149455.1	GCA_003149455.1	GCF_003149455.1	accession	True	True	negative	negative	rod	rod	no	no	no	no	aerobe	aerobe	meso	meso	optimum	29.0	False	neutrophile	optimum	
166494	Gordonia oryzae	Gordonia oryzae	Gordonia	Actinomycetota	RS_GCF_003797185.1	GCF_003797185.1	GCA_003797185.1	GCF_003797185.1	accession	True	True	positive	positive	rod	rod	no	no	no	no	aerobe	aerobe	meso	meso	optimum	27.5	False	neutrophile	optimum	
166509	Amphritea opalescens	Amphritea opalescens	Amphritea	Pseudomonadota	RS_GCF_003957515.1	GCF_003957515.1	GCA_003957515.1	GCF_003957515.1	accession	True	True	negative	negative	rod	rod	yes	yes	no	no	facultative	facultative	meso	meso	optimum	28.0	False	neutrophile	optimum	
166510	Halioglobus sediminis	Halioglobus sediminis	Halioglobus	Pseudomonadota	RS_GCF_003457605.1	GCF_003457605.1	GCA_003457605.1	GCF_003457605.1	accession	True	True	negative	negative	rod	rod	no	no	no	no	aerobe	aerobe	meso	meso	optimum	33.0	False	neutrophile	optimum	
166515	Stagnimonas aquatica	Stagnimonas aquatica	Stagnimonas	Pseudomonadota	RS_GCF_003730135.1	GCF_003730135.1	GCA_003730135.1	GCF_003730135.1	accession	True	True	negative	negative	rod	rod	yes	yes	no	no	aerobe	aerobe	meso	meso	optimum	25.0	False	neutrophile	optimum	
166521	Massilia atriviolacea	Telluria_A atriviolacea	Telluria_A	Pseudomonadota	RS_GCF_003953935.1	GCF_003953935.1	GCA_003953935.1	GCF_003953935.1	accession	True	True	negative	negative	rod	rod	yes	yes	no	no	aerobe	aerobe	meso	meso	optimum	28.0	False	neutrophile	optimum	
166523	Lactobacillus hulanensis	Lacticaseibacillus hulanensis	Lacticaseibacillus	Bacillota	RS_GCF_004010095.1	GCF_004010095.1	GCA_004010095.1	GCF_004010095.1	accession	True	True	positive	positive	rod	rod	no	no	no	no	facultative	facultative	meso	meso	optimum	31.0	False	neutrophile	optimum	
166527	Protaetiibacter intestinalis	Homoserinibacter intestinalis	Homoserinibacter	Actinomycetota	RS_GCF_003627075.1	GCF_003627075.1	GCA_003627075.1	GCF_003627075.1	accession	True	True	positive	positive	rod	rod	no	no	no	no	aerobe	aerobe	meso	meso	optimum	29.0	False	neutrophile	optimum	
166528	Pulveribacter suum	Melaminivora suum	Melaminivora	Pseudomonadota	RS_GCF_003013695.1	GCF_003013695.1	GCA_003013695.1	GCF_003013695.1	accession	True	True	negative	negative	rod	rod	yes	yes	no	no	aerobe	aerobe	meso	meso	optimum	29.0	False	neutrophile	optimum	
166537	Sphingomonas crocodyli	Rhizorhabdus crocodyli	Rhizorhabdus	Pseudomonadota	RS_GCF_004005865.1	GCF_004005865.1	GCA_004005865.1	GCF_004005865.1	accession	True	True	negative	negative	rod	rod	yes	yes	no	no	aerobe	aerobe	meso	meso	optimum	30.0	False	neutrophile	optimum	
166544	Anaerosacchariphilus polymeriproducens	Anaerosacchariphilus polymeriproducens	Anaerosacchariphilus	Bacillota	RS_GCF_003363435.1	GCF_003363435.1	GCA_003363435.1	GCF_003363435.1	accession	True	True	negative	negative	rod	rod	yes	yes	yes	yes	anaerobe	anaerobe	meso	meso	optimum	40.0	False	neutrophile	optimum	
167374	Brevundimonas fluminis	Brevundimonas fluminis	Brevundimonas	Pseudomonadota	RS_GCF_003934285.1	GCF_003934285.1	GCA_003934285.1	GCF_003934285.1	accession	True	True	negative	negative	rod	rod	yes	yes	no	no	facultative	facultative	meso	meso	growth_range	27.5	False	neutrophile	growth_range	
167398	Massilia frigida	Telluria_A frigida	Telluria_A	Pseudomonadota	RS_GCF_011682175.1	GCF_011682175.1	GCA_011682175.1	GCF_011682175.1	accession	True	True	negative	negative	rod	rod	yes	yes	no	no	aerobe	aerobe	psychro	psychro	growth_range	13.0	False	neutrophile	growth_range	
167414	Massilia rubra	Telluria_A rubra	Telluria_A	Pseudomonadota	RS_GCF_011682065.1	GCF_011682065.1	GCA_011682065.1	GCF_011682065.1	accession	True	True	negative	negative	rod	rod	yes	yes	no	no	aerobe	aerobe	psychro	psychro	growth_range	13.0	False	neutrophile	growth_range	
167415	Massilia mucilaginosa	Telluria_A mucilaginosa	Telluria_A	Pseudomonadota	RS_GCF_011682145.1	GCF_011682145.1	GCA_011682145.1	GCF_011682145.1	accession	True	True	negative	negative	rod	rod	yes	yes	no	no	aerobe	aerobe	psychro	psychro	growth_range	13.0	False	neutrophile	growth_range	
167622	Novosphingobium umbonatum	Novosphingobium umbonatum	Novosphingobium	Pseudomonadota	RS_GCF_004005905.1	GCF_004005905.1	GCA_004005905.1	GCF_004005905.1	accession	True	True	negative	negative	rod	rod	no	no	no	no	anaerobe	anaerobe	meso	meso	optimum	25.0	False	neutrophile	optimum	
167643	Aliiroseovarius marinus	Aliiroseovarius marinus	Aliiroseovarius	Pseudomonadota	RS_GCF_004360145.1	GCF_004360145.1	GCA_004360145.1	GCF_004360145.1	accession	True	True	negative	negative	rod	rod	no	no	no	no	aerobe	aerobe	meso	meso	optimum	28.0	False	neutrophile	optimum	
167654	Vogesella urethralis	Vogesella urethralis	Vogesella	Pseudomonadota	RS_GCF_007644045.2	GCF_007644045.2	GCA_007644045.2	GCF_007644045.2	accession	True	True	negative	negative	rod	rod	yes	yes	no	no	aerobe	aerobe	meso	meso	optimum	31.0	False	neutrophile	optimum	
167772	Flavobacterium cellulosilyticum	Flavobacterium cellulosilyticum	Flavobacterium	Bacteroidota	RS_GCF_004349355.1	GCF_004349355.1	GCA_004349355.1	GCF_004349355.1	accession	True	True	negative	negative	rod	rod	no	no	no	no	aerobe	aerobe	psychro	psychro	optimum	12.5	False	neutrophile	optimum	
167796	Flavobacterium macacae	Flavobacterium macacae	Flavobacterium	Bacteroidota	RS_GCF_003865365.1	GCF_003865365.1	GCA_003865365.1	GCF_003865365.1	accession	True	True	negative	negative	rod	rod	no	no	no	no	aerobe	aerobe	meso	meso	optimum	28.0	False	neutrophile	optimum	
167800	Lampropedia aestuarii	Lampropedia aestuarii	Lampropedia	Pseudomonadota	RS_GCF_004803635.1	GCF_004803635.1	GCA_004803635.1	GCF_004803635.1	accession	True	True	negative	negative	rod	rod	no	no	no	no	aerobe	aerobe	meso	meso	optimum	27.5	False	neutrophile	optimum	
167823	Hydrogenophaga borbori	Hydrogenophaga borbori	Hydrogenophaga	Pseudomonadota	RS_GCF_003417535.1	GCF_003417535.1	GCA_003417535.1	GCF_003417535.1	accession	True	True	negative	negative	rod	rod	yes	yes	no	no	aerobe	aerobe	meso	meso	optimum	27.5	False	neutrophile	optimum	
167923	Pedobacter schmidteae	Pedobacter schmidteae	Pedobacter	Bacteroidota	RS_GCF_900564155.1	GCF_900564155.1	GCA_900564155.1	GCF_900564155.1	accession	True	True	negative	negative	rod	rod	yes	yes	no	no	aerobe	aerobe	meso	meso	optimum	25.0	False	neutrophile	optimum	
167975	Streptomyces acidicola	Streptomyces acidicola	Streptomyces	Actinomycetota	RS_GCF_009377235.1	GCF_009377235.1	GCA_009377235.1	GCF_009377235.1	accession	True	True	positive	positive	other	filamentous	no	no	yes	yes	aerobe	aerobe	meso	meso	optimum	27.5	False	neutrophile	optimum	
167978	Bacillus fungorum	Bacillus_A fungorum	Bacillus_A	Bacillota	RS_GCF_002746455.1	GCF_002746455.1	GCA_002746455.1	GCF_002746455.1	accession	True	True	positive	positive	rod	rod	no	no	yes	yes	facultative	facultative	meso	meso	optimum	28.0	False	neutrophile	optimum	
168303	Thermus thermamylovorans	Thermus thermamylovorans	Thermus	Deinococcota	RS_GCF_004307015.1	GCF_004307015.1	GCA_004307015.1	GCF_004307015.1	accession	True	True	negative	negative	rod	rod	no	no	no	no	aerobe	aerobe	thermo	thermo	growth_range	56.0	False	neutrophile	growth_range	
168332	Halomonas radicis	Modicisalibacter sp900961225	Modicisalibacter	Pseudomonadota	RS_GCF_900961225.1	GCF_900961225.1	GCA_900961225.1	GCF_900961225.1	accession	True	False	negative	negative	rod	rod	yes	yes	no	no	aerobe	aerobe	meso	meso	optimum	30.0	False	neutrophile	optimum	halotolerant
168525	Pseudorivibacter rhizosphaerae	Pseudorivibacter rhizosphaerae	Pseudorivibacter	Pseudomonadota	RS_GCF_006386545.1	GCF_006386545.1	GCA_006386545.1	GCF_006386545.1	accession	True	True	negative	negative	rod	rod	yes	yes	no	no	anaerobe	anaerobe	meso	meso	optimum	30.0	False	neutrophile	optimum	
168561	Sinirhodobacter hankyongi	Rhodobacter hankyongi	Rhodobacter	Pseudomonadota	RS_GCF_003664585.1	GCF_003664585.1	GCA_003664585.1	GCF_003664585.1	accession	True	True	negative	negative	other	other	yes	yes	no	no	aerobe	aerobe	meso	meso	optimum	31.0	False	neutrophile	optimum	
169101	Sphingobium algorifonticola	Sphingobium algorifonticola	Sphingobium	Pseudomonadota	RS_GCF_004005485.1	GCF_004005485.1	GCA_004005485.1	GCF_004005485.1	accession	True	True	negative	negative	rod	rod	yes	yes	yes	yes	aerobe	aerobe	meso	meso	optimum	22.5	False	neutrophile	optimum	
169990	Massilia aquatica	Telluria_A aquatica	Telluria_A	Pseudomonadota	RS_GCF_011682045.1	GCF_011682045.1	GCA_011682045.1	GCF_011682045.1	accession	True	True	negative	negative	rod	rod	yes	yes	no	no	aerobe	aerobe	meso	meso	optimum	30.0	False	neutrophile	growth_range	
170898	Saccharibacillus brassicae	Saccharibacillus brassicae	Saccharibacillus	Bacillota	RS_GCF_006542275.1	GCF_006542275.1	GCA_006542275.1	GCF_006542275.1	accession	True	True	positive	positive	rod	rod	yes	yes	yes	yes	facultative	facultative	meso	meso	optimum	25.0	False	neutrophile	optimum	
170934	Sulfitobacter sediminilitoris	Sulfitobacter sediminilitoris	Sulfitobacter	Pseudomonadota	RS_GCF_010667575.1	GCF_010667575.1	GCA_010667575.1	GCF_010667575.1	accession	True	True	negative	negative	rod	rod	no	no	no	no	aerobe	aerobe	meso	meso	optimum	25.0	False	neutrophile	optimum	
170935	Nitratireductor arenosus	Mangrovimarina arenosa	Mangrovimarina	Pseudomonadota	RS_GCF_009742725.1	GCF_009742725.1	GCA_009742725.1	GCF_009742725.1	accession	True	True	negative	negative	rod	rod	yes	yes	no	no	anaerobe	anaerobe	meso	meso	optimum	30.0	False	neutrophile	optimum	
170936	Sinimarinibacterium arenosum	Solimonas sp005047655	Solimonas	Pseudomonadota	RS_GCF_005047655.1	GCF_005047655.1	GCA_005047655.1	GCF_005047655.1	accession	True	False	negative	negative	rod	rod	yes	yes	no	no	aerobe	aerobe	meso	meso	optimum	30.0	False	neutrophile	optimum	
170941	Algoriphagus lacus	Algoriphagus lacus	Algoriphagus	Bacteroidota	RS_GCF_003583985.1	GCF_003583985.1	GCA_003583985.1	GCF_003583985.1	accession	True	True	negative	negative	rod	rod	no	no	no	no	facultative	facultative	meso	meso	optimum	30.0	False	neutrophile	optimum	
172652	Escherichia coli	Escherichia coli	Escherichia	Pseudomonadota	RS_GCF_013167875.1	GCF_013167875.1	GCA_013167875.1	GCF_013167875.1	designation	False	False	negative	negative	rod	rod	yes	yes	no	no	facultative	facultative	meso	meso	growth_range	23.0	False		none	
