gtdb_accession	gtdb_family	in_gtdb_v220_exact	in_gtdb_v220_stem
GB_GCA_000026125.1	Burkholderiaceae_D	True	True
GB_GCA_000143165.1	Dehalococcoidaceae	True	True
GB_GCA_000182945.1	Fusobacteriaceae	True	True
GB_GCA_000212915.1	Bacteroidaceae	False	False
GB_GCA_000233775.1	Thermovirgaceae	False	False
GB_GCA_000283575.1	Oscillospiraceae	True	True
GB_GCA_000344275.1	Streptococcaceae	True	True
GB_GCA_000488855.1	Anaerovoracaceae	True	True
GB_GCA_000517005.1	Beijerinckiaceae	True	True
GB_GCA_000518745.1	Enterobacteriaceae	False	False
GB_GCA_000526435.1	Caldicoprobacteraceae	True	True
GB_GCA_000621185.1	Enterobacteriaceae	True	True
GB_GCA_000632805.1	Rhodanobacteraceae	True	True
GB_GCA_000715605.1	Streptomycetaceae	True	True
GB_GCA_000715685.1	Streptomycetaceae	True	True
GB_GCA_000717315.1	Streptomycetaceae	False	False
GB_GCA_000741495.1	Bifidobacteriaceae	True	True
GB_GCA_000751835.1	Pasteurellaceae	True	True
GB_GCA_000940995.1	Vibrionaceae	False	False
GB_GCA_001189495.1	Anaerovoracaceae	True	True
GB_GCA_001312805.1	Polyangiaceae	True	True
GB_GCA_001414295.1	Pseudomonadaceae	True	True
GB_GCA_001436485.1	Lactobacillaceae	True	True
GB_GCA_001439635.1	Planococcaceae	True	True
GB_GCA_001544595.2	Burkholderiaceae	True	True
GB_GCA_001544655.2	Burkholderiaceae	True	True
GB_GCA_001552515.1	Streptosporangiaceae	True	True
GB_GCA_001586195.1	Planococcaceae	True	True
GB_GCA_001637215.1	Paenibacillaceae	True	True
GB_GCA_001648575.1	Bacillaceae_I	True	True
GB_GCA_002003685.1	Enterobacteriaceae	True	True
GB_GCA_002015125.1	Pasteurellaceae	True	True
GB_GCA_002104535.1	Alteromonadaceae	True	True
GB_GCA_002218005.2	Vibrionaceae	False	False
GB_GCA_002271215.1	Enterobacteriaceae	True	True
GB_GCA_002494375.1	Anoxybacillaceae	True	True
GB_GCA_002894665.1	Salinibacteraceae	True	True
GB_GCA_002951815.1	Sulfobacillaceae	True	True
GB_GCA_003265685.1	Burkholderiaceae_C	True	True
GB_GCA_003339645.1	Microbacteriaceae	True	True
GB_GCA_003865035.1	Anaerotignaceae	False	False
GB_GCA_003970805.2	Burkholderiaceae_D	True	True
GB_GCA_004143605.1	Desulfotomaculaceae	True	True
GB_GCA_004145795.1	Amphibacillaceae	True	True
GB_GCA_004168015.1	Methylococcaceae	True	True
GB_GCA_004193205.1	Mycobacteriaceae	True	True
GB_GCA_005046945.1	Tissierellaceae	True	True
GB_GCA_005405225.1	Enterococcaceae	False	False
GB_GCA_005877885.1	Marinilabiliaceae	True	True
GB_GCA_006739055.1	Allostellaceae	True	True
GB_GCA_007050995.1	Maricaulaceae	True	True
GB_GCA_007182875.1	Halomonadaceae	True	True
GB_GCA_008125065.1	Burkholderiaceae_D	True	True
GB_GCA_009738435.1	Clostridiaceae	True	True
GB_GCA_009765215.1	Xanthomonadaceae	True	True
GB_GCA_010692725.1	Sphingobacteriaceae	True	True
GB_GCA_013387165.1	Amphibacillaceae	True	True
GB_GCA_014637085.1	Burkholderiaceae_C	True	True
GB_GCA_014642275.1	Flavobacteriaceae	True	True
GB_GCA_014803435.1	Cellulomonadaceae	True	True
GB_GCA_016888885.1	Moraxellaceae	False	False
GB_GCA_019056595.1	Enterobacteriaceae	True	True
GB_GCA_020099315.1	Enterobacteriaceae	True	True
GB_GCA_021560015.1	Shewanellaceae	False	False
GB_GCA_023702235.1	Cytobacillaceae	True	True
GB_GCA_026967495.1	Enterobacteriaceae	True	True
GB_GCA_028539195.1	Lachnospiraceae	True	True
GB_GCA_029968055.1	Burkholderiaceae_C	True	True
GB_GCA_030161055.1	Rhodobacteraceae	True	True
GB_GCA_030295565.1	Bacteroidaceae	True	True
GB_GCA_039523335.1	Oleiphilaceae	False	False
GB_GCA_039527025.1	Propionibacteriaceae	False	False
GB_GCA_039527305.1	Mycobacteriaceae	False	False
GB_GCA_039535175.1	Planococcaceae	False	False
GB_GCA_040543585.1	Xanthobacteraceae	False	False
GB_GCA_042675245.1	Streptomycetaceae	False	False
GB_GCA_047796335.1	Bacteroidaceae	False	False
GB_GCA_900100475.1	Sphingomonadaceae	True	True
GB_GCA_900100495.1	Pseudomonadaceae	False	False
GB_GCA_900107365.1	Flavobacteriaceae	True	True
GB_GCA_900129595.1	Flavobacteriaceae	True	True
GB_GCA_900444965.1	Pasteurellaceae	True	True
GB_GCA_900454475.1	Pasteurellaceae	True	True
GB_GCA_900455085.1	Enterobacteriaceae	True	True
GB_GCA_900455155.1	Enterobacteriaceae	True	True
GB_GCA_900455815.1	Rhizobiaceae	True	True
GB_GCA_900457075.1	Enterobacteriaceae	False	False
GB_GCA_900459545.1	Streptococcaceae	False	False
GB_GCA_900478215.1	Enterobacteriaceae	True	True
GB_GCA_900576925.1	Listeriaceae	True	True
GB_GCA_900635495.1	Enterobacteriaceae	False	False
GB_GCA_900637675.1	Streptococcaceae	True	True
GB_GCA_900706735.1	Enterobacteriaceae	True	True
GB_GCA_901456055.1	Enterobacteriaceae	True	True
GB_GCA_901472405.1	Enterobacteriaceae	True	True
GB_GCA_902141825.1	Cellvibrionaceae	True	True
GB_GCA_918183835.1	Bacillaceae_G	True	True
GB_GCA_963360635.1	Rhizobiaceae	False	False
RS_GCF_000006945.2	Enterobacteriaceae	True	True
RS_GCF_000007145.1	Xanthomonadaceae	True	True
RS_GCF_000007265.1	Streptococcaceae	True	True
RS_GCF_000007705.1	Chromobacteriaceae	True	True
RS_GCF_000007825.1	Bacillaceae_G	True	True
RS_GCF_000007905.1	Helicobacteraceae	True	True
RS_GCF_000008465.1	Alteromonadaceae	True	True
RS_GCF_000008485.1	Legionellaceae	True	True
RS_GCF_000008565.1	Deinococcaceae	True	True
RS_GCF_000009745.1	Vibrionaceae	True	True
RS_GCF_000009765.2	Streptomycetaceae	True	True
RS_GCF_000010125.1	Staphylococcaceae	True	True
RS_GCF_000010185.1	Peptoniphilaceae	True	True
RS_GCF_000010285.1	Micrococcaceae	True	True
RS_GCF_000010425.1	Bifidobacteriaceae	True	True
RS_GCF_000010525.1	Xanthobacteraceae	True	True
RS_GCF_000010785.1	Aquificaceae	True	True
RS_GCF_000010985.1	Deferribacteraceae	True	True
RS_GCF_000011325.1	Mycobacteriaceae	True	True
RS_GCF_000011645.1	Bacillaceae	True	True
RS_GCF_000011905.1	Dehalococcoidaceae	True	True
RS_GCF_000012365.1	Burkholderiaceae	True	True
RS_GCF_000012485.1	Chlorobiaceae	True	True
RS_GCF_000012825.1	Bacteroidaceae	True	True
RS_GCF_000012845.1	Tannerellaceae	True	True
RS_GCF_000012945.1	Burkholderiaceae	True	True
RS_GCF_000013765.1	Shewanellaceae	True	True
RS_GCF_000013985.1	Sphingomonadaceae	True	True
RS_GCF_000014145.1	Cytophagaceae	True	True
RS_GCF_000014185.1	Rubrobacteraceae	True	True
RS_GCF_000014285.2	Acetobacteraceae	True	True
RS_GCF_000014785.1	Halorhodospiraceae	True	True
RS_GCF_000014865.1	Magnetococcaceae	True	True
RS_GCF_000014885.1	Shewanellaceae	True	True
RS_GCF_000015245.1	Shewanellaceae	True	True
RS_GCF_000015365.1	Oleiphilaceae	True	True
RS_GCF_000015505.1	Burkholderiaceae_C	True	True
RS_GCF_000015725.1	Burkholderiaceae_C	True	True
RS_GCF_000015845.1	Shewanellaceae	True	True
RS_GCF_000016345.1	Burkholderiaceae	True	True
RS_GCF_000017245.1	Pasteurellaceae	False	False
RS_GCF_000017305.1	Kineococcaceae	True	True
RS_GCF_000017405.1	Rhizobiaceae	True	True
RS_GCF_000017545.1	Fervidobacteriaceae	True	True
RS_GCF_000017565.1	Parvibaculaceae	True	True
RS_GCF_000017805.1	Roseiflexaceae	True	True
RS_GCF_000018025.1	Shewanellaceae	True	True
RS_GCF_000018145.1	Rhodobacteraceae	True	True
RS_GCF_000018285.1	Shewanellaceae	True	True
RS_GCF_000018685.1	Lachnospiraceae	True	True
RS_GCF_000018885.1	Micrococcaceae	True	True
RS_GCF_000019085.1	Thermoanaerobacteraceae	True	True
RS_GCF_000019185.1	Shewanellaceae	True	True
RS_GCF_000019225.1	Cellvibrionaceae	True	True
RS_GCF_000019525.1	Shewanellaceae	True	True
RS_GCF_000019945.1	Beijerinckiaceae	True	True
RS_GCF_000020225.1	Akkermansiaceae	True	True
RS_GCF_000020725.1	Geobacteraceae	True	True
RS_GCF_000020965.1	Dictyoglomaceae	True	True
RS_GCF_000021725.1	Nautiliaceae	True	True
RS_GCF_000021925.1	Desulfitobacteriaceae	True	True
RS_GCF_000021985.1	Ectothiorhodospiraceae	True	True
RS_GCF_000022025.1	Micrococcaceae	True	True
RS_GCF_000022065.1	DSM-1351	True	True
RS_GCF_000022085.1	Beijerinckiaceae	True	True
RS_GCF_000022745.1	Rhizobiaceae	True	True
RS_GCF_000022905.1	Mycobacteriaceae	True	True
RS_GCF_000022965.1	Bifidobacteriaceae	True	True
RS_GCF_000023025.1	Cellvibrionaceae	True	True
RS_GCF_000023105.1	Beutenbergiaceae	True	True
RS_GCF_000023145.1	Mycobacteriaceae	True	True
RS_GCF_000023205.1	Micrococcaceae	True	True
RS_GCF_000023325.1	Kosmotogaceae	True	True
RS_GCF_000023465.1	Flavobacteriaceae	True	True
RS_GCF_000023785.1	Hyphomonadaceae	True	True
RS_GCF_000023825.1	Sphingobacteriaceae	True	True
RS_GCF_000023845.1	Eggerthellaceae	True	True
RS_GCF_000023885.1	Eggerthellaceae	True	True
RS_GCF_000023925.1	Dermatophilaceae	True	True
RS_GCF_000024005.1	Chitinophagaceae	True	True
RS_GCF_000024105.1	Peptoniphilaceae	True	True
RS_GCF_000024125.1	Flavobacteriaceae	True	True
RS_GCF_000024225.1	Atopobiaceae	True	True
RS_GCF_000024285.1	Alicyclobacillaceae	True	True
RS_GCF_000024325.1	Desulfohalobiaceae	True	True
RS_GCF_000024345.1	Kribbellaceae	True	True
RS_GCF_000024365.1	Nakamurellaceae	True	True
RS_GCF_000024385.1	Streptosporangiaceae	True	True
RS_GCF_000024545.1	Micromonosporaceae	True	True
RS_GCF_000024785.1	Mycobacteriaceae	True	True
RS_GCF_000024965.1	Cellulomonadaceae	True	True
RS_GCF_000024985.1	Thermomicrobiaceae	True	True
RS_GCF_000025265.1	Solirubrobacteraceae	True	True
RS_GCF_000025305.1	Acidaminococcaceae	True	True
RS_GCF_000025565.1	Enterobacteriaceae	True	True
RS_GCF_000025905.1	Coraliomargaritaceae	True	True
RS_GCF_000025985.1	Bacteroidaceae	True	True
RS_GCF_000026085.1	Alteromonadaceae	True	True
RS_GCF_000026185.1	Enterobacteriaceae	True	True
RS_GCF_000026225.1	Enterobacteriaceae	True	True
RS_GCF_000027145.1	Listeriaceae	True	True
RS_GCF_000027185.1	Streptococcaceae	True	True
RS_GCF_000046705.1	Rhizobiaceae	True	True
RS_GCF_000060285.1	Listeriaceae	True	True
RS_GCF_000060345.1	Flavobacteriaceae	True	True
RS_GCF_000069785.1	Burkholderiaceae	True	True
RS_GCF_000091545.1	Thermaceae	True	True
RS_GCF_000092025.1	Rhizobiaceae	True	True
RS_GCF_000092225.1	Mycobacteriaceae	True	True
RS_GCF_000092245.1	Arcobacteraceae	True	True
RS_GCF_000092425.1	Trueperaceae	True	True
RS_GCF_000092825.1	Mycobacteriaceae	True	True
RS_GCF_000092845.1	Brachyspiraceae	True	True
RS_GCF_000092865.1	Cellulomonadaceae	True	True
RS_GCF_000093025.1	Methylophilaceae	True	True
RS_GCF_000143765.1	Sphingobacteriaceae	True	True
RS_GCF_000143845.1	Atopobiaceae	True	True
RS_GCF_000144405.1	Bacteroidaceae	True	True
RS_GCF_000144605.1	Caulobacteraceae	True	True
RS_GCF_000145215.1	Caldicellulosiruptoraceae	True	True
RS_GCF_000145275.1	Clostridiaceae	True	True
RS_GCF_000146165.2	Shewanellaceae	True	True
RS_GCF_000146675.1	Bacteroidaceae	True	True
RS_GCF_000148585.2	Streptococcaceae	True	True
RS_GCF_000152725.1	Rhodobacteraceae	True	True
RS_GCF_000152985.1	Flavobacteriaceae	True	True
RS_GCF_000153125.2	Halieaceae	True	True
RS_GCF_000153185.1	Natronospirillaceae	True	True
RS_GCF_000153305.1	Rhodobacteraceae	True	True
RS_GCF_000153345.1	Balneatricaceae	True	True
RS_GCF_000154725.1	Flavobacteriaceae	True	True
RS_GCF_000154825.1	Anaerofustaceae	True	True
RS_GCF_000154845.1	Bacteroidaceae	True	True
RS_GCF_000155475.1	Helicobacteraceae	True	True
RS_GCF_000156175.1	Coriobacteriaceae	True	True
RS_GCF_000156395.1	Enterobacteriaceae	True	True
RS_GCF_000156615.2	Mycobacteriaceae	True	True
RS_GCF_000156655.1	Erysipelotrichaceae	True	True
RS_GCF_000158095.2	Stappiaceae	True	True
RS_GCF_000159015.1	Actinomycetaceae	True	True
RS_GCF_000159035.1	Actinomycetaceae	True	True
RS_GCF_000159095.1	Peptoniphilaceae	True	True
RS_GCF_000159135.1	Mycobacteriaceae	True	True
RS_GCF_000159315.1	Lactobacillaceae	True	True
RS_GCF_000160055.1	Dialisteraceae	True	True
RS_GCF_000160115.1	Lachnospiraceae	True	True
RS_GCF_000160535.1	Bacteroidaceae	True	True
RS_GCF_000160615.1	Actinomycetaceae	True	True
RS_GCF_000160755.1	Enterobacteriaceae	True	True
RS_GCF_000160775.2	Nocardioidaceae	True	True
RS_GCF_000161455.1	Bacillaceae_G	True	True
RS_GCF_000162875.1	Eggerthellaceae	True	True
RS_GCF_000163295.1	Peptoniphilaceae	True	True
RS_GCF_000164635.1	Acetobacteraceae	True	True
RS_GCF_000165125.1	Vibrionaceae	True	True
RS_GCF_000166195.2	Sphingobacteriaceae	True	True
RS_GCF_000166275.1	Cyclobacteriaceae	True	True
RS_GCF_000166295.1	Oleiphilaceae	True	True
RS_GCF_000166355.1	Caldicellulosiruptoraceae	True	True
RS_GCF_000166395.1	Spirosomataceae	True	True
RS_GCF_000166775.1	Caldicellulosiruptoraceae	True	True
RS_GCF_000168255.1	Lactobacillaceae	True	True
RS_GCF_000169155.1	Thermosinaceae	True	True
RS_GCF_000170835.1	Oleiphilaceae	True	True
RS_GCF_000171215.1	Clostridiaceae	True	True
RS_GCF_000172175.1	Bacteroidaceae	True	True
RS_GCF_000172415.1	Burkholderiaceae	True	True
RS_GCF_000172635.2	Alteromonadaceae	True	True
RS_GCF_000173075.1	Chthoniobacteraceae	True	True
RS_GCF_000173355.1	Peptoniphilaceae	True	True
RS_GCF_000173775.1	Enterobacteriaceae	True	True
RS_GCF_000174015.1	Atopobiaceae	True	True
RS_GCF_000175195.1	Pasteurellaceae	True	True
RS_GCF_000175215.2	Caulobacteraceae	True	True
RS_GCF_000175255.2	Sphingomonadaceae	True	True
RS_GCF_000175615.1	Micrococcaceae	True	True
RS_GCF_000176155.1	Vibrionaceae	True	True
RS_GCF_000176175.1	Vibrionaceae	True	True
RS_GCF_000176235.1	Vibrionaceae	True	True
RS_GCF_000176855.2	Burkholderiaceae_C	True	True
RS_GCF_000177335.1	Dethiosulfovibrionaceae	True	True
RS_GCF_000177375.1	Erysipelotrichaceae	True	True
RS_GCF_000177635.2	Chrysiogenaceae	True	True
RS_GCF_000178115.2	Ethanoligenentaceae	True	True
RS_GCF_000178455.1	Brevibacteriaceae	True	True
RS_GCF_000178475.1	Lactobacillaceae	True	True
RS_GCF_000178855.1	Ktedonobacteraceae	True	True
RS_GCF_000178955.2	Acidobacteriaceae	True	True
RS_GCF_000178975.2	Acidobacteriaceae	True	True
RS_GCF_000179615.1	Paenibacillaceae	True	True
RS_GCF_000179915.2	Acidobacteriaceae	True	True
RS_GCF_000181535.1	Vibrionaceae	True	True
RS_GCF_000183135.1	Paludibacteraceae	True	True
RS_GCF_000183405.1	Calditerrivibrionaceae	True	True
RS_GCF_000183725.1	Sulfurimonadaceae	True	True
RS_GCF_000185365.1	Enterococcaceae	True	True
RS_GCF_000185725.2	Mycobacteriaceae	True	True
RS_GCF_000185805.1	Desulfurobacteriaceae	True	True
RS_GCF_000185845.1	Bacteroidaceae	True	True
RS_GCF_000186245.1	Sulfurovaceae	True	True
RS_GCF_000186465.1	Streptococcaceae	True	True
RS_GCF_000187265.1	Streptococcaceae	True	True
RS_GCF_000187465.1	Streptococcaceae	True	True
RS_GCF_000187585.1	Streptococcaceae	True	True
RS_GCF_000187895.1	Bacteroidaceae	True	True
RS_GCF_000187995.2	Streptococcaceae	True	True
RS_GCF_000188195.1	Succinivibrionaceae	True	True
RS_GCF_000188255.1	Pasteurellaceae	True	True
RS_GCF_000188295.1	Streptococcaceae	True	True
RS_GCF_000189415.1	Weeksellaceae	True	True
RS_GCF_000189535.1	Micrococcaceae	True	True
RS_GCF_000189775.2	Thermoanaerobacteraceae	True	True
RS_GCF_000190435.1	Sphaerochaetaceae	True	True
RS_GCF_000190695.1	Neisseriaceae	True	True
RS_GCF_000190735.1	Sphingobacteriaceae	True	True
RS_GCF_000190755.2	Methylomonadaceae	True	True
RS_GCF_000191065.1	Bacteroidaceae	True	True
RS_GCF_000192435.1	Mycobacteriaceae	True	True
RS_GCF_000192475.1	Rhodobacteraceae	True	True
RS_GCF_000193435.2	Caldicellulosiruptoraceae	True	True
RS_GCF_000193495.2	Acetobacteraceae	True	True
RS_GCF_000194605.1	Crocinitomicaceae	True	True
RS_GCF_000194945.1	Streptococcaceae	True	True
RS_GCF_000195635.1	Bacteroidaceae	True	True
RS_GCF_000195755.1	Desulfovibrionaceae	True	True
RS_GCF_000195795.1	Listeriaceae	True	True
RS_GCF_000196015.1	Burkholderiaceae	True	True
RS_GCF_000196115.1	Pirellulaceae	True	True
RS_GCF_000196275.1	Deinococcaceae	True	True
RS_GCF_000196675.2	Pseudonocardiaceae	True	True
RS_GCF_000196875.2	Halomonadaceae	True	True
RS_GCF_000197735.1	Micrococcaceae	True	True
RS_GCF_000199675.1	Anaerolineaceae	True	True
RS_GCF_000204195.1	Burkholderiaceae_C	True	True
RS_GCF_000204645.1	Burkholderiaceae_C	True	True
RS_GCF_000205165.1	Bacteroidaceae	True	True
RS_GCF_000210075.1	Bacteroidaceae	True	True
RS_GCF_000210095.1	Ruminococcaceae	True	True
RS_GCF_000210715.1	Aminobacteriaceae	True	True
RS_GCF_000213255.1	Mahellaceae	True	True
RS_GCF_000213975.1	Selenomonadaceae	True	True
RS_GCF_000214175.1	Mycobacteriaceae	True	True
RS_GCF_000214435.1	Desulfotomaculaceae	True	True
RS_GCF_000214595.1	Methylophagaceae	True	True
RS_GCF_000215745.1	Enterobacteriaceae	True	True
RS_GCF_000217795.1	Thermodesulfatatoraceae	True	True
RS_GCF_000218235.1	Bacteroidaceae	True	True
RS_GCF_000219605.1	Pseudomonadaceae	True	True
RS_GCF_000219725.1	Breznakiellaceae	True	True
RS_GCF_000219915.2	Burkholderiaceae_B	True	True
RS_GCF_000220255.1	Bacteroidaceae	True	True
RS_GCF_000222605.1	Vibrionaceae	True	True
RS_GCF_000223215.1	Brachyspiraceae	True	True
RS_GCF_000224085.1	Flavobacteriaceae	True	True
RS_GCF_000224335.1	Flavobacteriaceae	True	True
RS_GCF_000224785.1	Amphibacillaceae	True	True
RS_GCF_000225505.1	Mycobacteriaceae	True	True
RS_GCF_000225705.1	Coriobacteriaceae	True	True
RS_GCF_000225825.1	Dermabacteraceae	True	True
RS_GCF_000227465.1	Bacillaceae	True	True
RS_GCF_000227705.2	Paenibacillaceae	True	True
RS_GCF_000230695.2	Rhodanobacteraceae	True	True
RS_GCF_000231035.2	Pseudonocardiaceae	True	True
RS_GCF_000231215.1	Propionibacteriaceae	True	True
RS_GCF_000233955.1	Bacteroidaceae	True	True
RS_GCF_000235885.1	Bacteroidaceae	True	True
RS_GCF_000236035.1	Halomonadaceae	True	True
RS_GCF_000236565.1	Rhizobiaceae	True	True
RS_GCF_000236685.1	Sphaerochaetaceae	True	True
RS_GCF_000236925.1	Staphylococcaceae	True	True
RS_GCF_000237805.1	Dethiosulfovibrionaceae	True	True
RS_GCF_000237995.1	Lactobacillaceae	True	True
RS_GCF_000238315.3	Alteromonadaceae	True	True
RS_GCF_000238375.3	Alteromonadaceae	True	True
RS_GCF_000238395.3	Alteromonadaceae	True	True
RS_GCF_000238915.1	Micrococcaceae	True	True
RS_GCF_000240225.1	Solirubrobacteraceae	True	True
RS_GCF_000240525.1	Mycobacteriaceae	False	False
RS_GCF_000241055.1	Lactobacillaceae	True	True
RS_GCF_000241265.1	Mycobacteriaceae	True	True
RS_GCF_000241325.1	Mycobacteriaceae	True	True
RS_GCF_000241345.1	Mycobacteriaceae	True	True
RS_GCF_000241465.1	Sphingomonadaceae	True	True
RS_GCF_000241955.1	Enterobacteriaceae	True	True
RS_GCF_000242435.1	Dialisteraceae	True	True
RS_GCF_000242635.2	Sphingobacteriaceae	True	True
RS_GCF_000243115.2	Chitinophagaceae	True	True
RS_GCF_000243215.1	Marinifilaceae	True	True
RS_GCF_000243235.1	Flavobacteriaceae	True	True
RS_GCF_000243275.1	Flavobacteriaceae	True	True
RS_GCF_000244955.1	Pseudonocardiaceae	True	True
RS_GCF_000245755.1	Peptoniphilaceae	True	True
RS_GCF_000245795.1	Aerococcaceae	True	True
RS_GCF_000246855.1	Chitinophagaceae	True	True
RS_GCF_000248075.1	Mycobacteriaceae	True	True
RS_GCF_000250875.1	Burkholderiaceae_F	True	True
RS_GCF_000252445.1	Deinococcaceae	True	True
RS_GCF_000252975.1	Listeriaceae	True	True
RS_GCF_000252995.1	Enterobacteriaceae	True	True
RS_GCF_000253115.1	Burkholderiaceae_C	True	True
RS_GCF_000255455.1	Flavobacteriaceae	True	True
RS_GCF_000255495.1	Lactobacillaceae	True	True
RS_GCF_000256565.1	Burkholderiaceae_D	True	True
RS_GCF_000257205.1	Vibrionaceae	True	True
RS_GCF_000258405.1	Ignavibacteriaceae	True	True
RS_GCF_000258765.1	Flavobacteriaceae	True	True
RS_GCF_000260115.1	Flavobacteriaceae	True	True
RS_GCF_000260435.1	Lactobacillaceae	True	True
RS_GCF_000260815.1	Mycobacteriaceae	True	True
RS_GCF_000260965.1	Methylophagaceae	True	True
RS_GCF_000260985.4	Methylophagaceae	True	True
RS_GCF_000262305.1	Enterobacteriaceae	True	True
RS_GCF_000262545.1	Bacteroidaceae	True	True
RS_GCF_000263195.1	Spirosomataceae	True	True
RS_GCF_000264295.1	Rhodanobacteraceae	True	True
RS_GCF_000264315.1	Rhodanobacteraceae	True	True
RS_GCF_000264375.1	Rhodanobacteraceae	True	True
RS_GCF_000264785.1	Enterobacteriaceae	True	True
RS_GCF_000264945.2	Sphingomonadaceae	True	True
RS_GCF_000265075.1	Cyclobacteriaceae	True	True
RS_GCF_000265245.1	Halomonadaceae	True	True
RS_GCF_000265295.1	Sulfurospirillaceae	True	True
RS_GCF_000265365.1	Rikenellaceae	True	True
RS_GCF_000265405.1	Cyclobacteriaceae	True	True
RS_GCF_000267545.1	Pseudomonadaceae	True	True
RS_GCF_000269925.1	Streptococcaceae	True	True
RS_GCF_000269965.1	Bifidobacteriaceae	True	True
RS_GCF_000270245.1	Propionibacteriaceae	True	True
RS_GCF_000271305.1	Nevskiaceae	True	True
RS_GCF_000271405.2	Enterococcaceae	True	True
RS_GCF_000271485.2	DSM-13327	True	True
RS_GCF_000272005.1	Alteromonadaceae	True	True
RS_GCF_000273375.1	Rhizobiaceae	True	True
RS_GCF_000275725.1	Halomonadaceae	True	True
RS_GCF_000276685.1	Burkholderiaceae_B	True	True
RS_GCF_000276805.1	Moritellaceae	True	True
RS_GCF_000278155.1	Rhizobiaceae	True	True
RS_GCF_000279145.1	Melioribacteraceae	True	True
RS_GCF_000280055.1	Alteromonadaceae	True	True
RS_GCF_000284515.1	Halobacillaceae	True	True
RS_GCF_000286075.1	Streptococcaceae	True	True
RS_GCF_000293805.1	Paenibacillaceae	True	True
RS_GCF_000295695.2	Bacillaceae_G	True	True
RS_GCF_000295935.2	Cyclobacteriaceae	True	True
RS_GCF_000296445.1	Eggerthellaceae	True	True
RS_GCF_000296465.1	Barnesiellaceae	True	True
RS_GCF_000296695.1	Alteromonadaceae	True	True
RS_GCF_000296835.1	Lactobacillaceae	True	True
RS_GCF_000296855.1	Lactobacillaceae	True	True
RS_GCF_000297055.2	Sulfuricellaceae	True	True
RS_GCF_000297115.1	Caloramatoraceae	True	True
RS_GCF_000298195.1	Mycobacteriaceae	True	True
RS_GCF_000298235.1	Mycobacteriaceae	True	True
RS_GCF_000298295.1	Cyclobacteriaceae	True	True
RS_GCF_000298315.2	Rhizobiaceae	True	True
RS_GCF_000299355.1	Gottschalkiaceae	True	True
RS_GCF_000300995.1	Alcanivoracaceae	True	True
RS_GCF_000301055.1	Aerococcaceae	True	True
RS_GCF_000301075.1	Weeksellaceae	True	True
RS_GCF_000302595.1	Sphingobacteriaceae	True	True
RS_GCF_000305495.1	DSM-1321	True	True
RS_GCF_000306965.1	Amphibacillaceae	True	True
RS_GCF_000307025.1	Listeriaceae	True	True
RS_GCF_000307165.1	Amphibacillaceae	True	True
RS_GCF_000307855.1	Bacillaceae_J	True	True
RS_GCF_000308375.1	Mycobacteriaceae	True	True
RS_GCF_000308415.1	Mycobacteriaceae	True	True
RS_GCF_000308435.1	Mycobacteriaceae	True	True
RS_GCF_000308455.1	Mycobacteriaceae	True	True
RS_GCF_000308495.1	Mycobacteriaceae	True	True
RS_GCF_000308535.1	Mycobacteriaceae	True	True
RS_GCF_000308575.1	Mycobacteriaceae	True	True
RS_GCF_000308595.1	Mycobacteriaceae	True	True
RS_GCF_000308615.1	Mycobacteriaceae	True	True
RS_GCF_000308635.1	Mycobacteriaceae	True	True
RS_GCF_000308655.1	Mycobacteriaceae	True	True
RS_GCF_000308675.1	Mycobacteriaceae	True	True
RS_GCF_000308695.1	Mycobacteriaceae	True	True
RS_GCF_000308715.1	Mycobacteriaceae	True	True
RS_GCF_000308755.1	Mycobacteriaceae	True	True
RS_GCF_000308775.1	Mycobacteriaceae	True	True
RS_GCF_000308795.1	Mycobacteriaceae	True	True
RS_GCF_000308815.1	Mycobacteriaceae	True	True
RS_GCF_000308835.1	Mycobacteriaceae	True	True
RS_GCF_000308855.1	Mycobacteriaceae	True	True
RS_GCF_000308875.1	Mycobacteriaceae	True	True
RS_GCF_000310205.1	Rhodocyclaceae	True	True
RS_GCF_000312445.1	Bacteroidaceae	True	True
RS_GCF_000312565.1	Rhizobiaceae	True	True
RS_GCF_000312585.1	Rhizobiaceae	True	True
RS_GCF_000314675.2	Xanthobacteraceae	True	True
RS_GCF_000314935.1	Alteromonadaceae	True	True
RS_GCF_000314975.1	Alteromonadaceae	True	True
RS_GCF_000315055.1	Alteromonadaceae	True	True
RS_GCF_000315365.1	Desulfotomaculaceae	True	True
RS_GCF_000315425.1	Burkholderiaceae_D	True	True
RS_GCF_000315485.1	Bacteroidaceae	True	True
RS_GCF_000320405.1	Clostridiaceae	True	True
RS_GCF_000330705.1	Salinicoccaceae	True	True
RS_GCF_000330725.2	Cyclobacteriaceae	True	True
RS_GCF_000331025.1	Desulfovibrionaceae	True	True
RS_GCF_000331535.1	Cyclobacteriaceae	True	True
RS_GCF_000332115.1	Flavobacteriaceae	True	True
RS_GCF_000332455.1	Leptospiraceae	True	True
RS_GCF_000332475.2	Leptospiraceae	True	True
RS_GCF_000332495.1	Leptospiraceae	True	True
RS_GCF_000332975.1	Mycobacteriaceae	True	True
RS_GCF_000332995.1	Mycobacteriaceae	True	True
RS_GCF_000333015.1	Mycobacteriaceae	True	True
RS_GCF_000333035.1	Mycobacteriaceae	True	True
RS_GCF_000333955.1	Mycobacteriaceae	True	True
RS_GCF_000334455.1	Mycobacteriaceae	True	True
RS_GCF_000336575.1	Halomonadaceae	True	True
RS_GCF_000340375.1	Coprobacillaceae	True	True
RS_GCF_000340965.1	Streptosporangiaceae	True	True
RS_GCF_000341025.1	Streptosporangiaceae	True	True
RS_GCF_000341065.1	Streptosporangiaceae	True	True
RS_GCF_000341185.1	Streptosporangiaceae	True	True
RS_GCF_000342005.1	Pseudonocardiaceae	True	True
RS_GCF_000344135.1	Mycobacteriaceae	True	True
RS_GCF_000344155.1	Mycobacteriaceae	True	True
RS_GCF_000346615.1	Cyclobacteriaceae	True	True
RS_GCF_000347175.1	Leptospiraceae	True	True
RS_GCF_000347775.1	Oleiphilaceae	True	True
RS_GCF_000348785.1	Ilumatobacteraceae	True	True
RS_GCF_000348905.1	Planococcaceae	True	True
RS_GCF_000348925.1	Cyclobacteriaceae	True	True
RS_GCF_000348945.1	Micrococcaceae	True	True
RS_GCF_000349205.1	Methylophagaceae	True	True
RS_GCF_000349725.1	Lactobacillaceae	True	True
RS_GCF_000350145.1	Ilumatobacteraceae	True	True
RS_GCF_000350525.1	Microbacteriaceae	True	True
RS_GCF_000354175.2	Vibrionaceae	True	True
RS_GCF_000355675.1	Oceanobacteraceae	True	True
RS_GCF_000359585.1	Clostridiaceae	True	True
RS_GCF_000359605.1	Amphibacillaceae	True	True
RS_GCF_000364625.1	Pseudomonadaceae	True	True
RS_GCF_000365025.1	Maricaulaceae	True	True
RS_GCF_000365305.1	Enterobacteriaceae	True	True
RS_GCF_000367325.1	Weeksellaceae	True	True
RS_GCF_000367525.1	Dermatophilaceae	True	True
RS_GCF_000367905.1	Moraxellaceae	True	True
RS_GCF_000367925.1	Moraxellaceae	True	True
RS_GCF_000367985.1	Moraxellaceae	True	True
RS_GCF_000368025.1	Moraxellaceae	True	True
RS_GCF_000368085.1	Moraxellaceae	True	True
RS_GCF_000368565.1	Moraxellaceae	True	True
RS_GCF_000368585.1	Moraxellaceae	True	True
RS_GCF_000368625.1	Moraxellaceae	True	True
RS_GCF_000368685.1	Moraxellaceae	True	True
RS_GCF_000368765.1	Moraxellaceae	True	True
RS_GCF_000368785.1	Moraxellaceae	True	True
RS_GCF_000368825.1	Moraxellaceae	True	True
RS_GCF_000368865.1	Moraxellaceae	True	True
RS_GCF_000368965.1	Moraxellaceae	True	True
RS_GCF_000369005.1	Moraxellaceae	True	True
RS_GCF_000369045.1	Moraxellaceae	True	True
RS_GCF_000369065.1	Moraxellaceae	True	True
RS_GCF_000369465.1	Moraxellaceae	True	True
RS_GCF_000369525.1	Moraxellaceae	True	True
RS_GCF_000369545.1	Moraxellaceae	True	True
RS_GCF_000369645.1	Moraxellaceae	True	True
RS_GCF_000369725.1	Moraxellaceae	True	True
RS_GCF_000371605.1	Lachnospiraceae	True	True
RS_GCF_000372065.1	Burkholderiaceae_B	True	True
RS_GCF_000372365.1	Pasteurellaceae	True	True
RS_GCF_000372445.1	Mycobacteriaceae	True	True
RS_GCF_000372465.1	Kribbellaceae	True	True
RS_GCF_000372745.1	Streptomycetaceae	True	True
RS_GCF_000373185.1	Bacteroidaceae	True	True
RS_GCF_000373245.1	Cyclobacteriaceae	True	True
RS_GCF_000373265.1	Hymenobacteraceae	True	True
RS_GCF_000373745.1	Burkholderiaceae_B	True	True
RS_GCF_000373785.1	Erysipelotrichaceae	True	True
RS_GCF_000373965.1	Rhodocyclaceae	True	True
RS_GCF_000374025.1	Spirosomataceae	True	True
RS_GCF_000374045.1	Chitinophagaceae	True	True
RS_GCF_000374145.1	Rhodobacteraceae	True	True
RS_GCF_000374305.1	Streptosporangiaceae	True	True
RS_GCF_000374345.1	Bacillaceae_C	True	True
RS_GCF_000374405.1	Weeksellaceae	True	True
RS_GCF_000374425.1	Moraxellaceae	True	True
RS_GCF_000374445.1	Pseudonocardiaceae	True	True
RS_GCF_000374525.1	Amorphaceae	True	True
RS_GCF_000374625.1	Burkholderiaceae_C	True	True
RS_GCF_000375345.1	Wohlfahrtiimonadaceae	True	True
RS_GCF_000375405.1	Bacteroidaceae	True	True
RS_GCF_000375425.1	Balneolaceae	True	True
RS_GCF_000375525.1	Mycobacteriaceae	True	True
RS_GCF_000375545.1	Kordiimonadaceae	True	True
RS_GCF_000376225.1	Effusibacillaceae	True	True
RS_GCF_000376385.1	Desulfurisporaceae	True	True
RS_GCF_000376425.1	Thiobacillaceae	True	True
RS_GCF_000376785.1	Oleiphilaceae	True	True
RS_GCF_000376825.1	Dermatophilaceae	True	True
RS_GCF_000376945.1	Leeiaceae	True	True
RS_GCF_000376985.1	Streptococcaceae	True	True
RS_GCF_000377665.1	Halomonadaceae	True	True
RS_GCF_000377705.1	Marinococcaceae	True	True
RS_GCF_000377745.1	Cellvibrionaceae	True	True
RS_GCF_000377765.1	Amphibacillaceae	True	True
RS_GCF_000378045.1	Balneatricaceae	True	True
RS_GCF_000378125.1	Rhodanobacteraceae	True	True
RS_GCF_000378145.1	Paenibacillaceae	True	True
RS_GCF_000378165.1	Acetobacteraceae	True	True
RS_GCF_000378185.1	Alteromonadaceae	True	True
RS_GCF_000378345.1	Hyphomonadaceae	True	True
RS_GCF_000378385.1	Paenibacillaceae	True	True
RS_GCF_000378425.1	Paenibacillaceae	True	True
RS_GCF_000378445.1	Deinococcaceae	True	True
RS_GCF_000378465.1	Acetobacteraceae	True	True
RS_GCF_000378485.1	Flavobacteriaceae	True	True
RS_GCF_000378505.1	Halomonadaceae	True	True
RS_GCF_000378625.1	Alteromonadaceae	True	True
RS_GCF_000378745.1	Bacteroidaceae	True	True
RS_GCF_000379185.1	Flavobacteriaceae	True	True
RS_GCF_000379445.1	Francisellaceae	True	True
RS_GCF_000379485.1	Rhodobacteraceae	True	True
RS_GCF_000379665.1	Marinifilaceae	True	True
RS_GCF_000379905.1	Pasteurellaceae	True	True
RS_GCF_000379965.1	Bacteroidaceae	True	True
RS_GCF_000379985.1	Streptococcaceae	True	True
RS_GCF_000380025.1	Streptococcaceae	True	True
RS_GCF_000380045.1	Streptococcaceae	True	True
RS_GCF_000380085.1	Streptococcaceae	True	True
RS_GCF_000380105.1	Streptococcaceae	True	True
RS_GCF_000380125.1	Streptococcaceae	True	True
RS_GCF_000380145.1	Streptococcaceae	True	True
RS_GCF_000380485.1	Mycobacteriaceae	True	True
RS_GCF_000380505.1	Kaistiaceae	True	True
RS_GCF_000380565.1	Cellvibrionaceae	True	True
RS_GCF_000380965.1	NBRC-103111	True	True
RS_GCF_000380985.1	Dysgonomonadaceae	True	True
RS_GCF_000381005.1	Selenomonadaceae	True	True
RS_GCF_000381085.1	Thiomicrospiraceae	True	True
RS_GCF_000381265.1	Burkholderiaceae_C	True	True
RS_GCF_000381525.1	Peptostreptococcaceae	True	True
RS_GCF_000381745.1	Psychromonadaceae	True	True
RS_GCF_000381885.1	Streptosporangiaceae	True	True
RS_GCF_000381905.1	Paenibacillaceae	True	True
RS_GCF_000381965.1	Aeromonadaceae	True	True
RS_GCF_000381985.1	Rhodospirillaceae	True	True
RS_GCF_000382125.1	Flavobacteriaceae	True	True
RS_GCF_000382145.1	Moraxellaceae	True	True
RS_GCF_000382205.1	Spirosomataceae	True	True
RS_GCF_000382225.1	Hymenobacteraceae	True	True
RS_GCF_000382245.1	Halomonadaceae	True	True
RS_GCF_000382265.1	Rhodobacteraceae	True	True
RS_GCF_000382325.1	Maricaulaceae	True	True
RS_GCF_000382345.1	Burkholderiaceae_D	True	True
RS_GCF_000382385.1	Bacteroidaceae	True	True
RS_GCF_000382425.1	Weeksellaceae	True	True
RS_GCF_000382445.1	Bacteroidaceae	True	True
RS_GCF_000383595.1	Streptomycetaceae	True	True
RS_GCF_000383875.1	Caldibacillaceae	True	True
RS_GCF_000383955.1	Spirosomataceae	True	True
RS_GCF_000384075.1	Methylomonadaceae	True	True
RS_GCF_000384135.1	Succinispiraceae	True	True
RS_GCF_000384235.1	Thiomicrospiraceae	True	True
RS_GCF_000384295.1	Pseudonocardiaceae	True	True
RS_GCF_000384315.1	Pseudonocardiaceae	True	True
RS_GCF_000384965.1	Rhizobiaceae	True	True
RS_GCF_000385175.1	Salinicoccaceae	True	True
RS_GCF_000385925.1	Streptococcaceae	True	True
RS_GCF_000385945.1	Streptomycetaceae	True	True
RS_GCF_000388115.1	Aeromonadaceae	True	True
RS_GCF_000400305.1	Vibrionaceae	True	True
RS_GCF_000400365.1	Vibrionaceae	True	True
RS_GCF_000400735.1	Moraxellaceae	True	True
RS_GCF_000402035.1	Burkholderiaceae	True	True
RS_GCF_000403135.1	Sphingobacteriaceae	True	True
RS_GCF_000403355.2	Eggerthellaceae	True	True
RS_GCF_000406145.1	Enterobacteriaceae	True	True
RS_GCF_000406165.1	Enterobacteriaceae	True	True
RS_GCF_000406945.1	Enterococcaceae	True	True
RS_GCF_000406965.1	Enterococcaceae	True	True
RS_GCF_000407185.1	Enterococcaceae	True	True
RS_GCF_000407565.1	Enterococcaceae	True	True
RS_GCF_000407605.1	Enterococcaceae	True	True
RS_GCF_000410875.1	Pseudomonadaceae	True	True
RS_GCF_000413475.1	Streptococcaceae	True	True
RS_GCF_000413855.1	Moraxellaceae	True	True
RS_GCF_000418365.1	Mycobacteriaceae	True	True
RS_GCF_000419445.1	Microbacteriaceae	True	True
RS_GCF_000419685.1	Flavobacteriaceae	True	True
RS_GCF_000420025.1	Solirubrobacteraceae	True	True
RS_GCF_000420045.1	Moraxellaceae	True	True
RS_GCF_000420245.1	Psychromonadaceae	True	True
RS_GCF_000420325.1	Spongiibacteraceae	True	True
RS_GCF_000420385.1	Hippeaceae	True	True
RS_GCF_000420405.1	Actinomycetaceae	True	True
RS_GCF_000420545.1	Xanthomonadaceae	True	True
RS_GCF_000420725.1	Marinococcaceae	True	True
RS_GCF_000420785.1	Streptococcaceae	True	True
RS_GCF_000420805.1	Micrococcaceae	True	True
RS_GCF_000421145.1	Microbacteriaceae	True	True
RS_GCF_000421185.1	Dermatophilaceae	True	True
RS_GCF_000421465.1	Methylothermaceae	True	True
RS_GCF_000421545.1	Microbacteriaceae	True	True
RS_GCF_000421585.1	Thermodesulfatatoraceae	True	True
RS_GCF_000421625.1	Thermaceae	True	True
RS_GCF_000421705.1	Caulobacteraceae	True	True
RS_GCF_000421765.1	Pseudomonadaceae	True	True
RS_GCF_000421825.1	Microbacteriaceae	True	True
RS_GCF_000421845.1	Microbacteriaceae	True	True
RS_GCF_000422305.1	Xanthomonadaceae	True	True
RS_GCF_000422385.1	Microbacteriaceae	True	True
RS_GCF_000422445.1	Paenibacillaceae	True	True
RS_GCF_000422465.1	Paenibacillaceae	True	True
RS_GCF_000422485.1	Paenibacillaceae	True	True
RS_GCF_000422505.1	Paenibacillaceae	True	True
RS_GCF_000422665.1	Shewanellaceae	True	True
RS_GCF_000422705.1	Flavobacteriaceae	True	True
RS_GCF_000422725.1	Flavobacteriaceae	True	True
RS_GCF_000422745.1	Microbacteriaceae	True	True
RS_GCF_000422765.1	Balneatricaceae	True	True
RS_GCF_000422825.1	Nocardioidaceae	True	True
RS_GCF_000422885.1	Burkholderiaceae_C	True	True
RS_GCF_000422905.1	NBRC-103111	True	True
RS_GCF_000422925.1	Chromobacteriaceae	True	True
RS_GCF_000422945.1	Sphingobacteriaceae	True	True
RS_GCF_000422985.1	Sphingomonadaceae	True	True
RS_GCF_000423025.1	Mycobacteriaceae	True	True
RS_GCF_000423045.1	Flavobacteriaceae	True	True
RS_GCF_000423065.1	Flavobacteriaceae	True	True
RS_GCF_000423085.1	Propionibacteriaceae	True	True
RS_GCF_000423165.1	Alteromonadaceae	True	True
RS_GCF_000423225.1	Kaistiaceae	True	True
RS_GCF_000423265.1	Lactobacillaceae	True	True
RS_GCF_000423345.1	Cellvibrionaceae	True	True
RS_GCF_000423405.1	Flavobacteriaceae	True	True
RS_GCF_000423485.1	Propionibacteriaceae	True	True
RS_GCF_000423505.1	Microbacteriaceae	True	True
RS_GCF_000423525.1	Filifactoraceae	True	True
RS_GCF_000423545.1	Pseudomonadaceae	True	True
RS_GCF_000423625.1	Pseudonocardiaceae	True	True
RS_GCF_000423645.1	Rhodobacteraceae	True	True
RS_GCF_000423665.1	Solirubrobacteraceae	True	True
RS_GCF_000423705.1	Stappiaceae	True	True
RS_GCF_000423725.1	Streptococcaceae	True	True
RS_GCF_000423745.1	Streptococcaceae	True	True
RS_GCF_000423765.1	Streptococcaceae	True	True
RS_GCF_000423865.1	Thermodesulfovibrionaceae	True	True
RS_GCF_000424665.1	Flavobacteriaceae	True	True
RS_GCF_000424985.1	Flavobacteriaceae	True	True
RS_GCF_000425045.1	Acidaminococcaceae	True	True
RS_GCF_000425125.1	Paenibacillaceae	True	True
RS_GCF_000425165.1	Vibrionaceae	True	True
RS_GCF_000425185.1	Pleomorphomonadaceae	True	True
RS_GCF_000425225.1	BH030062	True	True
RS_GCF_000425385.1	Burkholderiaceae_D	True	True
RS_GCF_000425425.1	Flavobacteriaceae	True	True
RS_GCF_000425485.1	Flavobacteriaceae	True	True
RS_GCF_000425585.1	Chitinophagaceae	True	True
RS_GCF_000425645.1	Flavobacteriaceae	True	True
RS_GCF_000425725.1	Halomonadaceae	True	True
RS_GCF_000425745.1	Pseudomonadaceae	True	True
RS_GCF_000425785.1	Pseudomonadaceae	True	True
RS_GCF_000425805.1	Pseudomonadaceae	True	True
RS_GCF_000425845.1	Salinicoccaceae	True	True
RS_GCF_000425905.1	Lactobacillaceae	True	True
RS_GCF_000426365.1	Xanthomonadaceae	True	True
RS_GCF_000426445.1	Brevibacteriaceae	True	True
RS_GCF_000426465.1	Weeksellaceae	True	True
RS_GCF_000426505.1	Thalassobaculaceae	True	True
RS_GCF_000426565.1	Bacteroidaceae	True	True
RS_GCF_000426585.1	Bacteroidaceae	True	True
RS_GCF_000426605.1	Propionibacteriaceae	True	True
RS_GCF_000426625.1	Fusobacteriaceae	True	True
RS_GCF_000426645.1	Nakamurellaceae	True	True
RS_GCF_000426665.1	Selenomonadaceae	True	True
RS_GCF_000426685.1	Nevskiaceae	True	True
RS_GCF_000426745.1	Veillonellaceae	True	True
RS_GCF_000426885.1	Moraxellaceae	True	True
RS_GCF_000427095.1	Chthonomonadaceae	True	True
RS_GCF_000427335.1	Flavobacteriaceae	True	True
RS_GCF_000427445.1	Beijerinckiaceae	True	True
RS_GCF_000427645.1	Sphingomonadaceae	True	True
RS_GCF_000427785.1	Burkholderiaceae_D	True	True
RS_GCF_000427865.1	Mycobacteriaceae	True	True
RS_GCF_000427965.1	Sphingobacteriaceae	True	True
RS_GCF_000428125.1	Bacteroidaceae	True	True
RS_GCF_000428145.1	Chitinibacteraceae	True	True
RS_GCF_000428485.1	Weeksellaceae	True	True
RS_GCF_000428585.1	Zooshikellaceae	True	True
RS_GCF_000428725.1	Psychromonadaceae	True	True
RS_GCF_000428845.1	Spirosomataceae	True	True
RS_GCF_000428865.1	Aerococcaceae	True	True
RS_GCF_000428905.1	Alteromonadaceae	True	True
RS_GCF_000429005.1	Sphingomonadaceae	True	True
RS_GCF_000429025.1	Pseudonocardiaceae	True	True
RS_GCF_000429045.1	Beijerinckiaceae	True	True
RS_GCF_000429125.1	Flavobacteriaceae	True	True
RS_GCF_000429145.1	Alteromonadaceae	True	True
RS_GCF_000429165.1	Acetobacteraceae	True	True
RS_GCF_000429325.1	Desulfovibrionaceae	True	True
RS_GCF_000429345.1	Desulfovirgulaceae	True	True
RS_GCF_000429385.1	Burkholderiaceae_B	True	True
RS_GCF_000429405.1	Cyclobacteriaceae	True	True
RS_GCF_000429425.1	Cyclobacteriaceae	True	True
RS_GCF_000429465.1	Cyclobacteriaceae	True	True
RS_GCF_000429485.1	Celerinatantimonadaceae	True	True
RS_GCF_000429505.1	Celerinatantimonadaceae	True	True
RS_GCF_000429525.1	Alicyclobacillaceae	True	True
RS_GCF_000429545.1	Flavobacteriaceae	True	True
RS_GCF_000429565.1	Enterobacteriaceae	True	True
RS_GCF_000429585.1	Carnobacteriaceae_A	True	True
RS_GCF_000429605.1	Rhodocyclaceae	True	True
RS_GCF_000429685.1	Marinococcaceae	True	True
RS_GCF_000429705.1	Salisediminibacteriaceae	True	True
RS_GCF_000429765.1	Rhodobacteraceae	True	True
RS_GCF_000429785.1	Chitinibacteraceae	True	True
RS_GCF_000429845.1	Burkholderiaceae_C	True	True
RS_GCF_000429865.1	Devosiaceae	True	True
RS_GCF_000429905.1	Desulfatibacillaceae	True	True
RS_GCF_000429945.1	Desulfobulbaceae	True	True
RS_GCF_000429985.1	Desulfovibrionaceae	True	True
RS_GCF_000430025.1	Flavobacteriaceae	True	True
RS_GCF_000430505.1	Microscillaceae	True	True
RS_GCF_000430525.1	Bacteroidaceae	True	True
RS_GCF_000430605.1	Anaeromusaceae	True	True
RS_GCF_000430625.1	Aneurinibacillaceae	True	True
RS_GCF_000430665.1	Flavobacteriaceae	True	True
RS_GCF_000430725.1	Burkholderiaceae_C	True	True
RS_GCF_000430765.1	DSM-1321	True	True
RS_GCF_000430805.1	Chitinibacteraceae	True	True
RS_GCF_000430825.1	Weeksellaceae	True	True
RS_GCF_000430845.1	Weeksellaceae	True	True
RS_GCF_000430885.1	Desulfallaceae	True	True
RS_GCF_000442645.1	Mycobacteriaceae	True	True
RS_GCF_000444135.1	Pseudomonadaceae	True	True
RS_GCF_000444995.1	Rhodobacteraceae	True	True
RS_GCF_000445065.1	Sphingomonadaceae	True	True
RS_GCF_000445105.1	Sphingomonadaceae	True	True
RS_GCF_000445125.1	Sphingomonadaceae	True	True
RS_GCF_000447205.1	Sphingomonadaceae	True	True
RS_GCF_000452225.2	Peptostreptococcaceae	True	True
RS_GCF_000455445.1	Bacteroidaceae	True	True
RS_GCF_000455605.1	Flavobacteriaceae	True	True
RS_GCF_000466385.1	Aneurinibacillaceae	True	True
RS_GCF_000466965.1	Rhodobacteraceae	True	True
RS_GCF_000466985.1	Caulobacteraceae	True	True
RS_GCF_000467105.1	Pseudomonadaceae	True	True
RS_GCF_000469325.1	Lactobacillaceae	True	True
RS_GCF_000470775.1	Microbacteriaceae	True	True
RS_GCF_000471625.1	Moraxellaceae	True	True
RS_GCF_000472905.1	Alicyclobacillaceae	True	True
RS_GCF_000473165.1	Rhodobacteraceae	True	True
RS_GCF_000473205.1	Rhodobacteraceae	True	True
RS_GCF_000473225.1	Rhodobacteraceae	True	True
RS_GCF_000473265.1	Pseudonocardiaceae	True	True
RS_GCF_000473325.1	Rhodobacteraceae	True	True
RS_GCF_000473365.1	Hymenobacteraceae	True	True
RS_GCF_000474215.1	Enterobacteriaceae	True	True
RS_GCF_000474275.2	Bacillaceae_D	True	True
RS_GCF_000474945.1	Nevskiaceae	True	True
RS_GCF_000478275.1	Pseudonocardiaceae	True	True
RS_GCF_000478885.1	Eggerthellaceae	True	True
RS_GCF_000482465.1	Spirosomataceae	True	True
RS_GCF_000482485.1	Amphibacillaceae	True	True
RS_GCF_000482745.1	Desulfovibrionaceae	True	True
RS_GCF_000483125.1	Atopobiaceae	True	True
RS_GCF_000484635.1	Burkholderiaceae_C	True	True
RS_GCF_000488215.1	Moraxellaceae	True	True
RS_GCF_000488275.1	Moraxellaceae	True	True
RS_GCF_000496075.1	Tepidamorphaceae	True	True
RS_GCF_000498495.1	Flavobacteriaceae	True	True
RS_GCF_000498535.1	Flavobacteriaceae	True	True
RS_GCF_000498575.2	Pseudomonadaceae	True	True
RS_GCF_000498955.2	Lactobacillaceae	True	True
RS_GCF_000503215.1	Pseudomonadaceae	True	True
RS_GCF_000504285.1	Catenulisporaceae	True	True
RS_GCF_000511175.1	Chitinophagaceae	True	True
RS_GCF_000512915.1	Barnesiellaceae	True	True
RS_GCF_000513095.1	Bacillaceae_D	True	True
RS_GCF_000513115.1	Bacillaceae_D	True	True
RS_GCF_000513215.1	Enterobacteriaceae	True	True
RS_GCF_000515335.1	Paenibacillaceae	True	True
RS_GCF_000515395.1	Jiangellaceae	True	True
RS_GCF_000517065.1	Marinilabiliaceae	True	True
RS_GCF_000517085.1	Marinilabiliaceae	True	True
RS_GCF_000517265.1	Enterobacteriaceae	True	True
RS_GCF_000517545.1	Bacteroidaceae	True	True
RS_GCF_000518205.1	Aerococcaceae	True	True
RS_GCF_000518225.1	Helicobacteraceae	True	True
RS_GCF_000518545.1	Bacteroidaceae	True	True
RS_GCF_000518605.1	Shewanellaceae	True	True
RS_GCF_000518625.1	Acetobacteraceae	True	True
RS_GCF_000518645.1	Burkholderiaceae_C	True	True
RS_GCF_000519125.1	Desulfovibrionaceae	True	True
RS_GCF_000519205.1	Pseudonocardiaceae	True	True
RS_GCF_000520015.2	Enterobacteriaceae	True	True
RS_GCF_000520995.1	Flavobacteriaceae	True	True
RS_GCF_000521505.1	Burkholderiaceae_B	True	True
RS_GCF_000521865.1	Rhodobacteraceae	True	True
RS_GCF_000526155.1	Deferrisomataceae	True	True
RS_GCF_000526675.1	Aerococcaceae	True	True
RS_GCF_000527095.1	Methylomonadaceae	True	True
RS_GCF_000559025.1	Xanthomonadaceae	True	True
RS_GCF_000559085.1	Mycobacteriaceae	True	True
RS_GCF_000566685.1	Spirosomataceae	True	True
RS_GCF_000576595.1	Dermatophilaceae	True	True
RS_GCF_000576635.1	Azospirillaceae	True	True
RS_GCF_000577275.2	Rhizobiaceae	True	True
RS_GCF_000583655.1	Lactobacillaceae	True	True
RS_GCF_000583755.1	Campylobacteraceae	True	True
RS_GCF_000585335.1	Synergistaceae	True	True
RS_GCF_000586255.1	Legionellaceae	True	True
RS_GCF_000586315.1	Legionellaceae	True	True
RS_GCF_000590555.1	Mycobacteriaceae	True	True
RS_GCF_000590925.1	Rhodobacteraceae	True	True
RS_GCF_000591415.1	Halomonadaceae	True	True
RS_GCF_000597865.1	Peptostreptococcaceae	True	True
RS_GCF_000599985.1	Orbaceae	True	True
RS_GCF_000600005.1	Neisseriaceae	True	True
RS_GCF_000600335.2	Rhodobacteraceae	True	True
RS_GCF_000601455.1	Caloramatoraceae	True	True
RS_GCF_000603945.1	Cellulomonadaceae	True	True
RS_GCF_000611675.1	Flavobacteriaceae	True	True
RS_GCF_000612445.1	Lactobacillaceae	True	True
RS_GCF_000612725.1	Mycobacteriaceae	True	True
RS_GCF_000613445.1	Bacteroidaceae	True	True
RS_GCF_000613725.1	Bacteroidaceae	True	True
RS_GCF_000613805.1	Bacteroidaceae	True	True
RS_GCF_000613945.1	Bacteroidaceae	True	True
RS_GCF_000614065.1	Bacteroidaceae	True	True
RS_GCF_000614145.1	Bacteroidaceae	True	True
RS_GCF_000614205.1	Bacteroidaceae	True	True
RS_GCF_000614975.1	Shewanellaceae	True	True
RS_GCF_000615285.1	Lactobacillaceae	True	True
RS_GCF_000615945.1	JCM-10596	True	True
RS_GCF_000615975.1	Rhizobiaceae	True	True
RS_GCF_000616095.1	Sneathiellaceae	True	True
RS_GCF_000619945.1	Clostridiaceae	True	True
RS_GCF_000620125.1	Clostridiisalibacteraceae	True	True
RS_GCF_000620145.1	Chitinibacteraceae	True	True
RS_GCF_000621125.1	Flavobacteriaceae	True	True
RS_GCF_000621205.1	Halomonadaceae	True	True
RS_GCF_000621325.1	Thiotrichaceae	True	True
RS_GCF_000621445.1	Bacillaceae_F	True	True
RS_GCF_000621525.1	Legionellaceae	True	True
RS_GCF_000621625.1	Crocinitomicaceae	True	True
RS_GCF_000621645.1	Vibrionaceae	True	True
RS_GCF_000621705.1	Prolixibacteraceae	True	True
RS_GCF_000622225.1	Acetobacteraceae	True	True
RS_GCF_000632105.1	Sphingomonadaceae	True	True
RS_GCF_000633595.2	Clostridiaceae	True	True
RS_GCF_000648615.1	Sporolactobacillaceae	True	True
RS_GCF_000661915.1	Pseudomonadaceae	True	True
RS_GCF_000661955.1	Xanthomonadaceae	True	True
RS_GCF_000684975.1	Burkholderiaceae	True	True
RS_GCF_000685075.1	Burkholderiaceae	True	True
RS_GCF_000685095.1	Burkholderiaceae	True	True
RS_GCF_000685255.1	Hyphomonadaceae	True	True
RS_GCF_000686525.1	Desulfonatronovibrionaceae	True	True
RS_GCF_000686605.1	Streptococcaceae	True	True
RS_GCF_000686905.1	Halomonadaceae	True	True
RS_GCF_000687145.1	Thermoanaerobaculaceae	True	True
RS_GCF_000687165.1	Burkholderiaceae_C	True	True
RS_GCF_000687755.1	Burkholderiaceae_B	True	True
RS_GCF_000688255.1	Burkholderiaceae_C	True	True
RS_GCF_000688295.1	Rhodobacteraceae	True	True
RS_GCF_000688415.1	Mycobacteriaceae	True	True
RS_GCF_000688455.1	Acidobacteriaceae	True	True
RS_GCF_000689415.1	Pseudomonadaceae	True	True
RS_GCF_000691165.1	Bacillaceae	True	True
RS_GCF_000691225.1	Balneatricaceae	True	True
RS_GCF_000691525.1	Mycobacteriaceae	True	True
RS_GCF_000691805.2	Lactobacillaceae	True	True
RS_GCF_000698555.1	Burkholderiaceae	True	True
RS_GCF_000698595.1	Burkholderiaceae	True	True
RS_GCF_000701265.1	Legionellaceae	True	True
RS_GCF_000701405.1	Deinococcaceae	True	True
RS_GCF_000701445.1	Caulobacteraceae	True	True
RS_GCF_000701465.1	Cellulomonadaceae	True	True
RS_GCF_000701505.1	Spirosomataceae	True	True
RS_GCF_000701905.1	Clostridiaceae	True	True
RS_GCF_000702165.1	Coprobacillaceae	True	True
RS_GCF_000702505.1	Ktedonobacteraceae	True	True
RS_GCF_000702905.1	Selenomonadaceae	True	True
RS_GCF_000706625.1	Rhizobiaceae	True	True
RS_GCF_000708285.2	Sphingobacteriaceae	True	True
RS_GCF_000708615.2	Weeksellaceae	True	True
RS_GCF_000708755.2	Bacillaceae	True	True
RS_GCF_000709085.1	Amphibacillaceae	True	True
RS_GCF_000710035.2	Enterobacteriaceae	True	True
RS_GCF_000711225.1	Geopsychrobacteraceae	True	True
RS_GCF_000711725.1	Acetobacteraceae	True	True
RS_GCF_000711735.1	Desulfovibrionaceae	True	True
RS_GCF_000711795.1	Vibrionaceae	True	True
RS_GCF_000711875.1	Chitinibacteraceae	True	True
RS_GCF_000711955.1	Nevskiaceae	True	True
RS_GCF_000711985.1	Alteromonadaceae	True	True
RS_GCF_000712035.1	Salinicoccaceae	True	True
RS_GCF_000714535.1	Rhodobacteraceae	True	True
RS_GCF_000714935.1	Tumebacillaceae	True	True
RS_GCF_000715205.1	Bacillaceae	True	True
RS_GCF_000715505.1	Rhodobacteraceae	True	True
RS_GCF_000717025.1	Streptomycetaceae	True	True
RS_GCF_000719115.1	Pseudonocardiaceae	True	True
RS_GCF_000719975.1	Pseudonocardiaceae	True	True
RS_GCF_000720335.1	Nocardioidaceae	True	True
RS_GCF_000722635.1	Endozoicomonadaceae	True	True
RS_GCF_000722875.1	Sphingomonadaceae	True	True
RS_GCF_000723165.1	Burkholderiaceae_D	True	True
RS_GCF_000723405.1	Burkholderiaceae_C	True	True
RS_GCF_000725545.1	Streptomycetaceae	True	True
RS_GCF_000725885.1	Streptomycetaceae	True	True
RS_GCF_000730385.1	Alteromonadaceae	True	True
RS_GCF_000730565.1	Pseudomonadaceae	True	True
RS_GCF_000730625.1	Pseudomonadaceae	True	True
RS_GCF_000730645.1	Pseudomonadaceae	True	True
RS_GCF_000730665.1	Pseudomonadaceae	True	True
RS_GCF_000731955.1	Halomonadaceae	True	True
RS_GCF_000732625.1	Flavobacteriaceae	True	True
RS_GCF_000732925.1	Pseudonocardiaceae	True	True
RS_GCF_000732945.1	Mycobacteriaceae	True	True
RS_GCF_000733475.1	Flavobacteriaceae	True	True
RS_GCF_000733765.1	Nevskiaceae	True	True
RS_GCF_000733935.1	Methylomonadaceae	True	True
RS_GCF_000734965.1	Enterobacteriaceae	True	True
RS_GCF_000735375.1	Enterobacteriaceae	True	True
RS_GCF_000735435.1	Enterobacteriaceae	True	True
RS_GCF_000735455.1	Enterobacteriaceae	True	True
RS_GCF_000735695.2	Weeksellaceae	True	True
RS_GCF_000735715.2	Flavobacteriaceae	True	True
RS_GCF_000737765.1	Weeksellaceae	True	True
RS_GCF_000737785.1	Weeksellaceae	True	True
RS_GCF_000737845.1	Bifidobacteriaceae	True	True
RS_GCF_000738435.1	Rhodobacteraceae	False	False
RS_GCF_000738675.1	Enterobacteriaceae	True	True
RS_GCF_000739775.1	Burkholderiaceae	True	True
RS_GCF_000739895.2	Sphingomonadaceae	True	True
RS_GCF_000739915.1	NBRC-103111	True	True
RS_GCF_000740055.1	Lactobacillaceae	True	True
RS_GCF_000740795.1	Rhodobacteraceae	True	True
RS_GCF_000741135.1	Bifidobacteriaceae	True	True
RS_GCF_000741205.1	Bifidobacteriaceae	True	True
RS_GCF_000743055.1	Enterobacteriaceae	True	True
RS_GCF_000743535.1	Xanthomonadaceae	True	True
RS_GCF_000744105.1	Flavobacteriaceae	True	True
RS_GCF_000744185.1	Carnobacteriaceae	True	True
RS_GCF_000744255.1	Carnobacteriaceae	True	True
RS_GCF_000744815.1	Streptomycetaceae	True	True
RS_GCF_000745125.1	Carnobacteriaceae	True	True
RS_GCF_000745455.1	Mesoaciditogaceae	True	True
RS_GCF_000745835.1	Acetobacteraceae	True	True
RS_GCF_000745975.1	Desulfobacteraceae	True	True
RS_GCF_000746825.1	Carnobacteriaceae	True	True
RS_GCF_000747075.1	Xanthomonadaceae	True	True
RS_GCF_000747155.1	Xanthomonadaceae	True	True
RS_GCF_000749845.1	Enterobacteriaceae	True	True
RS_GCF_000753715.1	Alteromonadaceae	True	True
RS_GCF_000754995.1	Enterobacteriaceae	True	True
RS_GCF_000757385.1	Flavobacteriaceae	True	True
RS_GCF_000757425.2	Enterobacteriaceae	True	True
RS_GCF_000757795.1	Beijerinckiaceae	True	True
RS_GCF_000757885.1	Paenibacillaceae	True	True
RS_GCF_000758705.1	Paenibacillaceae	True	True
RS_GCF_000758725.1	Paenibacillaceae	True	True
RS_GCF_000759345.1	Halomonadaceae	True	True
RS_GCF_000759445.1	Pseudomonadaceae	True	True
RS_GCF_000759715.1	Demequinaceae	True	True
RS_GCF_000761155.1	Pseudomonadaceae	True	True
RS_GCF_000761475.1	Halomonadaceae	True	True
RS_GCF_000763375.1	Microbacteriaceae	True	True
RS_GCF_000763805.1	Rhodobacteraceae	True	True
RS_GCF_000763905.1	Rhodobacteraceae	True	True
RS_GCF_000764025.1	Halieaceae	True	True
RS_GCF_000764325.1	Vibrionaceae	True	True
RS_GCF_000765805.2	Helicobacteraceae	True	True
RS_GCF_000767055.1	Mycobacteriaceae	True	True
RS_GCF_000767615.3	Burkholderiaceae	True	True
RS_GCF_000767835.1	Streptococcaceae	True	True
RS_GCF_000768335.1	Xanthomonadaceae	True	True
RS_GCF_000768345.1	Xanthomonadaceae	True	True
RS_GCF_000768355.1	Xanthomonadaceae	True	True
RS_GCF_000768555.3	Rhodobacteraceae	True	True
RS_GCF_000768675.1	Dermatophilaceae	True	True
RS_GCF_000768685.1	Dermatophilaceae	True	True
RS_GCF_000768695.1	Dermatophilaceae	True	True
RS_GCF_000768705.1	Dermatophilaceae	True	True
RS_GCF_000770675.1	BH030062	True	True
RS_GCF_000770795.1	Xanthomonadaceae	True	True
RS_GCF_000770925.1	Bifidobacteriaceae	True	True
RS_GCF_000771225.1	Bifidobacteriaceae	True	True
RS_GCF_000771405.1	Bifidobacteriaceae	True	True
RS_GCF_000771705.1	Bifidobacteriaceae	True	True
RS_GCF_000772935.1	Planococcaceae	True	True
RS_GCF_000772945.1	Planococcaceae	True	True
RS_GCF_000772955.1	Planococcaceae	True	True
RS_GCF_000774145.1	Pseudomonadaceae	True	True
RS_GCF_000775615.1	BH030062	True	True
RS_GCF_000785105.2	Lactobacillaceae	True	True
RS_GCF_000785515.1	Streptococcaceae	True	True
RS_GCF_000787375.1	Bacillaceae_D	True	True
RS_GCF_000787715.1	Sphingomonadaceae	True	True
RS_GCF_000788395.1	Alteromonadaceae	True	True
RS_GCF_000789235.1	Flavobacteriaceae	True	True
RS_GCF_000803085.1	Alteromonadaceae	True	True
RS_GCF_000805385.1	Mycobacteriaceae	True	True
RS_GCF_000805675.1	Mycobacteriaceae	True	True
RS_GCF_000812025.2	Domibacillaceae	True	True
RS_GCF_000812865.1	Weeksellaceae	True	True
RS_GCF_000813125.1	Cytobacillaceae	True	True
RS_GCF_000813825.1	Weeksellaceae	True	True
RS_GCF_000814665.1	Alteromonadaceae	True	True
RS_GCF_000814845.2	Burkholderiaceae	True	True
RS_GCF_000815105.2	Burkholderiaceae	True	True
RS_GCF_000815225.1	Francisellaceae	True	True
RS_GCF_000816185.1	Campylobacteraceae	True	True
RS_GCF_000816305.1	Campylobacteraceae	True	True
RS_GCF_000816495.1	Moraxellaceae	True	True
RS_GCF_000818015.1	Pseudomonadaceae	True	True
RS_GCF_000818395.1	Burkholderiaceae_D	True	True
RS_GCF_000819445.1	Mycobacteriaceae	True	True
RS_GCF_000819705.1	Aeromonadaceae	True	True
RS_GCF_000819725.1	Aeromonadaceae	True	True
RS_GCF_000819785.1	Aeromonadaceae	True	True
RS_GCF_000819825.1	Aeromonadaceae	True	True
RS_GCF_000819845.1	Aeromonadaceae	True	True
RS_GCF_000819865.1	Aeromonadaceae	True	True
RS_GCF_000819885.1	Aeromonadaceae	True	True
RS_GCF_000820025.1	Aeromonadaceae	True	True
RS_GCF_000820045.1	Aeromonadaceae	True	True
RS_GCF_000820085.1	Aeromonadaceae	True	True
RS_GCF_000820125.1	Aeromonadaceae	True	True
RS_GCF_000820145.1	Aeromonadaceae	True	True
RS_GCF_000820165.1	Aeromonadaceae	True	True
RS_GCF_000820365.1	Aeromonadaceae	True	True
RS_GCF_000826205.1	Enterobacteriaceae	True	True
RS_GCF_000826645.1	Flavobacteriaceae	True	True
RS_GCF_000826655.1	Flavobacteriaceae	True	True
RS_GCF_000826685.1	Streptosporangiaceae	True	True
RS_GCF_000827125.1	Geoalkalibacteraceae	True	True
RS_GCF_000829055.1	Lactobacillaceae	True	True
RS_GCF_000829435.1	Jeotgalibacillaceae	True	True
RS_GCF_000829465.1	Paenibacillaceae	True	True
RS_GCF_000829675.1	Moraxellaceae	True	True
RS_GCF_000832125.1	Flavobacteriaceae	True	True
RS_GCF_000832545.1	Sphingobacteriaceae	True	True
RS_GCF_000832605.1	Bacillaceae_G	True	True
RS_GCF_000832985.1	Bacillaceae_H	True	True
RS_GCF_000875895.1	Staphylococcaceae	True	True
RS_GCF_000876205.1	Lactobacillaceae	True	True
RS_GCF_000877395.1	Rhodobacteraceae	True	True
RS_GCF_000934545.1	Rhodocyclaceae	True	True
RS_GCF_000934725.1	Methylococcaceae	True	True
RS_GCF_000936425.1	Azospirillaceae	True	True
RS_GCF_000938265.1	Microbacteriaceae	True	True
RS_GCF_000940805.1	Natronospirillaceae	True	True
RS_GCF_000948975.2	Alteromonadaceae	True	True
RS_GCF_000949455.1	Ruminococcaceae	True	True
RS_GCF_000953635.1	Legionellaceae	True	True
RS_GCF_000953655.1	Legionellaceae	True	True
RS_GCF_000953675.1	Peptostreptococcaceae	True	True
RS_GCF_000956465.1	Microbacteriaceae	True	True
RS_GCF_000956535.1	Microbacteriaceae	True	True
RS_GCF_000956545.1	Microbacteriaceae	True	True
RS_GCF_000959365.1	Burkholderiaceae	True	True
RS_GCF_000959445.1	Burkholderiaceae	True	True
RS_GCF_000959725.1	Burkholderiaceae	True	True
RS_GCF_000960975.1	Rhizobiaceae	True	True
RS_GCF_000960995.1	Burkholderiaceae	True	True
RS_GCF_000963705.1	Elsteraceae	True	True
RS_GCF_000963865.1	Flavobacteriaceae	True	True
RS_GCF_000963925.1	Acetobacteraceae	True	True
RS_GCF_000963965.1	Acetobacteraceae	True	True
RS_GCF_000964225.1	Acetobacteraceae	True	True
RS_GCF_000964365.1	Acetobacteraceae	True	True
RS_GCF_000964465.1	Acetobacteraceae	True	True
RS_GCF_000966195.1	Domibacillaceae	True	True
RS_GCF_000967545.1	Vibrionaceae	True	True
RS_GCF_000968195.1	Enterobacteriaceae	True	True
RS_GCF_000968535.2	Methylomonadaceae	True	True
RS_GCF_000969415.1	Devosiaceae	True	True
RS_GCF_000969445.1	Devosiaceae	True	True
RS_GCF_000969705.1	Nitriliruptoraceae	True	True
RS_GCF_000969825.1	Tannerellaceae	True	True
RS_GCF_000970345.1	Burkholderiaceae	True	True
RS_GCF_000970465.2	Devosiaceae	True	True
RS_GCF_000971295.1	Devosiaceae	True	True
RS_GCF_000971335.1	Chromobacteriaceae	True	True
RS_GCF_000973105.1	Flavobacteriaceae	True	True
RS_GCF_000974365.1	Marinilabiliaceae	True	True
RS_GCF_000974445.1	Pseudonocardiaceae	True	True
RS_GCF_000974765.1	Sphingomonadaceae	True	True
RS_GCF_000974785.1	Chitinophagaceae	True	True
RS_GCF_000975035.1	Demequinaceae	True	True
RS_GCF_000975055.1	Demequinaceae	True	True
RS_GCF_000980835.1	Mycobacteriaceae	True	True
RS_GCF_000981585.1	Paenibacillaceae	True	True
RS_GCF_000981765.1	Kangiellaceae	True	True
RS_GCF_000987835.1	Sulfurovaceae	True	True
RS_GCF_000993825.1	Paenibacillaceae	True	True
RS_GCF_001005725.1	Sphingomonadaceae	True	True
RS_GCF_001006005.1	Enterobacteriaceae	True	True
RS_GCF_001006285.1	Peptostreptococcaceae	True	True
RS_GCF_001010355.1	Rhodanobacteraceae	True	True
RS_GCF_001012825.1	Paenibacillaceae	True	True
RS_GCF_001020205.1	Clostridiaceae	True	True
RS_GCF_001021025.1	Mycobacteriaceae	True	True
RS_GCF_001021555.1	Sphingomonadaceae	True	True
RS_GCF_001025135.1	Bifidobacteriaceae	True	True
RS_GCF_001025175.1	Bifidobacteriaceae	True	True
RS_GCF_001025215.1	Bifidobacteriaceae	True	True
RS_GCF_001027105.1	Staphylococcaceae	True	True
RS_GCF_001028625.1	Sphingomonadaceae	True	True
RS_GCF_001028665.1	Burkholderiaceae	True	True
RS_GCF_001029105.3	Burkholderiaceae	True	True
RS_GCF_001038485.1	Amphibacillaceae	True	True
RS_GCF_001038625.1	Clostridiaceae	True	True
RS_GCF_001039475.1	Guptibacillaceae	True	True
RS_GCF_001042905.1	Pseudomonadaceae	True	True
RS_GCF_001042985.1	Pseudomonadaceae	True	True
RS_GCF_001043005.1	Pseudomonadaceae	True	True
RS_GCF_001043025.1	Pseudomonadaceae	True	True
RS_GCF_001043055.1	Pseudomonadaceae	True	True
RS_GCF_001043175.1	Oleiphilaceae	True	True
RS_GCF_001043915.1	Beijerinckiaceae	True	True
RS_GCF_001043955.1	Beijerinckiaceae	True	True
RS_GCF_001043975.1	Beijerinckiaceae	True	True
RS_GCF_001044245.1	Mycobacteriaceae	True	True
RS_GCF_001045435.1	Weeksellaceae	True	True
RS_GCF_001045465.1	Weeksellaceae	True	True
RS_GCF_001046635.1	Sphingomonadaceae	True	True
RS_GCF_001046645.1	Sphingomonadaceae	True	True
RS_GCF_001046655.1	Sphingomonadaceae	True	True
RS_GCF_001046895.1	Micrococcaceae	True	True
RS_GCF_001047075.2	Lactobacillaceae	True	True
RS_GCF_001047135.2	Lactobacillaceae	True	True
RS_GCF_001050115.1	DSM-4216	True	True
RS_GCF_001050135.1	Cyclobacteriaceae	True	True
RS_GCF_001050195.2	Anaerolineaceae	True	True
RS_GCF_001050275.1	Anaerolineaceae	True	True
RS_GCF_001050515.1	Enterobacteriaceae	True	True
RS_GCF_001051995.2	Rhodocyclaceae	True	True
RS_GCF_001077535.1	Peptostreptococcaceae	True	True
RS_GCF_001078375.1	Veillonellaceae	True	True
RS_GCF_001083805.1	Enterobacteriaceae	True	True
RS_GCF_001167085.1	Enterobacteriaceae	True	True
RS_GCF_001182895.1	Rhodanobacteraceae	True	True
RS_GCF_001183605.1	Planococcaceae	True	True
RS_GCF_001183985.1	DSM-1321	True	True
RS_GCF_001186155.3	Planococcaceae	True	True
RS_GCF_001189915.1	Burkholderiaceae_D	True	True
RS_GCF_001189955.1	Burkholderiaceae_D	True	True
RS_GCF_001189965.1	Burkholderiaceae_D	True	True
RS_GCF_001190785.1	Gottschalkiaceae	True	True
RS_GCF_001190945.1	Dermatophilaceae	True	True
RS_GCF_001192795.1	Anaerolineaceae	True	True
RS_GCF_001192835.1	Lentimicrobiaceae	True	True
RS_GCF_001202025.1	Rhodobacteraceae	True	True
RS_GCF_001202035.1	Rhodobacteraceae	True	True
RS_GCF_001245615.1	Mycobacteriaceae	True	True
RS_GCF_001263335.1	Cardiobacteriaceae	True	True
RS_GCF_001267405.1	Neomoorellaceae	True	True
RS_GCF_001267925.1	Burkholderiaceae_D	True	True
RS_GCF_001269655.1	Pseudomonadaceae	True	True
RS_GCF_001269885.1	Pseudomonadaceae	True	True
RS_GCF_001269905.1	Pseudomonadaceae	True	True
RS_GCF_001270745.1	Jiangellaceae	True	True
RS_GCF_001273755.1	DSM-1321	True	True
RS_GCF_001274725.1	Cytobacillaceae	True	True
RS_GCF_001274775.1	Bacillaceae_B	True	True
RS_GCF_001274915.2	Bacillaceae_D	True	True
RS_GCF_001274935.1	Bacillaceae_H	True	True
RS_GCF_001277345.1	Paenibacillaceae	True	True
RS_GCF_001278705.1	Bacillaceae	True	True
RS_GCF_001278875.1	Planococcaceae	True	True
RS_GCF_001278945.1	Planococcaceae	True	True
RS_GCF_001280595.1	Paenibacillaceae	True	True
RS_GCF_001281265.1	Lactobacillaceae	True	True
RS_GCF_001281485.1	Sphingomonadaceae	True	True
RS_GCF_001283005.1	Helicobacteraceae	True	True
RS_GCF_001292705.1	Cellvibrionaceae	True	True
RS_GCF_001293525.1	Burkholderiaceae_C	True	True
RS_GCF_001293565.1	Rhizobiaceae	True	True
RS_GCF_001293685.1	Desulfosarcinaceae	True	True
RS_GCF_001298675.1	Burkholderiaceae_C	True	True
RS_GCF_001305295.1	Balneatricaceae	True	True
RS_GCF_001305595.1	Azospirillaceae	True	True
RS_GCF_001305675.1	Mycobacteriaceae	True	True
RS_GCF_001305955.1	Pseudomonadaceae	True	True
RS_GCF_001306035.1	Anaerolineaceae	True	True
RS_GCF_001306115.1	Anaerolineaceae	True	True
RS_GCF_001306415.1	Flavobacteriaceae	True	True
RS_GCF_001306455.1	Spirosomataceae	True	True
RS_GCF_001307195.1	Moraxellaceae	True	True
RS_GCF_001307765.1	Rhodobacteraceae	True	True
RS_GCF_001310775.1	Xanthomonadaceae	True	True
RS_GCF_001310815.1	Stappiaceae	True	True
RS_GCF_001310955.1	Marinifilaceae	True	True
RS_GCF_001311135.1	Lactobacillaceae	True	True
RS_GCF_001311195.1	Lactobacillaceae	True	True
RS_GCF_001311785.1	Lactobacillaceae	True	True
RS_GCF_001311865.1	Alkalibacillaceae	True	True
RS_GCF_001311925.1	Cellulosilyticaceae	True	True
RS_GCF_001311985.1	Geobacteraceae	True	True
RS_GCF_001312865.1	Lactobacillaceae	True	True
RS_GCF_001314325.1	Sphingomonadaceae	True	True
RS_GCF_001314995.1	Bacteroidaceae	True	True
RS_GCF_001399675.1	Alicyclobacillaceae	True	True
RS_GCF_001399755.1	Thiohalorhabdaceae	True	True
RS_GCF_001400735.1	Pseudomonadaceae	True	True
RS_GCF_001401075.1	Pseudomonadaceae	True	True
RS_GCF_001401755.1	Flavobacteriaceae	True	True
RS_GCF_001403635.1	Clostridiaceae	True	True
RS_GCF_001403795.1	Rhodobacteraceae	True	True
RS_GCF_001408515.1	Rhodobacteraceae	True	True
RS_GCF_001411495.1	Burkholderiaceae	True	True
RS_GCF_001411805.1	Burkholderiaceae	True	True
RS_GCF_001413955.1	Flavobacteriaceae	True	True
RS_GCF_001417815.1	Bifidobacteriaceae	True	True
RS_GCF_001418015.1	Flavobacteriaceae	True	True
RS_GCF_001418035.1	Chromobacteriaceae	True	True
RS_GCF_001418255.1	Burkholderiaceae_C	True	True
RS_GCF_001418475.1	Streptomycetaceae	True	True
RS_GCF_001418495.1	Streptomycetaceae	True	True
RS_GCF_001418685.1	Weeksellaceae	True	True
RS_GCF_001420285.1	Weeksellaceae	True	True
RS_GCF_001420695.1	Brevibacillaceae	True	True
RS_GCF_001420715.1	Bacillaceae_C	True	True
RS_GCF_001420915.1	Celerinatantimonadaceae	True	True
RS_GCF_001421015.2	Paenibacillaceae	True	True
RS_GCF_001431415.1	Xanthomonadaceae	True	True
RS_GCF_001431425.1	Xanthomonadaceae	True	True
RS_GCF_001431525.1	Xanthomonadaceae	True	True
RS_GCF_001431595.1	Xanthomonadaceae	True	True
RS_GCF_001431625.1	Xanthomonadaceae	True	True
RS_GCF_001433995.1	Lactobacillaceae	True	True
RS_GCF_001434055.1	Lactobacillaceae	True	True
RS_GCF_001434135.1	Lactobacillaceae	True	True
RS_GCF_001434145.1	Lactobacillaceae	True	True
RS_GCF_001434255.1	Lactobacillaceae	True	True
RS_GCF_001434295.1	Lactobacillaceae	True	True
RS_GCF_001434335.1	Lactobacillaceae	True	True
RS_GCF_001434665.1	Lactobacillaceae	True	True
RS_GCF_001434705.1	Lactobacillaceae	True	True
RS_GCF_001434895.1	Lactobacillaceae	True	True
RS_GCF_001434935.1	Lactobacillaceae	True	True
RS_GCF_001435035.1	Lactobacillaceae	True	True
RS_GCF_001435095.1	Lactobacillaceae	True	True
RS_GCF_001435375.1	Lactobacillaceae	True	True
RS_GCF_001435505.1	Lactobacillaceae	True	True
RS_GCF_001435835.1	Lactobacillaceae	True	True
RS_GCF_001435895.1	Lactobacillaceae	True	True
RS_GCF_001435935.1	Lactobacillaceae	True	True
RS_GCF_001435955.1	Lactobacillaceae	True	True
RS_GCF_001436025.1	Lactobacillaceae	True	True
RS_GCF_001436095.1	Lactobacillaceae	True	True
RS_GCF_001436115.1	Lactobacillaceae	True	True
RS_GCF_001436255.1	Lactobacillaceae	True	True
RS_GCF_001436305.1	Lactobacillaceae	True	True
RS_GCF_001436555.1	Lactobacillaceae	True	True
RS_GCF_001436645.1	Lactobacillaceae	True	True
RS_GCF_001436735.1	Lactobacillaceae	True	True
RS_GCF_001436755.1	Lactobacillaceae	True	True
RS_GCF_001436945.1	Lactobacillaceae	True	True
RS_GCF_001437035.1	Carnobacteriaceae	True	True
RS_GCF_001437055.1	Lactobacillaceae	True	True
RS_GCF_001437125.1	Lactobacillaceae	True	True
RS_GCF_001437335.1	Lactobacillaceae	True	True
RS_GCF_001437355.1	Lactobacillaceae	True	True
RS_GCF_001437365.1	Lactobacillaceae	True	True
RS_GCF_001438655.1	Lactobacillaceae	True	True
RS_GCF_001439605.1	Cytobacillaceae	True	True
RS_GCF_001439665.1	Flavobacteriaceae	True	True
RS_GCF_001439685.1	Pseudomonadaceae	True	True
RS_GCF_001439695.1	Pseudomonadaceae	True	True
RS_GCF_001439735.1	Pseudomonadaceae	True	True
RS_GCF_001439785.1	Pseudomonadaceae	True	True
RS_GCF_001439815.1	Pseudomonadaceae	True	True
RS_GCF_001439845.1	Pseudomonadaceae	True	True
RS_GCF_001441535.1	Sphingomonadaceae	True	True
RS_GCF_001441615.1	Rhodobacteraceae	True	True
RS_GCF_001442615.1	Cyclobacteriaceae	True	True
RS_GCF_001442625.1	Sphingobacteriaceae	True	True
RS_GCF_001447195.1	Burkholderiaceae_C	True	True
RS_GCF_001454885.1	Listeriaceae	True	True
RS_GCF_001457455.1	Mycobacteriaceae	True	True
RS_GCF_001457475.1	Burkholderiaceae_B	True	True
RS_GCF_001457595.1	Mycobacteriaceae	True	True
RS_GCF_001457615.1	Pseudomonadaceae	True	True
RS_GCF_001457635.1	Streptococcaceae	True	True
RS_GCF_001457655.1	Pasteurellaceae	True	True
RS_GCF_001457695.1	Campylobacteraceae	True	True
RS_GCF_001458215.1	Rhodobacteraceae	True	True
RS_GCF_001460635.1	Helicobacteraceae	True	True
RS_GCF_001463885.1	Rhizobiaceae	True	True
RS_GCF_001465295.1	Alteromonadaceae	True	True
RS_GCF_001465345.1	Enterococcaceae	True	True
RS_GCF_001465545.3	Burkholderiaceae	True	True
RS_GCF_001465595.2	Burkholderiaceae	True	True
RS_GCF_001465795.2	Planococcaceae	True	True
RS_GCF_001466665.1	Dehalococcoidaceae	True	True
RS_GCF_001467025.1	Legionellaceae	True	True
RS_GCF_001467525.1	Legionellaceae	True	True
RS_GCF_001467535.1	Legionellaceae	True	True
RS_GCF_001467615.1	Legionellaceae	True	True
RS_GCF_001467625.1	Legionellaceae	True	True
RS_GCF_001467695.1	Legionellaceae	True	True
RS_GCF_001467765.1	Legionellaceae	True	True
RS_GCF_001467795.1	Legionellaceae	True	True
RS_GCF_001467825.1	Legionellaceae	True	True
RS_GCF_001467895.1	Legionellaceae	True	True
RS_GCF_001467945.1	Legionellaceae	True	True
RS_GCF_001467955.1	Legionellaceae	True	True
RS_GCF_001468035.1	Legionellaceae	True	True
RS_GCF_001468065.1	Legionellaceae	True	True
RS_GCF_001468085.1	Legionellaceae	True	True
RS_GCF_001468125.1	Legionellaceae	True	True
RS_GCF_001482365.1	Micrococcaceae	True	True
RS_GCF_001482405.1	Rhodobacteraceae	True	True
RS_GCF_001484965.1	Bacillaceae_D	True	True
RS_GCF_001485415.1	Flavobacteriaceae	True	True
RS_GCF_001485475.2	Tepidanaerobacteraceae	True	True
RS_GCF_001500315.1	Staphylococcaceae	True	True
RS_GCF_001507325.1	Weeksellaceae	True	True
RS_GCF_001507545.1	Rhodobacteraceae	True	True
RS_GCF_001507595.1	Rhodobacteraceae	True	True
RS_GCF_001507665.1	Deinococcaceae	True	True
RS_GCF_001514535.1	Thermodesulfovibrionaceae	True	True
RS_GCF_001517105.1	Bacillaceae	True	True
RS_GCF_001517835.1	Leptotrichiaceae	True	True
RS_GCF_001518015.1	Rhodobacteraceae	True	True
RS_GCF_001519075.1	Sphingomonadaceae	True	True
RS_GCF_001528745.1	Balneatricaceae	True	True
RS_GCF_001542405.1	Rhizobiaceae	True	True
RS_GCF_001543145.1	Aerococcaceae	True	True
RS_GCF_001543205.1	Aerococcaceae	True	True
RS_GCF_001543285.1	Aerococcaceae	True	True
RS_GCF_001543325.1	Flavobacteriaceae	True	True
RS_GCF_001544095.1	Enterococcaceae	True	True
RS_GCF_001544215.1	Enterococcaceae	True	True
RS_GCF_001544275.1	Enterococcaceae	True	True
RS_GCF_001544295.1	Enterococcaceae	True	True
RS_GCF_001544515.1	Burkholderiaceae	True	True
RS_GCF_001544615.1	Burkholderiaceae	True	True
RS_GCF_001544695.2	Burkholderiaceae	True	True
RS_GCF_001544755.2	Burkholderiaceae	True	True
RS_GCF_001544795.2	Burkholderiaceae	True	True
RS_GCF_001544835.2	Burkholderiaceae	True	True
RS_GCF_001544875.2	Burkholderiaceae	True	True
RS_GCF_001544915.2	Burkholderiaceae	True	True
RS_GCF_001544975.2	Burkholderiaceae	True	True
RS_GCF_001545035.1	Burkholderiaceae	True	True
RS_GCF_001545075.1	Burkholderiaceae	True	True
RS_GCF_001547735.1	Thermosulfidibacteraceae	True	True
RS_GCF_001548275.1	Thermodesulfobacteriaceae	True	True
RS_GCF_001550155.1	Alteromonadaceae	True	True
RS_GCF_001551835.1	Rhodocyclaceae	True	True
RS_GCF_001552115.1	Micrococcaceae	True	True
RS_GCF_001552155.1	Streptosporangiaceae	True	True
RS_GCF_001552215.1	Streptosporangiaceae	True	True
RS_GCF_001552235.1	Streptosporangiaceae	True	True
RS_GCF_001552255.1	Alicyclobacillaceae	True	True
RS_GCF_001552355.1	Microbacteriaceae	True	True
RS_GCF_001552375.1	Cellulomonadaceae	True	True
RS_GCF_001552475.1	Microbacteriaceae	True	True
RS_GCF_001552555.1	Streptosporangiaceae	True	True
RS_GCF_001552595.1	Mycobacteriaceae	True	True
RS_GCF_001552615.1	Mycobacteriaceae	True	True
RS_GCF_001552655.1	Alicyclobacillaceae	True	True
RS_GCF_001553545.1	Flavobacteriaceae	True	True
RS_GCF_001553565.1	Actinomycetaceae	True	True
RS_GCF_001553855.1	Streptococcaceae	True	True
RS_GCF_001553955.1	Moraxellaceae	True	True
RS_GCF_001558015.1	Vibrionaceae	True	True
RS_GCF_001559775.1	Leptotrichiaceae	True	True
RS_GCF_001561915.1	Tepidibacillaceae	True	True
RS_GCF_001561955.1	Anaerotignaceae	True	True
RS_GCF_001562055.1	Stappiaceae	True	True
RS_GCF_001562415.1	Thermotaleaceae	True	True
RS_GCF_001562425.1	Thermosediminibacteraceae	True	True
RS_GCF_001563225.1	Desulfovibrionaceae	True	True
RS_GCF_001563495.1	Weeksellaceae	True	True
RS_GCF_001564455.1	Erysipelotrichaceae	True	True
RS_GCF_001565895.1	Alteromonadaceae	True	True
RS_GCF_001570425.1	Mycobacteriaceae	True	True
RS_GCF_001570785.1	Dermabacteraceae	True	True
RS_GCF_001570805.1	Brevibacteriaceae	True	True
RS_GCF_001570865.1	Micrococcaceae	True	True
RS_GCF_001570885.1	Micrococcaceae	True	True
RS_GCF_001570925.1	Microbacteriaceae	True	True
RS_GCF_001570945.1	Dermatophilaceae	True	True
RS_GCF_001570985.1	Dermatophilaceae	True	True
RS_GCF_001571045.1	Microbacteriaceae	True	True
RS_GCF_001571225.1	Burkholderiaceae_C	True	True
RS_GCF_001571245.1	Burkholderiaceae_B	True	True
RS_GCF_001571265.1	Enterobacteriaceae	True	True
RS_GCF_001571365.1	Burkholderiaceae_B	True	True
RS_GCF_001571775.1	Anaerotignaceae	True	True
RS_GCF_001573155.1	Flavobacteriaceae	True	True
RS_GCF_001575205.1	Mycobacteriaceae	True	True
RS_GCF_001575215.1	Mycobacteriaceae	True	True
RS_GCF_001580015.1	Opitutaceae	True	True
RS_GCF_001580025.1	Pseudomonadaceae	True	True
RS_GCF_001580045.1	Opitutaceae	True	True
RS_GCF_001580365.1	Micrococcaceae	True	True
RS_GCF_001580535.1	Acetobacteraceae	True	True
RS_GCF_001580995.1	Acetobacteraceae	True	True
RS_GCF_001583435.1	Endozoicomonadaceae	True	True
RS_GCF_001583695.1	Bacillaceae_G	True	True
RS_GCF_001584325.1	Bacillaceae	True	True
RS_GCF_001584335.1	Bacillaceae	True	True
RS_GCF_001584615.1	Brevibacteriaceae	True	True
RS_GCF_001590785.1	Bacillaceae_D	True	True
RS_GCF_001590925.1	Enterobacteriaceae	True	True
RS_GCF_001591005.1	Sphingomonadaceae	True	True
RS_GCF_001591165.1	Rhodocyclaceae	True	True
RS_GCF_001591345.1	Burkholderiaceae_C	True	True
RS_GCF_001591405.1	Dermatophilaceae	True	True
RS_GCF_001591465.1	Cytobacillaceae	True	True
RS_GCF_001591545.1	Bacillaceae_C	True	True
RS_GCF_001591565.1	Bacillaceae_H	True	True
RS_GCF_001591605.1	Domibacillaceae	True	True
RS_GCF_001591765.1	Streptococcaceae	True	True
RS_GCF_001591805.1	Cytobacillaceae	True	True
RS_GCF_001591825.1	Bacillaceae_B	True	True
RS_GCF_001591965.1	Planococcaceae	True	True
RS_GCF_001592005.1	Bacillaceae	True	True
RS_GCF_001592045.1	Streptosporangiaceae	True	True
RS_GCF_001592105.1	Desulfofarciminaceae	True	True
RS_GCF_001592205.1	Caulobacteraceae	True	True
RS_GCF_001592285.1	Burkholderiaceae_C	True	True
RS_GCF_001592365.1	Mycobacteriaceae	True	True
RS_GCF_001592935.1	Cyclobacteriaceae	True	True
RS_GCF_001592945.1	Cyclobacteriaceae	True	True
RS_GCF_001593005.1	Cyclobacteriaceae	True	True
RS_GCF_001593985.1	Clostridiaceae	True	True
RS_GCF_001594225.2	Pseudomonadaceae	True	True
RS_GCF_001595645.1	Sulfurovaceae	True	True
RS_GCF_001595965.1	Burkholderiaceae	True	True
RS_GCF_001595985.1	Burkholderiaceae	True	True
RS_GCF_001598035.1	Streptococcaceae	True	True
RS_GCF_001598055.1	Burkholderiaceae	True	True
RS_GCF_001598355.1	Sphingomonadaceae	True	True
RS_GCF_001598375.1	Sphingomonadaceae	True	True
RS_GCF_001598455.1	Sphingomonadaceae	True	True
RS_GCF_001598715.1	Enterobacteriaceae	True	True
RS_GCF_001598755.1	Burkholderiaceae	True	True
RS_GCF_001598855.1	Enterobacteriaceae	True	True
RS_GCF_001598875.1	Shewanellaceae	True	True
RS_GCF_001602525.1	Flavobacteriaceae	True	True
RS_GCF_001605885.1	Moraxellaceae	True	True
RS_GCF_001610975.1	Sphingomonadaceae	True	True
RS_GCF_001611555.1	Acetonemataceae	True	True
RS_GCF_001612635.1	Mycobacteriaceae	True	True
RS_GCF_001612665.1	Mycobacteriaceae	True	True
RS_GCF_001612685.1	Mycobacteriaceae	True	True
RS_GCF_001612725.1	Mycobacteriaceae	True	True
RS_GCF_001612745.1	Mycobacteriaceae	True	True
RS_GCF_001612765.1	Mycobacteriaceae	True	True
RS_GCF_001612785.1	Mycobacteriaceae	True	True
RS_GCF_001612805.1	Mycobacteriaceae	True	True
RS_GCF_001612825.1	Mycobacteriaceae	True	True
RS_GCF_001612845.1	Mycobacteriaceae	True	True
RS_GCF_001612905.1	Mycobacteriaceae	True	True
RS_GCF_001612965.1	Mycobacteriaceae	True	True
RS_GCF_001613065.1	Mycobacteriaceae	True	True
RS_GCF_001613125.1	Mycobacteriaceae	True	True
RS_GCF_001613145.1	Mycobacteriaceae	True	True
RS_GCF_001613165.1	Mycobacteriaceae	True	True
RS_GCF_001613205.1	Mycobacteriaceae	True	True
RS_GCF_001613225.1	Mycobacteriaceae	True	True
RS_GCF_001613245.1	Mycobacteriaceae	True	True
RS_GCF_001613265.1	Mycobacteriaceae	True	True
RS_GCF_001613285.1	Mycobacteriaceae	True	True
RS_GCF_001613305.1	Mycobacteriaceae	True	True
RS_GCF_001613325.1	Mycobacteriaceae	True	True
RS_GCF_001613345.1	Mycobacteriaceae	True	True
RS_GCF_001613365.1	Mycobacteriaceae	True	True
RS_GCF_001613505.1	Mycobacteriaceae	True	True
RS_GCF_001613935.1	Pseudonocardiaceae	True	True
RS_GCF_001614315.2	Halofilaceae	True	True
RS_GCF_001618865.1	Vicinamibacteraceae	True	True
RS_GCF_001620365.2	Pseudonocardiaceae	True	True
RS_GCF_001623565.1	Streptococcaceae	True	True
RS_GCF_001625085.1	Mycobacteriaceae	True	True
RS_GCF_001632285.1	Moraxellaceae	True	True
RS_GCF_001632745.1	Flavobacteriaceae	True	True
RS_GCF_001632775.1	Rhodanobacteraceae	True	True
RS_GCF_001634285.1	Anoxybacillaceae	True	True
RS_GCF_001636295.1	Cellulomonadaceae	True	True
RS_GCF_001637225.1	Paenibacillaceae	True	True
RS_GCF_001639105.2	Azospirillaceae	True	True
RS_GCF_001639725.1	Marinomonadaceae	True	True
RS_GCF_001639745.1	Marinomonadaceae	True	True
RS_GCF_001641285.1	Rhodanobacteraceae	True	True
RS_GCF_001642025.1	Propionibacteriaceae	True	True
RS_GCF_001642085.1	Streptococcaceae	True	True
RS_GCF_001642325.1	Thermodesulfatatoraceae	True	True
RS_GCF_001642695.1	Streptomycetaceae	True	True
RS_GCF_001642735.1	Pseudohongiellaceae	True	True
RS_GCF_001642835.1	Flavobacteriaceae	True	True
RS_GCF_001643235.1	Domibacillaceae	True	True
RS_GCF_001643305.1	Aeromonadaceae	True	True
RS_GCF_001644645.1	Chitinophagaceae	True	True
RS_GCF_001646865.1	Mycobacteriaceae	True	True
RS_GCF_001648555.1	Bacillaceae_B	True	True
RS_GCF_001648595.1	Legionellaceae	True	True
RS_GCF_001648685.1	Legionellaceae	True	True
RS_GCF_001650025.1	Devosiaceae	True	True
RS_GCF_001651805.1	Balneatricaceae	True	True
RS_GCF_001652585.1	Thermodesulfobacteriaceae	True	True
RS_GCF_001652725.1	Sphingobacteriaceae	True	True
RS_GCF_001653135.1	Alteromonadaceae	True	True
RS_GCF_001653195.1	DSM-22653	True	True
RS_GCF_001653335.1	Nocardioidaceae	True	True
RS_GCF_001653715.1	Beijerinckiaceae	True	True
RS_GCF_001653755.1	Flavobacteriaceae	True	True
RS_GCF_001653795.1	Burkholderiaceae_C	True	True
RS_GCF_001654915.1	Enterobacteriaceae	True	True
RS_GCF_001655005.1	Enterobacteriaceae	True	True
RS_GCF_001655675.1	Enterobacteriaceae	True	True
RS_GCF_001658025.2	Enterobacteriaceae	True	True
RS_GCF_001659725.1	Burkholderiaceae	True	True
RS_GCF_001659785.1	Mycobacteriaceae	True	True
RS_GCF_001660705.2	Marinilabiliaceae	True	True
RS_GCF_001661495.1	Alteromonadaceae	True	True
RS_GCF_001661595.2	Crocinitomicaceae	True	True
RS_GCF_001661675.2	Sphingomonadaceae	True	True
RS_GCF_001661915.1	Sphingomonadaceae	True	True
RS_GCF_001661965.1	Sphingomonadaceae	True	True
RS_GCF_001662305.1	Halomonadaceae	True	True
RS_GCF_001663175.1	Sphingomonadaceae	True	True
RS_GCF_001663855.1	Burkholderiaceae	True	True
RS_GCF_001675045.1	Paenibacillaceae	True	True
RS_GCF_001676655.1	Moraxellaceae	True	True
RS_GCF_001676875.1	Chromobacteriaceae	True	True
RS_GCF_001677335.1	Sphingomonadaceae	True	True
RS_GCF_001677435.1	Woeseiaceae	True	True
RS_GCF_001679045.1	Pasteurellaceae	True	True
RS_GCF_001684965.1	Weeksellaceae	True	True
RS_GCF_001685015.1	Domibacillaceae	True	True
RS_GCF_001686925.1	Flavobacteriaceae	True	True
RS_GCF_001687305.1	Actinomycetaceae	True	True
RS_GCF_001687335.1	Dissulfuribacteraceae	True	True
RS_GCF_001687545.1	Sphingomonadaceae	True	True
RS_GCF_001687585.2	Planococcaceae	True	True
RS_GCF_001687665.2	Planococcaceae	True	True
RS_GCF_001695355.1	Bacteroidaceae	True	True
RS_GCF_001697185.1	Flavobacteriaceae	True	True
RS_GCF_001697225.1	Immundisolibacteraceae	True	True
RS_GCF_001698225.1	Mycobacteriaceae	True	True
RS_GCF_001704115.1	Moraxellaceae	True	True
RS_GCF_001704615.3	Moraxellaceae	True	True
RS_GCF_001707825.1	Vibrionaceae	True	True
RS_GCF_001708305.1	Streptococcaceae	True	True
RS_GCF_001715195.1	Balneolaceae	True	True
RS_GCF_001719165.1	Sphingomonadaceae	True	True
RS_GCF_001720585.1	Rhodobacteraceae	True	True
RS_GCF_001721295.1	Sphingomonadaceae	True	True
RS_GCF_001721685.1	Salisediminibacteriaceae	True	True
RS_GCF_001730235.1	Tepidibacillaceae	True	True
RS_GCF_001730295.1	Enterococcaceae	True	True
RS_GCF_001730315.1	Enterococcaceae	True	True
RS_GCF_001742165.1	Burkholderiaceae	True	True
RS_GCF_001742185.1	Enterobacteriaceae	True	True
RS_GCF_001742305.1	Desulfuribacillaceae	True	True
RS_GCF_001746855.1	Actinomycetaceae	True	True
RS_GCF_001747085.1	Flavobacteriaceae	True	True
RS_GCF_001748285.1	Ktedonobacteraceae	True	True
RS_GCF_001750105.1	Cellvibrionaceae	True	True
RS_GCF_001750285.1	Domibacillaceae	True	True
RS_GCF_001752395.1	Alteromonadaceae	True	True
RS_GCF_001753165.1	Acidihalobacteraceae	True	True
RS_GCF_001754075.1	Lachnospiraceae	True	True
RS_GCF_001758465.1	Alteromonadaceae	True	True
RS_GCF_001761325.1	Flavobacteriaceae	True	True
RS_GCF_001761385.1	Burkholderiaceae_C	True	True
RS_GCF_001761465.1	Flavobacteriaceae	True	True
RS_GCF_001787335.1	Acetobacteraceae	True	True
RS_GCF_001792775.2	Staphylococcaceae	True	True
RS_GCF_001816125.1	Hymenobacteraceae	True	True
RS_GCF_001816145.1	Hymenobacteraceae	True	True
RS_GCF_001816165.1	Hymenobacteraceae	True	True
RS_GCF_001831475.1	Flavobacteriaceae	True	True
RS_GCF_001831495.1	Alteromonadaceae	True	True
RS_GCF_001854125.1	Oleiphilaceae	True	True
RS_GCF_001854475.1	Alteromonadaceae	True	True
RS_GCF_001855385.1	Gottschalkiaceae	True	True
RS_GCF_001856685.1	Actinomycetaceae	True	True
RS_GCF_001857945.1	Paenibacillaceae	True	True
RS_GCF_001865995.1	Anaerobacillaceae	True	True
RS_GCF_001870465.1	Pseudomonadaceae	True	True
RS_GCF_001874525.1	Desulfovibrionaceae	True	True
RS_GCF_001875655.1	Enterobacteriaceae	True	True
RS_GCF_001877035.1	Clostridiaceae	True	True
RS_GCF_001879695.1	Rhodobacteraceae	True	True
RS_GCF_001885585.1	Rhizobiaceae	True	True
RS_GCF_001885725.1	Enterococcaceae	True	True
RS_GCF_001885735.1	Enterococcaceae	True	True
RS_GCF_001885765.1	Enterococcaceae	True	True
RS_GCF_001885905.1	Enterococcaceae	True	True
RS_GCF_001885945.1	Enterococcaceae	True	True
RS_GCF_001886615.1	Halomonadaceae	True	True
RS_GCF_001886695.1	Sphingomonadaceae	True	True
RS_GCF_001886915.1	Lactobacillaceae	True	True
RS_GCF_001887595.1	Rhodanobacteraceae	True	True
RS_GCF_001888965.1	Lactobacillaceae	True	True
RS_GCF_001889005.1	Flavobacteriaceae	True	True
RS_GCF_001889025.1	Sphingomonadaceae	True	True
RS_GCF_001889045.1	Flavobacteriaceae	True	True
RS_GCF_001889605.1	Rhizobiaceae	True	True
RS_GCF_001891125.1	Lactobacillaceae	True	True
RS_GCF_001894765.1	Mycobacteriaceae	True	True
RS_GCF_001894805.1	Mycobacteriaceae	True	True
RS_GCF_001894825.1	Mycobacteriaceae	True	True
RS_GCF_001894865.1	Mycobacteriaceae	True	True
RS_GCF_001894885.1	Mycobacteriaceae	True	True
RS_GCF_001894925.1	Mycobacteriaceae	True	True
RS_GCF_001894985.1	Mycobacteriaceae	True	True
RS_GCF_001895005.1	Mycobacteriaceae	True	True
RS_GCF_001895025.1	Mycobacteriaceae	True	True
RS_GCF_001895045.1	Mycobacteriaceae	True	True
RS_GCF_001906925.1	Domibacillaceae	True	True
RS_GCF_001907245.1	Actinomycetaceae	True	True
RS_GCF_001907975.1	Silvanigrellaceae	True	True
RS_GCF_001908095.1	Enterobacteriaceae	True	True
RS_GCF_001913835.1	Bifidobacteriaceae	True	True
RS_GCF_001927285.1	Pleomorphomonadaceae	True	True
RS_GCF_001929405.1	Burkholderiaceae_D	True	True
RS_GCF_001931675.1	Burkholderiaceae	True	True
RS_GCF_001931685.1	Rhizobiaceae	True	True
RS_GCF_001936115.1	Actinomycetaceae	True	True
RS_GCF_001936335.1	Lactobacillaceae	True	True
RS_GCF_001936475.1	Cyclobacteriaceae	True	True
RS_GCF_001936575.1	Flavobacteriaceae	True	True
RS_GCF_001936625.1	Domibacillaceae	True	True
RS_GCF_001939075.1	Planococcaceae	True	True
RS_GCF_001940455.1	Pseudonocardiaceae	True	True
RS_GCF_001940525.2	Rhodobacteraceae	True	True
RS_GCF_001941425.1	Mycobacteriaceae	True	True
RS_GCF_001941505.1	Mycobacteriaceae	True	True
RS_GCF_001941825.1	Burkholderiaceae_D	True	True
RS_GCF_001945365.1	Pseudomonadaceae	True	True
RS_GCF_001945525.1	Erysipelotrichaceae	True	True
RS_GCF_001953055.1	Rhizobiaceae	True	True
RS_GCF_001953175.1	Dehalococcoidaceae	True	True
RS_GCF_001953355.1	Burkholderiaceae	True	True
RS_GCF_001956915.1	Dermatophilaceae	True	True
RS_GCF_001956985.1	Isosphaeraceae	True	True
RS_GCF_001968835.1	Micrococcaceae	True	True
RS_GCF_001968985.1	Desulfurobacteriaceae	True	True
RS_GCF_001971585.1	Lactobacillaceae	True	True
RS_GCF_001975225.1	Enterobacteriaceae	True	True
RS_GCF_001975725.1	Acidihalobacteraceae	True	True
RS_GCF_001975785.1	Domibacillaceae	True	True
RS_GCF_001981525.1	Sphingomonadaceae	True	True
RS_GCF_001983165.1	Pseudomonadaceae	True	True
RS_GCF_001983175.1	Pseudomonadaceae	True	True
RS_GCF_001983995.1	Halieaceae	True	True
RS_GCF_001984715.1	Streptococcaceae	True	True
RS_GCF_001989575.1	Abyssicoccaceae	True	True
RS_GCF_001996005.1	Vibrionaceae	True	True
RS_GCF_001996165.1	Vibrionaceae	True	True
RS_GCF_001997295.1	Propionibacteriaceae	True	True
RS_GCF_001997345.1	Propionibacteriaceae	True	True
RS_GCF_001999465.1	Fictibacillaceae	True	True
RS_GCF_002000055.1	Marinicellaceae	True	True
RS_GCF_002003465.1	Sporolactobacillaceae	True	True
RS_GCF_002005145.1	Desulfotomaculaceae	True	True
RS_GCF_002005305.1	Shewanellaceae	True	True
RS_GCF_002006235.2	Clostridiaceae	True	True
RS_GCF_002007765.1	NBRC-103111	False	False
RS_GCF_002008345.1	Clostridiaceae	True	True
RS_GCF_002009015.1	Cellvibrionaceae	True	True
RS_GCF_002013915.1	Sphingobacteriaceae	True	True
RS_GCF_002014765.1	Moraxellaceae	True	True
RS_GCF_002014855.1	Moraxellaceae	True	True
RS_GCF_002015045.1	Pasteurellaceae	True	True
RS_GCF_002015085.1	Pasteurellaceae	True	True
RS_GCF_002015115.1	Pasteurellaceae	True	True
RS_GCF_002019635.1	Bacillaceae	True	True
RS_GCF_002019665.1	Bacillaceae_I	True	True
RS_GCF_002019695.1	Salisediminibacteriaceae	True	True
RS_GCF_002019705.1	Bacillaceae_D	True	True
RS_GCF_002022685.1	Rhizobiaceae	True	True
RS_GCF_002023665.2	Weeksellaceae	True	True
RS_GCF_002024805.1	Weeksellaceae	True	True
RS_GCF_002026305.1	Vagococcaceae	True	True
RS_GCF_002027545.1	Moraxellaceae	True	True
RS_GCF_002042885.1	Enterobacteriaceae	True	True
RS_GCF_002043005.1	Rhizobiaceae	True	True
RS_GCF_002055535.1	Streptococcaceae	True	True
RS_GCF_002056295.1	Pseudomonadaceae	True	True
RS_GCF_002072105.2	Flavobacteriaceae	True	True
RS_GCF_002072175.1	Actinomycetaceae	True	True
RS_GCF_002075885.1	Rhizobiaceae	True	True
RS_GCF_002076895.1	Alteromonadaceae	True	True
RS_GCF_002077135.1	Rhodanobacteraceae	True	True
RS_GCF_002077945.1	Chitinophagaceae	True	True
RS_GCF_002078015.1	Chitinophagaceae	True	True
RS_GCF_002078235.1	Streptomycetaceae	True	True
RS_GCF_002078505.1	Rhizobiaceae	True	True
RS_GCF_002078605.1	Flavobacteriaceae	True	True
RS_GCF_002080395.1	Campylobacteraceae	True	True
RS_GCF_002080435.1	Sphingomonadaceae	True	True
RS_GCF_002085925.2	Rhodobacteraceae	True	True
RS_GCF_002087075.1	Streptococcaceae	True	True
RS_GCF_002087085.1	Marispirochaetaceae	True	True
RS_GCF_002087235.1	Pseudomonadaceae	True	True
RS_GCF_002088935.1	Hyphomonadaceae	True	True
RS_GCF_002088945.1	Hyphomonadaceae	True	True
RS_GCF_002091635.1	Pseudomonadaceae	True	True
RS_GCF_002091675.1	Pseudomonadaceae	True	True
RS_GCF_002093625.1	Enterobacteriaceae	True	True
RS_GCF_002094305.1	Mycobacteriaceae	True	True
RS_GCF_002095465.1	Enterobacteriaceae	True	True
RS_GCF_002095485.1	Enterobacteriaceae	True	True
RS_GCF_002095535.1	Enterobacteriaceae	True	True
RS_GCF_002101705.1	Mycobacteriaceae	True	True
RS_GCF_002104335.1	Campylobacteraceae	True	True
RS_GCF_002104455.1	Alteromonadaceae	True	True
RS_GCF_002104475.1	Alteromonadaceae	True	True
RS_GCF_002105195.1	Burkholderiaceae_E	True	True
RS_GCF_002105285.1	Rhodobacteraceae	True	True
RS_GCF_002109385.1	Bacillaceae_D	True	True
RS_GCF_002111585.1	Enterobacteriaceae	True	True
RS_GCF_002111595.1	Enterobacteriaceae	True	True
RS_GCF_002115725.1	Rhodobacteraceae	True	True
RS_GCF_002115805.1	Rhodobacteraceae	True	True
RS_GCF_002116635.1	Mycobacteriaceae	True	True
RS_GCF_002117125.1	Flavobacteriaceae	True	True
RS_GCF_002117165.1	Bacillaceae	True	True
RS_GCF_002119425.1	Desulfurellaceae	True	True
RS_GCF_002127535.1	Enterobacteriaceae	True	True
RS_GCF_002127545.1	Enterobacteriaceae	True	True
RS_GCF_002128405.1	Bacillaceae_G	True	True
RS_GCF_002128425.1	Bacillaceae_G	True	True
RS_GCF_002139935.1	Campylobacteraceae	True	True
RS_GCF_002148795.1	Oceanibaculaceae	True	True
RS_GCF_002150005.2	Rhodobacteraceae	True	True
RS_GCF_002150685.1	Cyclobacteriaceae	True	True
RS_GCF_002155145.1	Halomonadaceae	True	True
RS_GCF_002155265.1	Mycobacteriaceae	True	True
RS_GCF_002155975.1	Pseudonocardiaceae	True	True
RS_GCF_002156385.1	Bacillaceae_D	True	True
RS_GCF_002157205.1	Halomonadaceae	True	True
RS_GCF_002157225.2	Cellvibrionaceae	True	True
RS_GCF_002157465.1	Butyricicoccaceae	True	True
RS_GCF_002157585.1	Lactobacillaceae	True	True
RS_GCF_002157875.1	Aeromonadaceae	True	True
RS_GCF_002162355.1	Tumebacillaceae	True	True
RS_GCF_002162375.1	Oleiphilaceae	True	True
RS_GCF_002163755.1	Vibrionaceae	True	True
RS_GCF_002165625.1	Neiellaceae	True	True
RS_GCF_002167005.1	Planococcaceae	True	True
RS_GCF_002192415.1	Paenibacillaceae	True	True
RS_GCF_002197685.1	Sphingomonadaceae	True	True
RS_GCF_002197815.1	Pseudomonadaceae	True	True
RS_GCF_002205635.1	Sphingomonadaceae	True	True
RS_GCF_002205675.1	Sphingomonadaceae	True	True
RS_GCF_002205845.1	Burkholderiaceae_C	True	True
RS_GCF_002207765.1	Calderihabitantaceae	True	True
RS_GCF_002207865.1	Alteromonadaceae	True	True
RS_GCF_002211445.1	Burkholderiaceae_D	True	True
RS_GCF_002213425.1	Burkholderiaceae_D	True	True
RS_GCF_002216005.1	Natranaerobiaceae	True	True
RS_GCF_002216775.1	Amphibacillaceae	True	True
RS_GCF_002216855.1	Vibrionaceae	True	True
RS_GCF_002217475.1	Flavobacteriaceae	True	True
RS_GCF_002217985.1	Lactobacillaceae	True	True
RS_GCF_002218025.2	Vibrionaceae	True	True
RS_GCF_002218045.2	Vibrionaceae	True	True
RS_GCF_002220865.2	NBRC-103111	True	True
RS_GCF_002222055.1	Flavobacteriaceae	True	True
RS_GCF_002224225.1	Burkholderiaceae	True	True
RS_GCF_002224265.1	Vibrionaceae	True	True
RS_GCF_002224365.1	Amphibacillaceae	True	True
RS_GCF_002234375.1	Pseudomonadaceae	True	True
RS_GCF_002234575.2	Lachnospiraceae	True	True
RS_GCF_002236105.1	Pseudomonadaceae	True	True
RS_GCF_002236115.1	Pseudomonadaceae	True	True
RS_GCF_002237365.1	Aeromonadaceae	True	True
RS_GCF_002238335.1	Campylobacteraceae	True	True
RS_GCF_002240415.1	Paenibacillaceae	True	True
RS_GCF_002242685.1	Aeromonadaceae	True	True
RS_GCF_002243645.1	DSM-1321	True	True
RS_GCF_002245495.1	Aeromonadaceae	True	True
RS_GCF_002245625.1	Burkholderiaceae_C	True	True
RS_GCF_002245655.1	Rhodocyclaceae	True	True
RS_GCF_002245855.1	Sphingobacteriaceae	False	False
RS_GCF_002250115.1	Bacillaceae_D	True	True
RS_GCF_002251735.1	Elsteraceae	True	True
RS_GCF_002251835.1	Flavobacteriaceae	True	True
RS_GCF_002258215.1	Oleiphilaceae	True	True
RS_GCF_002259645.1	Bifidobacteriaceae	True	True
RS_GCF_002259745.1	Bifidobacteriaceae	True	True
RS_GCF_002259755.1	Bifidobacteriaceae	True	True
RS_GCF_002259795.1	Bifidobacteriaceae	True	True
RS_GCF_002260845.1	Streptococcaceae	True	True
RS_GCF_002262875.1	Pseudonocardiaceae	True	True
RS_GCF_002263215.1	Pasteurellaceae	True	True
RS_GCF_002263495.1	Streptosporangiaceae	True	True
RS_GCF_002265875.1	Marinococcaceae	True	True
RS_GCF_002266435.3	Xanthobacteraceae	False	True
RS_GCF_002269345.1	Sphingomonadaceae	True	True
RS_GCF_002269385.1	Flavobacteriaceae	True	True
RS_GCF_002270465.1	Lachnospiraceae	True	True
RS_GCF_002278075.1	Burkholderiaceae	True	True
RS_GCF_002283365.1	Rubricoccaceae	True	True
RS_GCF_002283555.1	Rubricoccaceae	True	True
RS_GCF_002285415.1	Rhodobacteraceae	True	True
RS_GCF_002285435.1	Rhodobacteraceae	True	True
RS_GCF_002285495.1	Clostridiaceae	True	True
RS_GCF_002287075.1	Balneolaceae	True	True
RS_GCF_002288825.1	Sphingomonadaceae	True	True
RS_GCF_002291445.1	Enterobacteriaceae	True	True
RS_GCF_002307475.1	Enterobacteriaceae	True	True
RS_GCF_002307495.1	Pseudomonadaceae	True	True
RS_GCF_002310835.1	Alteromonadaceae	True	True
RS_GCF_002327085.1	Neisseriaceae	True	True
RS_GCF_002327185.1	Clostridiaceae	True	True
RS_GCF_002351485.1	Sphingomonadaceae	True	True
RS_GCF_002352765.1	Salisediminibacteriaceae	True	True
RS_GCF_002355275.1	Sphingomonadaceae	True	True
RS_GCF_002355475.1	Pseudomonadaceae	True	True
RS_GCF_002355855.1	Sphingomonadaceae	True	True
RS_GCF_002356295.1	Marinifilaceae	True	True
RS_GCF_002370355.1	Lactobacillaceae	True	True
RS_GCF_002374855.1	Sphingomonadaceae	True	True
RS_GCF_002441715.1	Streptococcaceae	True	True
RS_GCF_002443155.1	Burkholderiaceae_B	True	True
RS_GCF_002499975.2	Alteromonadaceae	True	True
RS_GCF_002514725.1	Oleiphilaceae	True	True
RS_GCF_002531935.1	Rhizobiaceae	True	True
RS_GCF_002554795.1	Salinibacteraceae	True	True
RS_GCF_002563895.1	Pseudomonadaceae	True	True
RS_GCF_002563955.1	Microbacteriaceae	True	True
RS_GCF_002563965.1	Mycobacteriaceae	True	True
RS_GCF_002564025.1	Cellulomonadaceae	True	True
RS_GCF_002573965.1	Azospirillaceae	True	True
RS_GCF_002583405.1	Lactobacillaceae	True	True
RS_GCF_002591895.1	Alteromonadaceae	True	True
RS_GCF_002591915.1	Marinicellaceae	True	True
RS_GCF_002601815.1	Pseudomonadaceae	True	True
RS_GCF_002607735.1	Enterobacteriaceae	True	True
RS_GCF_002614725.1	Staphylococcaceae	True	True
RS_GCF_002632485.1	Enterobacteriaceae	True	True
RS_GCF_002632585.1	Enterobacteriaceae	True	True
RS_GCF_002632725.1	Enterobacteriaceae	True	True
RS_GCF_002632755.1	Enterobacteriaceae	True	True
RS_GCF_002632825.1	Enterobacteriaceae	True	True
RS_GCF_002632875.1	Enterobacteriaceae	True	True
RS_GCF_002699855.1	Pseudomonadaceae	True	True
RS_GCF_002706425.1	Lactobacillaceae	True	True
RS_GCF_002706745.1	Lactobacillaceae	True	True
RS_GCF_002723955.1	Acetobacteraceae	True	True
RS_GCF_002727065.1	Rhizobiaceae	True	True
RS_GCF_002741985.1	Vibrionaceae	True	True
RS_GCF_002744735.1	Oleiphilaceae	True	True
RS_GCF_002744755.1	Flavobacteriaceae	True	True
RS_GCF_002746455.1	Bacillaceae_G	True	True
RS_GCF_002749895.1	Vibrionaceae	True	True
RS_GCF_002750975.1	Xanthomonadaceae	True	True
RS_GCF_002760665.1	Burkholderiaceae_D	True	True
RS_GCF_002761755.1	Burkholderiaceae_C	True	True
RS_GCF_002763455.1	Amphibacillaceae	True	True
RS_GCF_002777975.1	Shewanellaceae	True	True
RS_GCF_002786295.1	Rhodobacteraceae	True	True
RS_GCF_002795425.1	Pasteurellaceae	True	True
RS_GCF_002797355.1	Domibacillaceae	True	True
RS_GCF_002797685.1	Microbacteriaceae	True	True
RS_GCF_002797785.1	Flavobacteriaceae	True	True
RS_GCF_002797855.1	Microbacteriaceae	True	True
RS_GCF_002797915.1	Rhodobacteraceae	True	True
RS_GCF_002798015.1	Cellulomonadaceae	True	True
RS_GCF_002798305.1	Planococcaceae	True	True
RS_GCF_002803515.1	Xanthomonadaceae	True	True
RS_GCF_002803605.1	Moraxellaceae	True	True
RS_GCF_002804065.1	Kyrpidiaceae	True	True
RS_GCF_002806945.1	Oleiphilaceae	True	True
RS_GCF_002806995.1	Flavobacteriaceae	True	True
RS_GCF_002807015.1	Flavobacteriaceae	True	True
RS_GCF_002807055.1	Flavobacteriaceae	True	True
RS_GCF_002813445.1	Pseudomonadaceae	True	True
RS_GCF_002813455.1	Pseudomonadaceae	True	True
RS_GCF_002831565.1	Spirosomataceae	True	True
RS_GCF_002834145.1	Rhodobacteraceae	True	True
RS_GCF_002834295.1	Balneolaceae	True	True
RS_GCF_002835735.1	Cytobacillaceae	True	True
RS_GCF_002837275.1	Arcobacteraceae	True	True
RS_GCF_002843355.2	Alteromonadaceae	True	True
RS_GCF_002844375.1	Thalassospiraceae	True	True
RS_GCF_002844395.1	Acetivibrionaceae	True	True
RS_GCF_002844575.1	Bacillaceae_C	True	True
RS_GCF_002844595.1	Pleomorphomonadaceae	True	True
RS_GCF_002846365.1	Mycobacteriaceae	True	True
RS_GCF_002846395.1	Hymenobacteraceae	True	True
RS_GCF_002846495.1	Dermatophilaceae	True	True
RS_GCF_002847305.1	Rhodobacteraceae	True	True
RS_GCF_002849715.1	Micrococcaceae	True	True
RS_GCF_002849895.1	Lactobacillaceae	True	True
RS_GCF_002860325.1	Rhodobacteraceae	True	True
RS_GCF_002863865.1	Ketobacteraceae	True	True
RS_GCF_002864045.1	Endozoicomonadaceae	True	True
RS_GCF_002864685.1	Alcanivoracaceae	True	True
RS_GCF_002865585.1	Nocardioidaceae	True	True
RS_GCF_002866825.1	Halieaceae	True	True
RS_GCF_002868715.1	Halieaceae	True	True
RS_GCF_002869745.1	Rhodobacteraceae	True	True
RS_GCF_002872255.1	Lactobacillaceae	True	True
RS_GCF_002872475.1	Rhodocyclaceae	True	True
RS_GCF_002874535.1	Cytobacillaceae	True	True
RS_GCF_002874775.1	Monoglobaceae	True	True
RS_GCF_002879615.1	Halomonadaceae	True	True
RS_GCF_002879855.1	Burkholderiaceae	True	True
RS_GCF_002884435.1	Amphibacillaceae	True	True
RS_GCF_002884495.1	Planococcaceae	True	True
RS_GCF_002886045.1	Flavobacteriaceae	True	True
RS_GCF_002886255.1	Marinococcaceae	True	True
RS_GCF_002887775.1	Streptococcaceae	True	True
RS_GCF_002891295.1	Streptomycetaceae	True	True
RS_GCF_002893625.1	Rhizobiaceae	True	True
RS_GCF_002893765.1	Flavobacteriaceae	True	True
RS_GCF_002893965.1	Mycobacteriaceae	True	True
RS_GCF_002895945.1	Xanthomonadaceae	True	True
RS_GCF_002896965.1	Sphingomonadaceae	True	True
RS_GCF_002899695.1	Eggerthellaceae	True	True
RS_GCF_002899715.1	Eggerthellaceae	True	True
RS_GCF_002899825.2	Weeksellaceae	True	True
RS_GCF_002899945.2	Weeksellaceae	True	True
RS_GCF_002901445.1	Deinococcaceae	True	True
RS_GCF_002902305.1	Staphylococcaceae	True	True
RS_GCF_002902365.1	Staphylococcaceae	True	True
RS_GCF_002902385.1	Staphylococcaceae	True	True
RS_GCF_002902405.1	Staphylococcaceae	True	True
RS_GCF_002902525.1	Staphylococcaceae	True	True
RS_GCF_002902755.1	Staphylococcaceae	True	True
RS_GCF_002902925.1	Burkholderiaceae	True	True
RS_GCF_002902945.1	Burkholderiaceae	True	True
RS_GCF_002902965.1	Burkholderiaceae	True	True
RS_GCF_002903165.1	Pseudomonadaceae	True	True
RS_GCF_002906165.1	Stappiaceae	True	True
RS_GCF_002909235.1	Flavobacteriaceae	True	True
RS_GCF_002909255.1	Flavobacteriaceae	True	True
RS_GCF_002911695.1	Balneolaceae	True	True
RS_GCF_002915595.1	Spongiibacteraceae	True	True
RS_GCF_002916695.1	Alkalispirochaetaceae	True	True
RS_GCF_002917105.1	Beijerinckiaceae	True	True
RS_GCF_002920895.1	Flavobacteriaceae	True	True
RS_GCF_002920915.1	Sphingobacteriaceae	True	True
RS_GCF_002923755.1	Methylomonadaceae	True	True
RS_GCF_002924445.1	Minwuiaceae	True	True
RS_GCF_002925905.1	Enterobacteriaceae	True	True
RS_GCF_002926065.1	Jeotgalibacillaceae	True	True
RS_GCF_002930105.1	Halomonadaceae	True	True
RS_GCF_002930645.1	Nevskiaceae	True	True
RS_GCF_002932875.1	Microbacteriaceae	True	True
RS_GCF_002933875.1	Desulfocucumaceae	True	True
RS_GCF_002934445.1	Flavobacteriaceae	True	True
RS_GCF_002934455.1	Burkholderiaceae	True	True
RS_GCF_002934605.1	Saprospiraceae	True	True
RS_GCF_002936955.1	Aeromonadaceae	True	True
RS_GCF_002936985.1	Microbacteriaceae	True	True
RS_GCF_002937115.1	Acetobacteraceae	True	True
RS_GCF_002939985.1	Xanthomonadaceae	True	True
RS_GCF_002940745.1	Flavobacteriaceae	True	True
RS_GCF_002943425.1	Spirosomataceae	True	True
RS_GCF_002943755.1	Flavobacteriaceae	True	True
RS_GCF_002946355.1	Pradoshiaceae	True	True
RS_GCF_002950575.1	Microbacteriaceae	True	True
RS_GCF_002953195.1	Enterobacteriaceae	True	True
RS_GCF_002953215.1	Enterobacteriaceae	True	True
RS_GCF_002954245.1	Microbacteriaceae	True	True
RS_GCF_002954325.1	Flavobacteriaceae	True	True
RS_GCF_002954355.1	Flavobacteriaceae	True	True
RS_GCF_002954445.1	Akkermansiaceae	True	True
RS_GCF_002954455.1	Vibrionaceae	True	True
RS_GCF_002954685.1	Flavobacteriaceae	True	True
RS_GCF_002954725.1	Vibrionaceae	True	True
RS_GCF_002959775.1	Veillonellaceae	True	True
RS_GCF_002959855.1	Veillonellaceae	True	True
RS_GCF_002959895.1	Veillonellaceae	True	True
RS_GCF_002959915.1	Veillonellaceae	True	True
RS_GCF_002964605.1	PQDH01	True	True
RS_GCF_002964975.1	Weeksellaceae	True	True
RS_GCF_002966125.1	Flavobacteriaceae	True	True
RS_GCF_002968635.1	Rhizobiaceae	True	True
RS_GCF_002970975.1	Microbacteriaceae	True	True
RS_GCF_002973595.1	Flavobacteriaceae	True	True
RS_GCF_002980555.1	Rhizobiaceae	True	True
RS_GCF_002980595.1	Burkholderiaceae_C	True	True
RS_GCF_002982115.1	Planococcaceae	True	True
RS_GCF_002993335.1	Salisediminibacteriaceae	True	True
RS_GCF_002993885.1	Sphingomonadaceae	True	True
RS_GCF_002993965.1	Lactobacillaceae	True	True
RS_GCF_002993975.1	Lactobacillaceae	True	True
RS_GCF_002994005.1	Lactobacillaceae	True	True
RS_GCF_002995755.1	Neomoorellaceae	True	True
RS_GCF_002995785.1	Clostridiaceae	True	True
RS_GCF_002998925.1	Anaerovoracaceae	True	True
RS_GCF_003002015.1	Hymenobacteraceae	True	True
RS_GCF_003002895.1	Dermatophilaceae	True	True
RS_GCF_003003005.1	Cyclobacteriaceae	True	True
RS_GCF_003003095.1	Rhodobacteraceae	True	True
RS_GCF_003003215.1	Rhodobacteraceae	True	True
RS_GCF_003003255.1	Rhodobacteraceae	True	True
RS_GCF_003004785.1	Beijerinckiaceae	True	True
RS_GCF_003006155.1	Halomonadaceae	True	True
RS_GCF_003007675.1	Oleiphilaceae	True	True
RS_GCF_003008515.1	Phreatobacteraceae	True	True
RS_GCF_003008595.1	Burkholderiaceae_C	True	True
RS_GCF_003010495.1	Megasphaeraceae	True	True
RS_GCF_003010915.2	Microbacteriaceae	True	True
RS_GCF_003010935.1	Rhizobiaceae	True	True
RS_GCF_003011895.2	Burkholderiaceae_D	True	True
RS_GCF_003012345.1	Halomonadaceae	True	True
RS_GCF_003012745.1	Rhizobiaceae	True	True
RS_GCF_003012775.1	Aeromonadaceae	True	True
RS_GCF_003012795.1	Aeromonadaceae	True	True
RS_GCF_003013695.1	Burkholderiaceae_C	True	True
RS_GCF_003014475.1	Rhodobacteraceae	True	True
RS_GCF_003014485.1	Streptosporangiaceae	True	True
RS_GCF_003014555.1	Jiangellaceae	True	True
RS_GCF_003014595.1	Chitinophagaceae	True	True
RS_GCF_003014615.1	Balneatricaceae	True	True
RS_GCF_003014675.1	Microbacteriaceae	True	True
RS_GCF_003014755.1	Chitinophagaceae	True	True
RS_GCF_003015185.1	Ahniellaceae	True	True
RS_GCF_003019255.1	Staphylococcaceae	True	True
RS_GCF_003020585.1	Weeksellaceae	True	True
RS_GCF_003024235.1	Xanthomonadaceae	True	True
RS_GCF_003024515.2	Moraxellaceae	True	True
RS_GCF_003024675.1	Coprobacillaceae	True	True
RS_GCF_003024685.1	Coprobacillaceae	True	True
RS_GCF_003025005.1	Crocinitomicaceae	True	True
RS_GCF_003025495.1	Vibrionaceae	True	True
RS_GCF_003025615.1	Vibrionaceae	True	True
RS_GCF_003026365.1	Vibrionaceae	True	True
RS_GCF_003026395.1	Vibrionaceae	True	True
RS_GCF_003026675.1	Vibrionaceae	True	True
RS_GCF_003028415.1	Deinococcaceae	True	True
RS_GCF_003028855.1	Burkholderiaceae_D	True	True
RS_GCF_003029735.1	Sphingobacteriaceae	True	True
RS_GCF_003031675.1	Pseudomonadaceae	True	True
RS_GCF_003034845.1	Rhodocyclaceae	True	True
RS_GCF_003044065.1	Salisediminibacteriaceae	True	True
RS_GCF_003044275.1	Microbacteriaceae	True	True
RS_GCF_003045775.1	Halomonadaceae	True	True
RS_GCF_003046295.1	Sphingomonadaceae	True	True
RS_GCF_003047265.1	Nocardioidaceae	True	True
RS_GCF_003047285.1	Nocardioidaceae	True	True
RS_GCF_003047295.1	Nocardioidaceae	True	True
RS_GCF_003049505.1	Planococcaceae	True	True
RS_GCF_003049575.1	Planococcaceae	True	True
RS_GCF_003049685.1	Rhizobiaceae	True	True
RS_GCF_003049725.1	Aeromonadaceae	True	True
RS_GCF_003050755.1	Sphingobacteriaceae	True	True
RS_GCF_003050785.1	Rhodobacteraceae	True	True
RS_GCF_003052265.1	Nevskiaceae	True	True
RS_GCF_003053745.1	Sphingomonadaceae	True	True
RS_GCF_003054045.1	Sphingobacteriaceae	True	True
RS_GCF_003054055.1	Hymenobacteraceae	True	True
RS_GCF_003054195.1	Rhodobacteraceae	True	True
RS_GCF_003054225.1	Flavobacteriaceae	True	True
RS_GCF_003055625.1	Flavobacteriaceae	True	True
RS_GCF_003056345.1	Devosiaceae	True	True
RS_GCF_003056355.1	Devosiaceae	True	True
RS_GCF_003056405.1	Devosiaceae	True	True
RS_GCF_003057875.1	Nocardioidaceae	True	True
RS_GCF_003058265.1	Flavobacteriaceae	True	True
RS_GCF_003058325.1	Beijerinckiaceae	True	True
RS_GCF_003071345.1	Chitinophagaceae	True	True
RS_GCF_003072065.1	Rhodobacteraceae	True	True
RS_GCF_003072125.1	Rhodobacteraceae	True	True
RS_GCF_003073135.1	Euzebyaceae	True	True
RS_GCF_003073175.1	DSM-1321	True	True
RS_GCF_003074135.1	Euzebyaceae	True	True
RS_GCF_003075045.1	Flavobacteriaceae	True	True
RS_GCF_003075095.1	Geodermatophilaceae	True	True
RS_GCF_003076135.1	Nocardioidaceae	True	True
RS_GCF_003076475.1	Flavobacteriaceae	True	True
RS_GCF_003076755.1	Rhodobacteraceae	True	True
RS_GCF_003086355.1	Streptococcaceae	True	True
RS_GCF_003096015.2	Enterobacteriaceae	True	True
RS_GCF_003096035.1	Flavobacteriaceae	True	True
RS_GCF_003096095.1	Mycobacteriaceae	True	True
RS_GCF_003096355.1	Hymenobacteraceae	True	True
RS_GCF_003096415.1	Victivallaceae	True	True
RS_GCF_003096535.1	Butyricicoccaceae	False	False
RS_GCF_003096595.1	Burkholderiaceae_B	True	True
RS_GCF_003096695.1	Porphyromonadaceae	True	True
RS_GCF_003096835.1	Balneicellaceae	True	True
RS_GCF_003096955.1	Mycobacteriaceae	True	True
RS_GCF_003097315.1	Pelagibaculaceae	True	True
RS_GCF_003097535.1	Flavobacteriaceae	True	True
RS_GCF_003097615.1	UBA6769	True	True
RS_GCF_003097635.1	Flavobacteriaceae	True	True
RS_GCF_003097655.1	Flavobacteriaceae	True	True
RS_GCF_003115855.1	Enterobacteriaceae	True	True
RS_GCF_003116835.1	Streptococcaceae	True	True
RS_GCF_003121295.1	Streptomycetaceae	True	True
RS_GCF_003121895.1	Wohlfahrtiimonadaceae	True	True
RS_GCF_003121985.1	Marinilabiliaceae	True	True
RS_GCF_003122085.1	Maricaulaceae	True	True
RS_GCF_003122385.1	Flavobacteriaceae	True	True
RS_GCF_003123725.1	Burkholderiaceae_B	True	True
RS_GCF_003129465.1	Sphingomonadaceae	True	True
RS_GCF_003129485.1	Flavobacteriaceae	True	True
RS_GCF_003129605.1	Maricaulaceae	True	True
RS_GCF_003130405.1	Sphingobacteriaceae	True	True
RS_GCF_003130795.1	Azospirillaceae	True	True
RS_GCF_003143535.1	Spirosomataceae	True	True
RS_GCF_003143975.1	Planococcaceae	True	True
RS_GCF_003144035.1	Vibrionaceae	True	True
RS_GCF_003144335.1	Enterobacteriaceae	True	True
RS_GCF_003144375.1	Enterobacteriaceae	True	True
RS_GCF_003144395.1	Enterobacteriaceae	True	True
RS_GCF_003144405.1	Enterobacteriaceae	True	True
RS_GCF_003144475.1	Enterobacteriaceae	True	True
RS_GCF_003144495.1	Enterobacteriaceae	True	True
RS_GCF_003144505.1	Enterobacteriaceae	True	True
RS_GCF_003148385.1	Flavobacteriaceae	True	True
RS_GCF_003148465.1	Petrotogaceae	True	True
RS_GCF_003148475.1	Rhizobiaceae	True	True
RS_GCF_003148565.1	Tumebacillaceae	True	True
RS_GCF_003148585.1	Moraxellaceae	True	True
RS_GCF_003148625.1	Spirosomataceae	True	True
RS_GCF_003148645.1	Flavobacteriaceae	True	True
RS_GCF_003148665.1	Flavobacteriaceae	True	True
RS_GCF_003148745.1	Kangiellaceae	True	True
RS_GCF_003148765.1	Rhodobacteraceae	True	True
RS_GCF_003148845.1	Sphingobacteriaceae	True	True
RS_GCF_003149025.1	Microbacteriaceae	True	True
RS_GCF_003149085.1	Spirosomataceae	True	True
RS_GCF_003149145.1	Quadrisphaeraceae	True	True
RS_GCF_003149185.1	Flammeovirgaceae	True	True
RS_GCF_003149455.1	Chitinophagaceae	True	True
RS_GCF_003149475.2	Rhizobiaceae	True	True
RS_GCF_003149515.1	Hymenobacteraceae	True	True
RS_GCF_003149745.1	Flavobacteriaceae	True	True
RS_GCF_003151135.1	OUC007	True	True
RS_GCF_003160695.1	Nocardioidaceae	True	True
RS_GCF_003171655.1	Sphingomonadaceae	True	True
RS_GCF_003171675.1	Cyclobacteriaceae	True	True
RS_GCF_003172895.1	Thiotrichaceae	True	True
RS_GCF_003172915.1	Rhodobacteraceae	True	True
RS_GCF_003172955.1	Micromonosporaceae	True	True
RS_GCF_003173015.1	Deinococcaceae	True	True
RS_GCF_003173035.1	Zavarziniaceae	True	True
RS_GCF_003173715.1	Beijerinckiaceae	True	True
RS_GCF_003176895.1	Amphibacillaceae	True	True
RS_GCF_003182135.1	Mycobacteriaceae	True	True
RS_GCF_003182475.1	Enterobacteriaceae	True	True
RS_GCF_003185655.1	Coraliomargaritaceae	True	True
RS_GCF_003185915.1	Micrococcaceae	True	True
RS_GCF_003194565.2	Kangiellaceae	True	True
RS_GCF_003194585.1	Nocardioidaceae	True	True
RS_GCF_003201285.1	Lachnospiraceae	True	True
RS_GCF_003201605.1	Amphibacillaceae	True	True
RS_GCF_003201955.1	Sphingomonadaceae	True	True
RS_GCF_003202035.1	Chromobacteriaceae	True	True
RS_GCF_003202155.1	Marinifilaceae	True	True
RS_GCF_003202235.1	Pseudonocardiaceae	True	True
RS_GCF_003202405.1	Flavobacteriaceae	True	True
RS_GCF_003202435.1	Flavobacteriaceae	True	True
RS_GCF_003205195.1	Rhizobiaceae	True	True
RS_GCF_003205515.1	Rhodobacteraceae	True	True
RS_GCF_003207795.1	Acetobacteraceae	True	True
RS_GCF_003207815.1	Acetobacteraceae	True	True
RS_GCF_003207825.1	Acetobacteraceae	True	True
RS_GCF_003207895.1	Acetobacteraceae	True	True
RS_GCF_003207935.1	Acetobacteraceae	True	True
RS_GCF_003208175.1	DSM-1351	True	True
RS_GCF_003217155.1	Moraxellaceae	True	True
RS_GCF_003217255.1	Rhodobacteraceae	True	True
RS_GCF_003217355.1	Rhodobacteraceae	True	True
RS_GCF_003217775.1	NBRC-103111	True	True
RS_GCF_003219795.1	Micrococcaceae	True	True
RS_GCF_003226255.1	Alteromonadaceae	True	True
RS_GCF_003226345.1	Salisediminibacteriaceae	True	True
RS_GCF_003231275.1	Pseudomonadaceae	True	True
RS_GCF_003233655.1	Azospirillaceae	True	True
RS_GCF_003234965.1	Aestuariivirgaceae	True	True
RS_GCF_003240585.1	Rhizobiaceae	True	True
RS_GCF_003253485.1	Cyclobacteriaceae	True	True
RS_GCF_003253545.1	Flavobacteriaceae	True	True
RS_GCF_003253565.1	Ktedonobacteraceae	True	True
RS_GCF_003253995.1	Rhodobacteraceae	True	True
RS_GCF_003254275.1	Marinilabiliaceae	True	True
RS_GCF_003254475.1	Caulobacteraceae	True	True
RS_GCF_003254505.1	Caulobacteraceae	True	True
RS_GCF_003254545.1	Flavobacteriaceae	True	True
RS_GCF_003254625.1	Flavobacteriaceae	True	True
RS_GCF_003254645.1	Microbacteriaceae	True	True
RS_GCF_003254705.1	Caulobacteraceae	True	True
RS_GCF_003258355.1	Flavobacteriaceae	True	True
RS_GCF_003258365.1	Hymenobacteraceae	True	True
RS_GCF_003258515.1	Oleiphilaceae	True	True
RS_GCF_003258705.1	Spirosomataceae	True	True
RS_GCF_003258865.1	Xanthobacteraceae	True	True
RS_GCF_003258945.1	Acetobacteraceae	True	True
RS_GCF_003259155.1	Cellvibrionaceae	True	True
RS_GCF_003259185.1	Alcanivoracaceae	True	True
RS_GCF_003259225.1	Marinomonadaceae	True	True
RS_GCF_003259335.1	Chitinophagaceae	True	True
RS_GCF_003259375.1	Flavobacteriaceae	True	True
RS_GCF_003259505.1	Cyclobacteriaceae	True	True
RS_GCF_003259525.1	Flavobacteriaceae	True	True
RS_GCF_003259615.1	Sphingobacteriaceae	True	True
RS_GCF_003259835.1	Flavobacteriaceae	True	True
RS_GCF_003259935.1	Anoxybacillaceae	True	True
RS_GCF_003259955.1	Rhizobiaceae	True	True
RS_GCF_003260015.1	Nakamurellaceae	True	True
RS_GCF_003260025.2	Streptosporangiaceae	False	False
RS_GCF_003260125.1	Bradymonadaceae	True	True
RS_GCF_003260205.1	Flavobacteriaceae	True	True
RS_GCF_003260265.1	Rhodobacteraceae	True	True
RS_GCF_003260975.1	Cyclobacteriaceae	True	True
RS_GCF_003261235.1	Burkholderiaceae	True	True
RS_GCF_003263515.1	Enterobacteriaceae	True	True
RS_GCF_003265345.1	Pseudonocardiaceae	True	True
RS_GCF_003268025.1	Paenibacillaceae	True	True
RS_GCF_003268595.1	Amphibacillaceae	True	True
RS_GCF_003268855.1	Flavobacteriaceae	True	True
RS_GCF_003269065.1	Burkholderiaceae_C	True	True
RS_GCF_003269425.1	Flavobacteriaceae	True	True
RS_GCF_003284895.1	Hymenobacteraceae	True	True
RS_GCF_003286915.1	Cyclobacteriaceae	True	True
RS_GCF_003287395.1	Sphingomonadaceae	True	True
RS_GCF_003289925.1	Planococcaceae	True	True
RS_GCF_003290025.1	Rhodobacteraceae	True	True
RS_GCF_003293745.1	Burkholderiaceae_D	True	True
RS_GCF_003293845.1	Flavobacteriaceae	True	True
RS_GCF_003298775.1	Rhodobacteraceae	True	True
RS_GCF_003311635.1	Acetobacteraceae	True	True
RS_GCF_003313245.1	Rhodobacteraceae	True	True
RS_GCF_003313335.1	Sphingobacteriaceae	True	True
RS_GCF_003313385.1	Sphingobacteriaceae	True	True
RS_GCF_003314995.1	Rhizobiaceae	True	True
RS_GCF_003315035.1	Mycobacteriaceae	True	True
RS_GCF_003315205.1	Verrucomicrobiaceae	True	True
RS_GCF_003315245.1	Arenicellaceae	True	True
RS_GCF_003315775.1	Megasphaeraceae	True	True
RS_GCF_003316845.1	Cyclobacteriaceae	True	True
RS_GCF_003316875.1	Alteromonadaceae	True	True
RS_GCF_003317055.1	Alkalibacteraceae	True	True
RS_GCF_003324485.1	Cohaesibacteraceae	True	True
RS_GCF_003327285.1	Microbacteriaceae	True	True
RS_GCF_003327535.1	Propionibacteriaceae	True	True
RS_GCF_003332305.1	Beijerinckiaceae	True	True
RS_GCF_003332855.1	Sphingomonadaceae	True	True
RS_GCF_003332885.2	Chitinophagaceae	True	True
RS_GCF_003334855.1	Spirosomataceae	True	True
RS_GCF_003335045.1	Rhizobiaceae	True	True
RS_GCF_003335215.1	Burkholderiaceae_D	True	True
RS_GCF_003336225.1	Neiellaceae	True	True
RS_GCF_003336705.1	Oleiphilaceae	True	True
RS_GCF_003336805.1	Halomonadaceae	True	True
RS_GCF_003336875.1	Azospirillaceae	True	True
RS_GCF_003337215.1	Flavobacteriaceae	True	True
RS_GCF_003337375.1	Paenibacillaceae	True	True
RS_GCF_003337425.1	Burkholderiaceae_C	True	True
RS_GCF_003337485.1	Amphibacillaceae	True	True
RS_GCF_003337555.1	Burkholderiaceae_C	True	True
RS_GCF_003337715.1	Rhizobiaceae	True	True
RS_GCF_003339505.1	Spirosomataceae	True	True
RS_GCF_003339525.1	Burkholderiaceae	True	True
RS_GCF_003339865.1	Sphingobacteriaceae	True	True
RS_GCF_003340005.1	Eggerthellaceae	True	True
RS_GCF_003340555.1	Rhodobacteraceae	True	True
RS_GCF_003343245.1	Enterobacteriaceae	True	True
RS_GCF_003344765.1	Rhodovibrionaceae	True	True
RS_GCF_003344785.1	Rhodobacteraceae	True	True
RS_GCF_003344925.1	Flavobacteriaceae	True	True
RS_GCF_003345355.1	Sphingomonadaceae	True	True
RS_GCF_003345525.1	Devosiaceae	True	True
RS_GCF_003345655.1	Balneatricaceae	True	True
RS_GCF_003347495.1	Cyclobacteriaceae	True	True
RS_GCF_003347595.2	Hymenobacteraceae	True	True
RS_GCF_003350405.1	Acetobacteraceae	True	True
RS_GCF_003350505.1	DSM-25281	True	True
RS_GCF_003350545.1	Flavobacteriaceae	True	True
RS_GCF_003352165.1	Acetobacteraceae	True	True
RS_GCF_003353425.1	Flavobacteriaceae	True	True
RS_GCF_003355475.1	Dermabacteraceae	True	True
RS_GCF_003355495.1	Chromobacteriaceae	True	True
RS_GCF_003362725.1	Flavobacteriaceae	True	True
RS_GCF_003362805.1	Cytobacillaceae	True	True
RS_GCF_003363155.1	Rhodanobacteraceae	True	True
RS_GCF_003363265.1	Rhodanobacteraceae	True	True
RS_GCF_003363435.1	Lachnospiraceae	True	True
RS_GCF_003367315.1	Natronospirillaceae	True	True
RS_GCF_003367905.1	Megasphaeraceae	True	True
RS_GCF_003368325.1	Burkholderiaceae	True	True
RS_GCF_003368535.1	Ammonificaceae	True	True
RS_GCF_003369565.1	Amphibacillaceae	True	True
RS_GCF_003382285.1	Xanthomonadaceae	True	True
RS_GCF_003383615.1	Spirosomataceae	True	True
RS_GCF_003384725.1	Weeksellaceae	True	True
RS_GCF_003385115.1	Flavobacteriaceae	True	True
RS_GCF_003385215.1	Pseudonocardiaceae	True	True
RS_GCF_003385415.1	Weeksellaceae	True	True
RS_GCF_003385455.1	Weeksellaceae	True	True
RS_GCF_003385535.1	Weeksellaceae	True	True
RS_GCF_003385775.1	Sphingomonadaceae	True	True
RS_GCF_003385845.1	Halomonadaceae	True	True
RS_GCF_003385895.1	Flavobacteriaceae	True	True
RS_GCF_003386075.1	Micrococcaceae	True	True
RS_GCF_003386535.1	Paenibacillaceae	True	True
RS_GCF_003386555.1	Streptosporangiaceae	True	True
RS_GCF_003386665.1	Enterobacteriaceae	True	True
RS_GCF_003387155.1	Burkholderiaceae_C	True	True
RS_GCF_003387165.1	Salinicoccaceae	True	True
RS_GCF_003387355.1	Flavobacteriaceae	True	True
RS_GCF_003387615.1	Flavobacteriaceae	True	True
RS_GCF_003390885.1	Devosiaceae	True	True
RS_GCF_003390925.1	Burkholderiaceae	True	True
RS_GCF_003391395.1	Mycobacteriaceae	True	True
RS_GCF_003399445.1	Parvularculaceae	True	True
RS_GCF_003402235.1	Halieaceae	True	True
RS_GCF_003410055.1	Wenzhouxiangellaceae	True	True
RS_GCF_003412465.1	Chitinophagaceae	True	True
RS_GCF_003413745.1	Flavobacteriaceae	True	True
RS_GCF_003415675.1	Burkholderiaceae_C	True	True
RS_GCF_003416765.1	Atopobiaceae	True	True
RS_GCF_003416885.1	Xanthomonadaceae	True	True
RS_GCF_003417065.2	Hymenobacteraceae	True	True
RS_GCF_003417535.1	Burkholderiaceae_C	True	True
RS_GCF_003425685.1	Rhizobiaceae	True	True
RS_GCF_003426025.1	Amphibacillaceae	True	True
RS_GCF_003426815.1	Ilumatobacteraceae	True	True
RS_GCF_003428165.1	Francisellaceae	True	True
RS_GCF_003428875.1	Planococcaceae	True	True
RS_GCF_003429005.1	Burkholderiaceae	True	True
RS_GCF_003429095.1	DSM-1321	True	True
RS_GCF_003429105.1	DSM-1321	True	True
RS_GCF_003429285.1	Alteromonadaceae	True	True
RS_GCF_003429565.1	Streptomycetaceae	True	True
RS_GCF_003431825.1	Sphingomonadaceae	True	True
RS_GCF_003432065.1	Sphingobacteriaceae	True	True
RS_GCF_003443895.1	Burkholderiaceae	True	True
RS_GCF_003443995.1	Rhodobacteraceae	True	True
RS_GCF_003444775.1	Deinococcaceae	True	True
RS_GCF_003449035.1	Sphingobacteriaceae	True	True
RS_GCF_003457605.1	Halieaceae	True	True
RS_GCF_003499275.1	Sphingomonadaceae	True	True
RS_GCF_003515065.1	Nocardioidaceae	True	True
RS_GCF_003515075.1	Sphingomonadaceae	True	True
RS_GCF_003515685.1	Cytobacillaceae	True	True
RS_GCF_003515705.1	Amphibacillaceae	True	True
RS_GCF_003534205.1	Listeriaceae	True	True
RS_GCF_003544835.1	Arcobacteraceae	True	True
RS_GCF_003544855.1	Arcobacteraceae	True	True
RS_GCF_003544875.1	Vibrionaceae	True	True
RS_GCF_003546865.1	Aerococcaceae	True	True
RS_GCF_003568865.1	Rubrobacteraceae	True	True
RS_GCF_003569045.1	Aggregatilineaceae	True	True
RS_GCF_003569805.1	Microbacteriaceae	True	True
RS_GCF_003570705.1	Cytobacillaceae	True	True
RS_GCF_003570715.1	Rhodobacteraceae	True	True
RS_GCF_003570725.1	DSM-1321	True	True
RS_GCF_003570885.1	Burkholderiaceae_C	True	True
RS_GCF_003572205.1	DSM-21159	True	True
RS_GCF_003574035.1	Thermaceae	True	True
RS_GCF_003574045.1	Thermaceae	True	True
RS_GCF_003574085.1	Thermaceae	True	True
RS_GCF_003574425.1	Francisellaceae	True	True
RS_GCF_003574485.1	Francisellaceae	True	True
RS_GCF_003574655.1	Cohaesibacteraceae	True	True
RS_GCF_003575965.1	Rhodobacteraceae	True	True
RS_GCF_003575975.1	Micrococcaceae	True	True
RS_GCF_003576475.1	Prolixibacteraceae	True	True
RS_GCF_003577475.1	Natronospirillaceae	True	True
RS_GCF_003581645.1	Sphingomonadaceae	True	True
RS_GCF_003583365.1	Spirosomataceae	True	True
RS_GCF_003583725.1	Sphingomonadaceae	True	True
RS_GCF_003583925.1	Hymenobacteraceae	True	True
RS_GCF_003583985.1	Cyclobacteriaceae	True	True
RS_GCF_003584105.1	Flavobacteriaceae	True	True
RS_GCF_003584685.1	Lactobacillaceae	True	True
RS_GCF_003585325.1	Staphylococcaceae	True	True
RS_GCF_003586305.1	Xanthomonadaceae	True	True
RS_GCF_003591655.1	Sphingomonadaceae	True	True
RS_GCF_003594875.1	Streptosporangiaceae	True	True
RS_GCF_003594885.1	Motilibacteraceae	True	True
RS_GCF_003595215.1	Micrococcaceae	True	True
RS_GCF_003595525.1	Streptococcaceae	True	True
RS_GCF_003600355.1	Clostridiaceae	True	True
RS_GCF_003602235.1	Microbacteriaceae	True	True
RS_GCF_003605125.1	Shewanellaceae	True	True
RS_GCF_003605405.2	Bacillaceae_C	True	True
RS_GCF_003606365.2	Lactobacillaceae	True	True
RS_GCF_003606385.1	Actinomycetaceae	True	True
RS_GCF_003609575.1	Sphingobacteriaceae	True	True
RS_GCF_003609715.1	Mycobacteriaceae	True	True
RS_GCF_003609975.1	Streptococcaceae	True	True
RS_GCF_003609995.1	Burkholderiaceae_F	True	True
RS_GCF_003610355.1	Sphingobacteriaceae	True	True
RS_GCF_003610395.1	Mycobacteriaceae	True	True
RS_GCF_003610465.1	Enterobacteriaceae	True	True
RS_GCF_003610495.1	Marinococcaceae	True	True
RS_GCF_003610735.1	Flavobacteriaceae	True	True
RS_GCF_003610915.1	Enterobacteriaceae	True	True
RS_GCF_003611035.1	Microbacteriaceae	True	True
RS_GCF_003614185.1	Paenibacillaceae	True	True
RS_GCF_003614885.1	Vibrionaceae	True	True
RS_GCF_003626595.1	Micromonosporaceae	True	True
RS_GCF_003626695.1	NBRC-103111	True	True
RS_GCF_003627055.1	Microbacteriaceae	True	True
RS_GCF_003627075.1	Microbacteriaceae	True	True
RS_GCF_003627095.1	Streptococcaceae	True	True
RS_GCF_003628505.1	Amphibacillaceae	True	True
RS_GCF_003628535.1	Chitinophagaceae	True	True
RS_GCF_003628755.1	Christensenellaceae	True	True
RS_GCF_003633615.1	Sphingobacteriaceae	True	True
RS_GCF_003633725.1	DSM-22653	True	True
RS_GCF_003633775.1	Halomonadaceae	True	True
RS_GCF_003634095.1	Micrococcaceae	True	True
RS_GCF_003634575.1	Enterobacteriaceae	True	True
RS_GCF_003634695.1	Motilibacteraceae	True	True
RS_GCF_003634705.1	Streptosporangiaceae	True	True
RS_GCF_003634755.1	Flavobacteriaceae	True	True
RS_GCF_003634775.1	Weeksellaceae	True	True
RS_GCF_003634925.1	Rhodobacteraceae	True	True
RS_GCF_003635045.1	Dermatophilaceae	True	True
RS_GCF_003640665.1	Micrococcaceae	True	True
RS_GCF_003641185.1	Lactobacillaceae	True	True
RS_GCF_003660105.1	Arcobacteraceae	True	True
RS_GCF_003660165.1	Sphingomonadaceae	True	True
RS_GCF_003660445.1	Sphingomonadaceae	True	True
RS_GCF_003660455.1	Nocardioidaceae	True	True
RS_GCF_003663885.1	Rhodobacteraceae	True	True
RS_GCF_003664005.1	Aquificaceae	True	True
RS_GCF_003664035.1	Sphingobacteriaceae	True	True
RS_GCF_003664185.1	Flavobacteriaceae	True	True
RS_GCF_003664285.1	Burkholderiaceae	True	True
RS_GCF_003664555.1	Rhizobiaceae	True	True
RS_GCF_003664585.1	Rhodobacteraceae	True	True
RS_GCF_003664645.1	Moraxellaceae	True	True
RS_GCF_003665065.1	Amphibacillaceae	True	True
RS_GCF_003666685.1	Rhizobiaceae	True	True
RS_GCF_003667225.1	Micrococcaceae	True	True
RS_GCF_003667315.2	Rhodobacteraceae	True	True
RS_GCF_003667345.1	Arcobacteraceae	True	True
RS_GCF_003667525.1	Microbacteriaceae	True	True
RS_GCF_003668575.1	DSM-25281	True	True
RS_GCF_003674065.1	Nocardioidaceae	True	True
RS_GCF_003675385.1	Sphingobacteriaceae	True	True
RS_GCF_003675895.1	Shewanellaceae	True	True
RS_GCF_003688285.1	Rhodobacteraceae	True	True
RS_GCF_003688405.1	Flavobacteriaceae	True	True
RS_GCF_003688415.1	DSM-25080	True	True
RS_GCF_003688495.1	Flavobacteriaceae	True	True
RS_GCF_003688555.1	Kordiimonadaceae	True	True
RS_GCF_003688855.1	Propionibacteriaceae	True	True
RS_GCF_003696235.1	Streptomycetaceae	True	True
RS_GCF_003696285.1	Pseudomonadaceae	True	True
RS_GCF_003696345.1	Acetobacteraceae	True	True
RS_GCF_003697165.2	Enterobacteriaceae	True	True
RS_GCF_003703835.1	Micrococcaceae	True	True
RS_GCF_003703975.1	Spirosomataceae	True	True
RS_GCF_003704105.1	Caulobacteraceae	True	True
RS_GCF_003710105.1	Actinomycetaceae	True	True
RS_GCF_003710245.1	Enterobacteriaceae	True	True
RS_GCF_003710805.1	Microbacteriaceae	True	True
RS_GCF_003710815.1	Brevibacillaceae	True	True
RS_GCF_003710915.1	Brevibacillaceae	True	True
RS_GCF_003710985.1	Brevibacillaceae	True	True
RS_GCF_003719195.1	Burkholderiaceae_D	True	True
RS_GCF_003719295.1	Halieaceae	True	True
RS_GCF_003719725.1	Planococcaceae	True	True
RS_GCF_003719825.1	Xanthomonadaceae	True	True
RS_GCF_003721225.2	Acidithiobacillaceae	False	True
RS_GCF_003721245.1	Marinomonadaceae	True	True
RS_GCF_003725295.1	Eggerthellaceae	True	True
RS_GCF_003725335.1	Eggerthellaceae	True	True
RS_GCF_003725415.1	Erysipelotrichaceae	True	True
RS_GCF_003725535.1	Nocardioidaceae	True	True
RS_GCF_003725695.1	Nocardioidaceae	True	True
RS_GCF_003725995.1	Eggerthellaceae	True	True
RS_GCF_003729955.1	Weeksellaceae	True	True
RS_GCF_003730015.1	Weeksellaceae	True	True
RS_GCF_003730115.1	Methylophilaceae	True	True
RS_GCF_003730135.1	Nevskiaceae	True	True
RS_GCF_003730295.1	Amphibacillaceae	True	True
RS_GCF_003731635.1	Alteromonadaceae	True	True
RS_GCF_003732545.1	Salinisphaeraceae	True	True
RS_GCF_003751385.1	DSM-9756	True	True
RS_GCF_003751605.1	Streptomycetaceae	True	True
RS_GCF_003751635.1	DSM-100275	True	True
RS_GCF_003752155.1	Lachnospiraceae	True	True
RS_GCF_003752465.1	Microbacteriaceae	True	True
RS_GCF_003752505.1	Nocardioidaceae	True	True
RS_GCF_003762925.1	Cellvibrionaceae	True	True
RS_GCF_003788585.1	Salinisphaeraceae	True	True
RS_GCF_003788635.1	Salinisphaeraceae	True	True
RS_GCF_003795125.1	Enterococcaceae	True	True
RS_GCF_003795145.1	Enterococcaceae	True	True
RS_GCF_003797125.1	Shewanellaceae	True	True
RS_GCF_003797185.1	Mycobacteriaceae	True	True
RS_GCF_003813775.1	Chitinophagaceae	True	True
RS_GCF_003813965.1	Mycobacteriaceae	True	True
RS_GCF_003813985.1	Mycobacteriaceae	True	True
RS_GCF_003814005.1	Mycobacteriaceae	True	True
RS_GCF_003814515.1	Salinicoccaceae	True	True
RS_GCF_003814745.1	Ruminococcaceae	True	True
RS_GCF_003814815.1	Salisediminibacteriaceae	True	True
RS_GCF_003815015.1	Ammonificaceae	True	True
RS_GCF_003815775.1	Weeksellaceae	True	True
RS_GCF_003815915.1	Weeksellaceae	True	True
RS_GCF_003818115.1	Enterobacteriaceae	True	True
RS_GCF_003820355.1	Alteromonadaceae	True	True
RS_GCF_003841405.1	Enterococcaceae	True	True
RS_GCF_003843835.1	Burkholderiaceae_C	True	True
RS_GCF_003843875.1	Alkalibacillaceae	True	True
RS_GCF_003850345.1	Pseudomonadaceae	True	True
RS_GCF_003851725.1	Cellulomonadaceae	True	True
RS_GCF_003851905.1	Pseudomonadaceae	True	True
RS_GCF_003852715.1	Bacillaceae_G	True	True
RS_GCF_003852895.1	Burkholderiaceae_C	True	True
RS_GCF_003855155.1	Shewanellaceae	True	True
RS_GCF_003858645.1	Spirosomataceae	True	True
RS_GCF_003858655.1	Balneatricaceae	True	True
RS_GCF_003860345.1	Sphingomonadaceae	True	True
RS_GCF_003860405.1	Nakamurellaceae	True	True
RS_GCF_003860465.1	Deinococcaceae	True	True
RS_GCF_003863335.1	Rhodobacteraceae	True	True
RS_GCF_003863355.1	Marinifilaceae	True	True
RS_GCF_003863965.1	Paenibacillaceae	True	True
RS_GCF_003864975.1	Sulfuriferulaceae	True	True
RS_GCF_003865075.1	Bacteroidaceae	True	True
RS_GCF_003865095.1	Clostridiaceae	True	True
RS_GCF_003865365.1	Flavobacteriaceae	True	True
RS_GCF_003867015.1	Flavobacteriaceae	True	True
RS_GCF_003867075.1	Flavobacteriaceae	True	True
RS_GCF_003917135.1	Microbacteriaceae	True	True
RS_GCF_003932505.1	Thiohalobacteraceae	True	True
RS_GCF_003933245.1	Flavobacteriaceae	True	True
RS_GCF_003934285.1	Caulobacteraceae	True	True
RS_GCF_003937945.1	Pseudonocardiaceae	True	True
RS_GCF_003944705.1	Hymenobacteraceae	True	True
RS_GCF_003944765.1	Hymenobacteraceae	True	True
RS_GCF_003945345.1	Paenibacillaceae	True	True
RS_GCF_003945385.1	Pseudonocardiaceae	True	True
RS_GCF_003945765.1	Pseudomonadaceae	True	True
RS_GCF_003946015.1	Lactobacillaceae	True	True
RS_GCF_003946025.1	Lactobacillaceae	True	True
RS_GCF_003946045.1	Lactobacillaceae	True	True
RS_GCF_003946095.1	Lactobacillaceae	True	True
RS_GCF_003946145.1	Lactobacillaceae	True	True
RS_GCF_003946165.1	Lactobacillaceae	True	True
RS_GCF_003946205.1	Lactobacillaceae	True	True
RS_GCF_003946245.1	Lactobacillaceae	True	True
RS_GCF_003946265.1	Lactobacillaceae	True	True
RS_GCF_003946275.1	Lactobacillaceae	True	True
RS_GCF_003946305.1	Lactobacillaceae	True	True
RS_GCF_003946335.1	Lactobacillaceae	True	True
RS_GCF_003946345.1	Lactobacillaceae	True	True
RS_GCF_003946385.1	Lactobacillaceae	True	True
RS_GCF_003946395.1	Lactobacillaceae	True	True
RS_GCF_003946445.1	Lactobacillaceae	True	True
RS_GCF_003946485.1	Lactobacillaceae	True	True
RS_GCF_003946505.1	Lactobacillaceae	True	True
RS_GCF_003946515.1	Lactobacillaceae	True	True
RS_GCF_003946545.1	Lactobacillaceae	True	True
RS_GCF_003946555.1	Lactobacillaceae	True	True
RS_GCF_003946575.1	Lactobacillaceae	True	True
RS_GCF_003946605.1	Lactobacillaceae	True	True
RS_GCF_003946625.1	Lactobacillaceae	True	True
RS_GCF_003946695.1	Lactobacillaceae	True	True
RS_GCF_003946725.1	Lactobacillaceae	True	True
RS_GCF_003946885.1	Micrococcaceae	True	True
RS_GCF_003950325.1	Vagococcaceae	True	True
RS_GCF_003952345.1	Chitinibacteraceae	True	True
RS_GCF_003952725.1	Rhizobiaceae	True	True
RS_GCF_003953035.1	Sphingomonadaceae	True	True
RS_GCF_003953935.1	Burkholderiaceae_D	True	True
RS_GCF_003955735.1	Burkholderiaceae_D	True	True
RS_GCF_003957515.1	Balneatricaceae	True	True
RS_GCF_003958625.1	Sphingomonadaceae	True	True
RS_GCF_003966125.1	Azospirillaceae	True	True
RS_GCF_003966145.1	Planococcaceae	True	True
RS_GCF_003966155.1	Halomonadaceae	True	True
RS_GCF_003966225.1	Shewanellaceae	True	True
RS_GCF_003966265.1	Shewanellaceae	True	True
RS_GCF_003966915.1	Burkholderiaceae	True	True
RS_GCF_003966955.1	Atopobiaceae	True	True
RS_GCF_003966975.1	Anaerolineaceae	True	True
RS_GCF_003967035.1	Rhodanobacteraceae	True	True
RS_GCF_003967275.1	Thiobacillaceae	True	True
RS_GCF_003967595.1	Lactobacillaceae	True	True
RS_GCF_003970385.1	Vibrionaceae	True	True
RS_GCF_003970495.1	Staphylococcaceae	True	True
RS_GCF_003970575.1	Staphylococcaceae	True	True
RS_GCF_003970675.1	Flammeovirgaceae	True	True
RS_GCF_003970915.1	Hymenobacteraceae	True	True
RS_GCF_003970925.1	Sphingomonadaceae	True	True
RS_GCF_003971235.1	Weeksellaceae	True	True
RS_GCF_003977615.1	Rhodanobacteraceae	True	True
RS_GCF_003977665.1	Rhodanobacteraceae	True	True
RS_GCF_003985135.1	Rhizobiaceae	True	True
RS_GCF_003986975.1	Alteromonadaceae	True	True
RS_GCF_003987015.1	Alteromonadaceae	True	True
RS_GCF_003987045.1	Alteromonadaceae	True	True
RS_GCF_003987135.1	Alteromonadaceae	True	True
RS_GCF_003987225.1	Alteromonadaceae	True	True
RS_GCF_003987255.1	Alteromonadaceae	True	True
RS_GCF_003987275.1	Alteromonadaceae	True	True
RS_GCF_003987335.1	Alteromonadaceae	True	True
RS_GCF_003987355.1	Alteromonadaceae	True	True
RS_GCF_003987395.1	Alteromonadaceae	True	True
RS_GCF_003987435.1	Alteromonadaceae	True	True
RS_GCF_003987475.1	Alteromonadaceae	True	True
RS_GCF_003987565.1	Vagococcaceae	True	True
RS_GCF_003987655.1	Vagococcaceae	True	True
RS_GCF_003989135.1	DSM-1321	True	True
RS_GCF_003989795.1	Halomonadaceae	True	True
RS_GCF_003990445.1	Rhodobacteraceae	True	True
RS_GCF_003990915.1	Cyclobacteriaceae	True	True
RS_GCF_003991195.1	Chitinophagaceae	True	True
RS_GCF_003991355.1	Chitinophagaceae	True	True
RS_GCF_003991565.1	Marinifilaceae	True	True
RS_GCF_003991875.1	Microbacteriaceae	True	True
RS_GCF_003991975.1	Pseudomonadaceae	True	True
RS_GCF_003992115.1	Veillonellaceae	True	True
RS_GCF_003992125.1	Veillonellaceae	True	True
RS_GCF_003992615.1	Flavobacteriaceae	True	True
RS_GCF_003992625.1	Devosiaceae	True	True
RS_GCF_003992665.1	Devosiaceae	True	True
RS_GCF_003993795.1	Xanthobacteraceae	True	True
RS_GCF_003994465.1	Paenibacillaceae	True	True
RS_GCF_003994485.1	Devosiaceae	True	True
RS_GCF_003999195.1	Streptomycetaceae	True	True
RS_GCF_004000235.1	Rhizobiaceae	True	True
RS_GCF_004000275.1	Natronospirillaceae	True	True
RS_GCF_004000765.1	NBRC-103111	True	True
RS_GCF_004000785.1	NBRC-103111	True	True
RS_GCF_004000805.1	Paenibacillaceae	True	True
RS_GCF_004000865.1	NBRC-103111	True	True
RS_GCF_004000985.1	NBRC-103111	True	True
RS_GCF_004001025.1	Paenibacillaceae	True	True
RS_GCF_004001045.1	Paenibacillaceae	True	True
RS_GCF_004001245.1	Thiohalomonadaceae	True	True
RS_GCF_004001325.1	Thiomicrospiraceae	True	True
RS_GCF_004004555.2	Beijerinckiaceae	True	True
RS_GCF_004004565.1	Burkholderiaceae_C	True	True
RS_GCF_004005475.1	Cytobacillaceae	True	True
RS_GCF_004005485.1	Sphingomonadaceae	True	True
RS_GCF_004005565.1	Bradymonadaceae	True	True
RS_GCF_004005845.1	Aestuariispiraceae	True	True
RS_GCF_004005865.1	Sphingomonadaceae	True	True
RS_GCF_004005905.1	Sphingomonadaceae	True	True
RS_GCF_004005965.1	Spirosomataceae	True	True
RS_GCF_004010095.1	Lactobacillaceae	True	True
RS_GCF_004011095.1	Microbacteriaceae	True	True
RS_GCF_004011135.1	Microbacteriaceae	True	True
RS_GCF_004011155.1	Clostridiaceae	True	True
RS_GCF_004011805.1	Burkholderiaceae_C	True	True
RS_GCF_004014875.1	Nocardioidaceae	True	True
RS_GCF_004016505.1	Burkholderiaceae_C	True	True
RS_GCF_004016515.1	Burkholderiaceae_C	True	True
RS_GCF_004016525.1	Flavobacteriaceae	True	True
RS_GCF_004022565.1	Burkholderiaceae_B	True	True
RS_GCF_004025325.1	Alteromonadaceae	True	True
RS_GCF_004028095.1	Micrococcaceae	True	True
RS_GCF_004028155.1	Flavobacteriaceae	True	True
RS_GCF_004028235.1	Microbacteriaceae	True	True
RS_GCF_004053875.1	Rhizobiaceae	True	True
RS_GCF_004054195.1	Sphingobacteriaceae	True	True
RS_GCF_004102025.1	Actinomycetaceae	True	True
RS_GCF_004102745.1	Acetivibrionaceae	True	True
RS_GCF_004102925.1	Caulobacteraceae	True	True
RS_GCF_004103825.1	Methylopilaceae	True	True
RS_GCF_004104355.1	Vibrionaceae	True	True
RS_GCF_004114425.1	Xanthobacteraceae	True	True
RS_GCF_004115085.1	DSM-105158	True	True
RS_GCF_004115155.1	Acidobacteriaceae	True	True
RS_GCF_004115645.1	Clostridiaceae	True	True
RS_GCF_004115745.1	Lactobacillaceae	True	True
RS_GCF_004116265.1	Anaerobacillaceae	True	True
RS_GCF_004116955.1	Bacillaceae	True	True
RS_GCF_004117055.1	Brevibacillaceae	True	True
RS_GCF_004117915.1	Lactobacillaceae	True	True
RS_GCF_004118155.1	Chitinophagaceae	True	True
RS_GCF_004118265.1	Chitinophagaceae	True	True
RS_GCF_004118675.1	Chitinophagaceae	True	True
RS_GCF_004120195.1	Vibrionaceae	True	True
RS_GCF_004121055.1	Burkholderiaceae_B	True	True
RS_GCF_004122035.1	Marinifilaceae	True	True
RS_GCF_004122115.1	Sphingomonadaceae	True	True
RS_GCF_004122145.1	Flavobacteriaceae	True	True
RS_GCF_004122165.1	Flavobacteriaceae	True	True
RS_GCF_004123295.1	Acidobacteriaceae	True	True
RS_GCF_004124235.1	Enterobacteriaceae	True	True
RS_GCF_004124315.2	Bacillaceae	True	True
RS_GCF_004126535.1	Propionibacteriaceae	True	True
RS_GCF_004134825.1	Microbacteriaceae	True	True
RS_GCF_004134905.2	Nocardioidaceae	True	True
RS_GCF_004135385.1	Cellulomonadaceae	True	True
RS_GCF_004135645.1	Eggerthellaceae	True	True
RS_GCF_004136575.1	Micrococcaceae	True	True
RS_GCF_004136635.1	Micrococcaceae	True	True
RS_GCF_004137085.1	Beijerinckiaceae	True	True
RS_GCF_004137235.1	Nocardioidaceae	True	True
RS_GCF_004137255.1	Nocardioidaceae	True	True
RS_GCF_004137345.1	Nocardioidaceae	True	True
RS_GCF_004137685.1	Beijerinckiaceae	True	True
RS_GCF_004138485.1	Steroidobacteraceae	True	True
RS_GCF_004152845.1	Sphingomonadaceae	True	True
RS_GCF_004152865.1	Sphingomonadaceae	True	True
RS_GCF_004152935.1	Crocinitomicaceae	True	True
RS_GCF_004153445.1	Burkholderiaceae_B	True	True
RS_GCF_004153455.1	Burkholderiaceae_B	True	True
RS_GCF_004153545.1	Dermatophilaceae	True	True
RS_GCF_004153685.1	Burkholderiaceae_B	True	True
RS_GCF_004154955.1	Oscillospiraceae	True	True
RS_GCF_004168285.1	Spirosomataceae	True	True
RS_GCF_004208415.1	Ktedonobacteraceae	True	True
RS_GCF_004214835.1	Alteromonadaceae	True	True
RS_GCF_004216535.1	Cellulomonadaceae	True	True
RS_GCF_004216555.1	Pseudonocardiaceae	True	True
RS_GCF_004216715.1	Cyclobacteriaceae	True	True
RS_GCF_004216855.1	Microbacteriaceae	True	True
RS_GCF_004216895.1	Flavobacteriaceae	True	True
RS_GCF_004216915.1	Motilibacteraceae	True	True
RS_GCF_004217115.1	Marinifilaceae	True	True
RS_GCF_004217175.1	Microbacteriaceae	True	True
RS_GCF_004217445.1	Moraxellaceae	True	True
RS_GCF_004217565.1	Micrococcaceae	True	True
RS_GCF_004283175.1	Legionellaceae	True	True
RS_GCF_004293625.1	Thiomicrospiraceae	True	True
RS_GCF_004295125.1	Lachnospiraceae	True	True
RS_GCF_004295345.1	Shewanellaceae	True	True
RS_GCF_004296335.1	Flavobacteriaceae	True	True
RS_GCF_004296575.1	Rhodanobacteraceae	True	True
RS_GCF_004300825.1	Nitriliruptoraceae	True	True
RS_GCF_004307015.1	Thermaceae	True	True
RS_GCF_004310325.1	Flavobacteriaceae	True	True
RS_GCF_004310345.1	Rhodobacteraceae	True	True
RS_GCF_004310665.1	Sphingobacteriaceae	True	True
RS_GCF_004310685.1	Microbacteriaceae	True	True
RS_GCF_004322705.1	Rhodanobacteraceae	True	True
RS_GCF_004322855.1	Egibacteraceae	True	True
RS_GCF_004323635.1	Beijerinckiaceae	True	True
RS_GCF_004324755.1	Propionibacteriaceae	True	True
RS_GCF_004328075.1	Ancalomicrobiaceae	True	True
RS_GCF_004328625.1	Streptomycetaceae	True	True
RS_GCF_004329815.1	Flavobacteriaceae	True	True
RS_GCF_004331465.1	Kribbellaceae	True	True
RS_GCF_004331955.1	Rhizobiaceae	True	True
RS_GCF_004339015.1	Thiotrichaceae	True	True
RS_GCF_004339025.1	Pasteurellaceae	True	True
RS_GCF_004339245.1	Geovibrionaceae	True	True
RS_GCF_004339545.1	Celerinatantimonadaceae	True	True
RS_GCF_004339575.1	Desulfurobacteriaceae	True	True
RS_GCF_004339765.1	Sphingobacteriaceae	True	True
RS_GCF_004340125.1	Ruminococcaceae	True	True
RS_GCF_004340465.1	Cytobacillaceae	True	True
RS_GCF_004340665.1	Sphingobacteriaceae	True	True
RS_GCF_004340905.1	Burkholderiaceae_C	True	True
RS_GCF_004341165.1	Natronospirillaceae	True	True
RS_GCF_004341205.1	Anoxybacillaceae	True	True
RS_GCF_004341235.1	Flavobacteriaceae	True	True
RS_GCF_004341245.1	Competibacteraceae	True	True
RS_GCF_004341885.1	Rhizobiaceae	True	True
RS_GCF_004342485.1	Burkholderiaceae_C	True	True
RS_GCF_004342585.1	Burkholderiaceae_D	True	True
RS_GCF_004342665.1	Enterobacteriaceae	True	True
RS_GCF_004342685.1	Sphingobacteriaceae	True	True
RS_GCF_004342725.1	Pasteurellaceae	True	True
RS_GCF_004342915.1	Beijerinckiaceae	True	True
RS_GCF_004343075.1	Rhodobacteraceae	True	True
RS_GCF_004343195.1	Enterobacteriaceae	True	True
RS_GCF_004343305.1	UBA2363	True	True
RS_GCF_004343505.1	Rhodobacteraceae	True	True
RS_GCF_004345265.1	Ruminococcaceae	True	True
RS_GCF_004345745.1	Pasteurellaceae	True	True
RS_GCF_004345785.1	Pasteurellaceae	True	True
RS_GCF_004346095.1	Lachnospiraceae	True	True
RS_GCF_004346865.1	Rhodobacteraceae	True	True
RS_GCF_004347715.1	Halomonadaceae	True	True
RS_GCF_004348265.1	Beijerinckiaceae	True	True
RS_GCF_004348825.1	Spirosomataceae	True	True
RS_GCF_004348895.1	Pseudomonadaceae	True	True
RS_GCF_004349055.1	Kribbellaceae	True	True
RS_GCF_004349315.1	Flavobacteriaceae	True	True
RS_GCF_004349355.1	Flavobacteriaceae	True	True
RS_GCF_004352825.1	Xanthomonadaceae	True	True
RS_GCF_004352835.1	Marinomonadaceae	True	True
RS_GCF_004352845.1	Xanthomonadaceae	True	True
RS_GCF_004353825.1	Beutenbergiaceae	True	True
RS_GCF_004353915.1	Burkholderiaceae	True	True
RS_GCF_004353985.1	Acetobacteraceae	True	True
RS_GCF_004354045.1	NBRC-103111	True	True
RS_GCF_004354085.1	Halieaceae	True	True
RS_GCF_004354555.1	Lactobacillaceae	True	True
RS_GCF_004354915.1	Rhizobiaceae	True	True
RS_GCF_004355225.1	Flavobacteriaceae	True	True
RS_GCF_004355265.1	Lactobacillaceae	True	True
RS_GCF_004357995.1	Micrococcaceae	True	True
RS_GCF_004358025.1	Rhizobiaceae	True	True
RS_GCF_004358035.1	Cyclobacteriaceae	True	True
RS_GCF_004358095.2	Flavobacteriaceae	True	True
RS_GCF_004358165.1	Xanthomonadaceae	True	True
RS_GCF_004358445.1	Shewanellaceae	True	True
RS_GCF_004359195.1	Weeksellaceae	True	True
RS_GCF_004359375.1	Lactobacillaceae	True	True
RS_GCF_004359505.1	Staphylococcaceae	True	True
RS_GCF_004359515.1	Staphylococcaceae	True	True
RS_GCF_004359525.2	Staphylococcaceae	True	True
RS_GCF_004359965.1	Xanthomonadaceae	True	True
RS_GCF_004360145.1	Rhodobacteraceae	True	True
RS_GCF_004361065.1	Xanthomonadaceae	True	True
RS_GCF_004361835.1	Sphingomonadaceae	True	True
RS_GCF_004362405.1	Burkholderiaceae_C	True	True
RS_GCF_004362525.1	Burkholderiaceae_C	True	True
RS_GCF_004362665.1	Flavobacteriaceae	True	True
RS_GCF_004362745.1	Pleomorphomonadaceae	True	True
RS_GCF_004362855.1	Burkholderiaceae_C	True	True
RS_GCF_004362865.1	Flavobacteriaceae	True	True
RS_GCF_004363175.1	Devosiaceae	True	True
RS_GCF_004363235.1	Dongiaceae	True	True
RS_GCF_004363315.1	Burkholderiaceae_C	True	True
RS_GCF_004363555.1	Halomonadaceae	True	True
RS_GCF_004363725.1	Rhizobiaceae	True	True
RS_GCF_004363805.1	Chromobacteriaceae	True	True
RS_GCF_004364155.1	Caloramatoraceae	True	True
RS_GCF_004364555.1	Microbacteriaceae	True	True
RS_GCF_004364585.1	Micrococcaceae	True	True
RS_GCF_004364635.1	Oleiphilaceae	True	True
RS_GCF_004364645.1	Propionibacteriaceae	True	True
RS_GCF_004365635.1	Rhodobacteraceae	True	True
RS_GCF_004365915.1	Microbacteriaceae	True	True
RS_GCF_004366355.1	Chitinophagaceae	True	True
RS_GCF_004366795.1	Alicyclobacillaceae	True	True
RS_GCF_004366815.1	Aminobacteriaceae	True	True
RS_GCF_004367585.1	Planococcaceae	True	True
RS_GCF_004369205.1	Pelotomaculaceae	True	True
RS_GCF_004369225.1	Pelotomaculaceae	True	True
RS_GCF_004375095.1	Bacillaceae_D	True	True
RS_GCF_004376175.1	Bacillaceae_D	True	True
RS_GCF_004405125.1	Jeotgalibacillaceae	True	True
RS_GCF_004519295.1	Cellulomonadaceae	True	True
RS_GCF_004519545.1	Nocardioidaceae	True	True
RS_GCF_004521985.1	Pseudomonadaceae	True	True
RS_GCF_004551525.1	Vibrionaceae	True	True
RS_GCF_004564075.1	Microbacteriaceae	True	True
RS_GCF_004564235.1	Paenibacillaceae	True	True
RS_GCF_004564275.1	Sphingomonadaceae	True	True
RS_GCF_004565465.1	Amphibacillaceae	True	True
RS_GCF_004634215.1	Deinococcaceae	True	True
RS_GCF_004634245.1	Flavobacteriaceae	True	True
RS_GCF_004681125.1	Sphingomonadaceae	True	True
RS_GCF_004745505.1	Lactobacillaceae	True	True
RS_GCF_004745525.1	Lactobacillaceae	True	True
RS_GCF_004745575.1	Rhodobacteraceae	True	True
RS_GCF_004761865.1	Acetobacteraceae	True	True
RS_GCF_004765605.1	Hymenobacteraceae	True	True
RS_GCF_004768465.1	Natronospirillaceae	True	True
RS_GCF_004777465.1	Nocardioidaceae	True	True
RS_GCF_004785645.1	Weeksellaceae	True	True
RS_GCF_004793635.1	Maricaulaceae	True	True
RS_GCF_004796535.1	Sphingomonadaceae	True	True
RS_GCF_004799285.1	Rhodobacteraceae	True	True
RS_GCF_004801935.1	Pseudomonadaceae	True	True
RS_GCF_004802635.2	Beijerinckiaceae	True	True
RS_GCF_004803505.1	Micrococcaceae	True	True
RS_GCF_004803635.1	Burkholderiaceae_C	True	True
RS_GCF_004851605.1	Oleiphilaceae	True	True
RS_GCF_004886325.1	Cellulomonadaceae	True	True
RS_GCF_004912165.1	Rhizobiaceae	True	True
RS_GCF_004912195.1	Nocardioidaceae	True	True
RS_GCF_004916895.1	Flavobacteriaceae	True	True
RS_GCF_004916905.1	Weeksellaceae	True	True
RS_GCF_004919045.1	Micrococcaceae	True	True
RS_GCF_004923205.2	Rhodobacteraceae	True	True
RS_GCF_004959935.1	Rhodobacteraceae	True	True
RS_GCF_004965515.1	Sphingomonadaceae	True	True
RS_GCF_005047655.1	Nevskiaceae	True	True
RS_GCF_005048265.1	Rhodobacteraceae	True	True
RS_GCF_005049105.1	Sphingobacteriaceae	True	True
RS_GCF_005121165.3	Oscillospiraceae	True	True
RS_GCF_005144885.1	Phreatobacteraceae	True	True
RS_GCF_005144965.1	Sphingomonadaceae	True	True
RS_GCF_005160065.1	Anoxybacillaceae	True	True
RS_GCF_005280655.1	Lachnospiraceae	True	True
RS_GCF_005281475.1	Cyclobacteriaceae	True	True
RS_GCF_005404815.1	Lactobacillaceae	True	True
RS_GCF_005405205.1	Enterococcaceae	True	True
RS_GCF_005405245.1	Enterococcaceae	True	True
RS_GCF_005405265.1	Enterococcaceae	True	True
RS_GCF_005405385.1	Lactobacillaceae	True	True
RS_GCF_005405445.1	Lactobacillaceae	True	True
RS_GCF_005405485.1	Enterococcaceae	True	True
RS_GCF_005405525.1	Lactobacillaceae	True	True
RS_GCF_005405885.1	Pseudonocardiaceae	True	True
RS_GCF_005434915.1	Sphingomonadaceae	True	True
RS_GCF_005434965.1	Rhodobacteraceae	True	True
RS_GCF_005434975.1	Sphingomonadaceae	True	True
RS_GCF_005502275.1	Cytobacillaceae	True	True
RS_GCF_005518135.1	Rhodobacteraceae	True	True
RS_GCF_005671395.1	Enterobacteriaceae	True	True
RS_GCF_005771405.1	Rhodobacteraceae	True	True
RS_GCF_005796065.1	Pseudomonadaceae	True	True
RS_GCF_005843985.1	Nautiliaceae	True	True
RS_GCF_005860805.1	Spirosomataceae	True	True
RS_GCF_005862305.2	Rhizobiaceae	True	True
RS_GCF_005863185.1	Pseudomonadaceae	True	True
RS_GCF_005869845.1	Balneolaceae	True	True
RS_GCF_005869875.1	Paenibacillaceae	True	True
RS_GCF_005870085.1	Amphibacillaceae	True	True
RS_GCF_005876855.1	Pseudomonadaceae	True	True
RS_GCF_005884405.1	Sphingomonadaceae	True	True
RS_GCF_005885605.1	Alteromonadaceae	True	True
RS_GCF_005887595.1	Pseudomonadaceae	True	True
RS_GCF_005887615.1	Rhodobacteraceae	True	True
RS_GCF_005925325.2	Sphingobacteriaceae	False	True
RS_GCF_005930545.1	Pseudomonadaceae	True	True
RS_GCF_005937185.1	Flavobacteriaceae	True	True
RS_GCF_005938105.1	Rhizobiaceae	True	True
RS_GCF_005938195.1	Reconciliibacillaceae	True	True
RS_GCF_006007885.1	Salisediminibacteriaceae	True	True
RS_GCF_006094695.1	Micrococcaceae	True	True
RS_GCF_006149045.1	Spirosomataceae	True	True
RS_GCF_006265115.1	Xanthomonadaceae	True	True
RS_GCF_006334985.2	Streptosporangiaceae	True	True
RS_GCF_006335005.1	Nocardioidaceae	True	True
RS_GCF_006337085.1	Burkholderiaceae_F	True	True
RS_GCF_006337105.1	Xanthomonadaceae	True	True
RS_GCF_006346315.1	Nocardioidaceae	True	True
RS_GCF_006351925.1	Clostridiaceae	True	True
RS_GCF_006352475.1	Moraxellaceae	True	True
RS_GCF_006363815.1	Streptosporangiaceae	True	True
RS_GCF_006376685.1	Rhizobiaceae	True	True
RS_GCF_006385135.1	Emcibacteraceae	True	True
RS_GCF_006385255.1	Flavobacteriaceae	True	True
RS_GCF_006386545.1	Burkholderiaceae_C	True	True
RS_GCF_006439335.1	Alteromonadaceae	True	True
RS_GCF_006443685.1	Rhizobiaceae	True	True
RS_GCF_006459125.1	Arcobacteraceae	True	True
RS_GCF_006475605.1	Caulobacteraceae	True	True
RS_GCF_006494365.1	Alteromonadaceae	True	True
RS_GCF_006494775.1	Nocardioidaceae	True	True
RS_GCF_006494815.1	Nocardioidaceae	True	True
RS_GCF_006517395.1	Sporolactobacillaceae	True	True
RS_GCF_006538745.1	Cellulomonadaceae	True	True
RS_GCF_006539125.1	Acetobacteraceae	True	True
RS_GCF_006539145.1	Microbacteriaceae	True	True
RS_GCF_006539645.1	Xanthobacteraceae	True	True
RS_GCF_006539825.1	Mycobacteriaceae	True	True
RS_GCF_006539885.1	Micrococcaceae	True	True
RS_GCF_006539925.1	Micrococcaceae	True	True
RS_GCF_006539985.1	Planococcaceae	True	True
RS_GCF_006540085.1	Microbacteriaceae	True	True
RS_GCF_006542275.1	Paenibacillaceae	True	True
RS_GCF_006542375.1	Acetobacteraceae	True	True
RS_GCF_006542765.1	Paenibacillaceae	True	True
RS_GCF_006546775.1	Xanthomonadaceae	True	True
RS_GCF_006569185.2	Caldilineaceae	True	True
RS_GCF_006704205.1	Cytobacillaceae	True	True
RS_GCF_006715045.1	Pseudonocardiaceae	True	True
RS_GCF_006715055.1	Dermatophilaceae	True	True
RS_GCF_006715085.1	Kribbellaceae	True	True
RS_GCF_006715095.1	Dermatophilaceae	True	True
RS_GCF_006715765.1	Cellulomonadaceae	True	True
RS_GCF_006715975.1	Sphingomonadaceae	True	True
RS_GCF_006716065.1	Micromonosporaceae	True	True
RS_GCF_006716085.1	Microbacteriaceae	True	True
RS_GCF_006716095.1	Dermatophilaceae	True	True
RS_GCF_006716115.1	Microbacteriaceae	True	True
RS_GCF_006716185.1	Dermatophilaceae	True	True
RS_GCF_006716205.1	Dermatophilaceae	True	True
RS_GCF_006716315.1	Nocardioidaceae	True	True
RS_GCF_006716345.1	Microbacteriaceae	True	True
RS_GCF_006716815.1	Microbacteriaceae	True	True
RS_GCF_006716885.1	Dermatophilaceae	True	True
RS_GCF_006716905.1	Burkholderiaceae_C	True	True
RS_GCF_006717075.1	Streptosporangiaceae	True	True
RS_GCF_006739205.1	Streptococcaceae	True	True
RS_GCF_006740045.1	Burkholderiaceae_C	True	True
RS_GCF_006742205.1	Staphylococcaceae	True	True
RS_GCF_006757745.1	Moraxellaceae	True	True
RS_GCF_006788895.1	Microbacteriaceae	True	True
RS_GCF_006861675.1	Peptostreptococcaceae	True	True
RS_GCF_006861795.1	Planococcaceae	True	True
RS_GCF_006965445.1	Streptococcaceae	True	True
RS_GCF_006974145.1	Flavobacteriaceae	True	True
RS_GCF_007002955.1	Rhizobiaceae	True	True
RS_GCF_007004645.1	Rhodobacteraceae	True	True
RS_GCF_007066085.1	Paenibacillaceae	True	True
RS_GCF_007109405.1	Pseudomonadaceae	True	True
RS_GCF_007197645.1	Shewanellaceae	True	True
RS_GCF_007197885.1	Propionibacteriaceae	True	True
RS_GCF_007280555.1	Deinococcaceae	True	True
RS_GCF_007341395.1	Bacteroidaceae	True	True
RS_GCF_007474545.1	Weeksellaceae	True	True
RS_GCF_007474605.1	Im1	True	True
RS_GCF_007556705.1	Burkholderiaceae_C	True	True
RS_GCF_007556755.1	Burkholderiaceae_C	True	True
RS_GCF_007558725.1	Crocinitomicaceae	True	True
RS_GCF_007558865.1	Sphingobacteriaceae	True	True
RS_GCF_007559235.1	Mycobacteriaceae	True	True
RS_GCF_007559285.1	Oleiphilaceae	True	True
RS_GCF_007567505.1	Shewanellaceae	True	True
RS_GCF_007644035.1	Chromobacteriaceae	True	True
RS_GCF_007644045.2	Chromobacteriaceae	True	True
RS_GCF_007671675.1	Oleiphilaceae	True	True
RS_GCF_007744675.1	Planctomycetaceae	True	True
RS_GCF_007795095.1	Xanthomonadaceae	True	True
RS_GCF_007827555.1	Aeribacillaceae	True	True
RS_GCF_007828725.1	Dermatophilaceae	True	True
RS_GCF_007829035.1	Dermatophilaceae	True	True
RS_GCF_007830035.1	Xanthomonadaceae	True	True
RS_GCF_007830055.1	Chitinophagaceae	True	True
RS_GCF_007830115.1	Xanthomonadaceae	True	True
RS_GCF_007830125.1	Chitinophagaceae	True	True
RS_GCF_007830155.1	Pseudomonadaceae	True	True
RS_GCF_007830185.1	Bacillaceae_D	True	True
RS_GCF_007830235.1	Cytobacillaceae	True	True
RS_GCF_007830355.1	Flavobacteriaceae	True	True
RS_GCF_007830445.1	Sphingobacteriaceae	True	True
RS_GCF_007830455.1	Burkholderiaceae_D	True	True
RS_GCF_007830545.1	Stappiaceae	True	True
RS_GCF_007830615.1	Sphingobacteriaceae	True	True
RS_GCF_007833165.1	Burkholderiaceae_C	True	True
RS_GCF_007845635.1	Weeksellaceae	True	True
RS_GCF_007858175.1	Pseudomonadaceae	True	True
RS_GCF_007858185.1	Pseudomonadaceae	True	True
RS_GCF_007858255.1	Pseudomonadaceae	True	True
RS_GCF_007858275.1	Pseudomonadaceae	True	True
RS_GCF_007858285.1	Pseudomonadaceae	True	True
RS_GCF_007859075.1	Rhodobacteraceae	True	True
RS_GCF_007859325.1	Xanthomonadaceae	True	True
RS_GCF_007860135.1	Pirellulaceae	True	True
RS_GCF_007923445.1	Rhodobacteraceae	True	True
RS_GCF_007954355.1	Alteromonadaceae	True	True
RS_GCF_007954405.1	Burkholderiaceae_C	True	True
RS_GCF_007970185.1	Chitinophagaceae	True	True
RS_GCF_007971225.1	Chitinophagaceae	True	True
RS_GCF_007971385.1	Chitinophagaceae	True	True
RS_GCF_007988745.1	Alteromonadaceae	False	False
RS_GCF_007988825.1	Microbacteriaceae	True	True
RS_GCF_007988865.1	Carnobacteriaceae_A	True	True
RS_GCF_007988965.1	Planococcaceae	True	True
RS_GCF_007989085.1	Pseudonocardiaceae	True	True
RS_GCF_007989445.1	Alkalibacillaceae	True	True
RS_GCF_007989625.1	Halomonadaceae	True	True
RS_GCF_007989825.1	Cellulomonadaceae	True	True
RS_GCF_007990205.1	Lactobacillaceae	True	True
RS_GCF_007990225.1	Enterococcaceae	True	True
RS_GCF_007990245.1	Cellulomonadaceae	True	True
RS_GCF_007990525.1	Leptotrichiaceae	True	True
RS_GCF_007990755.1	Mycobacteriaceae	True	True
RS_GCF_007990775.1	Deinococcaceae	True	True
RS_GCF_007991035.1	Rhodobacteraceae	True	True
RS_GCF_007991335.1	Halobacillaceae	True	True
RS_GCF_007991355.1	Amphibacillaceae	True	True
RS_GCF_007991495.1	Planococcaceae	True	True
RS_GCF_007991515.1	Amphibacillaceae	True	True
RS_GCF_007991635.1	Hymenobacteraceae	True	True
RS_GCF_007991655.1	Chitinophagaceae	True	True
RS_GCF_007991735.1	Dermatophilaceae	True	True
RS_GCF_007992075.1	Rhodospirillaceae	True	True
RS_GCF_007992115.1	Nocardioidaceae	True	True
RS_GCF_007992175.1	Beijerinckiaceae	True	True
RS_GCF_007992195.1	Beijerinckiaceae	True	True
RS_GCF_007992215.1	Beijerinckiaceae	True	True
RS_GCF_007992455.1	Microbacteriaceae	True	True
RS_GCF_007992495.1	Reyranellaceae	True	True
RS_GCF_007992835.1	Dermatophilaceae	True	True
RS_GCF_007993815.1	Burkholderiaceae_C	True	True
RS_GCF_007994135.1	Geodermatophilaceae	True	True
RS_GCF_007994985.1	Bacillaceae	True	True
RS_GCF_007995015.1	Luteibaculaceae	True	True
RS_GCF_007995085.1	Burkholderiaceae	True	True
RS_GCF_007995095.1	Sphingomonadaceae	True	True
RS_GCF_007997155.1	Flavobacteriaceae	True	True
RS_GCF_007997305.1	Moraxellaceae	True	True
RS_GCF_007997385.1	Flavobacteriaceae	True	True
RS_GCF_008001015.1	Dermatophilaceae	True	True
RS_GCF_008014345.1	UBA6910	True	True
RS_GCF_008014775.2	Salisediminibacteriaceae	False	True
RS_GCF_008016795.1	Bacteroidaceae	True	True
RS_GCF_008017415.1	Microbacteriaceae	True	True
RS_GCF_008041945.1	Natronospirillaceae	True	True
RS_GCF_008064635.1	Halieaceae	True	True
RS_GCF_008064665.1	Halieaceae	True	True
RS_GCF_008084145.1	Paenibacillaceae	True	True
RS_GCF_008086175.1	Flavobacteriaceae	True	True
RS_GCF_008086205.1	Flavobacteriaceae	True	True
RS_GCF_008124555.1	Weeksellaceae	True	True
RS_GCF_008124775.1	Rhodobacteraceae	True	True
RS_GCF_008124865.1	Balneolaceae	True	True
RS_GCF_008124885.1	Sphingobacteriaceae	True	True
RS_GCF_008245045.1	Campylobacteraceae	True	True
RS_GCF_008271285.1	Hymenobacteraceae	True	True
RS_GCF_008271745.1	Hymenobacteraceae	True	True
RS_GCF_008274655.1	Xanthomonadaceae	True	True
RS_GCF_008274805.1	Rhodocyclaceae	True	True
RS_GCF_008281175.1	Lachnospiraceae	True	True
RS_GCF_008304605.1	Amphibacillaceae	True	True
RS_GCF_008327825.1	Leptotrichiaceae	True	True
RS_GCF_008329945.1	DSM-2461	True	True
RS_GCF_008362905.1	Deferribacteraceae	True	True
RS_GCF_008365375.1	Azospirillaceae	True	True
RS_GCF_008369105.1	Rhodobacteraceae	True	True
RS_GCF_008369445.1	Rhizobiaceae	True	True
RS_GCF_008369935.1	Burkholderiaceae	True	True
RS_GCF_008386315.1	Dermatophilaceae	True	True
RS_GCF_008630635.1	Balneatricaceae	True	True
RS_GCF_008632335.1	Chromatiaceae	True	True
RS_GCF_008634025.1	Streptomycetaceae	True	True
RS_GCF_008638305.1	Pseudomonadaceae	True	True
RS_GCF_008638345.1	Pseudomonadaceae	True	True
RS_GCF_008692845.1	Enterobacteriaceae	True	True
RS_GCF_008693065.1	Mycobacteriaceae	True	True
RS_GCF_008693075.1	Mycobacteriaceae	True	True
RS_GCF_008710155.1	Sphingomonadaceae	True	True
RS_GCF_008710705.1	Microbacteriaceae	True	True
RS_GCF_008711145.1	Flavobacteriaceae	True	True
RS_GCF_008727715.1	Rhizobiaceae	True	True
RS_GCF_008795985.1	Oleiphilaceae	True	True
RS_GCF_008801475.1	Pseudomonadaceae	True	True
RS_GCF_008801575.1	Xanthomonadaceae	True	True
RS_GCF_008801605.1	Pseudomonadaceae	True	True
RS_GCF_008801715.1	Rhizobiaceae	True	True
RS_GCF_008801835.1	Burkholderiaceae	True	True
RS_GCF_008801915.1	Burkholderiaceae	True	True
RS_GCF_008801925.2	Burkholderiaceae	True	True
RS_GCF_008801935.1	Burkholderiaceae_C	True	True
RS_GCF_008802075.1	Campylobacteraceae	True	True
RS_GCF_008806325.1	Salibacteraceae	True	True
RS_GCF_008806345.1	Beijerinckiaceae	True	True
RS_GCF_008806755.1	Flavobacteriaceae	True	True
RS_GCF_008806775.1	Flavobacteriaceae	True	True
RS_GCF_008808095.1	Alteromonadaceae	True	True
RS_GCF_008824185.1	Rhodobacteraceae	True	True
RS_GCF_008830225.1	Desulfovibrionaceae	True	True
RS_GCF_008830375.1	Veillonellaceae	True	True
RS_GCF_008831035.1	Eggerthellaceae	True	True
RS_GCF_008831085.1	Microbacteriaceae	True	True
RS_GCF_008831125.1	Microbacteriaceae	True	True
RS_GCF_008831305.1	Micrococcaceae	True	True
RS_GCF_008868125.1	Microbacteriaceae	False	False
RS_GCF_008931845.1	Borreliaceae	True	True
RS_GCF_008932295.1	Rhizobiaceae	True	True
RS_GCF_008933115.1	Schleiferiaceae	True	True
RS_GCF_008933155.1	Vibrionaceae	True	True
RS_GCF_008973665.1	Paenibacillaceae	True	True
RS_GCF_008973715.1	Balneatricaceae	True	True
RS_GCF_008973755.1	Balneatricaceae	True	True
RS_GCF_009017255.1	Natronincolaceae	True	True
RS_GCF_009017275.1	Natronincolaceae	True	True
RS_GCF_009176975.1	Rhizobiaceae	True	True
RS_GCF_009183655.1	Domibacillaceae	True	True
RS_GCF_009184425.1	Flavobacteriaceae	True	True
RS_GCF_009184635.1	Spirosomataceae	True	True
RS_GCF_009184905.1	Parvibaculaceae	True	True
RS_GCF_009192725.1	Dermatophilaceae	True	True
RS_GCF_009193175.1	Actinomycetaceae	True	True
RS_GCF_009193185.1	Actinomycetaceae	True	True
RS_GCF_009193255.1	Micrococcaceae	True	True
RS_GCF_009299485.1	Bifidobacteriaceae	True	True
RS_GCF_009299835.1	Propionibacteriaceae	True	True
RS_GCF_009363055.1	Flavobacteriaceae	True	True
RS_GCF_009377235.1	Streptomycetaceae	True	True
RS_GCF_009466385.1	DSM-1321	True	True
RS_GCF_009497155.1	Burkholderiaceae_D	True	True
RS_GCF_009600605.1	Segnochrobactraceae	True	True
RS_GCF_009601015.1	Streptococcaceae	True	True
RS_GCF_009602465.1	Antricoccaceae	True	True
RS_GCF_009602535.1	Dermatophilaceae	True	True
RS_GCF_009646115.1	Enterobacteriaceae	True	True
RS_GCF_009646335.1	Burkholderiaceae_C	True	True
RS_GCF_009650135.1	Litorivicinaceae	True	True
RS_GCF_009674765.1	Bacillaceae	True	True
RS_GCF_009674805.1	Bacillaceae	True	True
RS_GCF_009688945.1	Desulfosarcinaceae	True	True
RS_GCF_009688965.1	Desulfosarcinaceae	True	True
RS_GCF_009696045.1	Lachnospiraceae	True	True
RS_GCF_009696465.1	Clostridiaceae	True	True
RS_GCF_009707545.1	Nakamurellaceae	True	True
RS_GCF_009707865.1	Pseudonocardiaceae	True	True
RS_GCF_009711415.1	Stappiaceae	True	True
RS_GCF_009711465.1	Endozoicomonadaceae	True	True
RS_GCF_009711525.1	Cyclobacteriaceae	True	True
RS_GCF_009720755.1	Xanthobacteraceae	True	True
RS_GCF_009720825.1	Burkholderiaceae_D	True	True
RS_GCF_009720835.1	Burkholderiaceae_D	True	True
RS_GCF_009720865.1	Burkholderiaceae_D	True	True
RS_GCF_009729855.1	Microbacteriaceae	True	True
RS_GCF_009733535.1	Sphingobacteriaceae	True	True
RS_GCF_009733795.1	Beutenbergiaceae	True	True
RS_GCF_009733815.1	Beutenbergiaceae	True	True
RS_GCF_009735585.1	Flavobacteriaceae	True	True
RS_GCF_009741375.1	Flavobacteriaceae	True	True
RS_GCF_009742725.1	Rhizobiaceae	True	True
RS_GCF_009749385.1	Microbacteriaceae	True	True
RS_GCF_009749395.1	Microbacteriaceae	True	True
RS_GCF_009749405.1	Microbacteriaceae	True	True
RS_GCF_009749465.1	Microbacteriaceae	True	True
RS_GCF_009758125.1	Chitinophagaceae	True	True
RS_GCF_009759685.1	Moraxellaceae	True	True
RS_GCF_009762325.1	Rhodobacteraceae	True	True
RS_GCF_009767585.1	Coprobacillaceae	True	True
RS_GCF_009768885.1	Sphingobacteriaceae	True	True
RS_GCF_009795715.1	Marinifilaceae	True	True
RS_GCF_009800925.1	Enterobacteriaceae	True	True
RS_GCF_009811315.1	Vibrionaceae	True	True
RS_GCF_009821115.1	Balneatricaceae	True	True
RS_GCF_009827055.1	Rhizobiaceae	True	True
RS_GCF_009827295.1	Sphingomonadaceae	True	True
RS_GCF_009827305.1	Sphingomonadaceae	True	True
RS_GCF_009827325.1	Sphingomonadaceae	True	True
RS_GCF_009827395.1	Sphingomonadaceae	True	True
RS_GCF_009827435.1	Sphingomonadaceae	True	True
RS_GCF_009827545.1	Sphingomonadaceae	True	True
RS_GCF_009827575.1	Sphingomonadaceae	True	True
RS_GCF_009827595.1	Sphingomonadaceae	True	True
RS_GCF_009827615.1	Sphingomonadaceae	True	True
RS_GCF_009828055.1	Sphingomonadaceae	True	True
RS_GCF_009828065.1	Sphingomonadaceae	True	True
RS_GCF_009828095.1	Sphingomonadaceae	True	True
RS_GCF_009828105.1	Sphingomonadaceae	True	True
RS_GCF_009828115.1	Sphingomonadaceae	True	True
RS_GCF_009828585.1	Shewanellaceae	True	True
RS_GCF_009828705.1	Pasteurellaceae	True	True
RS_GCF_009828935.2	Xanthomonadaceae	True	True
RS_GCF_009829075.1	Sphingobacteriaceae	True	True
RS_GCF_009829085.1	Sphingobacteriaceae	True	True
RS_GCF_009831115.1	Salinicoccaceae	True	True
RS_GCF_009834025.1	Antricoccaceae	True	True
RS_GCF_009835145.1	Rhodobacteraceae	True	True
RS_GCF_009856625.1	Chromobacteriaceae	True	True
RS_GCF_009857435.1	Burkholderiaceae_D	True	True
RS_GCF_009857475.1	Burkholderiaceae_D	True	True
RS_GCF_009857595.1	Burkholderiaceae_D	True	True
RS_GCF_009857835.1	Burkholderiaceae_D	True	True
RS_GCF_009857915.1	Burkholderiaceae_D	True	True
RS_GCF_009858245.1	Dermatophilaceae	True	True
RS_GCF_009870755.1	Streptococcaceae	True	True
RS_GCF_009900765.1	Acetobacteraceae	True	True
RS_GCF_009901525.1	Flavobacteriaceae	True	True
RS_GCF_009902005.1	Halomonadaceae	True	True
RS_GCF_009906855.1	Burkholderiaceae_C	True	True
RS_GCF_009909205.1	Burkholderiaceae_C	True	True
RS_GCF_009910365.1	Halieaceae	True	True
RS_GCF_009910845.1	KCTC-33759	True	True
RS_GCF_009930795.1	Microbacteriaceae	True	True
RS_GCF_009932335.1	Pseudomonadaceae	True	True
RS_GCF_009932375.1	Pseudomonadaceae	True	True
RS_GCF_009936215.1	Mesoaciditogaceae	True	True
RS_GCF_009936295.1	Enterobacteriaceae	True	True
RS_GCF_009939005.1	Chitinophagaceae	True	True
RS_GCF_010078385.1	KCTC-33759	True	True
RS_GCF_010093135.1	Xanthomonadaceae	True	True
RS_GCF_010093205.1	Xanthomonadaceae	True	True
RS_GCF_010093235.1	Xanthomonadaceae	True	True
RS_GCF_010093305.1	Xanthomonadaceae	True	True
RS_GCF_010093385.1	Xanthomonadaceae	True	True
RS_GCF_010093445.1	Xanthomonadaceae	True	True
RS_GCF_010211745.1	Xanthomonadaceae	True	True
RS_GCF_010374945.1	Enterobacteriaceae	True	True
RS_GCF_010378095.2	Acidithiobacillaceae	False	True
RS_GCF_010450875.1	Sphingomonadaceae	True	True
RS_GCF_010500835.1	Rhizobiaceae	True	True
RS_GCF_010500895.1	Alteromonadaceae	True	True
RS_GCF_010509415.1	Enterobacteriaceae	True	True
RS_GCF_010614725.1	Flavobacteriaceae	True	True
RS_GCF_010634845.1	Pseudomonadaceae	True	True
RS_GCF_010645075.1	Flavobacteriaceae	True	True
RS_GCF_010667575.1	Rhodobacteraceae	True	True
RS_GCF_010669125.1	Xanthobacteraceae	True	True
RS_GCF_010669225.1	Selenomonadaceae	True	True
RS_GCF_010725725.1	Mycobacteriaceae	True	True
RS_GCF_010727125.1	Mycobacteriaceae	True	True
RS_GCF_010729305.1	Mycobacteriaceae	True	True
RS_GCF_010731295.1	Mycobacteriaceae	True	True
RS_GCF_010731655.1	Mycobacteriaceae	True	True
RS_GCF_010731675.1	Mycobacteriaceae	True	True
RS_GCF_010882125.1	DSM-1321	True	True
RS_GCF_010894405.1	Myxococcaceae	True	True
RS_GCF_010894435.1	Myxococcaceae	True	True
RS_GCF_010894455.1	Myxococcaceae	True	True
RS_GCF_010894475.1	Myxococcaceae	True	True
RS_GCF_010915725.1	Chromatiaceae	True	True
RS_GCF_010975035.1	Cytobacillaceae	True	True
RS_GCF_010977555.1	Caulobacteraceae	True	True
RS_GCF_010993955.1	Amphibacillaceae	True	True
RS_GCF_011008565.1	Bacillaceae_C	True	True
RS_GCF_011045165.1	Micrococcaceae	True	True
RS_GCF_011046555.1	Sphingobacteriaceae	True	True
RS_GCF_011046975.1	Microbacteriaceae	True	True
RS_GCF_011058205.1	Moraxellaceae	True	True
RS_GCF_011059105.1	Balneolaceae	True	True
RS_GCF_011074795.1	Oleiphilaceae	True	True
RS_GCF_011089875.1	Flavobacteriaceae	True	True
RS_GCF_011100465.1	Aerococcaceae	True	True
RS_GCF_011189505.1	Enterobacteriaceae	True	True
RS_GCF_011250635.1	Motilibacteraceae	True	True
RS_GCF_011250645.1	Motilibacteraceae	True	True
RS_GCF_011299095.1	Aerococcaceae	True	True
RS_GCF_011317445.1	Rhizobiaceae	True	True
RS_GCF_011516825.1	Acetobacteraceae	True	True
RS_GCF_011604685.1	Spirosomataceae	True	True
RS_GCF_011612265.2	Mycobacteriaceae	True	True
RS_GCF_011612585.1	Streptococcaceae	False	False
RS_GCF_011612705.1	Neisseriaceae	True	True
RS_GCF_011682045.1	Burkholderiaceae_D	True	True
RS_GCF_011682065.1	Burkholderiaceae_D	True	True
RS_GCF_011682145.1	Burkholderiaceae_D	True	True
RS_GCF_011682175.1	Burkholderiaceae_D	True	True
RS_GCF_011683915.1	Kiloniellaceae	True	True
RS_GCF_011684115.1	Enterobacteriaceae	True	True
RS_GCF_011742915.1	Halomonadaceae	False	False
RS_GCF_011745685.2	Bacillaceae	True	True
RS_GCF_011758745.1	Pseudonocardiaceae	True	True
RS_GCF_011758765.1	Pseudonocardiaceae	True	True
RS_GCF_011759365.1	Rhodanobacteraceae	True	True
RS_GCF_011759705.1	Microbacteriaceae	True	True
RS_GCF_011761345.1	Halobacillaceae	True	True
RS_GCF_011761605.1	Kribbellaceae	True	True
RS_GCF_011761945.1	Sphingomonadaceae	True	True
RS_GCF_011761985.1	Caulobacteraceae	True	True
RS_GCF_011762005.1	Sphingomonadaceae	True	True
RS_GCF_011762025.1	Sphingomonadaceae	True	True
RS_GCF_011762085.1	Sphingomonadaceae	True	True
RS_GCF_011764565.1	Micromonosporaceae	True	True
RS_GCF_011926545.1	Sphingomonadaceae	True	True
RS_GCF_011927635.1	Sphingomonadaceae	True	True
RS_GCF_011927665.1	Desulfovibrionaceae	True	True
RS_GCF_011927685.1	Thalassospiraceae	True	True
RS_GCF_011927725.1	Sphingomonadaceae	True	True
RS_GCF_011927795.1	Flavobacteriaceae	True	True
RS_GCF_011927835.1	Saprospiraceae	True	True
RS_GCF_011927905.1	Micrococcaceae	True	True
RS_GCF_011927955.1	Brevibacteriaceae	True	True
RS_GCF_012163145.1	Acetobacteraceae	True	True
RS_GCF_012222965.1	Francisellaceae	True	True
RS_GCF_012271875.1	Moraxellaceae	True	True
RS_GCF_012295615.1	Oceanobacteraceae	True	True
RS_GCF_012395255.1	Rhodanobacteraceae	True	True
RS_GCF_012395815.1	Rhodobacteraceae	True	True
RS_GCF_012396015.1	Mycobacteriaceae	True	True
RS_GCF_012396125.1	Cellulomonadaceae	True	True
RS_GCF_012396315.1	Mycobacteriaceae	True	True
RS_GCF_012396365.1	Streptosporangiaceae	True	True
RS_GCF_012396485.1	Lactobacillaceae	True	True
RS_GCF_012396555.1	Aerococcaceae	True	True
RS_GCF_012396585.1	Streptococcaceae	True	True
RS_GCF_012720115.1	Sneathiellaceae	True	True
RS_GCF_012848175.1	Xanthomonadaceae	True	True
RS_GCF_012848855.1	CGMCC-115125	True	True
RS_GCF_012911865.1	Shewanellaceae	True	True
RS_GCF_012979235.1	Dissulfurirhabdaceae	True	True
RS_GCF_012986595.1	Pseudomonadaceae	True	True
RS_GCF_013004595.1	Brevibacteriaceae	True	True
RS_GCF_013004645.1	Xanthomonadaceae	True	True
RS_GCF_013009555.1	Bacteroidaceae	True	True
RS_GCF_013030945.1	Streptomycetaceae	True	True
RS_GCF_013036045.1	Planctomycetaceae	True	True
RS_GCF_013131805.1	Kribbellaceae	True	True
RS_GCF_013133775.1	Burkholderiaceae_B	True	True
RS_GCF_013167875.1	Enterobacteriaceae	True	True
RS_GCF_013185195.1	Paenibacillaceae	True	True
RS_GCF_013185915.1	Xanthomonadaceae	True	True
RS_GCF_013186535.1	Mycobacteriaceae	True	True
RS_GCF_013204885.1	Paenibacillaceae	True	True
RS_GCF_013260645.1	Sphingomonadaceae	True	True
RS_GCF_013265555.1	Tenuifilaceae	True	True
RS_GCF_013280495.1	Brevibacteriaceae	True	True
RS_GCF_013283195.1	Rhizobiaceae	True	True
RS_GCF_013283835.1	Arcobacteraceae	True	True
RS_GCF_013328205.1	Sphingomonadaceae	True	True
RS_GCF_013328815.1	Rhodobacteraceae	True	True
RS_GCF_013340305.1	Desulfovibrionaceae	True	True
RS_GCF_013359905.1	Paenibacillaceae	True	True
RS_GCF_013359935.1	Paenibacillaceae	True	True
RS_GCF_013372185.1	Campylobacteraceae	True	True
RS_GCF_013377235.1	Pasteurellaceae	True	True
RS_GCF_013378075.1	Sphingomonadaceae	True	True
RS_GCF_013385175.1	Chromatiaceae	True	True
RS_GCF_013388295.1	Rhizobiaceae	True	True
RS_GCF_013402795.1	Flavobacteriaceae	True	True
RS_GCF_013407835.1	Microbacteriaceae	True	True
RS_GCF_013407855.1	Actinopolymorphaceae	True	True
RS_GCF_013407955.1	Propionibacteriaceae	True	True
RS_GCF_013408145.1	Nocardioidaceae	True	True
RS_GCF_013408305.1	Propionibacteriaceae	True	True
RS_GCF_013408415.1	Nocardioidaceae	True	True
RS_GCF_013408525.1	Nocardioidaceae	True	True
RS_GCF_013408555.1	Nocardioidaceae	True	True
RS_GCF_013408745.1	Microbacteriaceae	True	True
RS_GCF_013408925.1	Dermatophilaceae	True	True
RS_GCF_013409005.1	Demequinaceae	True	True
RS_GCF_013409065.1	Brevibacteriaceae	True	True
RS_GCF_013409205.1	Dermatophilaceae	True	True
RS_GCF_013409305.1	Cellulomonadaceae	True	True
RS_GCF_013409365.1	Streptosporangiaceae	True	True
RS_GCF_013409425.1	Nocardioidaceae	True	True
RS_GCF_013409575.1	Tannerellaceae	True	True
RS_GCF_013409595.1	Microbacteriaceae	True	True
RS_GCF_013409865.1	Microbacteriaceae	True	True
RS_GCF_013409875.1	Cellulomonadaceae	True	True
RS_GCF_013410355.1	Microbacteriaceae	True	True
RS_GCF_013410375.1	Microbacteriaceae	True	True
RS_GCF_013410455.1	Dermatophilaceae	True	True
RS_GCF_013410545.1	Microbacteriaceae	True	True
RS_GCF_013410565.1	Streptosporangiaceae	True	True
RS_GCF_013410655.1	Nocardioidaceae	True	True
RS_GCF_013410755.1	Streptosporangiaceae	True	True
RS_GCF_013415235.1	Gemellaceae	True	True
RS_GCF_013423485.1	Azospirillaceae	True	True
RS_GCF_013423785.1	Chitinibacteraceae	True	True
RS_GCF_013449735.1	Streptococcaceae	True	True
RS_GCF_013623835.1	Brevibacteriaceae	True	True
RS_GCF_013778505.1	Pseudomonadaceae	True	True
RS_GCF_013839445.1	Pleomorphomonadaceae	True	True
RS_GCF_013912365.1	Thermoactinomycetaceae	True	True
RS_GCF_014117215.1	Xanthomonadaceae	True	True
RS_GCF_014117505.1	Bacillaceae	True	True
RS_GCF_014118685.1	Actinomycetaceae	True	True
RS_GCF_014131735.1	Lactobacillaceae	True	True
RS_GCF_014137855.1	Propionibacteriaceae	True	True
RS_GCF_014137945.1	Microbacteriaceae	True	True
RS_GCF_014138435.1	Beijerinckiaceae	True	True
RS_GCF_014138495.1	Flavobacteriaceae	True	True
RS_GCF_014138625.1	Rhizobiaceae	True	True
RS_GCF_014138665.1	Streptosporangiaceae	True	True
RS_GCF_014138885.1	Micrococcaceae	True	True
RS_GCF_014155765.1	Enterobacteriaceae	True	True
RS_GCF_014174155.1	Acetobacteraceae	True	True
RS_GCF_014174215.1	Acetobacteraceae	True	True
RS_GCF_014174275.1	Acetobacteraceae	True	True
RS_GCF_014174375.1	Acetobacteraceae	True	True
RS_GCF_014174395.1	Acetobacteraceae	True	True
RS_GCF_014174495.1	Pseudonocardiaceae	True	True
RS_GCF_014180685.1	Nocardioidaceae	True	True
RS_GCF_014190805.1	Dermatophilaceae	True	True
RS_GCF_014191305.1	Microbacteriaceae	True	True
RS_GCF_014191425.1	Dermabacteraceae	True	True
RS_GCF_014191505.1	Mycobacteriaceae	True	True
RS_GCF_014191875.1	Burkholderiaceae_D	True	True
RS_GCF_014192105.1	Paenibacillaceae	True	True
RS_GCF_014192115.1	Moraxellaceae	True	True
RS_GCF_014192155.1	Burkholderiaceae_C	True	True
RS_GCF_014192215.1	Halomonadaceae	True	True
RS_GCF_014192395.1	Paenibacillaceae	True	True
RS_GCF_014193375.1	Halomonadaceae	True	True
RS_GCF_014195535.1	Spirosomataceae	True	True
RS_GCF_014195585.1	Bacteroidaceae	True	True
RS_GCF_014195685.1	Sphingomonadaceae	True	True
RS_GCF_014196115.1	Sphingomonadaceae	True	True
RS_GCF_014196125.1	Caulobacteraceae	True	True
RS_GCF_014196205.1	Anoxybacillaceae	True	True
RS_GCF_014196335.1	Caulobacteraceae	True	True
RS_GCF_014196345.1	Beijerinckiaceae	True	True
RS_GCF_014196535.1	Rhizobiaceae	True	True
RS_GCF_014196635.1	Sphingomonadaceae	True	True
RS_GCF_014196715.1	Sphingobacteriaceae	True	True
RS_GCF_014196765.1	Rhizobiaceae	True	True
RS_GCF_014196795.1	Rhodobacteraceae	True	True
RS_GCF_014196845.1	Rhizobiaceae	True	True
RS_GCF_014197015.1	Rhodocyclaceae	True	True
RS_GCF_014197035.1	Sphingomonadaceae	True	True
RS_GCF_014197055.1	Devosiaceae	True	True
RS_GCF_014197105.1	Sphingomonadaceae	True	True
RS_GCF_014197145.1	Rhizobiaceae	True	True
RS_GCF_014199215.1	Sphingomonadaceae	True	True
RS_GCF_014199335.1	Sphingomonadaceae	True	True
RS_GCF_014199415.1	Sphingomonadaceae	True	True
RS_GCF_014199595.1	Sphingomonadaceae	True	True
RS_GCF_014199625.1	Sphingomonadaceae	True	True
RS_GCF_014199685.1	Sphingomonadaceae	True	True
RS_GCF_014199945.1	Caulobacteraceae	True	True
RS_GCF_014199985.1	Beijerinckiaceae	True	True
RS_GCF_014200375.1	Microbacteriaceae	True	True
RS_GCF_014200395.1	Microbacteriaceae	True	True
RS_GCF_014200405.1	Microbacteriaceae	True	True
RS_GCF_014200805.1	Streptosporangiaceae	True	True
RS_GCF_014201095.1	Cellulomonadaceae	True	True
RS_GCF_014201115.1	Streptosporangiaceae	True	True
RS_GCF_014201355.1	Rhizobiaceae	True	True
RS_GCF_014201465.1	Anoxybacillaceae	True	True
RS_GCF_014201615.1	Rhizobiaceae	True	True
RS_GCF_014201715.1	Akkermansiaceae	True	True
RS_GCF_014201735.1	Oleiphilaceae	True	True
RS_GCF_014201835.1	Selenomonadaceae	True	True
RS_GCF_014201875.1	Deinococcaceae	True	True
RS_GCF_014201885.1	Deinococcaceae	True	True
RS_GCF_014202035.1	Treponemataceae	True	True
RS_GCF_014202075.1	Caulobacteraceae	True	True
RS_GCF_014202115.1	Lachnospiraceae	True	True
RS_GCF_014202215.1	Burkholderiaceae_E	True	True
RS_GCF_014202275.1	Spirosomataceae	True	True
RS_GCF_014202395.1	Pasteurellaceae	True	True
RS_GCF_014202415.1	Aeromonadaceae	True	True
RS_GCF_014202435.1	Xanthomonadaceae	True	True
RS_GCF_014202495.1	Amphibacillaceae	True	True
RS_GCF_014202575.1	Salisediminibacteriaceae	True	True
RS_GCF_014202645.1	Deinococcaceae	True	True
RS_GCF_014202795.1	Burkholderiaceae_C	True	True
RS_GCF_014202875.1	Lachnospiraceae	True	True
RS_GCF_014202905.1	SCOH01	True	True
RS_GCF_014202995.1	Longimicrobiaceae	True	True
RS_GCF_014203015.1	Burkholderiaceae_B	True	True
RS_GCF_014203155.1	Rhizobiaceae	True	True
RS_GCF_014203365.1	Pseudonocardiaceae	True	True
RS_GCF_014203545.1	Streptomycetaceae	True	True
RS_GCF_014203755.1	Pseudonocardiaceae	True	True
RS_GCF_014204795.1	Streptosporangiaceae	True	True
RS_GCF_014204815.1	Micrococcaceae	True	True
RS_GCF_014204915.1	Pseudonocardiaceae	True	True
RS_GCF_014205075.1	Microbacteriaceae	True	True
RS_GCF_014205085.1	Streptosporangiaceae	True	True
RS_GCF_014205175.1	Micrococcaceae	True	True
RS_GCF_014205295.1	Kribbellaceae	True	True
RS_GCF_014205675.1	Rhodospirillaceae	True	True
RS_GCF_014205685.1	Rhizobiaceae	True	True
RS_GCF_014205875.1	Thermotaleaceae	True	True
RS_GCF_014206875.1	Cyclobacteriaceae	True	True
RS_GCF_014206945.1	Amphibacillaceae	True	True
RS_GCF_014207355.1	Rhizobiaceae	True	True
RS_GCF_014207415.1	Anoxybacillaceae	False	False
RS_GCF_014207425.1	Salinicoccaceae	True	True
RS_GCF_014207435.1	Alkalibacillaceae	True	True
RS_GCF_014207495.1	Rhizobiaceae	True	True
RS_GCF_014207505.1	Lactobacillaceae	True	True
RS_GCF_014207535.1	Cytobacillaceae	True	True
RS_GCF_014207595.1	Phycisphaeraceae	True	True
RS_GCF_014207655.1	Marinococcaceae	True	True
RS_GCF_014212015.1	Paenibacillaceae	True	True
RS_GCF_014212135.1	Paenibacillaceae	True	True
RS_GCF_014212175.1	Paenibacillaceae	True	True
RS_GCF_014217765.1	Mycobacteriaceae	True	True
RS_GCF_014217805.1	Hymenobacteraceae	True	True
RS_GCF_014229965.1	Peptostreptococcaceae	True	True
RS_GCF_014230055.1	Puniceicoccaceae	True	True
RS_GCF_014230085.1	Cerasicoccaceae	True	True
RS_GCF_014230315.1	Sphingomonadaceae	True	True
RS_GCF_014230355.1	Sphingomonadaceae	True	True
RS_GCF_014235185.1	Pseudonocardiaceae	True	True
RS_GCF_014235875.1	Flavobacteriaceae	True	True
RS_GCF_014243395.1	Flavobacteriaceae	True	True
RS_GCF_014243445.1	Rhodobacteraceae	True	True
RS_GCF_014269285.1	Hymenobacteraceae	True	True
RS_GCF_014270035.1	Alteromonadaceae	True	True
RS_GCF_014280875.1	Rhizobiaceae	True	True
RS_GCF_014283215.1	Acetobacteraceae	True	True
RS_GCF_014297365.1	Flavobacteriaceae	True	True
RS_GCF_014332695.1	Chitinophagaceae	True	True
RS_GCF_014349155.1	Saprospiraceae	True	True
RS_GCF_014353015.1	Chitinimonadaceae	True	True
RS_GCF_014395645.1	Dermatophilaceae	True	True
RS_GCF_014396165.1	Erysipelotrichaceae	True	True
RS_GCF_014396585.1	Sphingomonadaceae	True	True
RS_GCF_014397255.1	Lactobacillaceae	True	True
RS_GCF_014467075.1	Lachnospiraceae	True	True
RS_GCF_014467235.1	Enterobacteriaceae	True	True
RS_GCF_014490445.1	Acetobacteraceae	True	True
RS_GCF_014490485.1	Acetobacteraceae	True	True
RS_GCF_014490665.1	Sphingomonadaceae	True	True
RS_GCF_014610845.1	Flavobacteriaceae	True	True
RS_GCF_014634745.1	Lactobacillaceae	True	True
RS_GCF_014635025.1	Fictibacillaceae	True	True
RS_GCF_014635045.1	Staphylococcaceae	True	True
RS_GCF_014635065.1	Burkholderiaceae_D	True	True
RS_GCF_014635085.1	Acetobacteraceae	True	True
RS_GCF_014635205.1	Salinicoccaceae	True	True
RS_GCF_014635245.1	Methylopilaceae	True	True
RS_GCF_014635285.1	Stappiaceae	True	True
RS_GCF_014635325.1	Xanthobacteraceae	True	True
RS_GCF_014635565.1	Salinicoccaceae	True	True
RS_GCF_014635665.1	Cellulomonadaceae	True	True
RS_GCF_014635905.1	Lactobacillaceae	True	True
RS_GCF_014635985.1	Enterococcaceae	True	True
RS_GCF_014636275.1	Cellulomonadaceae	True	True
RS_GCF_014636475.1	Halobacillaceae	True	True
RS_GCF_014636495.1	Dermatophilaceae	True	True
RS_GCF_014636635.1	Marinicellaceae	True	True
RS_GCF_014636865.1	Sphingobacteriaceae	True	True
RS_GCF_014638845.1	Hymenobacteraceae	True	True
RS_GCF_014639155.1	Paenibacillaceae	True	True
RS_GCF_014639235.1	Paenibacillaceae	True	True
RS_GCF_014639315.1	Brevibacteriaceae	True	True
RS_GCF_014639655.1	Microbacteriaceae	True	True
RS_GCF_014640075.1	Beijerinckiaceae	True	True
RS_GCF_014640155.1	Flavobacteriaceae	True	True
RS_GCF_014640195.1	Flavobacteriaceae	True	True
RS_GCF_014640255.1	Microbacteriaceae	True	True
RS_GCF_014640315.1	Hymenobacteraceae	True	True
RS_GCF_014640335.1	Acidobacteriaceae	True	True
RS_GCF_014640435.1	Hymenobacteraceae	True	True
RS_GCF_014640535.1	Microbacteriaceae	True	True
RS_GCF_014640555.1	NBRC-103111	True	True
RS_GCF_014640635.1	Dermatophilaceae	True	True
RS_GCF_014640655.1	Deinococcaceae	True	True
RS_GCF_014640815.1	Halomonadaceae	True	True
RS_GCF_014640975.1	Microbacteriaceae	True	True
RS_GCF_014641075.1	Paenibacillaceae	True	True
RS_GCF_014641455.1	Hymenobacteraceae	True	True
RS_GCF_014641495.1	Terasakiellaceae	True	True
RS_GCF_014641555.1	Paenibacillaceae	True	True
RS_GCF_014641615.1	Chitinophagaceae	True	True
RS_GCF_014641635.1	Flavobacteriaceae	True	True
RS_GCF_014641655.1	Sphingomonadaceae	True	True
RS_GCF_014641695.1	Rhizobiaceae	True	True
RS_GCF_014641735.1	Sphingomonadaceae	True	True
RS_GCF_014641855.1	Shewanellaceae	True	True
RS_GCF_014641945.1	Balneatricaceae	True	True
RS_GCF_014642175.1	Sphingobacteriaceae	True	True
RS_GCF_014642635.1	Rhizobiaceae	True	True
RS_GCF_014642655.1	Sporolactobacillaceae	True	True
RS_GCF_014642675.1	Micrococcaceae	True	True
RS_GCF_014642695.1	Alteromonadaceae	True	True
RS_GCF_014642735.1	Rhodobacteraceae	True	True
RS_GCF_014642855.1	Acidobacteriaceae	True	True
RS_GCF_014642875.1	Chitinophagaceae	True	True
RS_GCF_014642895.1	Amphibacillaceae	True	True
RS_GCF_014643175.1	Mycobacteriaceae	True	True
RS_GCF_014643255.1	Micrococcaceae	True	True
RS_GCF_014643375.1	Rhizobiaceae	True	True
RS_GCF_014643515.1	Sphingomonadaceae	True	True
RS_GCF_014643535.1	CGMCC-115725	True	True
RS_GCF_014643595.1	Planococcaceae	True	True
RS_GCF_014643635.1	Rhodobacteraceae	True	True
RS_GCF_014643695.1	Microbacteriaceae	True	True
RS_GCF_014643735.1	Rhodobacteraceae	True	True
RS_GCF_014643775.1	Xanthomonadaceae	True	True
RS_GCF_014643835.1	Sphingobacteriaceae	True	True
RS_GCF_014644275.1	Enterobacteriaceae	True	True
RS_GCF_014644295.1	Spirosomataceae	True	True
RS_GCF_014644315.1	Sphingomonadaceae	True	True
RS_GCF_014644415.1	Nocardioidaceae	True	True
RS_GCF_014644455.1	Acetobacteraceae	True	True
RS_GCF_014644495.1	Micrococcaceae	True	True
RS_GCF_014644515.1	Micrococcaceae	True	True
RS_GCF_014644575.1	Alcanivoracaceae	True	True
RS_GCF_014644735.1	Caldalkalibacillaceae	True	True
RS_GCF_014645015.1	Microbacteriaceae	True	True
RS_GCF_014645135.1	Alteromonadaceae	True	True
RS_GCF_014645235.1	Microbacteriaceae	True	True
RS_GCF_014645315.1	Micrococcaceae	True	True
RS_GCF_014645375.1	Balneatricaceae	True	True
RS_GCF_014645495.1	Weeksellaceae	True	True
RS_GCF_014645515.1	Amphibacillaceae	True	True
RS_GCF_014645535.1	Chitinibacteraceae	True	True
RS_GCF_014645555.1	Chitinibacteraceae	True	True
RS_GCF_014645615.1	Paenibacillaceae	True	True
RS_GCF_014645655.1	Microbacteriaceae	True	True
RS_GCF_014645695.1	Beijerinckiaceae	True	True
RS_GCF_014646115.1	Streptomycetaceae	True	True
RS_GCF_014646195.1	Propionibacteriaceae	True	True
RS_GCF_014646575.1	Pseudomonadaceae	True	True
RS_GCF_014646635.1	Amphibacillaceae	True	True
RS_GCF_014646655.1	Flavobacteriaceae	True	True
RS_GCF_014646675.1	Flavobacteriaceae	True	True
RS_GCF_014646895.1	Deinococcaceae	True	True
RS_GCF_014647035.1	Sporolactobacillaceae	True	True
RS_GCF_014647055.1	Deinococcaceae	True	True
RS_GCF_014647075.1	Deinococcaceae	True	True
RS_GCF_014647135.1	Shewanellaceae	True	True
RS_GCF_014647175.1	Deinococcaceae	True	True
RS_GCF_014647195.1	Amphibacillaceae	True	True
RS_GCF_014647215.1	Shewanellaceae	True	True
RS_GCF_014647255.1	Rhodothalassiaceae	True	True
RS_GCF_014647495.1	Micrococcaceae	True	True
RS_GCF_014647535.1	Thermaceae	True	True
RS_GCF_014647855.1	Shewanellaceae	True	True
RS_GCF_014648035.1	Shewanellaceae	True	True
RS_GCF_014648095.1	Deinococcaceae	True	True
RS_GCF_014648295.1	Shewanellaceae	True	True
RS_GCF_014648315.1	Shewanellaceae	True	True
RS_GCF_014648395.1	Micromonosporaceae	True	True
RS_GCF_014648435.1	Streptosporangiaceae	True	True
RS_GCF_014648475.1	Pseudonocardiaceae	True	True
RS_GCF_014648575.1	Microbacteriaceae	True	True
RS_GCF_014648775.1	Streptomycetaceae	True	True
RS_GCF_014650335.1	Streptomycetaceae	True	True
RS_GCF_014650495.1	Streptomycetaceae	True	True
RS_GCF_014651515.1	Arenicellaceae	True	True
RS_GCF_014651555.1	Hymenobacteraceae	True	True
RS_GCF_014651595.1	Stappiaceae	True	True
RS_GCF_014651615.1	Spirosomataceae	True	True
RS_GCF_014651635.1	Cerasicoccaceae	True	True
RS_GCF_014651675.1	Akkermansiaceae	True	True
RS_GCF_014651735.1	Streptosporangiaceae	True	True
RS_GCF_014651775.1	Halomonadaceae	True	True
RS_GCF_014651835.1	Burkholderiaceae_B	True	True
RS_GCF_014651855.1	Natronospirillaceae	True	True
RS_GCF_014651915.1	Parvularculaceae	True	True
RS_GCF_014651995.1	Xanthomonadaceae	True	True
RS_GCF_014652135.1	Cyclobacteriaceae	True	True
RS_GCF_014652215.1	Rhodobacteraceae	True	True
RS_GCF_014652235.1	Burkholderiaceae_C	True	True
RS_GCF_014652275.1	Halieaceae	True	True
RS_GCF_014652315.1	Chitinibacteraceae	True	True
RS_GCF_014652335.1	Chromobacteriaceae	True	True
RS_GCF_014652355.1	Rhodobacteraceae	True	True
RS_GCF_014652375.1	Alteromonadaceae	True	True
RS_GCF_014652475.1	Chromobacteriaceae	True	True
RS_GCF_014652555.1	Sphingomonadaceae	True	True
RS_GCF_014652615.1	Sphingomonadaceae	True	True
RS_GCF_014652675.1	Burkholderiaceae	True	True
RS_GCF_014652715.1	Halomonadaceae	True	True
RS_GCF_014652875.1	Rhizobiaceae	True	True
RS_GCF_014652915.1	Thalassobaculaceae	True	True
RS_GCF_014652935.1	Xanthomonadaceae	True	True
RS_GCF_014652975.1	Micrococcaceae	False	False
RS_GCF_014653115.1	Nocardioidaceae	True	True
RS_GCF_014653135.1	Halomonadaceae	True	True
RS_GCF_014653155.1	Sphingobacteriaceae	True	True
RS_GCF_014653175.1	Cyclobacteriaceae	True	True
RS_GCF_014653195.1	Alteromonadaceae	True	True
RS_GCF_014653435.1	Alteromonadaceae	True	True
RS_GCF_014653575.1	Sphingomonadaceae	True	True
RS_GCF_014653695.1	Pseudonocardiaceae	True	True
RS_GCF_014654535.1	Xanthomonadaceae	False	False
RS_GCF_014654785.1	Streptomycetaceae	True	True
RS_GCF_014655595.1	Streptomycetaceae	True	True
RS_GCF_014656235.1	Streptomycetaceae	True	True
RS_GCF_014656415.1	Rhodobacteraceae	True	True
RS_GCF_014672695.1	Defluviicoccaceae	True	True
RS_GCF_014680085.1	Micromonosporaceae	True	True
RS_GCF_014692525.1	Sphingobacteriaceae	True	True
RS_GCF_014773485.1	Enterobacteriaceae	True	True
RS_GCF_014843825.1	Rhizobiaceae	True	True
RS_GCF_014855495.1	Flavobacteriaceae	True	True
RS_GCF_014855515.1	Flavobacteriaceae	True	True
RS_GCF_014861485.1	Rhodospirillaceae	True	True
RS_GCF_014873755.1	Pseudonocardiaceae	True	True
RS_GCF_014898155.1	Bifidobacteriaceae	True	True
RS_GCF_014904795.1	Thalassobaculaceae	True	True
RS_GCF_014905415.1	Amphibacillaceae	True	True
RS_GCF_014905615.1	Alteromonadaceae	True	True
RS_GCF_015070375.1	Nocardioidaceae	True	True
RS_GCF_015240255.1	Kordiimonadaceae	True	True
RS_GCF_015278315.1	Microbacteriaceae	True	True
RS_GCF_015291885.1	Pseudomonadaceae	True	True
RS_GCF_015319355.1	Flavobacteriaceae	True	True
RS_GCF_015351405.1	Mycobacteriaceae	True	True
RS_GCF_015352445.1	Nocardioidaceae	True	True
RS_GCF_015352955.1	Burkholderiaceae_D	True	True
RS_GCF_015356825.1	Catenulisporaceae	True	True
RS_GCF_015453285.1	Xanthomonadaceae	True	True
RS_GCF_015475875.1	Sphingomonadaceae	True	True
RS_GCF_015645465.1	Burkholderiaceae_D	True	True
RS_GCF_015710975.1	Paenibacillaceae	True	True
RS_GCF_015732155.1	Selenomonadaceae	True	True
RS_GCF_015751895.1	Micrococcaceae	True	True
RS_GCF_015767265.1	Flavobacteriaceae	True	True
RS_GCF_015904215.1	Enterococcaceae	True	True
RS_GCF_015999265.1	Lachnospiraceae	True	True
RS_GCF_015999335.1	Rhodobacteraceae	True	True
RS_GCF_016028175.1	Streptococcaceae	True	True
RS_GCF_016028275.1	Staphylococcaceae	True	True
RS_GCF_016028515.1	Pseudomonadaceae	True	True
RS_GCF_016107575.1	Moraxellaceae	True	True
RS_GCF_016107685.1	Brevibacteriaceae	True	True
RS_GCF_016117715.1	Bacteroidaceae	True	True
RS_GCF_016127075.1	Staphylococcaceae	True	True
RS_GCF_016127795.1	Pseudomonadaceae	True	True
RS_GCF_016127875.1	Streptococcaceae	True	True
RS_GCF_016135805.1	Caulobacteraceae	True	True
RS_GCF_016316925.1	Clostridiaceae	True	True
RS_GCF_016401385.1	Fictibacillaceae	True	True
RS_GCF_016403265.1	Mycobacteriaceae	True	True
RS_GCF_016406325.1	Shewanellaceae	True	True
RS_GCF_016446285.1	Desulfobulbaceae	True	True
RS_GCF_016464425.1	Cellulomonadaceae	True	True
RS_GCF_016466415.2	Burkholderiaceae	True	True
RS_GCF_016466635.1	Lactobacillaceae	True	True
RS_GCF_016586355.1	Lachnospiraceae	True	True
RS_GCF_016592435.1	Balneatricaceae	True	True
RS_GCF_016595415.1	Akkermansiaceae	True	True
RS_GCF_016595435.1	Akkermansiaceae	True	True
RS_GCF_016595465.1	Akkermansiaceae	True	True
RS_GCF_016595495.1	Akkermansiaceae	True	True
RS_GCF_016595505.1	Opitutaceae	True	True
RS_GCF_016595525.1	Akkermansiaceae	True	True
RS_GCF_016599755.1	Mycobacteriaceae	True	True
RS_GCF_016613425.1	Mycobacteriaceae	True	True
RS_GCF_016617615.1	Hydrogenothermaceae	True	True
RS_GCF_016653315.1	Chromatiaceae	True	True
RS_GCF_016722765.1	Burkholderiaceae_C	True	True
RS_GCF_016724885.1	Streptococcaceae	True	True
RS_GCF_016725165.1	Streptococcaceae	True	True
RS_GCF_016725245.1	Staphylococcaceae	True	True
RS_GCF_016725325.1	Sphingobacteriaceae	True	True
RS_GCF_016726285.1	Enterobacteriaceae	True	True
RS_GCF_016734765.1	Beijerinckiaceae	True	True
RS_GCF_016735115.1	Flavobacteriaceae	True	True
RS_GCF_016735695.1	Beijerinckiaceae	True	True
RS_GCF_016743775.1	Beijerinckiaceae	True	True
RS_GCF_016765635.1	Shewanellaceae	True	True
RS_GCF_016765695.1	VENL01	True	True
RS_GCF_016772475.1	Paenibacillaceae	True	True
RS_GCF_016820575.1	Oleiphilaceae	True	True
RS_GCF_016836705.1	Rhizobiaceae	True	True
RS_GCF_016858125.1	Rhodocyclaceae	True	True
RS_GCF_016862395.1	Micromonosporaceae	True	True
RS_GCF_016862575.1	Micromonosporaceae	True	True
RS_GCF_016862635.1	Micromonosporaceae	True	True
RS_GCF_016862895.1	Streptosporangiaceae	True	True
RS_GCF_016863175.1	Streptosporangiaceae	True	True
RS_GCF_016863295.1	Streptosporangiaceae	True	True
RS_GCF_016863335.1	Streptosporangiaceae	True	True
RS_GCF_016863575.1	Micromonosporaceae	True	True
RS_GCF_016863635.1	Micromonosporaceae	True	True
RS_GCF_016865235.1	Rhodanobacteraceae	True	True
RS_GCF_016865425.1	Micromonosporaceae	True	True
RS_GCF_016881405.1	Chitinibacteraceae	True	True
RS_GCF_016888515.1	Rhodobacteraceae	True	True
RS_GCF_016904945.1	Rhodanobacteraceae	True	True
RS_GCF_016904955.1	Rhodanobacteraceae	True	True
RS_GCF_016905005.1	Rhodanobacteraceae	True	True
RS_GCF_016906995.1	Spongiibacteraceae	True	True
RS_GCF_016907015.1	Aeromonadaceae	True	True
RS_GCF_016907255.1	Microbacteriaceae	True	True
RS_GCF_016907295.1	Microbacteriaceae	True	True
RS_GCF_016907315.1	Microbacteriaceae	True	True
RS_GCF_016907335.1	Microbacteriaceae	True	True
RS_GCF_016907355.1	Microbacteriaceae	True	True
RS_GCF_016907385.1	Microbacteriaceae	True	True
RS_GCF_016907435.1	Nocardioidaceae	True	True
RS_GCF_016907455.1	Dermabacteraceae	True	True
RS_GCF_016907475.1	Nocardioidaceae	True	True
RS_GCF_016907495.1	Micrococcaceae	True	True
RS_GCF_016907515.1	Nocardioidaceae	True	True
RS_GCF_016907535.1	Propionibacteriaceae	True	True
RS_GCF_016907545.1	Micrococcaceae	True	True
RS_GCF_016907655.1	Pseudonocardiaceae	True	True
RS_GCF_016907735.1	Brevibacteriaceae	True	True
RS_GCF_016907755.1	Cellulomonadaceae	True	True
RS_GCF_016907775.1	Micrococcaceae	True	True
RS_GCF_016907795.1	Micrococcaceae	True	True
RS_GCF_016907815.1	Microbacteriaceae	True	True
RS_GCF_016907845.1	Actinomycetaceae	True	True
RS_GCF_016907915.1	Desulfohalotomaculaceae	True	True
RS_GCF_016907955.1	Pseudonocardiaceae	True	True
RS_GCF_016908015.1	Clostridiaceae	True	True
RS_GCF_016908145.1	Petrotogaceae	True	True
RS_GCF_016908195.1	Jeotgalibacillaceae	True	True
RS_GCF_016908295.1	Halobacillaceae	True	True
RS_GCF_016908415.1	Caldicoprobacteraceae	True	True
RS_GCF_016908465.1	Planococcaceae	True	True
RS_GCF_016908495.1	Bacillaceae_B	True	True
RS_GCF_016908515.1	Amphibacillaceae	True	True
RS_GCF_016908715.1	Lactobacillaceae	True	True
RS_GCF_016908775.1	Defluviitaleaceae	True	True
RS_GCF_016908855.1	Sporolactobacillaceae	True	True
RS_GCF_016908875.1	Domibacillaceae	True	True
RS_GCF_016908975.1	Cytobacillaceae	True	True
RS_GCF_016909075.1	Bacillaceae_H	True	True
RS_GCF_016909175.1	DSM-1321	True	True
RS_GCF_016909185.1	Bacillaceae_C	True	True
RS_GCF_016918545.1	Desulfobulbaceae	True	True
RS_GCF_016919005.1	Desulfocapsaceae	True	True
RS_GCF_016937515.1	Paenibacillaceae	True	True
RS_GCF_016937655.1	Chromobacteriaceae	True	True
RS_GCF_016939455.1	Lactobacillaceae	True	True
RS_GCF_017051705.1	Cyclobacteriaceae	True	True
RS_GCF_017052515.1	Fictibacillaceae	False	False
RS_GCF_017132755.1	Bifidobacteriaceae	True	True
RS_GCF_017161305.1	Treponemataceae	True	True
RS_GCF_017254835.1	Cyclobacteriaceae	True	True
RS_GCF_017311575.1	Acetobacteraceae	True	True
RS_GCF_017315345.1	Streptococcaceae	True	True
RS_GCF_017356265.1	Rhodobacteraceae	True	True
RS_GCF_017377855.1	Acanthopleuribacteraceae	True	True
RS_GCF_017565705.1	Microbacteriaceae	True	True
RS_GCF_017592395.1	Actinomycetaceae	True	True
RS_GCF_017811175.1	Burkholderiaceae_C	True	True
RS_GCF_017813335.1	Rhizobiaceae	True	True
RS_GCF_017831975.1	Microbacteriaceae	True	True
RS_GCF_017872975.1	Rhodobacteraceae	True	True
RS_GCF_017873095.1	Rhizobiaceae	True	True
RS_GCF_017873175.1	Rhizobiaceae	True	True
RS_GCF_017873235.1	Clostridiaceae	True	True
RS_GCF_017873435.1	Paenibacillaceae	True	True
RS_GCF_017873675.1	Amphibacillaceae	True	True
RS_GCF_017873955.1	Sedimentibacteraceae	True	True
RS_GCF_017874035.1	NBRC-103111	True	True
RS_GCF_017874215.1	NBRC-103111	True	True
RS_GCF_017874395.1	Peptoniphilaceae	True	True
RS_GCF_017874575.1	Lactobacillaceae	True	True
RS_GCF_017874735.1	Paenibacillaceae	True	True
RS_GCF_017875555.1	Pseudonocardiaceae	True	True
RS_GCF_017875645.1	Mycobacteriaceae	True	True
RS_GCF_017876055.1	Azospirillaceae	True	True
RS_GCF_017876095.1	Azospirillaceae	True	True
RS_GCF_017876115.1	Azospirillaceae	True	True
RS_GCF_017876155.1	Azospirillaceae	True	True
RS_GCF_017876295.1	Kribbellaceae	True	True
RS_GCF_017876395.1	Micrococcaceae	True	True
RS_GCF_017876435.1	Microbacteriaceae	True	True
RS_GCF_017876515.1	Dermabacteraceae	True	True
RS_GCF_017876545.1	Dermabacteraceae	True	True
RS_GCF_017876655.1	Microbacteriaceae	True	True
RS_GCF_017876675.1	Micrococcaceae	True	True
RS_GCF_017876755.1	Pseudonocardiaceae	True	True
RS_GCF_017876815.1	Rhizobiaceae	True	True
RS_GCF_017883985.1	Streptococcaceae	True	True
RS_GCF_017908035.1	Sphingobacteriaceae	True	True
RS_GCF_017916255.1	Streptomycetaceae	True	True
RS_GCF_017916495.1	Vibrionaceae	True	True
RS_GCF_017963645.1	Aestuariispiraceae	True	True
RS_GCF_017979455.1	Helicobacteraceae	True	True
RS_GCF_018069865.1	Burkholderiaceae_C	True	True
RS_GCF_018075365.1	Amphibacillaceae	True	True
RS_GCF_018128965.1	Acetobacteraceae	True	True
RS_GCF_018141405.1	Natronincolaceae	True	True
RS_GCF_018141425.1	Vallitaleaceae	True	True
RS_GCF_018221465.1	Shewanellaceae	True	True
RS_GCF_018221685.1	Acetobacteraceae	True	True
RS_GCF_018223745.1	Clostridiaceae	True	True
RS_GCF_018263925.1	Endozoicomonadaceae	True	True
RS_GCF_018283645.1	Catenulisporaceae	True	True
RS_GCF_018304965.1	Burkholderiaceae_D	True	True
RS_GCF_018314255.1	Lactobacillaceae	True	True
RS_GCF_018323985.1	Enterobacteriaceae	False	False
RS_GCF_018324255.1	Micromonosporaceae	True	True
RS_GCF_018324385.1	Gallionellaceae	True	True
RS_GCF_018343775.1	Pseudomonadaceae	True	True
RS_GCF_018390555.1	Xanthobacteraceae	True	True
RS_GCF_018390695.1	Xanthobacteraceae	True	True
RS_GCF_018403665.1	Paenibacillaceae	True	True
RS_GCF_018408455.1	Lactobacillaceae	True	True
RS_GCF_018448885.1	Enterobacteriaceae	True	True
RS_GCF_018448925.1	Enterobacteriaceae	True	True
RS_GCF_018459925.1	Nocardioidaceae	True	True
RS_GCF_018476905.1	Geobacteraceae	True	True
RS_GCF_018500185.1	Cyclobacteriaceae	True	True
RS_GCF_018588945.1	Microbacteriaceae	True	True
RS_GCF_018682675.1	Sphingomonadaceae	True	True
RS_GCF_018736045.1	Flammeovirgaceae	True	True
RS_GCF_018736065.1	Flammeovirgaceae	True	True
RS_GCF_018802605.1	Chromobacteriaceae	True	True
RS_GCF_018812125.1	Acetobacteraceae	True	True
RS_GCF_018854775.1	Acidithiobacillaceae	True	True
RS_GCF_019039105.1	KJ1-10-99	True	True
RS_GCF_019042215.1	Salisediminibacteriaceae	True	True
RS_GCF_019048045.1	Enterobacteriaceae	True	True
RS_GCF_019048065.1	Enterobacteriaceae	True	True
RS_GCF_019192965.1	Nocardioidaceae	True	True
RS_GCF_019212165.1	Neisseriaceae	True	True
RS_GCF_019285775.1	Mycobacteriaceae	True	True
RS_GCF_019308285.1	Flavobacteriaceae	True	True
RS_GCF_019334315.1	Hymenobacteraceae	True	True
RS_GCF_019343195.1	Cyclobacteriaceae	True	True
RS_GCF_019357495.1	Salinicoccaceae	True	True
RS_GCF_019397265.1	Streptosporangiaceae	True	True
RS_GCF_019443985.1	Lactobacillaceae	True	True
RS_GCF_019575955.1	Micrococcaceae	True	True
RS_GCF_019656055.1	Lactobacillaceae	True	True
RS_GCF_019656075.1	Lactobacillaceae	True	True
RS_GCF_019670005.1	Methylococcaceae	True	True
RS_GCF_019670125.1	Celerinatantimonadaceae	True	True
RS_GCF_019670525.1	Shewanellaceae	True	True
RS_GCF_019685515.1	Streptococcaceae	True	True
RS_GCF_019753765.1	Microbacteriaceae	True	True
RS_GCF_019823065.1	Pseudomonadaceae	True	True
RS_GCF_019840505.1	Enterobacteriaceae	True	True
RS_GCF_019880305.1	Streptomycetaceae	True	True
RS_GCF_019891395.1	Rhizobiaceae	True	True
RS_GCF_019916025.1	Peptostreptococcaceae	True	True
RS_GCF_019930945.1	Campylobacteraceae	True	True
RS_GCF_019931675.1	Nocardioidaceae	True	True
RS_GCF_019933235.1	Streptomycetaceae	True	True
RS_GCF_019966495.1	Rhodobacteraceae	True	True
RS_GCF_019966515.1	Rhodobacteraceae	True	True
RS_GCF_019973295.1	Bacteroidaceae	True	True
RS_GCF_019977755.1	Vibrionaceae	True	True
RS_GCF_020005165.1	Kangiellaceae	True	True
RS_GCF_020026925.1	Flavobacteriaceae	True	True
RS_GCF_020099275.1	Mycobacteriaceae	True	True
RS_GCF_020511115.1	Xanthomonadaceae	True	True
RS_GCF_020519665.1	Salisediminibacteriaceae	True	True
RS_GCF_020523825.1	Beijerinckiaceae	True	True
RS_GCF_020531985.1	Alteromonadaceae	True	True
RS_GCF_020567375.1	Dermatophilaceae	True	True
RS_GCF_020687805.1	Alteromonadaceae	True	True
RS_GCF_020687825.1	Alteromonadaceae	True	True
RS_GCF_020735465.1	Coriobacteriaceae	True	True
RS_GCF_020735925.1	Burkholderiaceae_B	True	True
RS_GCF_020858175.1	Burkholderiaceae_D	True	True
RS_GCF_020880995.1	Reyranellaceae	True	True
RS_GCF_020906275.1	Sphingomonadaceae	True	True
RS_GCF_020991125.1	Cellvibrionaceae	True	True
RS_GCF_021026195.1	Burkholderiaceae_C	True	True
RS_GCF_021044425.1	Chitinophagaceae	True	True
RS_GCF_021129175.1	Chromobacteriaceae	True	True
RS_GCF_021129195.1	Chromobacteriaceae	True	True
RS_GCF_021215455.1	Sphingobacteriaceae	True	True
RS_GCF_021228295.1	Microbacteriaceae	True	True
RS_GCF_021277265.1	Kineosporiaceae	True	True
RS_GCF_021295345.1	CBDFNC01	True	True
RS_GCF_021311115.1	Weeksellaceae	True	True
RS_GCF_021403115.1	Sphingomonadaceae	True	True
RS_GCF_021491535.1	Devosiaceae	False	False
RS_GCF_021532315.1	Paenibacillaceae	True	True
RS_GCF_021532375.1	Paenibacillaceae	True	True
RS_GCF_021728535.1	Flavobacteriaceae	True	True
RS_GCF_021729155.1	Saprospiraceae	True	True
RS_GCF_021919345.1	Micrococcaceae	True	True
RS_GCF_022026155.1	Sh68	True	True
RS_GCF_022179065.1	Beijerinckiaceae	True	True
RS_GCF_022179085.1	Beijerinckiaceae	True	True
RS_GCF_022179125.1	Beijerinckiaceae	True	True
RS_GCF_022179185.1	Beijerinckiaceae	True	True
RS_GCF_022179245.1	Beijerinckiaceae	True	True
RS_GCF_022179285.1	Beijerinckiaceae	True	True
RS_GCF_022179305.1	Beijerinckiaceae	True	True
RS_GCF_022179325.1	Beijerinckiaceae	True	True
RS_GCF_022179345.1	Beijerinckiaceae	True	True
RS_GCF_022179525.1	Beijerinckiaceae	True	True
RS_GCF_022370635.2	Mycobacteriaceae	True	True
RS_GCF_022374875.2	Mycobacteriaceae	True	True
RS_GCF_022512515.1	Chitinophagaceae	True	True
RS_GCF_022513635.1	Chitinophagaceae	True	True
RS_GCF_022559625.1	Parvularculaceae	True	True
RS_GCF_022568795.1	Dermatophilaceae	True	True
RS_GCF_022647325.1	Enterobacteriaceae	True	True
RS_GCF_022662575.1	Xanthomonadaceae	True	True
RS_GCF_022664465.1	Sphingomonadaceae	True	True
RS_GCF_022695515.1	Caulobacteraceae	True	True
RS_GCF_022760175.1	Flavobacteriaceae	True	True
RS_GCF_022788655.1	Rhodobacteraceae	True	True
RS_GCF_022809775.1	Desulfovibrionaceae	True	True
RS_GCF_022870885.1	Neisseriaceae	True	True
RS_GCF_022899245.1	Rhodobacteraceae	True	True
RS_GCF_022899355.1	Rhizobiaceae	True	True
RS_GCF_023016525.1	Xanthobacteraceae	True	True
RS_GCF_023061175.1	Halomonadaceae	True	True
RS_GCF_023061185.1	Halomonadaceae	True	True
RS_GCF_023061285.1	Halomonadaceae	True	True
RS_GCF_023078355.1	Mycobacteriaceae	True	True
RS_GCF_023078375.1	Acetobacteraceae	True	True
RS_GCF_023156195.1	Chitinophagaceae	True	True
RS_GCF_023156235.1	Oleiphilaceae	True	True
RS_GCF_023156245.1	Oleiphilaceae	True	True
RS_GCF_023156385.1	Oleiphilaceae	True	True
RS_GCF_023195885.1	Aquisalimonadaceae	True	True
RS_GCF_023208015.1	Streptosporangiaceae	True	True
RS_GCF_023221595.1	Mycobacteriaceae	True	True
RS_GCF_023227765.1	Acetohalobiaceae	True	True
RS_GCF_023283485.1	Shewanellaceae	True	True
RS_GCF_023283845.1	Shewanellaceae	True	True
RS_GCF_023283885.1	Shewanellaceae	True	True
RS_GCF_023283895.1	Shewanellaceae	True	True
RS_GCF_023284005.1	Shewanellaceae	True	True
RS_GCF_023284025.1	Shewanellaceae	True	True
RS_GCF_023284045.1	Shewanellaceae	True	True
RS_GCF_023284065.1	Shewanellaceae	True	True
RS_GCF_023472875.1	Neisseriaceae	True	True
RS_GCF_023503965.1	Caulobacteraceae	True	True
RS_GCF_023516435.1	Jatrophihabitantaceae	True	True
RS_GCF_023520795.1	Mycobacteriaceae	True	True
RS_GCF_023523925.1	NBRC-103111	True	True
RS_GCF_023546765.1	Beijerinckiaceae	True	True
RS_GCF_023571765.1	Xanthobacteraceae	True	True
RS_GCF_023634845.1	Flavobacteriaceae	True	True
RS_GCF_023656565.1	Flavobacteriaceae	True	True
RS_GCF_023702635.1	Spongiibacteraceae	True	True
RS_GCF_023712105.1	Halomonadaceae	True	True
RS_GCF_023721415.1	Flavobacteriaceae	True	True
RS_GCF_023913775.1	Burkholderiaceae_C	True	True
RS_GCF_024029915.1	Lactobacillaceae	True	True
RS_GCF_024054555.1	Bacteroidaceae	True	True
RS_GCF_024055635.1	Microbacteriaceae	True	True
RS_GCF_024055725.1	Streptosporangiaceae	True	True
RS_GCF_024055795.1	Streptosporangiaceae	True	True
RS_GCF_024105735.1	Rhizobiaceae	True	True
RS_GCF_024125445.1	Sporolactobacillaceae	True	True
RS_GCF_024169545.1	Pseudomonadaceae	True	True
RS_GCF_024170465.1	Natronospiraceae	True	True
RS_GCF_024171725.1	Mycobacteriaceae	True	True
RS_GCF_024171735.1	Pseudonocardiaceae	True	True
RS_GCF_024171785.1	Pseudonocardiaceae	True	True
RS_GCF_024171815.1	Mycobacteriaceae	True	True
RS_GCF_024346875.1	Vibrionaceae	True	True
RS_GCF_024346975.1	Vibrionaceae	True	True
RS_GCF_024346995.1	Vibrionaceae	True	True
RS_GCF_024347075.1	Vibrionaceae	True	True
RS_GCF_024347095.1	Vibrionaceae	True	True
RS_GCF_024347135.1	Vibrionaceae	True	True
RS_GCF_024347455.1	Vibrionaceae	True	True
RS_GCF_024347595.1	Vibrionaceae	True	True
RS_GCF_024347635.1	Vibrionaceae	True	True
RS_GCF_024362345.1	Flavobacteriaceae	True	True
RS_GCF_024436395.1	Sphingobacteriaceae	True	True
RS_GCF_024448505.1	Pseudomonadaceae	True	True
RS_GCF_024609765.1	Rhizobiaceae	True	True
RS_GCF_024643285.1	Sphingobacteriaceae	True	True
RS_GCF_024714495.1	Cyclobacteriaceae	True	True
RS_GCF_024721015.1	Enterobacteriaceae	True	True
RS_GCF_024721605.1	Sphingomonadaceae	True	True
RS_GCF_024723595.1	Campylobacteraceae	False	False
RS_GCF_024753145.1	Burkholderiaceae_D	True	True
RS_GCF_024753215.1	Burkholderiaceae_D	True	True
RS_GCF_024753255.1	Burkholderiaceae_D	True	True
RS_GCF_024753285.1	Burkholderiaceae_D	True	True
RS_GCF_024756255.1	Burkholderiaceae_D	True	True
RS_GCF_024808875.1	Methylohalomonadaceae	True	True
RS_GCF_024979255.1	Microbacteriaceae	True	True
RS_GCF_025060755.1	NBRC-103111	True	True
RS_GCF_025145285.1	Rikenellaceae	True	True
RS_GCF_025145845.1	Rikenellaceae	True	True
RS_GCF_025148635.1	Marinifilaceae	True	True
RS_GCF_025149285.1	Lachnospiraceae	True	True
RS_GCF_025149465.1	Coprobacillaceae	True	True
RS_GCF_025150245.1	Lachnospiraceae	True	True
RS_GCF_025151045.1	Tannerellaceae	True	True
RS_GCF_025151215.1	Tannerellaceae	True	True
RS_GCF_025151535.1	Bacteroidaceae	True	True
RS_GCF_025151995.1	Lachnospiraceae	True	True
RS_GCF_025154055.1	Amphibacillaceae	True	True
RS_GCF_025215075.1	Flavobacteriaceae	True	True
RS_GCF_025234655.1	Exiguobacteriaceae	True	True
RS_GCF_025234665.1	Exiguobacteriaceae	True	True
RS_GCF_025234775.1	Exiguobacteriaceae	True	True
RS_GCF_025264625.1	Acidobacteriaceae	True	True
RS_GCF_025264645.1	Acidobacteriaceae	True	True
RS_GCF_025264665.1	Acidobacteriaceae	True	True
RS_GCF_025384845.1	Enterobacteriaceae	True	True
RS_GCF_025384895.1	Enterobacteriaceae	True	True
RS_GCF_025460835.1	Sphingobacteriaceae	True	True
RS_GCF_025532125.1	Alcanivoracaceae	True	True
RS_GCF_025532145.1	Alcanivoracaceae	True	True
RS_GCF_025562715.2	Endozoicomonadaceae	True	True
RS_GCF_025562755.1	Endozoicomonadaceae	True	True
RS_GCF_025574465.1	Kordiimonadaceae	True	True
RS_GCF_025574485.1	Kordiimonadaceae	True	True
RS_GCF_025631005.1	Chitinophagaceae	True	True
RS_GCF_025685415.1	Acidobacteriaceae	True	True
RS_GCF_025685545.1	Acidobacteriaceae	True	True
RS_GCF_025685565.1	Acidobacteriaceae	True	True
RS_GCF_025685605.1	Acidobacteriaceae	True	True
RS_GCF_025685625.1	Acidobacteriaceae	True	True
RS_GCF_025685645.1	Acidobacteriaceae	True	True
RS_GCF_025685655.1	Acidobacteriaceae	True	True
RS_GCF_025685685.1	Acidobacteriaceae	True	True
RS_GCF_025822705.1	Mycobacteriaceae	True	True
RS_GCF_025822985.1	Mycobacteriaceae	True	True
RS_GCF_025823315.1	Mycobacteriaceae	True	True
RS_GCF_025950085.1	Akkermansiaceae	True	True
RS_GCF_025961205.1	Azospirillaceae	True	True
RS_GCF_025961225.1	Azospirillaceae	True	True
RS_GCF_025994535.1	Acetobacteraceae	True	True
RS_GCF_025995175.1	Acetobacteraceae	True	True
RS_GCF_025995455.1	Acetobacteraceae	True	True
RS_GCF_026017845.1	Pseudonocardiaceae	True	True
RS_GCF_026157085.1	Sphingomonadaceae	True	True
RS_GCF_026183675.1	Cellvibrionaceae	True	True
RS_GCF_026191375.1	Marinomonadaceae	True	True
RS_GCF_026240905.1	Stappiaceae	True	True
RS_GCF_026241875.1	Microbacteriaceae	True	True
RS_GCF_026248825.1	Spirosomataceae	True	True
RS_GCF_026343945.1	Kaistiaceae	True	True
RS_GCF_026343955.1	Kaistiaceae	True	True
RS_GCF_026344005.1	Kaistiaceae	True	True
RS_GCF_026344135.1	Burkholderiaceae_B	True	True
RS_GCF_026651875.1	Alicyclobacillaceae	True	True
RS_GCF_026712205.1	Burkholderiaceae_C	True	True
RS_GCF_026735135.1	Clostridiaceae	True	True
RS_GCF_026735165.1	Clostridiaceae	True	True
RS_GCF_026794045.1	Paenibacillaceae	True	True
RS_GCF_026930265.1	Mycobacteriaceae	True	True
RS_GCF_027474845.2	Flavobacteriaceae	True	True
RS_GCF_027563315.1	Planococcaceae	True	True
RS_GCF_027563345.1	Planococcaceae	True	True
RS_GCF_027789125.1	NBRC-103111	True	True
RS_GCF_027921765.1	Microbacteriaceae	True	True
RS_GCF_027921845.1	Microbacteriaceae	True	True
RS_GCF_027922245.1	Rhodobacteraceae	True	True
RS_GCF_027922365.1	Pseudomonadaceae	True	True
RS_GCF_027925445.1	Beijerinckiaceae	True	True
RS_GCF_027946175.1	Nitratiruptoraceae	True	True
RS_GCF_028401405.1	Streptomycetaceae	True	True
RS_GCF_028532485.1	Iamiaceae	True	True
RS_GCF_028539255.1	Lachnospiraceae	True	True
RS_GCF_028539415.1	Bacteroidaceae	True	True
RS_GCF_028553725.1	Rhodobacteraceae	True	True
RS_GCF_028553785.1	Rhodobacteraceae	True	True
RS_GCF_028553805.1	Rhodobacteraceae	True	True
RS_GCF_028553885.1	Rhodobacteraceae	True	True
RS_GCF_028596025.1	Sphingobacteriaceae	True	True
RS_GCF_028598495.1	Enterobacteriaceae	True	True
RS_GCF_028607085.1	Sphingomonadaceae	True	True
RS_GCF_028607105.1	Sphingomonadaceae	True	True
RS_GCF_028610635.1	Bacillaceae_D	True	True
RS_GCF_028610675.1	Bacillaceae_D	True	True
RS_GCF_028735875.1	Bacillaceae_D	True	True
RS_GCF_028743495.1	Alkalibacillaceae	True	True
RS_GCF_028743515.2	Flavobacteriaceae	True	True
RS_GCF_028745505.1	Lentisphaeraceae	True	True
RS_GCF_028746185.1	NBRC-103111	True	True
RS_GCF_029023785.1	Enterococcaceae	True	True
RS_GCF_029023805.1	Micrococcaceae	True	True
RS_GCF_029023825.1	Enterococcaceae	True	True
RS_GCF_029023865.1	Streptococcaceae	True	True
RS_GCF_029024925.1	Enterococcaceae	True	True
RS_GCF_029024945.1	Staphylococcaceae	True	True
RS_GCF_029024965.1	Staphylococcaceae	True	True
RS_GCF_029094545.1	Bacillaceae_D	True	True
RS_GCF_029210495.1	Rhodobacteraceae	True	True
RS_GCF_029318635.1	Magnetovibrionaceae	True	True
RS_GCF_029478105.1	Bacillaceae	False	False
RS_GCF_029525555.1	Paenibacillaceae	True	True
RS_GCF_029625335.1	Flavobacteriaceae	True	True
RS_GCF_029714185.1	Halobacillaceae	True	True
RS_GCF_029773665.1	Pasteurellaceae	True	True
RS_GCF_029774155.1	Pasteurellaceae	True	True
RS_GCF_029814135.1	Pasteurellaceae	True	True
RS_GCF_029866485.1	Flavobacteriaceae	True	True
RS_GCF_029870955.1	Rhodobacteraceae	True	True
RS_GCF_029872915.1	Moraxellaceae	True	True
RS_GCF_029892045.1	Rhizobiaceae	True	True
RS_GCF_029892065.1	Rhizobiaceae	True	True
RS_GCF_029961185.1	Rhodobacteraceae	True	True
RS_GCF_030010415.1	Halomonadaceae	True	True
RS_GCF_030056665.1	Spirosomataceae	True	True
RS_GCF_030159095.1	Gemmatimonadaceae	True	True
RS_GCF_030159555.1	Pseudomonadaceae	True	True
RS_GCF_030159855.1	Devosiaceae	True	True
RS_GCF_030159895.1	Devosiaceae	True	True
RS_GCF_030159955.1	Maricaulaceae	True	True
RS_GCF_030160075.1	Rhodanobacteraceae	True	True
RS_GCF_030160295.1	Rhodanobacteraceae	True	True
RS_GCF_030160455.1	Burkholderiaceae_B	True	True
RS_GCF_030160495.1	Shewanellaceae	True	True
RS_GCF_030160635.1	Acetobacteraceae	True	True
RS_GCF_030161235.1	Vibrionaceae	True	True
RS_GCF_030161255.1	Rhodocyclaceae	True	True
RS_GCF_030161395.1	Alteromonadaceae	True	True
RS_GCF_030161435.1	Alteromonadaceae	True	True
RS_GCF_030161575.1	Microbacteriaceae	True	True
RS_GCF_030161595.1	Beutenbergiaceae	True	True
RS_GCF_030161635.1	Dermatophilaceae	True	True
RS_GCF_030162955.1	Burkholderiaceae_C	True	True
RS_GCF_030163795.1	Rhodobacteraceae	True	True
RS_GCF_030268005.1	Microbacteriaceae	True	True
RS_GCF_030272695.1	Rhizobiaceae	True	True
RS_GCF_030272705.1	Rhizobiaceae	True	True
RS_GCF_030295955.1	Alteromonadaceae	True	True
RS_GCF_030295975.1	Alteromonadaceae	True	True
RS_GCF_030296575.1	Cellulomonadaceae	True	True
RS_GCF_030296595.1	Microbacteriaceae	True	True
RS_GCF_030296675.1	Demequinaceae	True	True
RS_GCF_030296915.1	Lachnospiraceae	True	True
RS_GCF_030296935.1	Coprobacteraceae	True	True
RS_GCF_030369615.1	Anoxybacillaceae	True	True
RS_GCF_030406665.1	Halomonadaceae	True	True
RS_GCF_030408595.1	Mycobacteriaceae	True	True
RS_GCF_030408715.1	Mycobacteriaceae	True	True
RS_GCF_030408735.1	Mycobacteriaceae	True	True
RS_GCF_030408795.1	Mycobacteriaceae	True	True
RS_GCF_030408835.1	Mycobacteriaceae	True	True
RS_GCF_030408915.1	Mycobacteriaceae	True	True
RS_GCF_030409215.1	Halomonadaceae	True	True
RS_GCF_030409235.1	Halomonadaceae	True	True
RS_GCF_030409335.1	Acetobacteraceae	True	True
RS_GCF_030409415.1	Sphingobacteriaceae	True	True
RS_GCF_030409505.1	Flavobacteriaceae	True	True
RS_GCF_030409635.1	Vibrionaceae	True	True
RS_GCF_030409715.1	Natronospirillaceae	True	True
RS_GCF_030410025.1	Vibrionaceae	True	True
RS_GCF_030410045.1	Rhodobacteraceae	True	True
RS_GCF_030440595.1	Mycobacteriaceae	True	True
RS_GCF_030503435.1	172606-1	True	True
RS_GCF_030540765.1	Flavobacteriaceae	True	True
RS_GCF_030540835.1	Flavobacteriaceae	True	True
RS_GCF_030540875.1	Flavobacteriaceae	True	True
RS_GCF_030644205.1	Anaerovoracaceae	True	True
RS_GCF_030676955.1	Porticoccaceae	True	True
RS_GCF_030685535.1	Vibrionaceae	True	True
RS_GCF_030704205.1	Halomonadaceae	True	True
RS_GCF_030717845.1	Alteromonadaceae	True	True
RS_GCF_030803925.1	Alicyclobacillaceae	True	True
RS_GCF_030803985.1	Thermoanaerobacteraceae	True	True
RS_GCF_030811115.1	Atopobiaceae	True	True
RS_GCF_030811475.1	Nakamurellaceae	True	True
RS_GCF_030811555.1	Kineosporiaceae	True	True
RS_GCF_030812885.1	Lachnospiraceae	True	True
RS_GCF_030812915.1	Alkalibacillaceae	True	True
RS_GCF_030812955.1	Aeribacillaceae	False	False
RS_GCF_030812975.1	Cytobacillaceae	True	True
RS_GCF_030812995.1	Bacillaceae_C	True	True
RS_GCF_030813115.1	JCM-10596	True	True
RS_GCF_030813165.1	Bacillaceae	True	True
RS_GCF_030813435.1	Salisediminibacteriaceae	True	True
RS_GCF_030813495.1	Xanthobacteraceae	True	True
RS_GCF_030813505.1	Selenomonadaceae	True	True
RS_GCF_030813815.1	Mycobacteriaceae	True	True
RS_GCF_030813915.1	Xanthobacteraceae	True	True
RS_GCF_030814015.1	Amorphaceae	True	True
RS_GCF_030814115.1	Alkalibacillaceae	True	True
RS_GCF_030814135.1	Caldalkalibacillaceae	True	True
RS_GCF_030814215.1	Pseudonocardiaceae	True	True
RS_GCF_030814695.1	Oligosphaeraceae	True	True
RS_GCF_030814955.1	Planococcaceae	True	True
RS_GCF_030814995.1	Labraceae	True	True
RS_GCF_030815055.1	Rhizobiaceae	True	True
RS_GCF_030815255.1	Clostridiaceae	True	True
RS_GCF_030848945.1	Rhodobacteraceae	True	True
RS_GCF_031191185.1	Bacteroidaceae	True	True
RS_GCF_031191205.1	Pasteurellaceae	True	True
RS_GCF_031191795.1	Fusobacteriaceae	True	True
RS_GCF_031316635.1	Bacillaceae	False	False
RS_GCF_031316915.1	Bacillaceae_G	False	False
RS_GCF_031317525.1	Bacillaceae	False	False
RS_GCF_031451615.1	Halomonadaceae	False	False
RS_GCF_031451635.1	Halomonadaceae	False	False
RS_GCF_031451675.1	Halomonadaceae	False	False
RS_GCF_031451755.1	Halomonadaceae	False	False
RS_GCF_031454135.1	Micrococcaceae	False	False
RS_GCF_031456275.1	Micrococcaceae	False	False
RS_GCF_031458175.1	Micrococcaceae	False	False
RS_GCF_031458325.1	Nocardioidaceae	False	False
RS_GCF_031458395.1	Micrococcaceae	False	False
RS_GCF_031845725.1	Streptomycetaceae	False	False
RS_GCF_031935715.1	Halomonadaceae	False	False
RS_GCF_031954365.1	Brevibacillaceae	False	False
RS_GCF_031954385.1	Paenibacillaceae	False	False
RS_GCF_032461525.1	Alteromonadaceae	False	False
RS_GCF_032595355.1	Rhodobacteraceae	False	False
RS_GCF_033096445.1	Marinifilaceae	False	False
RS_GCF_033253705.1	Planococcaceae	False	False
RS_GCF_033253735.1	Planococcaceae	False	False
RS_GCF_033723955.1	Cellvibrionaceae	False	False
RS_GCF_033794965.1	Streptomycetaceae	False	False
RS_GCF_034086145.1	Flavobacteriaceae	False	False
RS_GCF_034479555.1	Halomonadaceae	False	False
RS_GCF_034531275.1	Microbacteriaceae	False	False
RS_GCF_034627025.1	Beijerinckiaceae	False	False
RS_GCF_035481615.1	Peptoniphilaceae	False	False
RS_GCF_035967765.1	Solirubrobacteraceae	False	False
RS_GCF_036016195.1	Enterobacteriaceae	False	False
RS_GCF_036245625.1	Cyclobacteriaceae	False	False
RS_GCF_036323475.1	Erysipelotrichaceae	False	False
RS_GCF_036327795.1	Mycobacteriaceae	False	False
RS_GCF_036488675.1	Rhizobiaceae	False	False
RS_GCF_036492425.1	Cyclobacteriaceae	False	False
RS_GCF_036492835.1	Cyclobacteriaceae	False	False
RS_GCF_036553625.1	Flavobacteriaceae	False	False
RS_GCF_036880985.1	Flammeovirgaceae	False	False
RS_GCF_037027555.1	Bacillaceae_D	False	False
RS_GCF_037083865.1	Geodermatophilaceae	False	False
RS_GCF_037120395.1	Sphingomonadaceae	False	False
RS_GCF_037154075.1	Sphingomonadaceae	False	False
RS_GCF_037154085.1	Sphingomonadaceae	False	False
RS_GCF_037154135.1	Sphingomonadaceae	False	False
RS_GCF_037173185.1	Sphingomonadaceae	False	False
RS_GCF_037482405.1	Quadrisphaeraceae	False	False
RS_GCF_037482545.1	Quadrisphaeraceae	False	False
RS_GCF_037889915.1	Burkholderiaceae_C	False	False
RS_GCF_037890695.1	Aeromonadaceae	False	False
RS_GCF_037935975.1	Cellvibrionaceae	False	False
RS_GCF_038019025.1	Flavobacteriaceae	False	False
RS_GCF_038024065.1	Flavobacteriaceae	False	False
RS_GCF_038024105.1	Flavobacteriaceae	False	False
RS_GCF_038024875.1	Mycobacteriaceae	False	False
RS_GCF_038070315.1	NBRC-103111	False	False
RS_GCF_038148795.1	Sphingomonadaceae	False	False
RS_GCF_038321125.1	Xanthomonadaceae	False	False
RS_GCF_038433205.1	Flavobacteriaceae	False	False
RS_GCF_038435305.1	Enterobacteriaceae	False	False
RS_GCF_038500265.1	Wohlfahrtiimonadaceae	False	False
RS_GCF_039521185.1	Streptomycetaceae	False	False
RS_GCF_039521205.1	Streptomycetaceae	False	False
RS_GCF_039521325.1	Clostridiaceae	False	False
RS_GCF_039521745.1	Lachnospiraceae	False	False
RS_GCF_039521805.1	Amphibacillaceae	False	False
RS_GCF_039521845.1	Carnobacteriaceae_A	False	False
RS_GCF_039521975.1	Alkalibacillaceae	False	False
RS_GCF_039522005.1	Carnobacteriaceae_A	False	False
RS_GCF_039522165.1	Rhizobiaceae	False	False
RS_GCF_039522585.1	Halomonadaceae	False	False
RS_GCF_039522625.1	Halomonadaceae	False	False
RS_GCF_039522915.1	Sphingomonadaceae	False	False
RS_GCF_039522995.1	Sphingomonadaceae	False	False
RS_GCF_039523035.1	Burkholderiaceae_B	False	False
RS_GCF_039523155.1	Balneatricaceae	False	False
RS_GCF_039523175.1	Rhodanobacteraceae	False	False
RS_GCF_039523215.1	Burkholderiaceae_C	False	False
RS_GCF_039523235.1	Burkholderiaceae_B	False	False
RS_GCF_039523295.1	Alteromonadaceae	False	False
RS_GCF_039523315.1	Marinomonadaceae	False	False
RS_GCF_039523355.1	Alteromonadaceae	False	False
RS_GCF_039523415.1	Flavobacteriaceae	False	False
RS_GCF_039523455.1	Cyclobacteriaceae	False	False
RS_GCF_039523475.1	Sphingobacteriaceae	False	False
RS_GCF_039523495.1	Rhodanobacteraceae	False	False
RS_GCF_039523515.1	Cyclobacteriaceae	False	False
RS_GCF_039523535.1	Kangiellaceae	False	False
RS_GCF_039523575.1	Rhodanobacteraceae	False	False
RS_GCF_039523595.1	Sphingomonadaceae	False	False
RS_GCF_039523635.1	Moraxellaceae	False	False
RS_GCF_039523795.1	Acetobacteraceae	False	False
RS_GCF_039523815.1	Caulobacteraceae	False	False
RS_GCF_039523835.1	Sphingomonadaceae	False	False
RS_GCF_039523955.1	Rhodanobacteraceae	False	False
RS_GCF_039524255.1	Micrococcaceae	False	False
RS_GCF_039524715.1	Streptomycetaceae	False	False
RS_GCF_039524915.1	Microbacteriaceae	False	False
RS_GCF_039524935.1	Streptomycetaceae	False	False
RS_GCF_039525325.1	Kribbellaceae	False	False
RS_GCF_039526005.1	Micrococcaceae	False	False
RS_GCF_039526145.1	Dermabacteraceae	False	False
RS_GCF_039526185.1	Dermabacteraceae	False	False
RS_GCF_039526245.1	Micrococcaceae	False	False
RS_GCF_039526365.1	DSM-1321	False	False
RS_GCF_039526835.1	Streptomycetaceae	False	False
RS_GCF_039526905.1	Pseudonocardiaceae	False	False
RS_GCF_039527245.1	Nocardioidaceae	False	False
RS_GCF_039527695.1	Streptomycetaceae	False	False
RS_GCF_039527715.1	Microbacteriaceae	False	False
RS_GCF_039527775.1	Microbacteriaceae	False	False
RS_GCF_039527895.1	Micrococcaceae	False	False
RS_GCF_039527915.1	Microbacteriaceae	False	False
RS_GCF_039527955.1	Microbacteriaceae	False	False
RS_GCF_039528015.1	Microbacteriaceae	False	False
RS_GCF_039528055.1	Micromonosporaceae	False	False
RS_GCF_039528855.1	Brevibacteriaceae	False	False
RS_GCF_039529075.1	Brevibacteriaceae	False	False
RS_GCF_039529215.1	Streptomycetaceae	False	False
RS_GCF_039529295.1	Micrococcaceae	False	False
RS_GCF_039529455.1	Streptosporangiaceae	False	False
RS_GCF_039529575.1	Dermatophilaceae	False	False
RS_GCF_039529675.1	Microbacteriaceae	False	False
RS_GCF_039529735.1	Microbacteriaceae	False	False
RS_GCF_039529775.1	Cellulomonadaceae	False	False
RS_GCF_039529815.1	Pseudonocardiaceae	False	False
RS_GCF_039529845.1	Brevibacteriaceae	False	False
RS_GCF_039529885.1	Streptomycetaceae	False	False
RS_GCF_039530005.1	Dermatophilaceae	False	False
RS_GCF_039530085.1	Micrococcaceae	False	False
RS_GCF_039530105.1	Microbacteriaceae	False	False
RS_GCF_039530125.1	Micrococcaceae	False	False
RS_GCF_039530145.1	Pseudonocardiaceae	False	False
RS_GCF_039530285.1	Streptosporangiaceae	False	False
RS_GCF_039530425.1	Micrococcaceae	False	False
RS_GCF_039530485.1	Microbacteriaceae	False	False
RS_GCF_039530625.1	Kribbellaceae	False	False
RS_GCF_039530785.1	Dermabacteraceae	False	False
RS_GCF_039530905.1	Nocardioidaceae	False	False
RS_GCF_039530945.1	Streptosporangiaceae	False	False
RS_GCF_039531005.1	Streptomycetaceae	False	False
RS_GCF_039531125.1	Microbacteriaceae	False	False
RS_GCF_039531305.1	Dermatophilaceae	False	False
RS_GCF_039531345.1	Microbacteriaceae	False	False
RS_GCF_039531385.1	Nocardioidaceae	False	False
RS_GCF_039531405.1	Brevibacteriaceae	False	False
RS_GCF_039531425.1	Micrococcaceae	False	False
RS_GCF_039531445.1	Micrococcaceae	False	False
RS_GCF_039531545.1	Mycobacteriaceae	False	False
RS_GCF_039531585.1	Streptosporangiaceae	False	False
RS_GCF_039531635.1	Pseudonocardiaceae	False	False
RS_GCF_039531715.1	Microbacteriaceae	False	False
RS_GCF_039531755.1	Nocardioidaceae	False	False
RS_GCF_039531775.1	Nocardioidaceae	False	False
RS_GCF_039531795.1	Dermatophilaceae	False	False
RS_GCF_039531815.1	Microbacteriaceae	False	False
RS_GCF_039531835.1	Microbacteriaceae	False	False
RS_GCF_039531875.1	Micrococcaceae	False	False
RS_GCF_039531995.1	Mycobacteriaceae	False	False
RS_GCF_039532035.1	Dermatophilaceae	False	False
RS_GCF_039532055.1	Micrococcaceae	False	False
RS_GCF_039532115.1	Microbacteriaceae	False	False
RS_GCF_039532135.1	Streptomycetaceae	False	False
RS_GCF_039532865.1	Streptomycetaceae	False	False
RS_GCF_039533245.1	Streptosporangiaceae	False	False
RS_GCF_039533965.1	Microbacteriaceae	False	False
RS_GCF_039533985.1	Microbacteriaceae	False	False
RS_GCF_039534125.1	Streptosporangiaceae	False	False
RS_GCF_039534585.1	Streptomycetaceae	False	False
RS_GCF_039534605.1	Micrococcaceae	False	False
RS_GCF_039534625.1	Streptomycetaceae	False	False
RS_GCF_039534665.1	Micrococcaceae	False	False
RS_GCF_039534975.1	Microbacteriaceae	False	False
RS_GCF_039535095.1	Micrococcaceae	False	False
RS_GCF_039535115.1	Micrococcaceae	False	False
RS_GCF_039536005.1	Micrococcaceae	False	False
RS_GCF_039536325.1	NBRC-103111	False	False
RS_GCF_039536605.1	Propionibacteriaceae	False	False
RS_GCF_039536705.1	Sphingobacteriaceae	False	False
RS_GCF_039536765.1	Sphingomonadaceae	False	False
RS_GCF_039536805.1	Nocardioidaceae	False	False
RS_GCF_039536825.1	Sphingobacteriaceae	False	False
RS_GCF_039536965.1	Streptosporangiaceae	False	False
RS_GCF_039537105.1	Mycobacteriaceae	False	False
RS_GCF_039537165.1	Nocardioidaceae	False	False
RS_GCF_039537205.1	Propionibacteriaceae	False	False
RS_GCF_039537225.1	Nocardioidaceae	False	False
RS_GCF_039537285.1	Microbacteriaceae	False	False
RS_GCF_039537325.1	Nocardioidaceae	False	False
RS_GCF_039537385.1	Sphingobacteriaceae	False	False
RS_GCF_039537585.1	Microbacteriaceae	False	False
RS_GCF_039537625.1	Flavobacteriaceae	False	False
RS_GCF_039537665.1	Flavobacteriaceae	False	False
RS_GCF_039537705.1	Actinomycetaceae	False	False
RS_GCF_039537815.1	Sphingomonadaceae	False	False
RS_GCF_039537875.1	Flavobacteriaceae	False	False
RS_GCF_039537925.1	Brevibacteriaceae	False	False
RS_GCF_039537965.1	Sphingomonadaceae	False	False
RS_GCF_039538005.1	Oleiphilaceae	False	False
RS_GCF_039538145.1	Microbacteriaceae	False	False
RS_GCF_039538185.1	Microbacteriaceae	False	False
RS_GCF_039538245.1	Microbacteriaceae	False	False
RS_GCF_039538365.1	Flavobacteriaceae	False	False
RS_GCF_039538385.1	Flavobacteriaceae	False	False
RS_GCF_039538545.1	Streptomycetaceae	False	False
RS_GCF_039538765.1	Micrococcaceae	False	False
RS_GCF_039538805.1	Salinicoccaceae	False	False
RS_GCF_039538865.1	Micromonosporaceae	False	False
RS_GCF_039538945.1	Microbacteriaceae	False	False
RS_GCF_039539005.1	Microbacteriaceae	False	False
RS_GCF_039539265.1	Sphingobacteriaceae	False	False
RS_GCF_039539605.1	Amphibacillaceae	False	False
RS_GCF_039539745.1	Aeromonadaceae	False	False
RS_GCF_039540335.1	Streptosporangiaceae	False	False
RS_GCF_039540405.1	Spirosomataceae	False	False
RS_GCF_039540975.1	Endozoicomonadaceae	False	False
RS_GCF_039541075.1	Chitinophagaceae	False	False
RS_GCF_039541115.1	Angustibacteraceae	False	False
RS_GCF_039541195.1	Sphingobacteriaceae	False	False
RS_GCF_039541235.1	Kangiellaceae	False	False
RS_GCF_039541475.1	Flavobacteriaceae	False	False
RS_GCF_039541515.1	Burkholderiaceae_C	False	False
RS_GCF_039541575.1	Dermatophilaceae	False	False
RS_GCF_039541655.1	Hymenobacteraceae	False	False
RS_GCF_039541675.1	Sphingobacteriaceae	False	False
RS_GCF_039541795.1	Hymenobacteraceae	False	False
RS_GCF_039541895.1	Hymenobacteraceae	False	False
RS_GCF_039542245.1	Moraxellaceae	False	False
RS_GCF_039542325.1	Weeksellaceae	False	False
RS_GCF_039542345.1	Orbaceae	False	False
RS_GCF_039542465.1	Mycobacteriaceae	False	False
RS_GCF_039542665.1	Pseudonocardiaceae	False	False
RS_GCF_039542845.1	Flavobacteriaceae	False	False
RS_GCF_039542985.1	Dermatophilaceae	False	False
RS_GCF_039543145.1	Xanthomonadaceae	False	False
RS_GCF_039543245.1	Flavobacteriaceae	False	False
RS_GCF_039543265.1	Flavobacteriaceae	False	False
RS_GCF_039543305.1	Mycobacteriaceae	False	False
RS_GCF_039543345.1	Pseudonocardiaceae	False	False
RS_GCF_039543545.1	Xanthomonadaceae	False	False
RS_GCF_039543565.1	Shewanellaceae	False	False
RS_GCF_039543645.1	Burkholderiaceae_B	False	False
RS_GCF_039543705.1	Nocardioidaceae	False	False
RS_GCF_039543765.1	Moraxellaceae	False	False
RS_GCF_039543825.1	Nocardioidaceae	False	False
RS_GCF_039543845.1	Nocardioidaceae	False	False
RS_GCF_039543885.1	Micrococcaceae	False	False
RS_GCF_039544205.1	Shewanellaceae	False	False
RS_GCF_039544305.1	Micrococcaceae	False	False
RS_GCF_039544365.1	Micrococcaceae	False	False
RS_GCF_039544395.1	Dermatophilaceae	False	False
RS_GCF_039544415.1	Microbacteriaceae	False	False
RS_GCF_039544915.1	Deinococcaceae	False	False
RS_GCF_039545095.1	Balneolaceae	False	False
RS_GCF_039566955.1	Micromonosporaceae	False	False
RS_GCF_039615355.1	Burkholderiaceae_D	False	False
RS_GCF_039631295.1	Rhodocyclaceae	False	False
RS_GCF_039652555.1	Microbacteriaceae	False	False
RS_GCF_039749035.1	Flavobacteriaceae	False	False
RS_GCF_039769985.1	Rhodobacteraceae	False	False
RS_GCF_039822625.1	Cellvibrionaceae	False	False
RS_GCF_040224415.1	Enterobacteriaceae	False	False
RS_GCF_040278685.1	Hymenobacteraceae	False	False
RS_GCF_040361195.1	Salinisphaeraceae	False	False
RS_GCF_040361215.1	Salinisphaeraceae	False	False
RS_GCF_040535365.1	Enterococcaceae	False	False
RS_GCF_040543805.1	Spirosomataceae	False	False
RS_GCF_040544555.1	Bacillaceae_D	False	False
RS_GCF_040545145.1	Rhizobiaceae	False	False
RS_GCF_040545155.1	Rhizobiaceae	False	False
RS_GCF_040545315.1	Weeksellaceae	False	False
RS_GCF_040545335.1	Caulobacteraceae	False	False
RS_GCF_040545385.1	Rhizobiaceae	False	False
RS_GCF_040545415.1	Paenibacillaceae	False	False
RS_GCF_040545535.1	Rhizobiaceae	False	False
RS_GCF_040545875.1	Lachnospiraceae	False	False
RS_GCF_040545925.1	Alkalibacillaceae	False	False
RS_GCF_040581405.1	Acetobacteraceae	False	False
RS_GCF_040703125.1	Flavobacteriaceae	False	False
RS_GCF_040739495.1	Staphylococcaceae	False	False
RS_GCF_040797145.1	Labraceae	False	False
RS_GCF_040801915.1	Jeotgalibacillaceae	False	False
RS_GCF_041020765.1	Kineococcaceae	False	False
RS_GCF_041079535.1	Burkholderiaceae_C	False	False
RS_GCF_041107495.1	Burkholderiaceae_C	False	False
RS_GCF_041222865.1	Enterobacteriaceae	False	False
RS_GCF_041295575.1	Planococcaceae	False	False
RS_GCF_041428895.1	Sporomusaceae	False	False
RS_GCF_041429775.1	Maricaulaceae	False	False
RS_GCF_041429795.1	Maricaulaceae	False	False
RS_GCF_041447265.1	Cellvibrionaceae	False	False
RS_GCF_041897805.1	Pseudonocardiaceae	False	False
RS_GCF_041929965.1	Rhizobiaceae	False	False
RS_GCF_041930145.1	Rhizobiaceae	False	False
RS_GCF_041930165.1	Rhizobiaceae	False	False
RS_GCF_042138595.1	Paenibacillaceae	False	False
RS_GCF_042427615.1	Flavobacteriaceae	False	False
RS_GCF_042427675.1	Flavobacteriaceae	False	False
RS_GCF_042428825.1	Micrococcaceae	False	False
RS_GCF_042429615.1	Salinicoccaceae	False	False
RS_GCF_042432165.1	Alteromonadaceae	False	False
RS_GCF_042432345.1	Nocardioidaceae	False	False
RS_GCF_042432465.1	Burkholderiaceae_D	False	False
RS_GCF_042432815.1	Xanthobacteraceae	False	False
RS_GCF_042432825.1	NBRC-103111	False	False
RS_GCF_042432905.1	Cyclobacteriaceae	False	False
RS_GCF_042432955.1	Burkholderiaceae_B	False	False
RS_GCF_042433065.1	Sphingomonadaceae	False	False
RS_GCF_042433125.1	Acetobacteraceae	False	False
RS_GCF_042433225.1	Weeksellaceae	False	False
RS_GCF_042433515.1	Dermatophilaceae	False	False
RS_GCF_042433895.1	Flavobacteriaceae	False	False
RS_GCF_042434215.1	Micrococcaceae	False	False
RS_GCF_042434235.1	Sphingobacteriaceae	False	False
RS_GCF_042434255.1	Hymenobacteraceae	False	False
RS_GCF_042434315.1	Flavobacteriaceae	False	False
RS_GCF_042643265.1	Amphibacillaceae	False	False
RS_GCF_042643335.1	Maricaulaceae	False	False
RS_GCF_042643355.1	Salinisphaeraceae	False	False
RS_GCF_042643485.1	Pseudomonadaceae	False	False
RS_GCF_042646085.1	Litoribrevibacteraceae	False	False
RS_GCF_042646125.1	Alteromonadaceae	False	False
RS_GCF_042646165.1	Tepidamorphaceae	False	False
RS_GCF_042646205.1	Cellvibrionaceae	False	False
RS_GCF_042646385.1	Rhodobacteraceae	False	False
RS_GCF_042646425.1	Ferrovibrionaceae	False	False
RS_GCF_042646485.1	Sphingomonadaceae	False	False
RS_GCF_042647235.1	Enterobacteriaceae	False	False
RS_GCF_042647425.1	Sphingobacteriaceae	False	False
RS_GCF_042647645.1	Burkholderiaceae_D	False	False
RS_GCF_042648365.1	Rhodobacteraceae	False	False
RS_GCF_042648405.1	Sphingomonadaceae	False	False
RS_GCF_042648445.1	Oceanobacteraceae	False	False
RS_GCF_042648525.1	Chromobacteriaceae	False	False
RS_GCF_042648545.1	Methylopilaceae	False	False
RS_GCF_042648685.1	Rhodocyclaceae	False	False
RS_GCF_042648725.1	Rhodanobacteraceae	False	False
RS_GCF_042648805.1	Pseudomonadaceae	False	False
RS_GCF_042649045.1	Planococcaceae	False	False
RS_GCF_042649125.1	Spirosomataceae	False	False
RS_GCF_042649445.1	Deinococcaceae	False	False
RS_GCF_042649585.1	Helicobacteraceae	False	False
RS_GCF_042649605.1	Helicobacteraceae	False	False
RS_GCF_042649685.1	Bacillaceae_H	False	False
RS_GCF_042649705.1	Cyclobacteriaceae	False	False
RS_GCF_042649745.1	Streptococcaceae	False	False
RS_GCF_042649785.1	Streptococcaceae	False	False
RS_GCF_042649845.1	Moraxellaceae	False	False
RS_GCF_042649925.1	Aeromonadaceae	False	False
RS_GCF_042650085.1	Amphibacillaceae	False	False
RS_GCF_042650215.1	Flavobacteriaceae	False	False
RS_GCF_042650905.1	Sphingobacteriaceae	False	False
RS_GCF_042651045.1	Oleiphilaceae	False	False
RS_GCF_042651185.1	Flavobacteriaceae	False	False
RS_GCF_042651245.1	Halomonadaceae	False	False
RS_GCF_042651445.1	Chitinophagaceae	False	False
RS_GCF_042651785.1	Planococcaceae	False	False
RS_GCF_042651945.1	Paenibacillaceae	False	False
RS_GCF_042652025.1	Micrococcaceae	False	False
RS_GCF_042652385.1	Akkermansiaceae	False	False
RS_GCF_042652525.1	Pseudonocardiaceae	False	False
RS_GCF_042652605.1	Pseudonocardiaceae	False	False
RS_GCF_042652785.1	Rhodanobacteraceae	False	False
RS_GCF_042652905.1	Burkholderiaceae_C	False	False
RS_GCF_042652925.1	Effusibacillaceae	False	False
RS_GCF_042652985.1	Aerococcaceae	False	False
RS_GCF_042653815.1	Burkholderiaceae	False	False
RS_GCF_042654125.1	Amphibacillaceae	False	False
RS_GCF_042654185.1	Sporolactobacillaceae	False	False
RS_GCF_042654325.1	Rhodanobacteraceae	False	False
RS_GCF_042654345.1	Alteromonadaceae	False	False
RS_GCF_042654425.1	Rhodocyclaceae	False	False
RS_GCF_042654645.1	Paenibacillaceae	False	False
RS_GCF_042654665.1	Caulobacteraceae	False	False
RS_GCF_042654745.1	Burkholderiaceae_C	False	False
RS_GCF_042654905.1	Cellulomonadaceae	False	False
RS_GCF_042655065.1	Planococcaceae	False	False
RS_GCF_042655085.1	Burkholderiaceae_D	False	False
RS_GCF_042655385.1	Spirosomataceae	False	False
RS_GCF_042655435.1	Microbacteriaceae	False	False
RS_GCF_042655665.1	Burkholderiaceae_D	False	False
RS_GCF_042655725.1	Verrucomicrobiaceae	False	False
RS_GCF_042655785.1	Paenibacillaceae	False	False
RS_GCF_042655825.1	Planococcaceae	False	False
RS_GCF_042655845.1	Nocardioidaceae	False	False
RS_GCF_042656285.1	Streptosporangiaceae	False	False
RS_GCF_042656795.1	Burkholderiaceae_D	False	False
RS_GCF_042656865.1	Burkholderiaceae_C	False	False
RS_GCF_042656905.1	Burkholderiaceae_D	False	False
RS_GCF_042657005.1	Rhodanobacteraceae	False	False
RS_GCF_042657065.1	Rhodanobacteraceae	False	False
RS_GCF_042657085.1	Burkholderiaceae_C	False	False
RS_GCF_042657365.1	Hymenobacteraceae	False	False
RS_GCF_042657385.1	Flavobacteriaceae	False	False
RS_GCF_042657405.1	Cyclobacteriaceae	False	False
RS_GCF_042658365.1	Carnobacteriaceae	False	False
RS_GCF_042658665.1	KCTC-33676	False	False
RS_GCF_042658885.1	Nocardioidaceae	False	False
RS_GCF_042658945.1	Moraxellaceae	False	False
RS_GCF_042659005.1	Burkholderiaceae	False	False
RS_GCF_042659865.1	Paenibacillaceae	False	False
RS_GCF_042660085.1	CAIYMF01	False	False
RS_GCF_042660165.1	Alteromonadaceae	False	False
RS_GCF_042660305.1	Micrococcaceae	False	False
RS_GCF_042660405.1	Burkholderiaceae_D	False	False
RS_GCF_042660415.1	Moraxellaceae	False	False
RS_GCF_042660705.1	Burkholderiaceae_D	False	False
RS_GCF_042661105.1	Rhodobacteraceae	False	False
RS_GCF_042661385.1	Deinococcaceae	False	False
RS_GCF_042661465.1	Balneatricaceae	False	False
RS_GCF_042661665.1	Beijerinckiaceae	False	False
RS_GCF_042661845.1	Streptosporangiaceae	False	False
RS_GCF_042663045.1	Halobacillaceae	False	False
RS_GCF_042663505.1	Paenibacillaceae	False	False
RS_GCF_042663885.1	JBBAYJ01	False	False
RS_GCF_042664795.1	Flavobacteriaceae	False	False
RS_GCF_042664875.1	Akkermansiaceae	False	False
RS_GCF_042664955.1	Burkholderiaceae_D	False	False
RS_GCF_042665075.1	Hyphomonadaceae	False	False
RS_GCF_042665095.1	Eggerthellaceae	False	False
RS_GCF_042665175.1	Burkholderiaceae_D	False	False
RS_GCF_042665235.1	Burkholderiaceae_C	False	False
RS_GCF_042665255.1	Rhodospirillaceae	False	False
RS_GCF_042665875.1	Streptosporangiaceae	False	False
RS_GCF_042666955.1	Legionellaceae	False	False
RS_GCF_042675205.1	Streptomycetaceae	False	False
RS_GCF_042675585.1	Burkholderiaceae_C	False	False
RS_GCF_042675645.1	Flavobacteriaceae	False	False
RS_GCF_042675665.1	Flavobacteriaceae	False	False
RS_GCF_042675745.1	Flavobacteriaceae	False	False
RS_GCF_042675765.1	Flavobacteriaceae	False	False
RS_GCF_042675845.1	Flavobacteriaceae	False	False
RS_GCF_042675905.1	Paenibacillaceae	False	False
RS_GCF_042675945.1	Sphingobacteriaceae	False	False
RS_GCF_042676005.1	Flavobacteriaceae	False	False
RS_GCF_042676025.1	Flavobacteriaceae	False	False
RS_GCF_042676045.1	Rhizobiaceae	False	False
RS_GCF_042676085.1	Dermatophilaceae	False	False
RS_GCF_042676145.1	Methylophilaceae	False	False
RS_GCF_042676185.1	Rhodobacteraceae	False	False
RS_GCF_042676265.1	Methylophilaceae	False	False
RS_GCF_042676605.1	Bifidobacteriaceae	False	False
RS_GCF_042676825.1	Flavobacteriaceae	False	False
RS_GCF_042676845.1	Flavobacteriaceae	False	False
RS_GCF_042676985.1	Sphingomonadaceae	False	False
RS_GCF_042677025.1	Flavobacteriaceae	False	False
RS_GCF_042677065.1	Microbacteriaceae	False	False
RS_GCF_042677145.1	Moraxellaceae	False	False
RS_GCF_042677265.1	Flavobacteriaceae	False	False
RS_GCF_042678305.1	Flavobacteriaceae	False	False
RS_GCF_042678385.1	Sphingomonadaceae	False	False
RS_GCF_042678525.1	Sphingobacteriaceae	False	False
RS_GCF_042678745.1	Hymenobacteraceae	False	False
RS_GCF_042678785.1	Flavobacteriaceae	False	False
RS_GCF_042678885.1	Pseudonocardiaceae	False	False
RS_GCF_042679045.1	Planococcaceae	False	False
RS_GCF_042679325.1	Sphingobacteriaceae	False	False
RS_GCF_042679565.1	Flavobacteriaceae	False	False
RS_GCF_042679605.1	Rhodobacteraceae	False	False
RS_GCF_042679725.1	Methylopilaceae	False	False
RS_GCF_042679745.1	Flavobacteriaceae	False	False
RS_GCF_042679825.1	Beijerinckiaceae	False	False
RS_GCF_042679865.1	Amphibacillaceae	False	False
RS_GCF_042680125.1	Lachnospiraceae	False	False
RS_GCF_042680605.1	Actinomycetaceae	False	False
RS_GCF_042680685.1	Microbacteriaceae	False	False
RS_GCF_042681145.1	Hymenobacteraceae	False	False
RS_GCF_042681305.1	Brevibacteriaceae	False	False
RS_GCF_042681465.1	Pasteurellaceae	False	False
RS_GCF_042682225.1	Flavobacteriaceae	False	False
RS_GCF_042682255.1	Cellulomonadaceae	False	False
RS_GCF_042682545.1	Amphibacillaceae	False	False
RS_GCF_042682605.1	Hymenobacteraceae	False	False
RS_GCF_042682725.1	Flavobacteriaceae	False	False
RS_GCF_042682765.1	Flavobacteriaceae	False	False
RS_GCF_042682785.1	Alteromonadaceae	False	False
RS_GCF_042682915.1	Xanthobacteraceae	False	False
RS_GCF_042683045.1	Akkermansiaceae	False	False
RS_GCF_042683065.1	Rhodobacteraceae	False	False
RS_GCF_042683125.1	Magnetospirillaceae	False	False
RS_GCF_042683165.1	Amphibacillaceae	False	False
RS_GCF_042683685.1	Cellulomonadaceae	False	False
RS_GCF_042683865.1	Sphingomonadaceae	False	False
RS_GCF_042684245.1	Flavobacteriaceae	False	False
RS_GCF_042684265.1	Flavobacteriaceae	False	False
RS_GCF_042684285.1	Spirosomataceae	False	False
RS_GCF_042684385.1	Sphingobacteriaceae	False	False
RS_GCF_042684405.1	Weeksellaceae	False	False
RS_GCF_042684525.1	Spirosomataceae	False	False
RS_GCF_042684545.1	Hymenobacteraceae	False	False
RS_GCF_042684585.1	Flavobacteriaceae	False	False
RS_GCF_042684665.1	Flavobacteriaceae	False	False
RS_GCF_042684685.1	Flavobacteriaceae	False	False
RS_GCF_042684745.1	Sphingobacteriaceae	False	False
RS_GCF_042684825.1	Sphingobacteriaceae	False	False
RS_GCF_042684845.1	Paenibacillaceae	False	False
RS_GCF_042684865.1	Marinococcaceae	False	False
RS_GCF_042685005.1	Rhodobacteraceae	False	False
RS_GCF_042685025.1	Deinococcaceae	False	False
RS_GCF_042685205.1	Amphibacillaceae	False	False
RS_GCF_042685265.1	Amphibacillaceae	False	False
RS_GCF_042685625.1	Devosiaceae	False	False
RS_GCF_042685865.1	Cellulomonadaceae	False	False
RS_GCF_042686005.1	Sphingobacteriaceae	False	False
RS_GCF_042686025.1	Chitinophagaceae	False	False
RS_GCF_042686045.1	Spirosomataceae	False	False
RS_GCF_042686085.1	Flavobacteriaceae	False	False
RS_GCF_042686105.1	Flavobacteriaceae	False	False
RS_GCF_042686125.1	Flavobacteriaceae	False	False
RS_GCF_042686145.1	Flavobacteriaceae	False	False
RS_GCF_042686195.1	Salinicoccaceae	False	False
RS_GCF_042686245.1	Hymenobacteraceae	False	False
RS_GCF_042686265.1	Sphingobacteriaceae	False	False
RS_GCF_042686315.1	Chitinophagaceae	False	False
RS_GCF_042686355.1	Sphingobacteriaceae	False	False
RS_GCF_042748965.1	Burkholderiaceae_C	False	False
RS_GCF_042867745.1	Halomonadaceae	False	False
RS_GCF_043575855.1	Pseudonocardiaceae	False	False
RS_GCF_044003965.1	Flavobacteriaceae	False	False
RS_GCF_044005705.1	Cyclobacteriaceae	False	False
RS_GCF_044502415.1	Clostridiaceae	False	False
RS_GCF_044784365.2	Fusobacteriaceae	False	False
RS_GCF_044904665.1	Rhodanobacteraceae	False	False
RS_GCF_044904705.1	Rhodanobacteraceae	False	False
RS_GCF_045040545.1	Helicobacteraceae	False	False
RS_GCF_045115855.1	Planococcaceae	False	False
RS_GCF_045862785.1	Lactobacillaceae	False	False
RS_GCF_046058945.1	Listeriaceae	False	False
RS_GCF_046097595.1	Peptococcaceae	False	False
RS_GCF_046540475.1	Streptosporangiaceae	False	False
RS_GCF_046640325.1	Rhodobacteraceae	False	False
RS_GCF_046774955.1	Deinococcaceae	False	False
RS_GCF_047130825.1	Streptosporangiaceae	False	False
RS_GCF_047345005.1	Labraceae	False	False
RS_GCF_047549485.1	Burkholderiaceae_C	False	False
RS_GCF_047839125.1	Neisseriaceae	False	False
RS_GCF_048285865.1	Flavobacteriaceae	False	False
RS_GCF_048288345.1	Mycobacteriaceae	False	False
RS_GCF_048296725.1	Burkholderiaceae_B	False	False
RS_GCF_048305125.1	Burkholderiaceae_C	False	False
RS_GCF_048629425.1	Acidobacteriaceae	False	False
RS_GCF_048820915.1	Rhodobacteraceae	False	False
RS_GCF_049103755.1	Iamiaceae	False	False
RS_GCF_049243625.1	Mycobacteriaceae	False	False
RS_GCF_049675895.1	Burkholderiaceae_D	False	False
RS_GCF_049991885.1	Sphingomonadaceae	False	False
RS_GCF_050026735.1	Rhodanobacteraceae	False	False
RS_GCF_050154705.1	Acetobacteraceae	False	False
RS_GCF_050311635.1	Cellulomonadaceae	False	False
RS_GCF_050311655.1	Cellulomonadaceae	False	False
RS_GCF_050433225.1	Sphingomonadaceae	False	False
RS_GCF_050433385.1	Proteiniboraceae	False	False
RS_GCF_050433395.1	Lachnospiraceae	False	False
RS_GCF_050433565.1	Amphibacillaceae	False	False
RS_GCF_050517505.1	Bacillaceae	False	False
RS_GCF_050587365.1	Microbacteriaceae	False	False
RS_GCF_050871285.1	Kineococcaceae	False	False
RS_GCF_050871315.1	Kineococcaceae	False	False
RS_GCF_050882105.1	Staphylococcaceae	False	False
RS_GCF_050888315.1	Caminicellaceae	False	False
RS_GCF_050896395.1	Rhodobacteraceae	False	False
RS_GCF_050908025.1	Pseudomonadaceae	False	False
RS_GCF_050908235.1	Eubacteriaceae	False	False
RS_GCF_050971785.1	Streptosporangiaceae	False	False
RS_GCF_051045985.1	Bifidobacteriaceae	False	False
RS_GCF_051171795.1	Streptomycetaceae	False	False
RS_GCF_051172975.1	Streptomycetaceae	False	False
RS_GCF_051176675.1	Streptococcaceae	False	False
RS_GCF_051201015.1	Dysgonomonadaceae	False	False
RS_GCF_051201075.1	Chitinophagaceae	False	False
RS_GCF_051860775.1	Selenomonadaceae	False	False
RS_GCF_051903945.1	Lactobacillaceae	False	False
RS_GCF_051934935.1	Planococcaceae	False	False
RS_GCF_052327315.1	Caulobacteraceae	False	False
RS_GCF_900002575.1	Peptostreptococcaceae	True	True
RS_GCF_900005615.1	Rhodobacteraceae	True	True
RS_GCF_900044055.2	Burkholderiaceae	True	True
RS_GCF_900055185.1	Vibrionaceae	True	True
RS_GCF_900070355.1	Dermabacteraceae	True	True
RS_GCF_900087375.1	Propionibacteriaceae	True	True
RS_GCF_900089775.1	Marinomonadaceae	True	True
RS_GCF_900090225.1	Micromonosporaceae	True	True
RS_GCF_900090235.1	Micromonosporaceae	True	True
RS_GCF_900090305.1	Micromonosporaceae	True	True
RS_GCF_900091455.1	Micromonosporaceae	True	True
RS_GCF_900091545.1	Micromonosporaceae	True	True
RS_GCF_900091555.1	Micromonosporaceae	True	True
RS_GCF_900094565.1	Rhizobiaceae	True	True
RS_GCF_900094585.1	Rhizobiaceae	True	True
RS_GCF_900094595.1	Burkholderiaceae	True	True
RS_GCF_900095025.1	Moraxellaceae	True	True
RS_GCF_900096565.1	Williamwhitmaniaceae	True	True
RS_GCF_900096585.1	Cellulomonadaceae	True	True
RS_GCF_900096905.1	Amphibacillaceae	True	True
RS_GCF_900096945.1	Lachnospiraceae	True	True
RS_GCF_900099605.1	Marinococcaceae	True	True
RS_GCF_900099645.1	Pseudomonadaceae	True	True
RS_GCF_900099655.1	Planococcaceae	True	True
RS_GCF_900099675.1	Flavobacteriaceae	True	True
RS_GCF_900099685.1	Weeksellaceae	True	True
RS_GCF_900099705.1	Microbacteriaceae	True	True
RS_GCF_900099785.1	Pseudomonadaceae	True	True
RS_GCF_900099815.1	Flavobacteriaceae	True	True
RS_GCF_900099905.1	Rhizobiaceae	True	True
RS_GCF_900099915.1	Flavobacteriaceae	True	True
RS_GCF_900099925.1	Aneurinibacillaceae	True	True
RS_GCF_900100015.1	Vibrionaceae	True	True
RS_GCF_900100045.1	Rhodobacteraceae	True	True
RS_GCF_900100115.1	Weeksellaceae	True	True
RS_GCF_900100175.1	Shewanellaceae	True	True
RS_GCF_900100185.1	Marinococcaceae	True	True
RS_GCF_900100195.1	Halomonadaceae	True	True
RS_GCF_900100255.1	Caulobacteraceae	True	True
RS_GCF_900100355.1	Cellvibrionaceae	True	True
RS_GCF_900100365.1	Pseudomonadaceae	True	True
RS_GCF_900100375.1	Flavobacteriaceae	True	True
RS_GCF_900100535.1	Pseudomonadaceae	True	True
RS_GCF_900100625.1	Flavobacteriaceae	True	True
RS_GCF_900100655.1	Rhodovibrionaceae	True	True
RS_GCF_900100705.1	Sphingobacteriaceae	True	True
RS_GCF_900100735.1	Burkholderiaceae	True	True
RS_GCF_900100785.1	Desulfitobacteriaceae	True	True
RS_GCF_900100795.1	Pseudomonadaceae	True	True
RS_GCF_900100945.1	Sphingobacteriaceae	True	True
RS_GCF_900100955.1	Pseudonocardiaceae	True	True
RS_GCF_900100975.1	Methylophilaceae	True	True
RS_GCF_900101075.1	Salinicoccaceae	True	True
RS_GCF_900101095.1	Pseudonocardiaceae	True	True
RS_GCF_900101105.1	Desulfovibrionaceae	True	True
RS_GCF_900101115.1	Microbacteriaceae	True	True
RS_GCF_900101125.1	Amphibacillaceae	True	True
RS_GCF_900101345.1	Desulfolunaceae	True	True
RS_GCF_900101395.1	Chitinophagaceae	True	True
RS_GCF_900101465.1	Nocardioidaceae	True	True
RS_GCF_900101505.1	Rhodobacteraceae	True	True
RS_GCF_900101515.1	Pseudomonadaceae	True	True
RS_GCF_900101525.1	Carnobacteriaceae_A	True	True
RS_GCF_900101615.1	Acetobacteraceae	True	True
RS_GCF_900101755.1	Pseudomonadaceae	True	True
RS_GCF_900101785.1	Propionibacteriaceae	True	True
RS_GCF_900101815.1	Flavobacteriaceae	True	True
RS_GCF_900101825.1	Xanthomonadaceae	True	True
RS_GCF_900101865.1	Rhodobacteraceae	True	True
RS_GCF_900101885.1	Spirosomataceae	True	True
RS_GCF_900101985.1	Planococcaceae	True	True
RS_GCF_900101995.1	Weeksellaceae	True	True
RS_GCF_900102015.1	Rhodobacteraceae	True	True
RS_GCF_900102025.1	Actinomycetaceae	True	True
RS_GCF_900102035.1	Pseudomonadaceae	True	True
RS_GCF_900102085.1	Paenibacillaceae	True	True
RS_GCF_900102135.1	Beijerinckiaceae	True	True
RS_GCF_900102165.1	Flavobacteriaceae	True	True
RS_GCF_900102465.1	Thalassobaculaceae	True	True
RS_GCF_900102505.1	Rhodobacteraceae	True	True
RS_GCF_900102525.1	Beijerinckiaceae	True	True
RS_GCF_900102535.1	Rhodobacteraceae	True	True
RS_GCF_900102545.1	Chitinophagaceae	True	True
RS_GCF_900102625.1	Burkholderiaceae_C	True	True
RS_GCF_900102665.1	Pseudomonadaceae	True	True
RS_GCF_900102675.1	Pseudomonadaceae	True	True
RS_GCF_900102725.1	Carnobacteriaceae	True	True
RS_GCF_900102795.1	Rhodobacteraceae	True	True
RS_GCF_900102815.1	Micromonosporaceae	True	True
RS_GCF_900102855.1	Thiohalomonadaceae	True	True
RS_GCF_900102885.1	Rhodobacteraceae	True	True
RS_GCF_900102905.1	Rhodobacteraceae	True	True
RS_GCF_900102915.1	Flavobacteriaceae	True	True
RS_GCF_900102925.1	Flavobacteriaceae	True	True
RS_GCF_900102945.1	Halomonadaceae	True	True
RS_GCF_900103175.1	Mycobacteriaceae	True	True
RS_GCF_900103185.1	Rhodobacteraceae	True	True
RS_GCF_900103215.1	Flavobacteriaceae	True	True
RS_GCF_900103225.1	Pseudomonadaceae	True	True
RS_GCF_900103275.1	Propionibacteriaceae	True	True
RS_GCF_900103285.1	Spirosomataceae	True	True
RS_GCF_900103345.1	Pseudomonadaceae	True	True
RS_GCF_900103425.1	Dialisteraceae	True	True
RS_GCF_900103455.1	Streptomycetaceae	True	True
RS_GCF_900103485.1	Fictibacillaceae	True	True
RS_GCF_900103515.1	Sphingobacteriaceae	True	True
RS_GCF_900103535.1	Megasphaeraceae	True	True
RS_GCF_900103645.1	Burkholderiaceae_C	True	True
RS_GCF_900103695.1	Amphibacillaceae	True	True
RS_GCF_900103755.1	Weeksellaceae	True	True
RS_GCF_900103845.1	Pseudomonadaceae	True	True
RS_GCF_900103865.1	Halomonadaceae	True	True
RS_GCF_900103935.1	Nocardioidaceae	True	True
RS_GCF_900103955.1	Salisediminibacteriaceae	True	True
RS_GCF_900103975.1	Geodermatophilaceae	True	True
RS_GCF_900103985.1	Streptomycetaceae	True	True
RS_GCF_900104135.1	Halomonadaceae	True	True
RS_GCF_900104245.1	Alteromonadaceae	True	True
RS_GCF_900104265.1	Pseudomonadaceae	True	True
RS_GCF_900104395.1	Fusobacteriaceae	True	True
RS_GCF_900104515.1	Burkholderiaceae_C	True	True
RS_GCF_900104525.1	Dermatophilaceae	True	True
RS_GCF_900104555.1	Bacillaceae_L	True	True
RS_GCF_900104775.1	Mycobacteriaceae	True	True
RS_GCF_900104845.1	Burkholderiaceae	True	True
RS_GCF_900104895.1	Microbacteriaceae	True	True
RS_GCF_900104945.1	Pseudomonadaceae	True	True
RS_GCF_900105005.1	Pseudomonadaceae	True	True
RS_GCF_900105015.1	Actinomycetaceae	True	True
RS_GCF_900105025.1	Atopobiaceae	True	True
RS_GCF_900105115.1	Pseudomonadaceae	True	True
RS_GCF_900105165.1	Sphingobacteriaceae	True	True
RS_GCF_900105185.1	Pseudomonadaceae	True	True
RS_GCF_900105195.1	Mycobacteriaceae	True	True
RS_GCF_900105205.1	Microbacteriaceae	True	True
RS_GCF_900105255.1	Pseudomonadaceae	True	True
RS_GCF_900105315.1	Brevibacteriaceae	True	True
RS_GCF_900105325.1	Pseudomonadaceae	True	True
RS_GCF_900105335.1	Microbacteriaceae	True	True
RS_GCF_900105345.1	Micrococcaceae	True	True
RS_GCF_900105355.1	Pseudomonadaceae	True	True
RS_GCF_900105475.1	Pseudomonadaceae	True	True
RS_GCF_900105675.1	Pseudomonadaceae	True	True
RS_GCF_900105725.1	Mycobacteriaceae	True	True
RS_GCF_900105865.1	Actinomycetaceae	True	True
RS_GCF_900105885.1	Pseudomonadaceae	True	True
RS_GCF_900105895.1	Atopobiaceae	True	True
RS_GCF_900105905.1	Mycobacteriaceae	True	True
RS_GCF_900105945.1	Pseudonocardiaceae	True	True
RS_GCF_900105965.1	Micrococcaceae	True	True
RS_GCF_900105995.1	Pseudomonadaceae	True	True
RS_GCF_900106045.1	Pseudomonadaceae	True	True
RS_GCF_900106055.1	Actinomycetaceae	True	True
RS_GCF_900106065.1	Pseudomonadaceae	True	True
RS_GCF_900106595.1	Marinococcaceae	True	True
RS_GCF_900106695.1	Rhodobacteraceae	True	True
RS_GCF_900106755.1	Bacteroidaceae	True	True
RS_GCF_900106765.1	Tepidimicrobiaceae	True	True
RS_GCF_900106795.1	Flavobacteriaceae	True	True
RS_GCF_900106945.1	Oleiphilaceae	True	True
RS_GCF_900107015.1	Rhodobacteraceae	True	True
RS_GCF_900107115.1	Halobacillaceae	True	True
RS_GCF_900107135.1	Hymenobacteraceae	True	True
RS_GCF_900107155.1	Pseudomonadaceae	True	True
RS_GCF_900107215.1	Acetomicrobiaceae	True	True
RS_GCF_900107235.1	Rhodobacteraceae	True	True
RS_GCF_900107405.1	Tindalliaceae	True	True
RS_GCF_900107435.1	Microbacteriaceae	True	True
RS_GCF_900107485.1	Proteiniboraceae	True	True
RS_GCF_900107595.1	Flavobacteriaceae	True	True
RS_GCF_900107605.1	Burkholderiaceae_C	True	True
RS_GCF_900107695.1	Thiotrichaceae	True	True
RS_GCF_900107725.1	Cellvibrionaceae	True	True
RS_GCF_900107755.1	Halobacillaceae	True	True
RS_GCF_900107795.1	Chitinophagaceae	True	True
RS_GCF_900107925.1	Pseudonocardiaceae	True	True
RS_GCF_900107935.1	Vibrionaceae	True	True
RS_GCF_900107965.1	Streptomycetaceae	True	True
RS_GCF_900108015.1	Flavobacteriaceae	True	True
RS_GCF_900108025.1	Weeksellaceae	True	True
RS_GCF_900108035.1	Tannerellaceae	True	True
RS_GCF_900108185.1	Acidobacteriaceae	True	True
RS_GCF_900108215.1	Halomonadaceae	True	True
RS_GCF_900108225.1	Rhodobacteraceae	True	True
RS_GCF_900108245.1	Beijerinckiaceae	True	True
RS_GCF_900108365.1	Weeksellaceae	True	True
RS_GCF_900108395.1	Flavobacteriaceae	True	True
RS_GCF_900108405.1	Rhodobacteraceae	True	True
RS_GCF_900108485.1	Alteromonadaceae	True	True
RS_GCF_900108565.1	Mycobacteriaceae	True	True
RS_GCF_900108855.1	Spirosomataceae	True	True
RS_GCF_900108945.1	Burkholderiaceae	True	True
RS_GCF_900108955.1	Flavobacteriaceae	True	True
RS_GCF_900109075.1	Flavobacteriaceae	True	True
RS_GCF_900109085.1	Carnobacteriaceae_A	True	True
RS_GCF_900109165.1	Planococcaceae	True	True
RS_GCF_900109195.1	Rhodobacteraceae	True	True
RS_GCF_900109265.1	Burkholderiaceae	True	True
RS_GCF_900109295.1	Rhodobacteraceae	True	True
RS_GCF_900109315.1	Pasteurellaceae	True	True
RS_GCF_900109345.1	Flavobacteriaceae	True	True
RS_GCF_900109355.1	Streptosporangiaceae	True	True
RS_GCF_900109365.1	Sphingobacteriaceae	True	True
RS_GCF_900109465.1	Streptomycetaceae	True	True
RS_GCF_900109525.1	Beijerinckiaceae	True	True
RS_GCF_900109555.1	Rhodobacteraceae	True	True
RS_GCF_900109605.1	Rhizobiaceae	True	True
RS_GCF_900109615.1	Weeksellaceae	True	True
RS_GCF_900109685.1	Chitinophagaceae	True	True
RS_GCF_900109755.1	Pseudomonadaceae	True	True
RS_GCF_900109925.1	Cytobacillaceae	True	True
RS_GCF_900109935.1	Weeksellaceae	True	True
RS_GCF_900109955.1	Rhodobacteraceae	True	True
RS_GCF_900110035.1	Sphingomonadaceae	True	True
RS_GCF_900110105.1	Sphingobacteriaceae	True	True
RS_GCF_900110115.1	Rhodobacteraceae	True	True
RS_GCF_900110135.1	Rhodobacteraceae	True	True
RS_GCF_900110245.1	Chitinophagaceae	True	True
RS_GCF_900110255.1	Streptomycetaceae	True	True
RS_GCF_900110265.1	Halomonadaceae	True	True
RS_GCF_900110345.1	Amphibacillaceae	True	True
RS_GCF_900110375.1	Flavobacteriaceae	True	True
RS_GCF_900110425.1	Rhodobacteraceae	True	True
RS_GCF_900110575.1	Pseudonocardiaceae	True	True
RS_GCF_900110585.1	Aquisalimonadaceae	True	True
RS_GCF_900110605.1	Weeksellaceae	True	True
RS_GCF_900110675.1	Aerococcaceae	True	True
RS_GCF_900110695.1	Amphibacillaceae	True	True
RS_GCF_900110835.1	Chitinophagaceae	True	True
RS_GCF_900110855.1	Propionibacteriaceae	True	True
RS_GCF_900110875.1	Stappiaceae	True	True
RS_GCF_900110885.1	Pseudomonadaceae	True	True
RS_GCF_900110925.1	Pseudomonadaceae	True	True
RS_GCF_900110955.1	Pseudonocardiaceae	True	True
RS_GCF_900110985.1	Pseudonocardiaceae	True	True
RS_GCF_900111025.1	Flavobacteriaceae	True	True
RS_GCF_900111095.1	Balneatricaceae	True	True
RS_GCF_900111105.1	Enterobacteriaceae	True	True
RS_GCF_900111115.1	Burkholderiaceae_C	True	True
RS_GCF_900111235.1	Lachnospiraceae	True	True
RS_GCF_900111295.1	Salisediminibacteriaceae	True	True
RS_GCF_900111305.1	Halomonadaceae	True	True
RS_GCF_900111355.1	Carnobacteriaceae	True	True
RS_GCF_900111375.1	Dermatophilaceae	True	True
RS_GCF_900111495.1	Weeksellaceae	True	True
RS_GCF_900111515.1	Hymenobacteraceae	True	True
RS_GCF_900111675.1	Rhodobacteraceae	True	True
RS_GCF_900111735.1	Pseudomonadaceae	True	True
RS_GCF_900111825.1	Sphingobacteriaceae	True	True
RS_GCF_900111835.1	Pseudomonadaceae	True	True
RS_GCF_900111865.1	Anoxybacillaceae	True	True
RS_GCF_900111895.1	Pseudomonadaceae	True	True
RS_GCF_900111925.1	Cellulomonadaceae	True	True
RS_GCF_900111945.1	Rhodobacteraceae	True	True
RS_GCF_900111965.1	Flavobacteriaceae	True	True
RS_GCF_900112035.1	Nocardioidaceae	True	True
RS_GCF_900112105.1	Flavobacteriaceae	True	True
RS_GCF_900112225.1	Burkholderiaceae_D	True	True
RS_GCF_900112235.1	Halomonadaceae	True	True
RS_GCF_900112245.1	Flavobacteriaceae	True	True
RS_GCF_900112305.1	Cellvibrionaceae	True	True
RS_GCF_900112315.1	Sphingobacteriaceae	True	True
RS_GCF_900112335.1	Rhodobacteraceae	True	True
RS_GCF_900112345.1	Nocardioidaceae	True	True
RS_GCF_900112375.1	Pseudomonadaceae	True	True
RS_GCF_900112395.1	Flavobacteriaceae	True	True
RS_GCF_900112525.1	Geodermatophilaceae	True	True
RS_GCF_900112555.1	Pseudonocardiaceae	True	True
RS_GCF_900112605.1	Thiohalospiraceae	True	True
RS_GCF_900112645.1	Pseudomonadaceae	True	True
RS_GCF_900112675.1	Burkholderiaceae_C	True	True
RS_GCF_900112695.1	Paenibacillaceae	True	True
RS_GCF_900112705.1	Amphibacillaceae	True	True
RS_GCF_900112745.1	Rhodobacteraceae	True	True
RS_GCF_900112795.1	Marinilabiliaceae	True	True
RS_GCF_900112895.1	Acidaminococcaceae	True	True
RS_GCF_900112975.1	Flavobacteriaceae	True	True
RS_GCF_900113025.1	Marinococcaceae	True	True
RS_GCF_900113035.1	Burkholderiaceae_C	True	True
RS_GCF_900113085.1	Nevskiaceae	True	True
RS_GCF_900113125.1	Halobacillaceae	True	True
RS_GCF_900113135.1	Flavobacteriaceae	True	True
RS_GCF_900113275.1	Balneatricaceae	True	True
RS_GCF_900113325.1	Sporolactobacillaceae	True	True
RS_GCF_900113345.1	Rhodobacteraceae	True	True
RS_GCF_900113375.1	Cyclobacteriaceae	True	True
RS_GCF_900113435.1	Rhodobacteraceae	True	True
RS_GCF_900113485.1	Beijerinckiaceae	True	True
RS_GCF_900113605.1	Halomonadaceae	True	True
RS_GCF_900113685.1	Nocardioidaceae	True	True
RS_GCF_900113695.1	Rhodobacteraceae	True	True
RS_GCF_900113745.1	Pseudomonadaceae	True	True
RS_GCF_900113805.1	Weeksellaceae	True	True
RS_GCF_900113875.1	Rhodobacteraceae	True	True
RS_GCF_900113905.1	Pseudomonadaceae	True	True
RS_GCF_900113935.1	Rhizobiaceae	True	True
RS_GCF_900113945.1	Enterobacteriaceae	True	True
RS_GCF_900113955.1	Rhodobacteraceae	True	True
RS_GCF_900114005.1	Flavobacteriaceae	True	True
RS_GCF_900114035.1	Pseudonocardiaceae	True	True
RS_GCF_900114045.1	Weeksellaceae	True	True
RS_GCF_900114085.1	Flavobacteriaceae	True	True
RS_GCF_900114135.1	Rhodobacteraceae	True	True
RS_GCF_900114165.1	Halobacillaceae	True	True
RS_GCF_900114235.1	Carnobacteriaceae_A	True	True
RS_GCF_900114245.1	Stappiaceae	True	True
RS_GCF_900114255.1	Rhizobiaceae	True	True
RS_GCF_900114265.1	Flavobacteriaceae	True	True
RS_GCF_900114375.1	Beijerinckiaceae	True	True
RS_GCF_900114415.1	Rhodobacteraceae	True	True
RS_GCF_900114465.1	Aerococcaceae	True	True
RS_GCF_900114485.1	Rhodobacteraceae	True	True
RS_GCF_900114625.1	Acidobacteriaceae	True	True
RS_GCF_900114675.1	Rhodobacteraceae	True	True
RS_GCF_900114715.1	Marinococcaceae	True	True
RS_GCF_900114765.1	Pseudomonadaceae	True	True
RS_GCF_900114775.1	Oleiphilaceae	True	True
RS_GCF_900114805.1	Microbacteriaceae	False	False
RS_GCF_900114925.1	Oleiphilaceae	True	True
RS_GCF_900115005.1	Pseudonocardiaceae	True	True
RS_GCF_900115045.1	Enterobacteriaceae	True	True
RS_GCF_900115085.1	Rhodanobacteraceae	True	True
RS_GCF_900115105.1	Rhodobacteraceae	True	True
RS_GCF_900115115.1	Flavobacteriaceae	True	True
RS_GCF_900115145.1	Flavobacteriaceae	True	True
RS_GCF_900115165.1	Rhodobacteraceae	True	True
RS_GCF_900115195.1	Enterobacteriaceae	True	True
RS_GCF_900115205.1	Flavobacteriaceae	True	True
RS_GCF_900115225.1	Cohaesibacteraceae	True	True
RS_GCF_900115305.1	Cyclobacteriaceae	True	True
RS_GCF_900115345.1	Pseudonocardiaceae	True	True
RS_GCF_900115555.1	Pseudomonadaceae	True	True
RS_GCF_900115565.1	Pseudonocardiaceae	True	True
RS_GCF_900115585.1	Sphingomonadaceae	True	True
RS_GCF_900115595.1	Rhodobacteraceae	True	True
RS_GCF_900115605.1	Amphibacillaceae	True	True
RS_GCF_900115665.1	Spirosomataceae	True	True
RS_GCF_900115705.1	Rhodanobacteraceae	True	True
RS_GCF_900115715.1	Pseudomonadaceae	True	True
RS_GCF_900115745.1	Sphingomonadaceae	True	True
RS_GCF_900115805.1	Planococcaceae	True	True
RS_GCF_900115825.1	Carnobacteriaceae	True	True
RS_GCF_900115845.1	Bacillaceae_H	True	True
RS_GCF_900116065.1	Caulobacteraceae	True	True
RS_GCF_900116115.1	Flavobacteriaceae	True	True
RS_GCF_900116195.1	Rhodobacteraceae	True	True
RS_GCF_900116225.1	Sphingobacteriaceae	True	True
RS_GCF_900116255.1	Amphibacillaceae	True	True
RS_GCF_900116285.1	Rhodobacteraceae	True	True
RS_GCF_900116425.1	Crocinitomicaceae	True	True
RS_GCF_900116435.1	Alteromonadaceae	True	True
RS_GCF_900116535.1	Enterobacteriaceae	True	True
RS_GCF_900116545.1	Devosiaceae	True	True
RS_GCF_900116605.1	Pseudomonadaceae	True	True
RS_GCF_900116615.1	Cyclobacteriaceae	True	True
RS_GCF_900116645.1	Burkholderiaceae_D	True	True
RS_GCF_900116665.1	Flavobacteriaceae	True	True
RS_GCF_900116705.1	Halomonadaceae	True	True
RS_GCF_900116765.1	Rhodobacteraceae	True	True
RS_GCF_900116805.1	Alicyclobacillaceae	True	True
RS_GCF_900116895.1	Alteromonadaceae	True	True
RS_GCF_900116905.1	Micrococcaceae	True	True
RS_GCF_900117375.1	Staphylococcaceae	True	True
RS_GCF_900119105.1	Chitinophagaceae	True	True
RS_GCF_900119145.1	Flavobacteriaceae	True	True
RS_GCF_900119185.1	Flavobacteriaceae	True	True
RS_GCF_900128895.1	Sphingomonadaceae	True	True
RS_GCF_900128925.1	Halomonadaceae	True	True
RS_GCF_900129045.1	Bifidobacteriaceae	True	True
RS_GCF_900129055.1	Burkholderiaceae_C	True	True
RS_GCF_900129075.1	Caldanaerobiaceae	True	True
RS_GCF_900129095.1	Cellvibrionaceae	True	True
RS_GCF_900129155.1	Marinomonadaceae	True	True
RS_GCF_900129175.1	Petrotogaceae	True	True
RS_GCF_900129215.1	Sphingobacteriaceae	True	True
RS_GCF_900129295.1	Chitinophagaceae	True	True
RS_GCF_900129315.1	Balneolaceae	True	True
RS_GCF_900129325.1	Kaistiaceae	True	True
RS_GCF_900129345.1	Rhodobacteraceae	True	True
RS_GCF_900129405.1	Flavobacteriaceae	True	True
RS_GCF_900129455.1	Jatrophihabitantaceae	True	True
RS_GCF_900129465.1	Chitinophagaceae	True	True
RS_GCF_900129485.1	Amphibacillaceae	True	True
RS_GCF_900129545.1	Flavobacteriaceae	True	True
RS_GCF_900129575.1	Flavobacteriaceae	True	True
RS_GCF_900129655.1	Bacteroidaceae	True	True
RS_GCF_900129665.1	Flavobacteriaceae	True	True
RS_GCF_900129685.1	Rhodobacteraceae	True	True
RS_GCF_900129705.1	Flavobacteriaceae	True	True
RS_GCF_900129725.1	Cyclobacteriaceae	True	True
RS_GCF_900129755.1	Weeksellaceae	True	True
RS_GCF_900129785.1	Cyclobacteriaceae	True	True
RS_GCF_900129825.1	Nevskiaceae	True	True
RS_GCF_900129835.1	Pseudomonadaceae	True	True
RS_GCF_900129865.1	Amphibacillaceae	True	True
RS_GCF_900129875.1	Rhodobacteraceae	True	True
RS_GCF_900129885.1	Burkholderiaceae_B	True	True
RS_GCF_900129925.1	Peptoniphilaceae	True	True
RS_GCF_900129985.1	Fervidobacteriaceae	True	True
RS_GCF_900130045.1	Flavobacteriaceae	True	True
RS_GCF_900141635.1	Peptostreptococcaceae	True	True
RS_GCF_900141715.1	Flavobacteriaceae	True	True
RS_GCF_900141785.1	Flavobacteriaceae	True	True
RS_GCF_900141795.1	Thiomicrospiraceae	True	True
RS_GCF_900141805.1	Hymenobacteraceae	True	True
RS_GCF_900141815.1	Akkermansiaceae	True	True
RS_GCF_900141825.1	Lachnospiraceae	True	True
RS_GCF_900141855.1	Flavobacteriaceae	True	True
RS_GCF_900141865.1	Selenomonadaceae	True	True
RS_GCF_900141885.1	Flavobacteriaceae	True	True
RS_GCF_900141905.1	Acetobacteraceae	True	True
RS_GCF_900142015.1	Bacteroidaceae	True	True
RS_GCF_900142035.1	Flavobacteriaceae	True	True
RS_GCF_900142075.1	Clostridiaceae	True	True
RS_GCF_900142095.1	DSM-8532	True	True
RS_GCF_900142105.1	Lutisporaceae	True	True
RS_GCF_900142135.1	Desulfatibacillaceae	True	True
RS_GCF_900142145.1	Thermotaleaceae	True	True
RS_GCF_900142165.1	Lachnospiraceae	True	True
RS_GCF_900142195.1	Burkholderiaceae	True	True
RS_GCF_900142225.1	Clostridiaceae	True	True
RS_GCF_900142235.1	Peptostreptococcaceae	True	True
RS_GCF_900142245.1	Caminicellaceae	True	True
RS_GCF_900142265.1	Anaerotignaceae	True	True
RS_GCF_900142275.1	Proteinivoracaceae	True	True
RS_GCF_900142385.1	Oleiphilaceae	True	True
RS_GCF_900142395.1	Hymenobacteraceae	True	True
RS_GCF_900142415.1	Rhodothermaceae	True	True
RS_GCF_900142435.1	Aquificaceae	True	True
RS_GCF_900142575.1	Streptomycetaceae	True	True
RS_GCF_900142595.1	Streptomycetaceae	True	True
RS_GCF_900142655.1	Pseudomonadaceae	True	True
RS_GCF_900142665.1	Rhodobacteraceae	True	True
RS_GCF_900142785.1	Weeksellaceae	True	True
RS_GCF_900142875.1	Rhodobacteraceae	True	True
RS_GCF_900142955.1	Lachnospiraceae	True	True
RS_GCF_900142995.1	Thermosediminibacteraceae	True	True
RS_GCF_900143065.1	Burkholderiaceae_D	True	True
RS_GCF_900143085.1	Amphibacillaceae	True	True
RS_GCF_900143155.1	Rhodobacteraceae	True	True
RS_GCF_900143235.1	Sphingomonadaceae	True	True
RS_GCF_900143245.1	Flavobacteriaceae	True	True
RS_GCF_900143695.1	Desulfocapsaceae	True	True
RS_GCF_900148505.1	Segnochrobactraceae	True	True
RS_GCF_900148515.1	Cyclobacteriaceae	True	True
RS_GCF_900155935.1	Xanthomonadaceae	True	True
RS_GCF_900155945.1	Balneatricaceae	True	True
RS_GCF_900155965.1	Sphingobacteriaceae	True	True
RS_GCF_900155985.1	Flavobacteriaceae	True	True
RS_GCF_900156255.1	Rhodobacteraceae	True	True
RS_GCF_900156405.1	Shewanellaceae	True	True
RS_GCF_900156415.1	Hymenobacteraceae	True	True
RS_GCF_900156495.1	Mycobacteriaceae	True	True
RS_GCF_900156505.1	Rhodobacteraceae	True	True
RS_GCF_900156535.1	Rhodobacteraceae	True	True
RS_GCF_900156575.1	Weeksellaceae	True	True
RS_GCF_900156675.1	Oceanobacteraceae	True	True
RS_GCF_900156725.1	Weeksellaceae	True	True
RS_GCF_900156735.1	Weeksellaceae	True	True
RS_GCF_900156785.1	Cyclobacteriaceae	True	True
RS_GCF_900156805.1	Rhodobacteraceae	True	True
RS_GCF_900156825.1	Weeksellaceae	True	True
RS_GCF_900163655.1	Dermabacteraceae	True	True
RS_GCF_900163965.1	Vibrionaceae	True	True
RS_GCF_900167005.1	Butyricicoccaceae	True	True
RS_GCF_900167045.1	Legionellaceae	True	True
RS_GCF_900167055.1	Xanthomonadaceae	True	True
RS_GCF_900167155.1	Vibrionaceae	True	True
RS_GCF_900167165.1	Carboxydocellaceae	True	True
RS_GCF_900167335.1	Streptococcaceae	True	True
RS_GCF_900167345.1	Vibrionaceae	True	True
RS_GCF_900167405.1	Aerococcaceae	True	True
RS_GCF_900167445.1	Caminicellaceae	True	True
RS_GCF_900167475.1	Nocardioidaceae	True	True
RS_GCF_900167605.1	Caloramatoraceae	True	True
RS_GCF_900167905.1	Weeksellaceae	True	True
RS_GCF_900167915.1	Sphingomonadaceae	True	True
RS_GCF_900168015.1	Sphingobacteriaceae	True	True
RS_GCF_900168045.1	Flavobacteriaceae	True	True
RS_GCF_900168055.1	Sphingobacteriaceae	True	True
RS_GCF_900168065.1	Chitinophagaceae	True	True
RS_GCF_900168115.1	Flavobacteriaceae	True	True
RS_GCF_900168165.1	Marinilabiliaceae	True	True
RS_GCF_900168205.1	Weeksellaceae	True	True
RS_GCF_900168265.1	Flavobacteriaceae	True	True
RS_GCF_900168325.1	Sphingomonadaceae	True	True
RS_GCF_900169065.1	Brevibacteriaceae	True	True
RS_GCF_900169165.1	Brevibacteriaceae	True	True
RS_GCF_900169175.1	Brevibacteriaceae	True	True
RS_GCF_900172235.1	Rhodobacteraceae	True	True
RS_GCF_900172315.1	Rhodobacteraceae	True	True
RS_GCF_900172335.1	Rhodobacteraceae	True	True
RS_GCF_900172355.1	Rhodobacteraceae	True	True
RS_GCF_900176115.1	Peptoniphilaceae	True	True
RS_GCF_900176275.1	Chitinibacteraceae	True	True
RS_GCF_900176475.1	Rhodobacteraceae	True	True
RS_GCF_900176505.1	Sphingobacteriaceae	True	True
RS_GCF_900176535.1	Sphingobacteriaceae	True	True
RS_GCF_900176595.1	Cyclobacteriaceae	True	True
RS_GCF_900177275.1	Chromobacteriaceae	True	True
RS_GCF_900177295.1	DSM-21159	True	True
RS_GCF_900177405.1	Sphingomonadaceae	True	True
RS_GCF_900177425.1	Paenibacillaceae	True	True
RS_GCF_900177615.1	Microbacteriaceae	True	True
RS_GCF_900177625.1	Sphingobacteriaceae	True	True
RS_GCF_900177685.1	Microbacteriaceae	True	True
RS_GCF_900177735.1	Dethiosulfovibrionaceae	True	True
RS_GCF_900177745.1	Mycobacteriaceae	True	True
RS_GCF_900182555.1	Balneolaceae	True	True
RS_GCF_900182575.1	Sphingobacteriaceae	True	True
RS_GCF_900182615.1	Rhodobacteraceae	True	True
RS_GCF_900182705.1	Balneolaceae	True	True
RS_GCF_900182795.1	Hydrogenothermaceae	True	True
RS_GCF_900182815.1	Cyclobacteriaceae	True	True
RS_GCF_900182875.1	Sphingomonadaceae	True	True
RS_GCF_900182905.1	Tindalliaceae	True	True
RS_GCF_900182955.1	Burkholderiaceae_D	True	True
RS_GCF_900182975.1	Weeksellaceae	True	True
RS_GCF_900184155.1	Balneatricaceae	True	True
RS_GCF_900184895.1	Rhodobacteraceae	True	True
RS_GCF_900184945.1	Rhodobacteraceae	True	True
RS_GCF_900186865.1	Xanthomonadaceae	True	True
RS_GCF_900186955.1	Bacillaceae	True	True
RS_GCF_900186975.1	Propionibacteriaceae	True	True
RS_GCF_900186995.1	Pasteurellaceae	True	True
RS_GCF_900187115.1	Arcobacteraceae	True	True
RS_GCF_900187135.1	Mycobacteriaceae	True	True
RS_GCF_900187265.1	Mycobacteriaceae	True	True
RS_GCF_900187275.1	Pasteurellaceae	True	True
RS_GCF_900187295.1	Mycobacteriaceae	True	True
RS_GCF_900187365.1	Beijerinckiaceae	True	True
RS_GCF_900187375.1	Hymenobacteraceae	True	True
RS_GCF_900187885.1	Thermoflexaceae	True	True
RS_GCF_900187995.1	Bacteroidaceae	True	True
RS_GCF_900188085.1	Acidobacteriaceae	True	True
RS_GCF_900188105.1	Streptosporangiaceae	True	True
RS_GCF_900188115.1	Pseudonocardiaceae	True	True
RS_GCF_900188125.1	Mycobacteriaceae	True	True
RS_GCF_900188155.1	Pseudomonadaceae	True	True
RS_GCF_900188165.1	Sphingomonadaceae	True	True
RS_GCF_900188185.1	Sphingomonadaceae	True	True
RS_GCF_900188235.1	Flavobacteriaceae	True	True
RS_GCF_900188245.1	Cyclobacteriaceae	True	True
RS_GCF_900188255.1	Hymenobacteraceae	True	True
RS_GCF_900188335.1	Rhodobacteraceae	True	True
RS_GCF_900188355.1	Flavobacteriaceae	True	True
RS_GCF_900188415.1	Flavobacteriaceae	True	True
RS_GCF_900205755.1	Burkholderiaceae	True	True
RS_GCF_900215245.1	Pseudomonadaceae	True	True
RS_GCF_900215605.1	Cohaesibacteraceae	True	True
RS_GCF_900215625.1	Amphibacillaceae	True	True
RS_GCF_900218015.1	Xanthobacteraceae	True	True
RS_GCF_900220975.1	Rhizobiaceae	True	True
RS_GCF_900231835.1	Rhodobacteraceae	True	True
RS_GCF_900233005.1	Vibrionaceae	True	True
RS_GCF_900312995.1	Halomonadaceae	True	True
RS_GCF_900324475.1	Enterobacteriaceae	True	True
RS_GCF_900444995.1	Actinomycetaceae	True	True
RS_GCF_900445235.1	Rhizobiaceae	True	True
RS_GCF_900445835.1	Burkholderiaceae_B	True	True
RS_GCF_900445875.1	Brevibacteriaceae	True	True
RS_GCF_900446205.1	Burkholderiaceae	True	True
RS_GCF_900446215.1	Burkholderiaceae	True	True
RS_GCF_900447535.1	Dermatophilaceae	True	True
RS_GCF_900450705.1	Pasteurellaceae	True	True
RS_GCF_900452275.1	Enterobacteriaceae	True	True
RS_GCF_900453075.1	Moraxellaceae	True	True
RS_GCF_900454895.1	Pasteurellaceae	True	True
RS_GCF_900455735.1	Mycobacteriaceae	True	True
RS_GCF_900457465.1	Sphingobacteriaceae	True	True
RS_GCF_900459175.1	Streptococcaceae	True	True
RS_GCF_900459215.1	Streptococcaceae	True	True
RS_GCF_900460065.1	Streptomycetaceae	True	True
RS_GCF_900460215.1	Cardiobacteriaceae	True	True
RS_GCF_900460245.1	Vibrionaceae	True	True
RS_GCF_900460315.1	Veillonellaceae	True	True
RS_GCF_900460525.1	Enterobacteriaceae	True	True
RS_GCF_900460535.1	Vibrionaceae	True	True
RS_GCF_900460955.1	Cardiobacteriaceae	True	True
RS_GCF_900461555.1	Legionellaceae	True	True
RS_GCF_900475285.1	Pseudomonadaceae	True	True
RS_GCF_900475315.1	Neisseriaceae	True	True
RS_GCF_900475415.1	Streptococcaceae	True	True
RS_GCF_900475545.1	Clostridiaceae	True	True
RS_GCF_900475595.1	Streptococcaceae	True	True
RS_GCF_900475935.1	Campylobacteraceae	True	True
RS_GCF_900476215.1	Helicobacteraceae	True	True
RS_GCF_900496965.1	Burkholderiaceae_B	True	True
RS_GCF_900496975.1	Burkholderiaceae_B	True	True
RS_GCF_900497695.1	Pseudomonadaceae	True	True
RS_GCF_900499075.1	Rhodobacteraceae	True	True
RS_GCF_900536025.1	Pseudomonadaceae	True	True
RS_GCF_900564155.1	Sphingobacteriaceae	True	True
RS_GCF_900618535.1	Pseudomonadaceae	True	True
RS_GCF_900635445.1	Enterobacteriaceae	True	True
RS_GCF_900635745.1	Enterobacteriaceae	True	True
RS_GCF_900635775.1	Pasteurellaceae	True	True
RS_GCF_900635805.1	Pasteurellaceae	True	True
RS_GCF_900635955.1	Enterobacteriaceae	True	True
RS_GCF_900636475.1	Streptococcaceae	True	True
RS_GCF_900636535.1	Weeksellaceae	True	True
RS_GCF_900636545.1	Pseudomonadaceae	True	True
RS_GCF_900636575.1	Streptococcaceae	True	True
RS_GCF_900636765.1	Neisseriaceae	True	True
RS_GCF_900636915.1	Pasteurellaceae	True	True
RS_GCF_900637025.1	Streptococcaceae	True	True
RS_GCF_900637055.1	Brevibacillaceae	True	True
RS_GCF_900637185.1	Mycobacteriaceae	True	True
RS_GCF_900637395.1	Campylobacteraceae	True	True
RS_GCF_900637685.1	Legionellaceae	True	True
RS_GCF_900637745.1	Listeriaceae	True	True
RS_GCF_900637785.1	Listeriaceae	True	True
RS_GCF_900637845.1	Erysipelotrichaceae	True	True
RS_GCF_900638015.1	Listeriaceae	True	True
RS_GCF_900638345.1	Neisseriaceae	True	True
RS_GCF_900638685.1	Neisseriaceae	True	True
RS_GCF_900639865.1	Legionellaceae	True	True
RS_GCF_900639985.1	Legionellaceae	True	True
RS_GCF_900961225.1	Halomonadaceae	True	True
RS_GCF_900990975.1	Streptococcaceae	True	True
RS_GCF_901472485.1	Pasteurellaceae	True	True
RS_GCF_901472495.1	Enterobacteriaceae	True	True
RS_GCF_901482605.1	Clostridiaceae	True	True
RS_GCF_901482695.1	Sphingobacteriaceae	True	True
RS_GCF_902141845.1	Beijerinckiaceae	True	True
RS_GCF_902459475.1	DSM-16500	True	True
RS_GCF_902459485.1	DSM-16500	True	True
RS_GCF_902459695.1	Burkholderiaceae	True	True
RS_GCF_902499125.1	Burkholderiaceae	True	True
RS_GCF_902499135.1	Burkholderiaceae	True	True
RS_GCF_902804475.1	Flavobacteriaceae	True	True
RS_GCF_902810555.1	Rhizobiaceae	True	True
RS_GCF_902813185.1	Rhodocyclaceae	True	True
RS_GCF_902825115.1	Rhizobiaceae	True	True
RS_GCF_902825225.1	Rhizobiaceae	True	True
RS_GCF_902825235.1	Rhizobiaceae	True	True
RS_GCF_902833085.1	Burkholderiaceae	True	True
RS_GCF_902833645.1	Burkholderiaceae	True	True
RS_GCF_902833665.1	Burkholderiaceae	True	True
RS_GCF_902833905.1	Burkholderiaceae	True	True
RS_GCF_902859585.1	Burkholderiaceae_B	True	True
RS_GCF_902859595.1	Burkholderiaceae_B	True	True
RS_GCF_902859625.1	Burkholderiaceae_B	True	True
RS_GCF_902859645.1	Burkholderiaceae_B	True	True
RS_GCF_902859695.1	Burkholderiaceae_B	True	True
RS_GCF_902859705.1	Burkholderiaceae_B	True	True
RS_GCF_902859725.1	Burkholderiaceae_B	True	True
RS_GCF_902859735.1	Burkholderiaceae_B	True	True
RS_GCF_902859745.1	Burkholderiaceae_B	True	True
RS_GCF_902859765.1	Burkholderiaceae_B	True	True
RS_GCF_902859805.1	Burkholderiaceae	True	True
RS_GCF_902859825.1	Burkholderiaceae	True	True
RS_GCF_902859995.1	Burkholderiaceae_B	True	True
RS_GCF_903652925.1	Burkholderiaceae_B	True	True
RS_GCF_904845895.1	Moraxellaceae	True	True
RS_GCF_905315035.2	Bacillaceae	True	True
RS_GCF_905397375.1	Burkholderiaceae	True	True
RS_GCF_905397395.1	Burkholderiaceae	True	True
RS_GCF_914271435.1	Burkholderiaceae	True	True
RS_GCF_914271545.1	Burkholderiaceae	True	True
RS_GCF_918814575.1	Lactobacillaceae	True	True
RS_GCF_918814755.1	Lactobacillaceae	True	True
RS_GCF_921294215.1	Vibrionaceae	True	True
RS_GCF_923081025.1	Saprospiraceae	True	True
RS_GCF_937425535.1	Acetobacteraceae	True	True
RS_GCF_945882885.1	Sphingomonadaceae	True	True
RS_GCF_964507685.1	Flavobacteriaceae	False	False
RS_GCF_964510395.1	Flavobacteriaceae	False	False
RS_GCF_964512405.1	Flavobacteriaceae	False	False
RS_GCF_964512435.1	Flavobacteriaceae	False	False
RS_GCF_964513065.1	Flavobacteriaceae	False	False
RS_GCF_964513085.1	Flavobacteriaceae	False	False
RS_GCF_964513795.1	Flavobacteriaceae	False	False
RS_GCF_964513915.1	Flavobacteriaceae	False	False
RS_GCF_965135635.1	Lactobacillaceae	False	False
RS_GCF_965136345.1	Lactobacillaceae	False	False
RS_GCF_965137005.1	Sphingomonadaceae	False	False
RS_GCF_965137015.1	Mycobacteriaceae	False	False
RS_GCF_965137155.1	Micromonosporaceae	False	False
RS_GCF_965137225.1	Enterobacteriaceae	False	False
RS_GCF_965137375.1	Streptococcaceae	False	False
RS_GCF_965137465.1	Burkholderiaceae	False	False
RS_GCF_965137885.1	Burkholderiaceae_B	False	False
RS_GCF_965137945.1	Flavobacteriaceae	False	False
RS_GCF_965138335.1	Mycobacteriaceae	False	False
RS_GCF_965138505.1	Maricaulaceae	False	False
RS_GCF_965138565.1	Burkholderiaceae_B	False	False
RS_GCF_965138835.1	Cytobacillaceae	False	False
RS_GCF_965138855.1	Vibrionaceae	False	False
RS_GCF_965139105.1	Enterobacteriaceae	False	False
RS_GCF_965139335.1	Catellicoccaceae	False	False
RS_GCF_965139575.1	Burkholderiaceae_C	False	False
