gene	background	predicted_area	predicted_elongation	area_q05	area_q95	elongation_q05	elongation_q95	probability_unoccupied_bin	invalid_axis_sample_fraction	mean_interval_width	status
YNL059C	triple	6.3954296	41.22811	0.026203119754791282	17.967792987823486	27.622540378570555	61.829573440551755	1.0	0.0	26.074311465024948	unmeasured genotype combination; viability untested
YNL286W	triple	3.7898726	35.997223	-0.7101525008678437	9.274972009658812	11.475542163848877	58.57978706359863	0.875	0.0	28.544684705138202	unmeasured genotype combination; viability untested
YOR141C	triple	5.838484	24.05198	-1.6390463948249816	19.306682395935056	6.951920461654663	39.87176856994629	0.78125	0.0	26.93278844952583	unmeasured genotype combination; viability untested
YGR180C	triple	6.033448	18.76395	1.1338923752307892	13.676024150848384	6.576078033447265	38.34292221069336	0.75	0.0	22.154487976431845	unmeasured genotype combination; viability untested
YJL196C	triple	23.752457	14.859704	5.601196885108948	42.67705154418945	1.7166477203369142	31.571856784820557	0.75	0.0	33.465531861782075	unmeasured genotype combination; viability untested
YCR002C	triple	16.570488	27.567116	3.5151134729385376	39.78079242706298	9.00053334236145	47.97177429199219	0.71875	0.0	37.61845995187759	unmeasured genotype combination; viability untested
YGL206C	triple	2.8008986	-12.580976	-1.4639602065086366	8.394182348251341	-20.22301435470581	-4.895711135864259	0.6875	0.0625	12.592722886800765	unmeasured genotype combination; viability untested
YDL225W	triple	5.6387844	22.434832	-1.6367664813995362	19.096933555603027	5.730100011825561	46.863420486450195	0.65625	0.0	30.933510255813598	unmeasured genotype combination; viability untested
YGR258C	triple	4.128598	25.902176	-2.796984314918518	11.195224666595454	7.54038257598877	43.98382358551025	0.65625	0.0	25.217824995517724	unmeasured genotype combination; viability untested
YDR138W	triple	4.9765677	14.616911	-0.10060009956359864	11.273440504074097	0.6401748955249786	28.4879487991333	0.625	0.0	19.610907253623008	unmeasured genotype combination; viability untested
YEL036C	triple	7.94007	-3.2245195	0.8670654416084289	16.566452264785767	-8.78799066543579	3.220319044589996	0.59375	0.0	13.853848266601563	unmeasured genotype combination; viability untested
YJL080C	triple	2.1071055	14.333778	-2.083832395076752	8.023715090751647	1.5014701426029204	28.441662883758543	0.59375	0.0	18.52387011349201	unmeasured genotype combination; viability untested
YOR033C	triple	2.7703815	19.471388	-1.0528466820716857	8.8995059967041	3.492045843601227	35.187628936767574	0.59375	0.0	20.823967885971065	unmeasured genotype combination; viability untested
YBR119W	triple	2.3215601	18.070602	-1.1258409142494201	8.886682367324827	6.3411102294921875	36.26229190826416	0.5625	0.0	19.96685248017311	unmeasured genotype combination; viability untested
YJL183W	triple	8.72856	-1.5076501	0.6276979863643646	18.94160757064819	-8.857492017745972	3.961062729358673	0.5625	0.0	15.566232165694236	unmeasured genotype combination; viability untested
YAL030W	triple	4.405493	-6.5243587	-0.6747703880071639	12.474120616912838	-11.422573852539063	-0.20446791648865048	0.53125	0.0	12.183498470485208	unmeasured genotype combination; viability untested
YDR176W	triple	3.2697282	12.786419	-3.382166266441345	12.711663627624505	-1.0448723554611206	30.132808399200435	0.53125	0.0	23.6357553243637	unmeasured genotype combination; viability untested
YER041W	triple	3.6457992	14.736765	-0.32041328549385073	8.542176151275633	4.093846273422241	30.127329444885248	0.53125	0.0	17.448036304116247	unmeasured genotype combination; viability untested
YMR231W	triple	4.552636	-6.3590574	0.12070252895355227	10.242687797546385	-15.039126205444337	1.173430576920509	0.5	0.0	13.16727102547884	unmeasured genotype combination; viability untested
YPL050C	triple	8.19898	-0.20278382	1.8321063995361329	16.76911687850952	-6.645445919036865	8.711711072921752	0.5	0.0	15.147083735466001	unmeasured genotype combination; viability untested
YDR446W	triple	1.6415064	12.536999	-3.0562689304351807	6.412842774391174	2.1675626397132874	26.136705112457275	0.46875	0.0	16.71912708878517	unmeasured genotype combination; viability untested
YDR525W-A	triple	15.776333	14.1742	4.784442377090454	26.84141607284546	6.8177680492401125	25.690919399261475	0.46875	0.0	20.465062522888182	unmeasured genotype combination; viability untested
YGR188C	triple	3.9099982	16.92638	-0.5902025580406189	15.604424428939812	2.635324537754059	50.106927490234376	0.46875	0.0	31.833114969730374	unmeasured genotype combination; viability untested
YHR153C	triple	7.0936785	4.8349013	-0.7758072733879089	25.361787414550783	-5.4167557716369625	18.829558181762692	0.46875	0.0	25.191954320669176	unmeasured genotype combination; viability untested
YBR279W	triple	2.3265095	12.175941	-2.8670231342315673	7.67215926647186	0.4623373270034792	31.62762947082519	0.4375	0.0	20.85223727226257	unmeasured genotype combination; viability untested
YFL041W	triple	9.419744	3.994904	2.238136553764343	22.219990634918208	-2.6533483386039736	11.964592123031615	0.4375	0.0	17.299897271394727	unmeasured genotype combination; viability untested
YGL038C	triple	6.0582957	-4.920433	-0.6195893704891204	11.703240537643431	-9.71210436820984	-0.9692493975162514	0.4375	0.0	10.53284243941307	unmeasured genotype combination; viability untested
YLR148W	triple	3.647673	-8.153117	0.04763661324977876	9.027788972854614	-19.42448148727417	2.568567192554473	0.4375	0.03125	15.486600519716738	unmeasured genotype combination; viability untested
YLR363C	triple	6.560525	3.4074306	-1.9915055751800537	14.100504636764526	-3.9802282452583313	13.170011043548584	0.4375	0.0	16.62112475037575	unmeasured genotype combination; viability untested
YAL031C	triple	7.5760326	3.6289666	-0.593044763803482	26.54861488342285	-5.286328220367432	16.634899091720577	0.40625	0.0	24.53144347965717	unmeasured genotype combination; viability untested
YGL033W	triple	7.1151857	10.837698	-1.7921048641204833	20.854321765899655	0.12114636898040776	30.92189531326294	0.40625	0.0	26.723587787151335	unmeasured genotype combination; viability untested
YHL038C	triple	4.5692277	11.286259	-2.2911399722099306	11.273313903808592	3.053437793254852	25.729096698760983	0.40625	0.0	18.12005639076233	unmeasured genotype combination; viability untested
YKL005C	triple	4.0285215	13.402536	-3.998758518695831	11.742712831497192	0.428158774971962	27.296337890624997	0.40625	0.0	21.30482523292303	unmeasured genotype combination; viability untested
YLL016W	triple	3.6158924	9.329634	-2.420718014240265	15.876237249374386	0.00046620965003973946	22.44473419189453	0.40625	0.0	20.37061162292957	unmeasured genotype combination; viability untested
YLL044W	triple	15.521347	12.329864	4.964268350601197	28.902777862548824	2.086616116762161	22.070172977447506	0.40625	0.0	21.961033186316484	unmeasured genotype combination; viability untested
YLR442C	triple	2.7148356	7.7911973	-1.837262499332428	7.049281358718872	-0.9664096117019654	19.82968769073486	0.40625	0.0	14.841320580244064	unmeasured genotype combination; viability untested
YML073C	triple	2.0529723	9.408833	-3.7817243337631226	6.823507356643676	0.7515153110027314	21.016265010833738	0.40625	0.0	15.434990695118902	unmeasured genotype combination; viability untested
YNL280C	triple	8.8189945	7.4813957	-0.8541830629110336	21.806382656097412	-0.44813125729560843	17.711080217361445	0.40625	0.0	20.40988859683275	unmeasured genotype combination; viability untested
YBR035C	triple	6.4414797	5.089772	0.4925916552543641	16.59448466300964	-0.6781778335571289	14.717353057861327	0.375	0.0	15.748711949586866	unmeasured genotype combination; viability untested
YDR173C	triple	5.4476967	11.725231	0.7453130304813385	11.022991943359376	1.3272503554821014	27.445742988586424	0.375	0.0	18.19808577299118	unmeasured genotype combination; viability untested
YDR410C	triple	7.7894516	4.6765633	0.3438869133591652	16.643317270278928	-1.872798228263855	11.78521466255188	0.375	0.0	14.978721623867749	unmeasured genotype combination; viability untested
YGR143W	triple	5.017017	-2.5620272	-1.1622563987970351	11.584360980987547	-8.725725746154785	1.8977258205413816	0.375	0.0	11.685034473240375	unmeasured genotype combination; viability untested
YHR064C	triple	7.507111	8.567041	0.8708004921674728	18.790808916091915	1.16659117937088	23.68500461578369	0.375	0.0	20.21921093016863	unmeasured genotype combination; viability untested
YLL014W	triple	6.850767	9.064028	-2.6253167271614073	18.80639772415161	2.0361907303333284	21.949465942382812	0.375	0.0	20.67249483168125	unmeasured genotype combination; viability untested
YMR125W	triple	2.8079145	9.942077	-1.8927975654602052	8.095229482650756	-2.7817397117614746	26.771983623504635	0.375	0.0	19.770875191688535	unmeasured genotype combination; viability untested
YPL129W	triple	3.3218362	11.0742855	-1.8184884905815124	11.948285150527948	-1.3493831515312193	26.870304012298575	0.375	0.0	20.993230402469628	unmeasured genotype combination; viability untested
YER090W	triple	8.396141	6.214424	0.9306018024682998	26.33452568054199	-1.166877269744873	18.65354170799255	0.34375	0.0	22.612171427905558	unmeasured genotype combination; viability untested
YFL049W	triple	2.6014748	7.8883724	-2.28671875	8.45521502494812	-2.0827492117881774	22.033120155334473	0.34375	0.0	17.428901571035386	unmeasured genotype combination; viability untested
YGR020C	triple	0.7604825	9.466706	-3.0801549553871155	4.081711626052856	-1.767009139060974	28.301092243194578	0.34375	0.0	18.61498398184776	unmeasured genotype combination; viability untested
YHR011W	triple	4.680563	9.924126	-0.24766850471496582	13.563827848434448	-0.24829196929931638	24.05011920928955	0.34375	0.0	19.05495376586914	unmeasured genotype combination; viability untested
YPR049C	triple	6.5689926	-0.030078202	0.5554726555943489	13.315213775634765	-9.849087715148926	8.29350323677063	0.34375	0.0	15.451166035979986	unmeasured genotype combination; viability untested
YPR159W	triple	5.4944468	-5.038146	1.1313526034355164	11.300624799728393	-11.160427331924438	1.0965163469314574	0.34375	0.0	11.213107937574385	unmeasured genotype combination; viability untested
YBR081C	triple	1.1410935	7.689699	-3.522461462020874	5.781195402145384	-1.7210304737091064	20.221367073059078	0.3125	0.0	15.62302720546722	unmeasured genotype combination; viability untested
YBR180W	triple	7.2604637	3.8981197	1.4408113062381744	14.622521305084227	-1.3347092390060424	11.425853395462035	0.3125	0.0	12.971136316657065	unmeasured genotype combination; viability untested
YBR259W	triple	7.468414	7.150692	1.5581603348255157	15.206271171569822	-2.036768853664398	16.79177894592285	0.3125	0.0	16.23832931816578	unmeasured genotype combination; viability untested
YDL021W	triple	3.9215946	8.768781	-0.8764340490102768	9.501215744018554	0.40474972128868114	20.41731910705566	0.3125	0.0	15.195109589397905	unmeasured genotype combination; viability untested
YDR263C	triple	1.3036928	10.858292	-2.076512372493744	6.419854593276977	0.20200541019439697	23.837969493865966	0.3125	0.0	16.066165524721146	unmeasured genotype combination; viability untested
YER002W	triple	1.8465394	7.4728036	-3.50449595451355	11.449906826019285	0.682032322883606	15.122834062576294	0.3125	0.0	14.697602260112761	unmeasured genotype combination; viability untested
YFR043C	triple	5.9701967	5.568352	-1.0666630476713181	18.565754127502437	-3.9861897826194763	15.427216815948483	0.3125	0.0	19.522911886870858	unmeasured genotype combination; viability untested
YGR054W	triple	4.5258665	2.7703338	-0.6259302020072937	11.368713521957398	-5.093466567993164	18.821268653869627	0.3125	0.0	17.954689472913742	unmeasured genotype combination; viability untested
YIL105C	triple	4.8462105	-1.3950884	-1.825186264514923	12.980153846740722	-7.050915193557739	5.864305043220518	0.3125	0.0	13.86028017401695	unmeasured genotype combination; viability untested
YIL121W	triple	6.097699	3.695881	1.112083101272583	13.248949718475338	-1.517382848262787	11.114219856262206	0.3125	0.0	12.384234660863875	unmeasured genotype combination; viability untested
YJL147C	triple	3.8031733	0.9302164	-3.9861070275306703	10.437714862823483	-7.303723287582398	9.893647336959837	0.3125	0.0	15.810596257448193	unmeasured genotype combination; viability untested
YJL176C	triple	2.013508	7.326193	-3.5691284775733947	7.568404436111448	-1.6967352032661438	21.699770832061763	0.3125	0.0	17.267019474506377	unmeasured genotype combination; viability untested
YJL184W	triple	8.18672	4.180495	0.6803478062152863	19.162628650665283	-5.054469060897827	14.73079309463501	0.3125	0.0	19.13377149999142	unmeasured genotype combination; viability untested
YJR052W	triple	3.6885314	10.016264	-2.3258217692375185	14.076025056838988	-5.066918408870697	25.898280525207518	0.3125	0.0	23.683522880077362	unmeasured genotype combination; viability untested
YJR140C	triple	4.859295	5.0727005	-1.7363643884658813	14.815192174911495	-3.9777915835380555	24.236239528655997	0.3125	0.0	22.382793837785712	unmeasured genotype combination; viability untested
YKL080W	triple	4.8028092	2.6246128	-2.153746175765991	14.48960747718811	-7.848160743713379	15.058657693862914	0.3125	0.0	19.775086045265198	unmeasured genotype combination; viability untested
YLR079W	triple	0.98075116	7.956646	-1.3255966186523438	4.7535499811172475	-0.913634443283081	17.293903064727782	0.3125	0.0	12.143342053890226	unmeasured genotype combination; viability untested
YLR226W	triple	0.58503824	9.446333	-3.359799385070801	3.9781026959419252	-0.4577129542827606	18.52175827026367	0.3125	0.0	13.15868665277958	unmeasured genotype combination; viability untested
YML115C	triple	3.422902	-1.0662988	-2.1363616585731506	9.092643451690673	-9.66393313407898	4.561420106887817	0.3125	0.0	12.72717917561531	unmeasured genotype combination; viability untested
YMR044W	triple	1.3089147	8.852768	-3.187791895866394	6.675072050094604	-0.9146730363368988	21.663280963897705	0.3125	0.0	16.220408973097804	unmeasured genotype combination; viability untested
YMR058W	triple	6.265624	2.5880272	0.004725348949432384	15.01869592666626	-4.199386250972748	9.288604879379273	0.3125	0.0	14.250980854034424	unmeasured genotype combination; viability untested
YOR166C	triple	3.9026704	8.002747	-0.8426090121269225	9.866486930847168	-0.613746178150177	19.012165641784662	0.3125	0.0	15.167503881454465	unmeasured genotype combination; viability untested
YOR369C	triple	6.554784	9.100746	1.9913501977920531	14.073198080062864	-0.07173877954483032	28.258142566680903	0.3125	0.0	20.20586461424827	unmeasured genotype combination; viability untested
YPR012W	triple	2.7056785	5.1795654	-2.7321118354797362	11.267696809768672	0.0800901234149933	12.161922693252563	0.3125	0.0	13.04082060754299	unmeasured genotype combination; viability untested
YPR185W	triple	5.9570003	1.0718533	-1.2496224761009216	17.843887710571284	-4.877783250808716	9.442965650558465	0.3125	0.0	16.707129544019693	unmeasured genotype combination; viability untested
YPR194C	triple	6.514056	7.0934467	-0.892056480050087	16.064175271987914	-1.918248689174652	19.74461841583252	0.3125	0.0	19.309549428522587	unmeasured genotype combination; viability untested
YAL047C	triple	2.5633948	-0.9180687	-2.0067417502403258	7.788003897666931	-7.1832568645477295	6.787023401260375	0.28125	0.0	11.88251295685768	unmeasured genotype combination; viability untested
YBL052C	triple	3.4460084	9.638412	-2.2057026028633118	12.67039532661438	-0.32601272463798525	21.60168361663818	0.28125	0.0	18.401897135376927	unmeasured genotype combination; viability untested
YBL099W	triple	7.477121	7.5992994	-1.7066047191619873	20.676309490203856	0.3503961861133576	17.574449920654295	0.28125	0.0	19.80348397195339	unmeasured genotype combination; viability untested
YBR162W-A	triple	-1.0900582	0.34508508	-4.264046096801758	2.053280770778655	-4.035543549060821	6.57761445045471	0.28125	0.0	8.465242433547973	unmeasured genotype combination; viability untested
YDL083C	triple	3.7216554	2.9089007	-2.4376620054244995	9.644334793090819	-3.634244990348816	9.635038232803343	0.28125	0.0	12.675640010833739	unmeasured genotype combination; viability untested
YDL115C	triple	3.3942175	7.7304535	-2.809754288196564	10.186507415771484	0.2552950710058213	17.685181713104246	0.28125	0.0	15.213074173033235	unmeasured genotype combination; viability untested
YDL116W	triple	4.4164906	-2.86222	-1.9537922501564027	12.85800070762634	-9.207716417312621	2.2931158185005183	0.28125	0.0	13.15631259679794	unmeasured genotype combination; viability untested
YDR227W	triple	1.0354913	10.550009	-3.265779733657837	5.131828927993773	1.3678922414779664	26.36720151901245	0.28125	0.0	16.698458969593048	unmeasured genotype combination; viability untested
YDR279W	triple	5.3713984	3.417532	-2.0510380625724793	16.4659785747528	-3.71527841091156	16.22787265777588	0.28125	0.0	19.23008385300636	unmeasured genotype combination; viability untested
YDR448W	triple	2.5089688	9.61672	-2.597463619709015	11.675159406661983	-1.97534122467041	30.51210966110229	0.28125	0.0	23.380036956071848	unmeasured genotype combination; viability untested
YDR484W	triple	3.2325804	1.5213175	-1.1055127769708633	8.25188658237457	-7.393173408508301	15.21526322364807	0.28125	0.0	15.982917995750903	unmeasured genotype combination; viability untested
YGR093W	triple	5.165303	6.3648443	-1.4423151016235352	12.988564109802246	-4.716989803314209	18.990787124633787	0.28125	0.0	19.06932806968689	unmeasured genotype combination; viability untested
YGR196C	triple	1.4862623	4.564516	-3.3381835341453554	9.263509035110472	-3.384105587005615	15.195420980453491	0.28125	0.0	15.590609568357467	unmeasured genotype combination; viability untested
YGR252W	triple	0.9795244	7.669217	-2.6246339321136474	3.7438169479370114	-1.0678253591060638	18.201678371429445	0.28125	0.0	12.818977305293084	unmeasured genotype combination; viability untested
YIL069C	triple	2.3527863	3.3733125	-3.2008698344230653	7.881712198257445	-6.414545631408691	12.690282106399534	0.28125	0.0	15.093704885244367	unmeasured genotype combination; viability untested
YJL179W	triple	4.415629	3.067421	-2.9100277066230773	13.167409992218015	-3.926059973239899	13.322525358200071	0.28125	0.0	16.663011515140532	unmeasured genotype combination; viability untested
YLR119W	triple	3.1803021	6.435769	-2.060185444355011	9.615575456619261	-4.923715972900391	20.60754785537719	0.28125	0.0	18.603512364625928	unmeasured genotype combination; viability untested
YLR429W	triple	1.2978272	9.079691	-2.1128577709198	5.388454246520995	-0.23504135608673082	23.31842470169067	0.28125	0.0	15.5273890376091	unmeasured genotype combination; viability untested
YML104C	triple	2.171903	1.1375337	-3.3272797822952267	10.070979595184324	-4.780871486663818	12.680502367019653	0.28125	0.0	15.42981661558151	unmeasured genotype combination; viability untested
YMR014W	triple	1.4486907	6.0622997	-2.658111906051636	7.658833479881285	-2.110793352127075	19.283730792999265	0.28125	0.0	15.85573476552963	unmeasured genotype combination; viability untested
YNL047C	triple	4.574459	0.23494636	-2.24418044090271	12.423859310150144	-3.6658398032188417	5.170845389366149	0.28125	0.0	11.752362471818923	unmeasured genotype combination; viability untested
YPL246C	triple	10.136738	9.480011	1.1889000654220583	24.24465751647949	1.174798995256424	23.602832412719724	0.28125	0.0	22.741895434260364	unmeasured genotype combination; viability untested
YPL253C	triple	4.4736705	-1.1927849	-1.7362542390823363	14.800399541854858	-7.1369304180145265	9.154933309555048	0.28125	0.0	16.41425875425338	unmeasured genotype combination; viability untested
YPR023C	triple	3.138189	-0.16421403	-2.7517404198646545	11.419017887115476	-9.757379007339477	7.583809757232663	0.28125	0.0	15.755973535776135	unmeasured genotype combination; viability untested
YBR161W	triple	4.150062	-2.2225022	-0.27971138954162594	8.698695468902589	-7.167727041244507	2.6558185815811144	0.25	0.0	9.400976240634918	unmeasured genotype combination; viability untested
YBR216C	triple	-0.15110923	3.3726792	-3.893187236785889	5.220409131050109	-4.302677488327026	13.240986156463622	0.25	0.0	13.328630006313322	unmeasured genotype combination; viability untested
YDL160C	triple	3.2203555	8.494547	-1.6557590961456299	11.661170816421508	0.49467702209949493	24.072359848022458	0.25	0.0	18.44730636924505	unmeasured genotype combination; viability untested
YDR095C	triple	-2.0757155	1.2404459	-5.163111233711243	0.9767909854650494	-4.112192869186401	5.939195203781128	0.25	0.0	8.095645146071911	unmeasured genotype combination; viability untested
YEL030W	triple	3.9560745	3.71844	-0.10420070290565489	10.278739404678344	-3.0049132466316224	11.00227265357971	0.25	0.0	12.195063003897666	unmeasured genotype combination; viability untested
YFR014C	triple	0.47856286	5.3143644	-3.305843544006348	4.379311728477476	-1.4810750007629394	19.61917963027954	0.25	0.0	14.39270495176315	unmeasured genotype combination; viability untested
YGL036W	triple	2.9668546	-0.28451267	-1.2586429595947266	12.100854873657225	-8.594496870040894	5.64182925224304	0.25	0.0	13.797911977767942	unmeasured genotype combination; viability untested
YGR036C	triple	4.028805	0.002112627	-0.2622924625873565	10.995415449142456	-4.775868129730225	6.708979034423828	0.25	0.0	11.371277537941932	unmeasured genotype combination; viability untested
YGR129W	triple	2.5491033	5.313949	-2.9436958789825436	12.479529857635498	-2.5522562146186827	13.0972234249115	0.25	0.0	15.53635268807411	unmeasured genotype combination; viability untested
YGR142W	triple	0.6235637	5.25928	-3.310681104660034	6.812315011024474	-4.354086339473724	15.984819269180297	0.25	0.0	15.230950862169266	unmeasured genotype combination; viability untested
YIL011W	triple	4.0649548	5.1298532	-1.6640169143676757	11.063176822662353	-1.7837888836860656	11.125633907318115	0.25	0.0	12.818308264017105	unmeasured genotype combination; viability untested
YLL001W	triple	4.7969623	10.13974	-2.388218855857849	12.602652502059936	0.6768131345510483	25.04129104614258	0.25	0.0	19.67767463475466	unmeasured genotype combination; viability untested
YLR139C	triple	2.7054164	4.6178627	-2.9918740034103393	12.194128084182738	-2.0589795827865602	13.204036855697632	0.25	0.0	15.224509263038636	unmeasured genotype combination; viability untested
YML096W	triple	4.6121387	5.7666407	-1.7392049074172973	11.578965234756469	0.7311248540878297	11.90163311958313	0.25	0.0	12.244339203834533	unmeasured genotype combination; viability untested
YMR091C	triple	3.7867234	8.5485935	-1.0487079709768294	10.82974338531494	-0.1307277381420135	23.215947246551508	0.25	0.0	17.612563170492646	unmeasured genotype combination; viability untested
YMR201C	triple	0.8511846	5.090698	-3.6425706148147583	7.533474779129027	-0.8693614304065704	15.474832963943479	0.25	0.0	13.760119894146916	unmeasured genotype combination; viability untested
YNL139C	triple	3.7169516	3.5949192	-3.863497531414032	14.100815486907955	-6.176733350753784	18.137882518768304	0.25	0.0	21.139464443922037	unmeasured genotype combination; viability untested
YOR132W	triple	7.85109	5.501255	-0.9091468542814254	23.083947849273677	-3.0878947734832765	18.431098842620845	0.25	0.0	22.756044159829614	unmeasured genotype combination; viability untested
YOR133W	triple	1.4265084	6.3557215	-2.891651928424835	6.131764984130859	-1.3620417356491088	15.407334089279175	0.25	0.0	12.89639636874199	unmeasured genotype combination; viability untested
YPR111W	triple	2.7477617	9.785578	-1.8043493986129762	7.689468860626221	0.6955343753099441	24.216437244415282	0.25	0.0	16.507360564172266	unmeasured genotype combination; viability untested
YAL035W	triple	1.9981629	7.609115	-1.9609356284141541	8.440257811546324	-0.41440309286117555	25.412456130981447	0.21875	0.0	18.11402633190155	unmeasured genotype combination; viability untested
YAR002W	triple	0.9648499	6.397052	-2.1242268562316893	4.852323603630065	-2.2453187704086304	19.254349517822266	0.21875	0.0	14.238109374046326	unmeasured genotype combination; viability untested
YBR043C	triple	5.013552	2.328806	0.20855987668037418	13.359119510650634	-2.175923788547516	8.130121421813964	0.21875	0.0	11.728302422165871	unmeasured genotype combination; viability untested
YBR067C	triple	4.4115663	4.9351215	-0.4301678895950317	10.078984546661378	-2.572189545631409	14.338762569427486	0.21875	0.0	13.710052275657652	unmeasured genotype combination; viability untested
YBR270C	triple	3.2268102	-0.42518604	-1.279070830345154	10.975411558151242	-4.746749639511108	6.453515481948851	0.21875	0.0	11.727373754978178	unmeasured genotype combination; viability untested
YBR275C	triple	2.08681	3.8245077	-2.229275476932526	6.292519640922546	-4.275296211242676	17.189989805221554	0.21875	0.0	14.99354056715965	unmeasured genotype combination; viability untested
YCL076W	triple	-1.0783508	-0.35766324	-4.3419993162155155	3.7002679705619808	-5.3302778720855715	5.022930979728695	0.21875	0.0	9.19773806929588	unmeasured genotype combination; viability untested
YDL001W	triple	4.319601	-0.2691769	-0.5236710369586944	9.944873189926147	-7.914404296875	5.4283123970031735	0.21875	0.0	11.905630460381508	unmeasured genotype combination; viability untested
YDR359C	triple	2.92266	8.245025	-0.8164056271314621	8.957163906097412	2.4566569566726684	15.651652002334593	0.21875	0.0	11.4842822894454	unmeasured genotype combination; viability untested
YDR447C	triple	-0.035813093	-0.18619126	-3.7906908631324767	4.352302980422974	-5.870661067962646	6.356523609161376	0.21875	0.0	10.185089260339737	unmeasured genotype combination; viability untested
YDR495C	triple	1.5194361	-3.6187844	-2.494731616973877	6.066707038879393	-12.979473066329955	4.087893152236937	0.21875	0.0	12.81440243721008	unmeasured genotype combination; viability untested
YDR501W	triple	1.1583362	6.0440636	-1.6488840699195861	4.155124545097351	-0.36139544248580924	15.457029151916505	0.21875	0.0	10.811216604709626	unmeasured genotype combination; viability untested
YER164W	triple	2.1594815	5.5837593	-1.7326486706733704	7.769476509094236	-3.860710954666138	15.259028720855712	0.21875	0.0	14.310932427644728	unmeasured genotype combination; viability untested
YFR032C-A	triple	-1.4866595	-1.6824325	-4.315257632732392	1.7981903135776518	-4.633783578872681	2.015003019571304	0.21875	0.0	6.381117272377014	unmeasured genotype combination; viability untested
YGL133W	triple	3.9653718	7.056661	-2.152020502090454	12.601964330673216	-3.775142729282379	24.693980979919417	0.21875	0.0	21.611554270982733	unmeasured genotype combination; viability untested
YGL151W	triple	3.54917	2.06108	-2.3862293004989623	8.612437915802001	-8.007679748535157	11.722278022766112	0.21875	0.0	15.364312493801116	unmeasured genotype combination; viability untested
YGR006W	triple	3.4688115	3.4128537	-0.9313798308372497	9.048210525512696	-3.9993427395820618	16.40983352661133	0.21875	0.0	15.194383311271668	unmeasured genotype combination; viability untested
YGR056W	triple	3.940868	6.197196	-0.3801491022109984	11.137616586685178	-1.655480933189392	15.20336294174194	0.21875	0.0	14.188304781913754	unmeasured genotype combination; viability untested
YGR059W	triple	1.2950764	7.586649	-2.5349997162818907	5.942933249473572	-0.9331666111946105	19.33563528060913	0.21875	0.0	14.373367428779602	unmeasured genotype combination; viability untested
YGR250C	triple	2.8007169	4.602505	-2.0389407157897947	8.402316260337827	-1.3626393914222716	12.311933612823486	0.21875	0.0	12.05791499018669	unmeasured genotype combination; viability untested
YHL046C	triple	-0.5396038	-0.46539712	-4.183969402313233	3.970232903957365	-4.856518936157227	2.935509097576141	0.21875	0.0	7.973115170001983	unmeasured genotype combination; viability untested
YHR114W	triple	3.2434642	-4.0005217	-0.40145605802536005	8.011852598190307	-10.995740985870361	3.3230726122856122	0.21875	0.0	11.36606112718582	unmeasured genotype combination; viability untested
YIL085C	triple	3.174183	-0.46128625	-1.2949775129556655	8.253559827804565	-5.543744945526123	3.567119622230529	0.21875	0.0	9.329700954258442	unmeasured genotype combination; viability untested
YIL152W	triple	6.0474195	6.769554	-1.1215318411588668	20.87086591720581	-1.0924355387687683	21.857571506500243	0.21875	0.0	22.471202401816843	unmeasured genotype combination; viability untested
YKL011C	triple	1.9499656	2.6778846	-2.1138275861740112	6.974445962905883	-5.055860316753387	11.900386238098145	0.21875	0.0	13.022260051965713	unmeasured genotype combination; viability untested
YKR074W	triple	1.562024	7.365221	-1.8506535291671753	5.050372743606567	-0.9260814428329467	19.671181964874265	0.21875	0.0	13.749144840240476	unmeasured genotype combination; viability untested
YLR052W	triple	1.1491934	8.4368725	-2.242555320262909	5.303369545936584	0.04040758013725282	16.602361965179444	0.21875	0.0	12.053939625620842	unmeasured genotype combination; viability untested
YLR068W	triple	-0.44173005	2.310249	-4.5666752576828005	3.0242919445037835	-3.145072174072266	7.4226922512054445	0.21875	0.0	9.079365813732148	unmeasured genotype combination; viability untested
YLR095C	triple	2.332808	5.7173185	-1.319097912311554	6.805984473228454	-3.3927095413208006	17.21498618125915	0.21875	0.0	14.36638905405998	unmeasured genotype combination; viability untested
YLR221C	triple	0.71310985	6.761677	-3.2117887139320374	5.1495664596557615	-0.7139439582824707	17.526857948303224	0.21875	0.0	13.301078540086747	unmeasured genotype combination; viability untested
YLR257W	triple	1.9518828	4.245954	-3.7188438534736634	9.407441926002498	-3.7593194484710692	16.758767986297606	0.21875	0.0	16.82218660712242	unmeasured genotype combination; viability untested
YLR303W	triple	2.7350411	3.6632662	-1.616269826889038	8.5886323928833	-4.108028221130371	15.540286779403685	0.21875	0.0	14.926608610153195	unmeasured genotype combination; viability untested
YLR377C	triple	4.0392833	3.2773094	0.11192135810852055	9.507653284072875	-3.1613013982772826	7.812051534652709	0.21875	0.0	10.184542429447173	unmeasured genotype combination; viability untested
YML088W	triple	1.538065	1.9012573	-3.7735764145851136	8.428875041007993	-4.657615041732788	9.276523733139037	0.21875	0.0	13.068295115232466	unmeasured genotype combination; viability untested
YMR215W	triple	3.7425275	-1.6489749	-1.8058305263519288	10.35838232040405	-5.566910934448242	2.813734018802641	0.21875	0.0	10.272428900003431	unmeasured genotype combination; viability untested
YNL241C	triple	2.7978163	4.52427	-2.169004440307617	8.606610131263732	-2.1104777812957765	12.83254017829895	0.21875	0.0	12.859316265583038	unmeasured genotype combination; viability untested
YNL250W	triple	6.73477	2.7421527	-0.03729912042617797	20.132375621795653	-4.8197416305542	11.193773078918458	0.21875	0.0	18.091594725847244	unmeasured genotype combination; viability untested
YOL099C	triple	0.9189297	4.889032	-3.2050501704216003	6.025922751426695	-3.442872738838196	16.010994815826415	0.21875	0.0	14.342420238256453	unmeasured genotype combination; viability untested
YOL148C	triple	1.1966321	7.89546	-2.3623170018196107	4.481113743782044	0.02263177037239078	17.37760701179504	0.21875	0.0	12.09920299351215	unmeasured genotype combination; viability untested
YOR177C	triple	-0.76405424	1.2080076	-3.681239604949951	3.977249646186828	-2.490386629104614	6.8492847919464115	0.21875	0.0	8.499080336093902	unmeasured genotype combination; viability untested
YOR311C	triple	6.032404	5.292924	0.7806635797023773	11.639907455444336	-0.7682968974113464	13.285440969467162	0.21875	0.0	12.456490871310233	unmeasured genotype combination; viability untested
YOR320C	triple	4.200054	-0.49504274	0.3573028564453125	10.838410568237304	-6.769161748886108	4.150395917892456	0.21875	0.0	10.700332689285279	unmeasured genotype combination; viability untested
YPL045W	triple	0.42216504	-5.652342	-2.7200127720832823	5.092413806915284	-13.890116357803345	-0.5773064553737641	0.21875	0.0	10.562618240714073	unmeasured genotype combination; viability untested
YPL106C	triple	4.5637083	8.541595	-0.36061310172080996	9.739580345153808	0.12902526557445532	17.245133209228516	0.21875	0.0	13.608150695264339	unmeasured genotype combination; viability untested
YPL116W	triple	4.982938	4.074874	-0.23520928919315337	13.74350686073303	-2.657137942314148	12.830499410629269	0.21875	0.0	14.7331767514348	unmeasured genotype combination; viability untested
YPR042C	triple	2.204819	6.5568075	-1.9406625866889953	7.183300995826721	-0.6228312969207763	17.14100799560547	0.21875	0.0	13.443901437520982	unmeasured genotype combination; viability untested
YPR163C	triple	4.6199436	5.673378	-0.49591013193130495	11.722911119461058	-3.527633452415466	18.070632076263426	0.21875	0.0	16.908543390035625	unmeasured genotype combination; viability untested
YAL002W	triple	1.7143714	-2.819675	-1.9997430086135863	10.337491464614867	-7.306921768188476	2.021644437313078	0.1875	0.0	10.832900339365004	unmeasured genotype combination; viability untested
YBL063W	triple	1.7100649	1.9650685	-3.741865396499634	7.767918038368225	-2.7023884773254396	8.138610982894896	0.1875	0.0	11.175391447544097	unmeasured genotype combination; viability untested
YBR019C	triple	2.9434118	4.123973	-0.7282713204622269	6.679044580459594	-1.5078306555747987	9.679095983505247	0.1875	0.0	9.297121270000932	unmeasured genotype combination; viability untested
YBR041W	triple	2.168677	3.3460174	-2.8592753171920777	7.638222217559814	-1.8963517189025878	9.047441244125366	0.1875	0.0	10.720645248889923	unmeasured genotype combination; viability untested
YBR051W	triple	-0.4935866	0.28342682	-4.350752067565918	4.045889055728912	-4.2292670726776125	4.954075050354003	0.1875	0.0	8.789991623163223	unmeasured genotype combination; viability untested
YBR179C	triple	1.2864194	1.1176399	-4.371035408973694	8.307960581779477	-4.941883373260498	10.03976340293884	0.1875	0.0	13.830321383476255	unmeasured genotype combination; viability untested
YBR222C	triple	3.5738118	5.2479796	-1.9018598675727845	10.597918939590453	-1.7490411162376405	14.795885944366454	0.1875	0.0	14.522352933883667	unmeasured genotype combination; viability untested
YBR227C	triple	2.106598	4.491433	-3.434914064407349	7.571694493293761	-0.941673195362091	9.824368095397949	0.1875	0.0	10.886324924230575	unmeasured genotype combination; viability untested
YCL010C	triple	0.39381748	-1.5600003	-3.5306030988693236	4.411075139045715	-5.665196180343628	3.633464694023132	0.1875	0.0	8.6201695561409	unmeasured genotype combination; viability untested
YCR032W	triple	-0.04455792	0.7746508	-3.86160227060318	4.618244409561155	-3.5930081963539124	6.040642833709716	0.1875	0.0	9.05674885511398	unmeasured genotype combination; viability untested
YCR048W	triple	-0.20533207	3.2556562	-3.9443445205688477	3.6743932366371155	-2.991432321071625	10.101141881942748	0.1875	0.0	10.355655980110168	unmeasured genotype combination; viability untested
YCR051W	triple	0.013001718	0.79160714	-3.390455651283264	5.5057613849639875	-4.774137651920318	9.724873161315918	0.1875	0.0	11.697613924741743	unmeasured genotype combination; viability untested
YCR066W	triple	1.3394178	2.3475723	-1.9117982983589172	4.92728910446167	-3.9896913409233092	12.955943870544433	0.1875	0.0	11.892361307144164	unmeasured genotype combination; viability untested
YDL073W	triple	4.47647	4.68179	-2.312840390205383	14.484683990478514	-2.87461371421814	15.876390886306762	0.1875	0.0	17.7742644906044	unmeasured genotype combination; viability untested
YDR027C	triple	2.4964974	-0.8020923	-1.3631604194641114	7.118590664863586	-7.508985137939453	7.0374394893646235	0.1875	0.0	11.514087855815887	unmeasured genotype combination; viability untested
YDR158W	triple	5.5209985	5.012849	-1.0490358710289	15.549710416793822	-1.9455295205116272	14.564815139770507	0.1875	0.0	16.55454547405243	unmeasured genotype combination; viability untested
YDR181C	triple	-0.09009273	4.9798474	-3.317020606994629	3.607334780693054	-2.8359485983848574	13.82727336883545	0.1875	0.0	11.793788677453994	unmeasured genotype combination; viability untested
YDR306C	triple	0.2954947	-0.78265893	-4.134411704540253	5.4878309011459345	-5.221566009521484	5.05055296421051	0.1875	0.0	9.94718078970909	unmeasured genotype combination; viability untested
YDR403W	triple	0.30318195	0.8674163	-3.5606364011764526	5.366936206817626	-3.935233938694	6.100074911117552	0.1875	0.0	9.481440728902816	unmeasured genotype combination; viability untested
YDR500C	triple	-1.2406183	-2.3967843	-3.735175621509552	1.5464557051658623	-5.403029203414917	1.6385801792144772	0.1875	0.0	6.161620354652404	unmeasured genotype combination; viability untested
YEL054C	triple	-0.20750675	1.1536611	-4.191510272026062	4.0264232516288745	-4.0517889857292175	7.950600242614745	0.1875	0.0	10.11016137599945	unmeasured genotype combination; viability untested
YER001W	triple	3.36264	0.32190853	-1.720526921749115	9.462140560150146	-3.516071081161499	5.6607838392257674	0.1875	0.0	10.179761201143265	unmeasured genotype combination; viability untested
YER047C	triple	0.3423378	1.1255193	-3.4554733991622926	3.958570396900175	-4.780457019805908	7.073246812820434	0.1875	0.0	9.633873814344405	unmeasured genotype combination; viability untested
YER068C-A	triple	-0.7222921	-0.38717422	-4.269538760185242	3.997717583179474	-5.677443885803223	6.236240673065185	0.1875	0.0	10.090470451116563	unmeasured genotype combination; viability untested
YER103W	triple	5.0126295	3.2647295	0.43317770063877103	11.545468807220457	-3.1863372802734373	13.275804042816159	0.1875	0.0	13.787216214835642	unmeasured genotype combination; viability untested
YER173W	triple	1.7833992	2.1494844	-3.6207314014434813	6.090341329574584	-3.1657410621643067	7.396016788482666	0.1875	0.0	10.13641529083252	unmeasured genotype combination; viability untested
YFR032C	triple	0.36572775	10.131539	-2.3905264496803285	5.080354905128479	0.9162635624408723	26.888627815246583	0.1875	0.0	16.721622803807257	unmeasured genotype combination; viability untested
YGL029W	triple	-0.72961265	-0.71928763	-4.223095345497131	3.6988902568817132	-5.438646841049194	5.101973056793212	0.1875	0.0	9.231302750110626	unmeasured genotype combination; viability untested
YGL050W	triple	3.8376446	5.0468783	-2.6453219413757325	13.426936197280883	-2.757081425189972	16.38405098915099	0.1875	0.0	17.60669527649879	unmeasured genotype combination; viability untested
YGL144C	triple	6.2711725	4.330439	0.4011820435523987	19.90475139617919	-3.3677865266799927	17.273541545867914	0.1875	0.0	20.07244871258735	unmeasured genotype combination; viability untested
YGL164C	triple	1.3837308	-2.0082424	-1.8412614107131957	5.412436604499817	-6.252910375595093	3.4047748208045956	0.1875	0.0	8.45569160580635	unmeasured genotype combination; viability untested
YGL216W	triple	3.4804995	2.5591798	-3.3290414094924925	14.718673419952392	-3.4027196407318114	12.625409173965455	0.1875	0.0	17.037921822071077	unmeasured genotype combination; viability untested
YGR041W	triple	-0.4383311	0.9781997	-3.6142547369003295	3.1842885136604298	-5.010711574554444	7.139970493316651	0.1875	0.0	9.474612659215927	unmeasured genotype combination; viability untested
YGR130C	triple	2.0057895	-1.1178886	-2.5967266082763674	9.207832527160644	-7.607713222503662	4.799814116954802	0.1875	0.0	12.106043237447738	unmeasured genotype combination; viability untested
YGR215W	triple	0.47294226	0.0725742	-3.8766521334648134	5.442852568626404	-4.168355226516724	6.0343088626861565	0.1875	0.0	9.76108439564705	unmeasured genotype combination; viability untested
YGR222W	triple	1.2665676	3.483675	-1.9719846367835998	5.854922032356261	-3.6389177441596985	11.933128881454467	0.1875	0.0	11.699476647377013	unmeasured genotype combination; viability untested
YHL026C	triple	1.4406663	2.1281972	-2.728762984275818	6.329626679420469	-3.987790834903717	7.415904664993286	0.1875	0.0	10.231042581796645	unmeasured genotype combination; viability untested
YHR077C	triple	2.357463	7.077233	-3.5679760217666625	13.222830200195304	-1.0855056762695312	24.314408111572263	0.1875	0.0	21.095360004901877	unmeasured genotype combination; viability untested
YHR110W	triple	-1.4044613	-0.6434072	-4.346605205535889	1.4817852079868314	-5.271882724761963	3.7960757970809933	0.1875	0.0	7.448174467682839	unmeasured genotype combination; viability untested
YIL036W	triple	0.88520455	4.1870284	-1.8998116493225097	3.869563543796539	-2.85402774810791	11.323486232757569	0.1875	0.0	9.973444586992263	unmeasured genotype combination; viability untested
YIL101C	triple	2.857061	4.7342854	-1.8150968551635742	8.72286112308502	-2.427193510532379	11.008353042602538	0.1875	0.0	11.986752265691756	unmeasured genotype combination; viability untested
YIR004W	triple	0.33969438	4.2352757	-4.032024872303009	5.56771080493927	-1.5594571590423585	12.209140157699583	0.1875	0.0	11.684166496992109	unmeasured genotype combination; viability untested
YJL036W	triple	-0.2986288	-2.6050787	-3.717234206199646	3.1588876247406006	-6.730256700515747	1.9318445205688473	0.1875	0.0	7.76911152601242	unmeasured genotype combination; viability untested
YJR080C	triple	5.860957	3.6072412	-0.718078863620758	19.819582366943358	-3.841675889492035	14.921252298355101	0.1875	0.0	19.650294709205625	unmeasured genotype combination; viability untested
YJR120W	triple	-0.8860963	0.025081992	-4.499681353569031	3.793487882614135	-4.91737060546875	3.3411241412162775	0.1875	0.0	8.275831991434096	unmeasured genotype combination; viability untested
YKL057C	triple	-0.6505075	-2.5367794	-3.5388695001602173	4.189768993854521	-7.9960511207580565	2.787130916118621	0.1875	0.0	9.255910265445708	unmeasured genotype combination; viability untested
YKL061W	triple	3.7009058	2.463193	-4.210501778125763	18.873429870605467	-3.610452747344971	15.788029813766473	0.1875	0.0	21.241207104921337	unmeasured genotype combination; viability untested
YKR021W	triple	5.096304	6.898919	-1.8090501070022582	18.59732322692871	-2.3719080209732057	16.588993072509762	0.1875	0.0	19.683637213706966	unmeasured genotype combination; viability untested
YKR054C	triple	-0.17007594	0.550272	-3.515043759346008	4.119595289230347	-5.076417112350464	6.545460891723632	0.1875	0.0	9.628258526325226	unmeasured genotype combination; viability untested
YKR061W	triple	3.7740507	-0.033692732	-1.6256654977798461	9.225805377960203	-3.9519383311271667	4.535923337936401	0.1875	0.0	9.669666272401809	unmeasured genotype combination; viability untested
YLL033W	triple	2.6887865	2.5049572	-2.596896195411682	10.409012603759763	-3.168627309799194	15.252564191818236	0.1875	0.0	15.713550150394436	unmeasured genotype combination; viability untested
YLR035C	triple	1.9009403	4.462798	-3.0403858184814454	7.885737848281858	-2.1191352009773254	18.745034027099603	0.1875	0.0	15.895146447420116	unmeasured genotype combination; viability untested
YLR096W	triple	1.68549	4.9805517	-1.4532631278038024	8.206503772735594	-3.07734797000885	17.551324939727785	0.1875	0.0	15.144219905138016	unmeasured genotype combination; viability untested
YLR128W	triple	0.6357778	5.162662	-3.363613152503967	3.992880380153655	-2.3608792066574096	15.19824366569519	0.1875	0.0	12.457808202505111	unmeasured genotype combination; viability untested
YLR241W	triple	2.5641365	3.2877488	-3.021279489994049	16.36811466217041	-3.3087671279907225	15.743800592422481	0.1875	0.0	19.220980936288832	unmeasured genotype combination; viability untested
YLR247C	triple	4.7284627	7.624482	-1.7818739891052247	19.722260856628402	-2.32520877122879	29.040158081054674	0.1875	0.0	26.434750849008545	unmeasured genotype combination; viability untested
YLR248W	triple	-0.59084165	4.764717	-3.993655741214752	4.016195011138915	-3.0113252639770507	13.517249488830565	0.1875	0.0	12.269212752580641	unmeasured genotype combination; viability untested
YLR387C	triple	1.6862234	7.2886333	-1.8007551074028014	6.527467441558838	-0.462062805891037	16.977349567413327	0.1875	0.0	12.883817461133003	unmeasured genotype combination; viability untested
YLR455W	triple	0.88799334	4.261355	-2.621954393386841	5.360085844993591	-3.2410794734954833	17.23220291137695	0.1875	0.0	14.227661311626433	unmeasured genotype combination; viability untested
YML071C	triple	0.94029045	2.9262311	-2.134661304950714	4.659196043014526	-6.4994788646698	16.789469623565665	0.1875	0.0	15.041402918100353	unmeasured genotype combination; viability untested
YMR004W	triple	3.01035	4.1757116	-2.1072615146636964	10.109501314163207	-2.1180856227874756	12.5291784286499	0.1875	0.0	13.432013440132138	unmeasured genotype combination; viability untested
YMR027W	triple	4.8194532	6.007495	-0.9349203526973724	14.835652256011958	-0.585767787694931	16.61176834106445	0.1875	0.0	16.484054368734355	unmeasured genotype combination; viability untested
YMR090W	triple	3.8637297	3.8592205	-2.9599511504173277	11.24311442375183	-2.165090024471283	12.938835763931273	0.1875	0.0	14.653495681285857	unmeasured genotype combination; viability untested
YMR185W	triple	2.6520388	0.018932313	-0.9013887763023376	6.10022280216217	-9.73554449081421	8.95410380363464	0.1875	0.0	12.84562993645668	unmeasured genotype combination; viability untested
YMR242C	triple	1.2203466	1.0322473	-2.925247144699097	7.915196180343626	-3.484849977493286	5.956707286834715	0.1875	0.0	10.141000294685362	unmeasured genotype combination; viability untested
YMR310C	triple	3.109015	0.49230492	-2.2557326793670653	13.634482812881469	-4.906899118423462	7.442659044265746	0.1875	0.0	14.119886827468871	unmeasured genotype combination; viability untested
YNL041C	triple	3.221142	2.2211533	-1.9270225405693053	11.543115139007565	-6.481813049316406	10.994772195816038	0.1875	0.0	15.473361462354656	unmeasured genotype combination; viability untested
YNL148C	triple	1.6451707	0.7913193	-2.0317472338676454	6.956017303466794	-5.4610443115234375	7.202755451202393	0.1875	0.0	10.825782150030134	unmeasured genotype combination; viability untested
YNL184C	triple	-0.5227922	0.9809661	-3.413895285129547	2.7494775295257563	-4.5012119770050045	5.508827567100524	0.1875	0.0	8.086706179380416	unmeasured genotype combination; viability untested
YNL193W	triple	0.10682951	3.237884	-4.325267934799195	4.332185649871826	-4.233178234100341	14.007394075393677	0.1875	0.0	13.44901294708252	unmeasured genotype combination; viability untested
YOL054W	triple	0.8788647	6.5855284	-3.0147550821304323	4.213758432865142	-0.7154699444770812	25.279177665710446	0.1875	0.0	16.611580562591552	unmeasured genotype combination; viability untested
YOR076C	triple	2.3498368	6.3738637	-1.5664522290229796	7.340517139434812	-0.5806805491447449	15.488690948486328	0.1875	0.0	12.488170433044434	unmeasured genotype combination; viability untested
YOR124C	triple	2.3364558	4.628716	-3.514130640029907	7.273190116882324	-1.9684269428253174	18.472011756896972	0.1875	0.0	15.61387972831726	unmeasured genotype combination; viability untested
YOR126C	triple	2.9990556	4.564002	-0.6717669904232025	10.316659927368164	-0.06052733659744261	11.178897953033447	0.1875	0.0	11.113926103711128	unmeasured genotype combination; viability untested
YOR191W	triple	-0.41778725	3.546437	-3.5724140405654907	2.6432338416576373	-4.384927558898926	17.99982800483703	0.1875	0.0	14.300201722979542	unmeasured genotype combination; viability untested
YOR198C	triple	1.2895269	3.0892959	-2.5163112759590147	5.0929466724395756	-4.09400304555893	11.019024419784545	0.1875	0.0	11.361142706871032	unmeasured genotype combination; viability untested
YPR046W	triple	2.287088	0.76395214	-1.8582061529159546	10.80284671783447	-4.988024091720581	7.640201377868652	0.1875	0.0	12.644639170169828	unmeasured genotype combination; viability untested
YPR172W	triple	4.721445	5.0337324	-0.04366371631622312	11.131245613098141	-1.4854432821273804	13.673951911926267	0.1875	0.0	13.167152261734007	unmeasured genotype combination; viability untested
YAL059W	triple	1.4868703	4.6631694	-4.288774609565735	6.773207640647888	-1.1570951461791992	13.041044712066649	0.15625	0.0	12.630061054229735	unmeasured genotype combination; viability untested
YBL101C	triple	3.3095245	2.9876184	-1.1940404415130614	11.19338240623474	-2.89283891916275	10.147116756439209	0.15625	0.0	12.71368926167488	unmeasured genotype combination; viability untested
YBR045C	triple	0.077810526	4.5638933	-2.844241762161255	3.6052011728286737	-2.1493024230003357	12.155139207839964	0.15625	0.0	10.376942282915113	unmeasured genotype combination; viability untested
YBR090C	triple	-0.8111735	0.54264706	-4.050150537490845	3.2100172758102414	-4.029827892780304	5.092527389526366	0.15625	0.0	8.19126154780388	unmeasured genotype combination; viability untested
YBR163W	triple	2.5609503	2.0846734	-2.1031396985054016	8.449101495742797	-3.278026056289673	7.727337455749511	0.15625	0.0	10.778802353143693	unmeasured genotype combination; viability untested
YBR177C	triple	2.5589042	2.5900931	-2.255240786075592	9.502529573440547	-3.2419161081314085	8.855214023590088	0.15625	0.0	11.927450245618818	unmeasured genotype combination; viability untested
YBR188C	triple	0.23602718	2.651549	-3.3910168409347534	6.06515746116638	-3.1008416414260864	12.01980533599853	0.15625	0.0	12.288410639762875	unmeasured genotype combination; viability untested
YBR245C	triple	0.37109488	7.1096053	-2.7075968265533445	4.904660153388977	-0.4739183664321899	17.387099599838255	0.15625	0.0	12.736637473106384	unmeasured genotype combination; viability untested
YBR274W	triple	0.616718	2.8333626	-3.2188164591789246	3.4203289866447446	-3.594895398616791	11.034874534606933	0.15625	0.0	10.634457689523696	unmeasured genotype combination; viability untested
YCL008C	triple	1.3156444	-1.9863938	-2.6884066581726076	5.602791666984558	-6.086332654953003	3.1094724297523477	0.15625	0.0	8.743501704931258	unmeasured genotype combination; viability untested
YCL024W	triple	1.9251268	4.1538186	-1.7000597596168519	6.633402323722837	-2.2476550459861757	11.785501766204833	0.15625	0.0	11.18330944776535	unmeasured genotype combination; viability untested
YCL039W	triple	1.5127757	2.7879562	-2.3313531994819643	7.18041729927063	-3.4705773830413817	12.798652887344359	0.15625	0.0	12.890500384569167	unmeasured genotype combination; viability untested
YCR001W	triple	-1.0342861	0.331464	-3.9605692267417907	1.2847317218780516	-4.054639351367951	5.842072296142578	0.15625	0.0	7.5710062980651855	unmeasured genotype combination; viability untested
YCR028C	triple	2.6331952	3.3375282	-1.0309036403894425	6.0688069581985475	-2.097631812095642	9.75210347175598	0.15625	0.0	9.474722941219806	unmeasured genotype combination; viability untested
YCR082W	triple	2.774518	3.9804533	-3.1804473876953123	8.869797515869141	-4.915428590774536	13.845273065567016	0.15625	0.0	15.405473279953004	unmeasured genotype combination; viability untested
YCR084C	triple	2.6973143	4.6011944	-0.5824866592884064	6.567515730857849	-2.3029677629470826	11.957847118377686	0.15625	0.0	10.705408635735512	unmeasured genotype combination; viability untested
YCR095C	triple	0.60839236	2.889895	-2.6923652291297913	4.8863249778747555	-5.778943109512329	14.406460523605343	0.15625	0.0	13.88204692006111	unmeasured genotype combination; viability untested
YDL026W	triple	2.2317715	3.3103342	-3.3911815166473387	8.164693832397461	-2.2969369411468508	9.642648696899412	0.15625	0.0	11.747730493545532	unmeasured genotype combination; viability untested
YDL130W-A	triple	-0.272811	1.5404274	-3.0032598257064818	3.1091084122657775	-2.767997407913208	5.314229798316955	0.15625	0.0	7.097297722101211	unmeasured genotype combination; viability untested
YDL223C	triple	0.58480847	-2.1550493	-3.241509473323822	3.9164965271949765	-6.228670835494995	1.8651084065437316	0.15625	0.0	7.625892621278762	unmeasured genotype combination; viability untested
YDR129C	triple	2.5142953	-5.0053916	-0.6246177583932877	7.047934818267821	-10.381886291503907	0.37046518027782394	0.15625	0.0	9.21245202422142	unmeasured genotype combination; viability untested
YDR165W	triple	1.8233242	4.7960386	-1.8048508524894715	6.352203607559204	-1.8839801430702208	16.785340404510492	0.15625	0.0	13.413187503814694	unmeasured genotype combination; viability untested
YDR195W	triple	3.4649544	1.4386941	-3.1217885375022885	16.061979770660397	-5.210844278335571	12.586867094039917	0.15625	0.0	18.490739840269086	unmeasured genotype combination; viability untested
YDR221W	triple	-1.059065	-0.21997641	-3.8159074664115904	2.8724021315574637	-3.6136853456497193	4.2014688611030575	0.15625	0.0	7.251731902360915	unmeasured genotype combination; viability untested
YDR230W	triple	-0.20397513	1.1013072	-2.6431891560554504	3.2668619632720928	-4.499653339385986	6.169407272338867	0.15625	0.0	8.289555865526196	unmeasured genotype combination; viability untested
YDR284C	triple	1.313771	0.36553484	-2.08607360124588	5.396266102790831	-4.605375480651856	6.122941923141478	0.15625	0.0	9.105328553915022	unmeasured genotype combination; viability untested
YDR285W	triple	-0.58583975	-1.3138993	-3.7845926880836487	2.22372167110443	-6.054638290405274	5.2043894767761225	0.15625	0.0	8.633671063184739	unmeasured genotype combination; viability untested
YDR312W	triple	1.366893	2.976541	-2.8684301137924195	8.4454372882843	-4.027601146697998	12.668751335144043	0.15625	0.0	14.005109941959379	unmeasured genotype combination; viability untested
YDR330W	triple	1.9941183	5.9591713	-1.0114638477563858	5.770374798774719	-2.9401349186897274	22.382507228851317	0.15625	0.0	16.052240397036076	unmeasured genotype combination; viability untested
YDR347W	triple	0.7963063	3.0836425	-3.974216091632843	6.0882054328918445	-3.0088260412216186	10.633461427688598	0.15625	0.0	11.852354496717453	unmeasured genotype combination; viability untested
YDR378C	triple	1.7995392	5.241002	-1.8501429319381715	5.858871507644652	-0.5286363780498504	13.688039922714234	0.15625	0.0	10.962845370173454	unmeasured genotype combination; viability untested
YDR462W	triple	1.8375864	2.0670788	-3.2444961071014404	9.203214192390437	-2.9791163206100464	8.891368341445919	0.15625	0.0	12.159097480773921	unmeasured genotype combination; viability untested
YDR482C	triple	-0.655285	0.1357798	-4.230785119533539	2.474117803573607	-4.147259795665741	4.972105574607849	0.15625	0.0	7.912134146690368	unmeasured genotype combination; viability untested
YDR496C	triple	0.81756043	3.066816	-4.092464983463287	5.706338453292844	-4.017625391483307	13.283745098114009	0.15625	0.0	13.550086963176724	unmeasured genotype combination; viability untested
YDR507C	triple	0.9889148	6.202676	-2.469727027416229	5.82267415523529	-2.8413690328598022	18.98667440414429	0.15625	0.0	15.060222309827804	unmeasured genotype combination; viability untested
YDR522C	triple	0.8450217	-3.2441468	-3.6751914978027345	6.084142088890076	-7.760298776626587	2.6318985939025876	0.15625	0.0	10.075765478610993	unmeasured genotype combination; viability untested
YER011W	triple	3.8046196	2.9881063	-0.07869761586189267	10.48557696342468	-2.539992034435272	10.293857431411743	0.15625	0.0	11.699062022566794	unmeasured genotype combination; viability untested
YER024W	triple	0.8584796	1.3264674	-2.5515004992485046	5.362114644050598	-3.489840936660767	6.600102186203002	0.15625	0.0	9.001779133081435	unmeasured genotype combination; viability untested
YER069W	triple	6.4198	5.9820294	0.5720776945352555	18.496828269958495	-2.1554771184921266	17.68014574050903	0.15625	0.0	18.880186717212197	unmeasured genotype combination; viability untested
YER072W	triple	2.9649308	2.5534356	-1.504219651222229	9.019924354553222	-2.7531216144561768	5.835988759994507	0.15625	0.0	9.556627190113067	unmeasured genotype combination; viability untested
YER080W	triple	2.5475824	6.3726435	-0.038026678562164296	5.822629141807556	-0.5489680290222168	13.513146114349365	0.15625	0.0	9.961384981870651	unmeasured genotype combination; viability untested
YER166W	triple	3.2862759	1.4382493	-1.6088403820991517	9.995303440093995	-5.732151079177856	6.481354808807373	0.15625	0.0	11.908824855089186	unmeasured genotype combination; viability untested
YFR001W	triple	0.3858797	5.2898645	-3.928495454788208	5.244905543327331	-2.4965752840042112	13.797152662277222	0.15625	0.0	12.733564472198486	unmeasured genotype combination; viability untested
YGL095C	triple	2.5854678	1.8320311	-2.3796868681907655	8.111545348167418	-5.390859651565552	13.396827793121338	0.15625	0.0	14.639459830522537	unmeasured genotype combination; viability untested
YGL241W	triple	-0.014403254	2.979345	-3.896998393535614	2.8991542458534236	-5.2605944037437435	16.126097297668455	0.15625	0.0	14.091422170400616	unmeasured genotype combination; viability untested
YGL250W	triple	2.18258	5.7448606	-2.850897967815399	5.828710222244261	-1.4660589575767518	18.727816963195796	0.15625	0.0	14.436742055416104	unmeasured genotype combination; viability untested
YGR080W	triple	1.675288	-4.0046544	-2.5679123163223263	5.325664854049682	-9.368205738067626	0.9399094492197037	0.15625	0.0	9.10084617882967	unmeasured genotype combination; viability untested
YGR154C	triple	2.1235652	3.9940426	-0.7573484003543853	6.835480141639708	-0.7899891138076782	10.777035093307495	0.15625	0.0	9.579926374554633	unmeasured genotype combination; viability untested
YGR202C	triple	0.9649386	3.6589952	-3.6156699419021607	5.958772706985473	-2.400204658508301	11.113937377929688	0.15625	0.0	11.54429234266281	unmeasured genotype combination; viability untested
YGR210C	triple	1.1310301	5.0911846	-2.125639522075653	4.983551001548767	-0.6261476635932922	13.859971475601196	0.15625	0.0	10.797654831409453	unmeasured genotype combination; viability untested
YHL016C	triple	-0.10570538	-0.13095793	-3.6609628438949584	3.4985070705413817	-5.068049526214599	3.737432050704956	0.15625	0.0	7.982475745677947	unmeasured genotype combination; viability untested
YHL030W	triple	1.2873292	1.7647141	-2.2921848773956297	6.213503384590148	-6.083647584915161	9.532348775863648	0.15625	0.0	12.060842311382293	unmeasured genotype combination; viability untested
YHR066W	triple	0.27949053	2.4502568	-4.621469497680664	5.646755123138427	-3.1673271536827086	7.9091814994812	0.15625	0.0	10.6723666369915	unmeasured genotype combination; viability untested
YHR078W	triple	0.42515263	1.3859994	-2.3468202352523804	6.028048181533813	-4.092679893970489	11.90411992073059	0.15625	0.0	12.185834115743635	unmeasured genotype combination; viability untested
YHR104W	triple	1.4112704	3.0362039	-2.95482542514801	6.961290121078489	-0.9671601176261901	8.982167148590088	0.15625	0.0	9.93272140622139	unmeasured genotype combination; viability untested
YHR156C	triple	2.9988453	4.063962	-1.6548444271087646	8.464791011810302	-2.9771305918693542	12.282388353347777	0.15625	0.0	12.6895771920681	unmeasured genotype combination; viability untested
YHR184W	triple	0.007900476	6.711795	-2.889593255519867	4.752038431167602	-0.9210208773612976	16.044054841995237	0.15625	0.0	12.303353703022001	unmeasured genotype combination; viability untested
YIL095W	triple	1.8558533	5.848367	-2.0182785868644713	6.5719609498977665	-0.3124050736427307	16.397773456573482	0.15625	0.0	12.650209033489224	unmeasured genotype combination; viability untested
YJL049W	triple	0.9669519	-0.69201463	-2.9735750436782835	5.788906669616699	-8.489340448379517	6.0907958984375	0.15625	0.0	11.671309030056	unmeasured genotype combination; viability untested
YJL063C	triple	0.61785966	-0.5641393	-4.2034747958183285	6.142080140113829	-4.8969313621521	4.154589176177978	0.15625	0.0	9.698537737131117	unmeasured genotype combination; viability untested
YJL105W	triple	1.9378668	4.2312164	-2.0876502275466917	9.234077644348144	-2.005940556526184	13.31746115684509	0.15625	0.0	13.322564792633056	unmeasured genotype combination; viability untested
YJL148W	triple	-0.7032889	1.5588869	-3.682235097885132	2.7823852539062495	-2.42542450428009	5.596988010406494	0.15625	0.0	7.243516433238983	unmeasured genotype combination; viability untested
YJL177W	triple	-1.3176525	-1.344696	-5.272225260734558	4.096811330318451	-5.3748016357421875	3.2314028978347764	0.15625	0.0	8.987620562314987	unmeasured genotype combination; viability untested
YJR010C-A	triple	4.1814733	5.2563977	-1.1744563013315201	11.936437892913817	-1.2874919891357421	12.926426887512205	0.15625	0.0	13.662406535446642	unmeasured genotype combination; viability untested
YJR020W	triple	0.57424545	0.15174769	-3.673193025588989	5.6127159833908085	-3.9331960797309877	4.6181085109710684	0.15625	0.0	8.918606799840926	unmeasured genotype combination; viability untested
YJR119C	triple	2.5774753	2.8928306	-1.8126096606254578	7.188033747673034	-3.7048436880111693	8.924667739868163	0.15625	0.0	10.815077418088912	unmeasured genotype combination; viability untested
YKL017C	triple	3.0419776	5.546181	-2.5050341367721556	13.231111383438108	-0.45691611170768737	15.584477043151855	0.15625	0.0	15.888769337534903	unmeasured genotype combination; viability untested
YKL066W	triple	1.3053658	0.40577152	-3.2764846801757814	5.254348611831665	-4.861102151870727	5.17905259132385	0.15625	0.0	9.285494017601012	unmeasured genotype combination; viability untested
YKL143W	triple	1.0429597	6.4320335	-3.248512601852417	6.950620937347411	-2.1387612342834474	17.368111896514893	0.15625	0.0	14.853003334999084	unmeasured genotype combination; viability untested
YKL217W	triple	2.233313	2.2599564	-1.6987899541854858	7.523783445358276	-3.1717947006225584	7.827712440490723	0.15625	0.0	10.111040270328521	unmeasured genotype combination; viability untested
YKR036C	triple	1.2179744	2.5179052	-3.2131899118423464	6.840800762176514	-6.064656162261963	9.518415212631226	0.15625	0.0	12.818531024456025	unmeasured genotype combination; viability untested
YKR044W	triple	3.7376497	0.5354687	-2.220165121555328	9.644505929946897	-4.323425090312957	9.890078926086424	0.15625	0.0	13.039087533950802	unmeasured genotype combination; viability untested
YKR056W	triple	1.5129989	4.4141026	-2.833484172821045	7.77772090435028	-0.9762076735496521	9.75872344970703	0.15625	0.0	10.673068100214003	unmeasured genotype combination; viability untested
YKR075C	triple	0.32994357	0.532465	-3.5300785541534423	4.218466341495513	-4.585570573806763	6.1907847881317135	0.15625	0.0	9.262450128793716	unmeasured genotype combination; viability untested
YLL007C	triple	2.8626852	3.125037	-1.0642326027154922	9.590589094161984	-4.479177236557007	13.622331523895259	0.15625	0.0	14.378165228664871	unmeasured genotype combination; viability untested
YLL024C	triple	4.1672015	3.6785789	-0.3052780449390411	12.020253896713257	-2.881619954109192	12.710435342788694	0.15625	0.0	13.958793619275092	unmeasured genotype combination; viability untested
YLL025W	triple	-0.93529826	0.9794573	-3.7972042560577393	2.460135805606842	-4.161550605297089	5.1557512283325195	0.15625	0.0	7.787320947647094	unmeasured genotype combination; viability untested
YLL048C	triple	0.7313981	2.6790752	-2.532832670211792	5.200156950950622	-2.025835859775543	6.988828659057617	0.15625	0.0	8.373827069997787	unmeasured genotype combination; viability untested
YLL054C	triple	2.7973146	0.982687	-1.4771926999092102	10.062075948715208	-4.234687006473541	7.228034019470214	0.15625	0.0	11.500994837284086	unmeasured genotype combination; viability untested
YLL056C	triple	0.9049876	1.21186	-2.9060832619667054	5.275556254386901	-3.124644148349762	6.287430620193481	0.15625	0.0	8.796857142448424	unmeasured genotype combination; viability untested
YLR067C	triple	-1.1970054	-0.2053974	-3.469024085998535	1.1378166913986199	-3.9372013211250305	3.9231827378273008	0.15625	0.0	6.233612418174743	unmeasured genotype combination; viability untested
YLR093C	triple	0.094155714	-4.9919786	-2.5348371624946595	2.9784745454788206	-11.586737537384034	-0.09173396825790428	0.15625	0.0	8.504157638549806	unmeasured genotype combination; viability untested
YLR171W	triple	2.0689092	0.8384521	-2.3627237558364866	7.093320441246032	-6.505116271972656	7.913709974288939	0.15625	0.0	11.937435221672057	unmeasured genotype combination; viability untested
YLR205C	triple	3.9741306	0.64871144	-1.750707173347473	12.045403623580928	-6.0844944477081295	9.069024801254269	0.15625	0.0	14.4748150229454	unmeasured genotype combination; viability untested
YLR254C	triple	-0.6269488	-0.31775331	-4.104199457168579	2.560535454750061	-3.950987231731415	5.232427453994751	0.15625	0.0	7.924074798822403	unmeasured genotype combination; viability untested
YLR263W	triple	1.0276829	7.3550653	-2.1892977356910706	5.844233846664426	-3.065358817577362	22.678408527374266	0.15625	0.0	16.888649463653564	unmeasured genotype combination; viability untested
YLR267W	triple	0.8581736	-1.111533	-2.937056565284729	4.846184349060058	-7.915222072601319	4.643506717681883	0.15625	0.0	10.170984852313994	unmeasured genotype combination; viability untested
YLR325C	triple	0.5398824	-1.5925099	-4.006592524051666	4.660182666778564	-6.734713077545166	5.0493245124816895	0.15625	0.0	10.225406390428542	unmeasured genotype combination; viability untested
YLR327C	triple	0.4987701	-0.5963051	-3.58019859790802	4.521654438972472	-5.109897041320801	3.756925976276396	0.15625	0.0	8.484338027238845	unmeasured genotype combination; viability untested
YLR352W	triple	2.1427758	1.9309676	-2.167458438873291	8.293926525115968	-4.809998321533203	7.852335023880004	0.15625	0.0	11.561859154701231	unmeasured genotype combination; viability untested
YLR396C	triple	1.583997	3.9117312	-1.6999996304512024	7.480319929122923	-2.652694892883301	11.032521533966065	0.15625	0.0	11.432767993211746	unmeasured genotype combination; viability untested
YLR399C	triple	1.3681358	4.3961935	-3.8557465195655825	6.391288208961487	-0.23509051799774167	10.302986097335815	0.15625	0.0	10.392555671930314	unmeasured genotype combination; viability untested
YLR447C	triple	-0.6555521	-0.2098809	-3.611294078826904	4.488262152671814	-5.071897792816162	6.296005487442013	0.15625	0.0	9.733729755878446	unmeasured genotype combination; viability untested
YML068W	triple	0.9926026	2.0766594	-2.3362962365150453	6.010002565383911	-4.718935346603393	8.447722578048705	0.15625	0.0	10.756478363275527	unmeasured genotype combination; viability untested
YML109W	triple	1.044951	4.59905	-3.9334142208099365	5.098221445083618	-3.731452262401581	15.013032579421996	0.15625	0.0	13.888060253858566	unmeasured genotype combination; viability untested
YMR126C	triple	1.2006232	1.992681	-4.105863344669342	5.40285050868988	-4.627438974380493	10.522718667984007	0.15625	0.0	12.329435747861861	unmeasured genotype combination; viability untested
YMR160W	triple	2.9997177	3.1232436	-1.1400612980127334	7.151202845573424	-2.9853729248046874	8.386301231384277	0.15625	0.0	9.83146914988756	unmeasured genotype combination; viability untested
YMR183C	triple	1.8374665	-2.3071368	-1.5788107514381409	7.741314673423767	-7.453496742248535	2.507951176166534	0.15625	0.0	9.640786671638487	unmeasured genotype combination; viability untested
YMR233W	triple	-0.92854005	1.1442361	-3.963763654232025	2.2149891018867485	-6.232580614089966	7.985521364212035	0.15625	0.0	10.198427367210389	unmeasured genotype combination; viability untested
YMR257C	triple	-1.0083287	-0.61277676	-3.769194483757019	1.6880378365516662	-4.966143941879272	3.1272923111915585	0.15625	0.0	6.775334286689758	unmeasured genotype combination; viability untested
YMR311C	triple	0.07530269	6.0045433	-3.5242264747619627	3.2974105238914486	-1.0949256479740144	14.565913724899293	0.15625	0.0	11.24123818576336	unmeasured genotype combination; viability untested
YNL029C	triple	3.6592715	-0.9401809	0.22033069133758545	8.372626495361327	-6.449100971221924	4.502675867080688	0.15625	0.0	9.552036321163177	unmeasured genotype combination; viability untested
YNL044W	triple	0.70415044	2.605999	-4.056124484539032	5.403848958015439	-1.7895702242851257	7.8118301868438715	0.15625	0.0	9.530686926841735	unmeasured genotype combination; viability untested
YNL175C	triple	0.22562459	6.235309	-2.887761986255646	3.3932657361030567	-1.8299921870231628	15.240078830718993	0.15625	0.0	11.67554937005043	unmeasured genotype combination; viability untested
YNL230C	triple	1.6236565	6.4484076	-1.9032103538513183	5.295598101615904	-1.6494418382644653	17.392939281463622	0.15625	0.0	13.120594787597655	unmeasured genotype combination; viability untested
YNL248C	triple	1.0070702	4.730109	-2.1767618656158447	4.4286949634552	-1.3578261613845826	11.360256910324097	0.15625	0.0	9.661769950389862	unmeasured genotype combination; viability untested
YNL277W	triple	3.879016	4.029745	-0.9038212805986404	11.725991296768184	-2.0017179250717163	14.223103570938108	0.15625	0.0	14.427317036688324	unmeasured genotype combination; viability untested
YNR001C	triple	-0.019964553	1.2376418	-3.591781568527222	4.534053039550781	-4.257910585403442	6.731202507019042	0.15625	0.0	9.557473850250243	unmeasured genotype combination; viability untested
YNR047W	triple	2.9128842	0.05880995	-1.354519295692444	8.164872455596925	-4.977530860900879	5.873487949371336	0.15625	0.0	10.185205280780792	unmeasured genotype combination; viability untested
YNR055C	triple	3.760121	1.4107093	-0.23126572668552398	9.479930400848389	-2.8113505601882935	5.911340570449827	0.15625	0.0	9.216943629086018	unmeasured genotype combination; viability untested
YOL030W	triple	1.602148	-1.3013835	-2.3546141028404235	9.251057767868039	-5.3790160655975345	3.6201982259750363	0.15625	0.0	10.302443081140517	unmeasured genotype combination; viability untested
YOL033W	triple	1.8704579	4.1544676	-1.9398858189582824	8.051824140548703	-1.3384506583213807	9.907626390457153	0.15625	0.0	10.618893504142761	unmeasured genotype combination; viability untested
YOR034C	triple	1.3667133	0.94552916	-3.6240036249160767	8.201001620292661	-3.2695492267608643	4.954116153717041	0.15625	0.0	10.024335312843322	unmeasured genotype combination; viability untested
YOR258W	triple	5.167597	3.8066308	-0.977701798081398	17.79904789924621	-3.087347149848938	11.671005773544309	0.15625	0.0	16.767551310360428	unmeasured genotype combination; viability untested
YOR289W	triple	0.5390748	0.6106836	-3.7186198472976684	4.720406579971312	-4.093722867965698	6.989819574356078	0.15625	0.0	9.761284434795378	unmeasured genotype combination; viability untested
YPL121C	triple	-0.7718587	-0.4973395	-3.6972583055496218	2.501248347759246	-3.5105124950408935	3.5440559625625605	0.15625	0.0	6.626537555456161	unmeasured genotype combination; viability untested
YPL164C	triple	4.5342474	3.29701	0.24695266485214235	10.484503173828122	-1.9488314986228943	10.525451898574829	0.15625	0.0	11.355916953086851	unmeasured genotype combination; viability untested
YPL166W	triple	-0.7473289	0.46038544	-3.4631937980651855	3.005068016052246	-3.7115479469299317	5.78592047691345	0.15625	0.0	7.982865118980406	unmeasured genotype combination; viability untested
YPL173W	triple	0.7193462	4.889287	-2.7500063300132753	3.9456309795379636	-1.0488396644592286	13.015609407424927	0.15625	0.0	10.380043190717696	unmeasured genotype combination; viability untested
YPL232W	triple	1.280914	-2.2067077	-3.3635754585266113	8.288072419166562	-5.816304874420166	1.5852674484252929	0.15625	0.0	9.526610100269316	unmeasured genotype combination; viability untested
YPR116W	triple	0.5301251	0.79201674	-3.62872154712677	4.897715783119201	-4.090499198436737	6.142513847351074	0.15625	0.0	9.379725188016891	unmeasured genotype combination; viability untested
YPR153W	triple	1.8097241	2.4243386	-2.723094439506531	8.743431806564331	-2.6360552072525025	9.362672281265258	0.15625	0.0	11.73262686729431	unmeasured genotype combination; viability untested
YPR192W	triple	0.44800287	1.2995375	-2.996390736103058	3.7877160429954526	-2.3667863965034486	4.761700820922851	0.15625	0.0	6.956296998262404	unmeasured genotype combination; viability untested
YAL004W	triple	-0.5892599	-2.1047554	-3.787177121639252	2.1216261863708494	-5.822013807296753	3.578430950641632	0.125	0.0	7.654624032974243	unmeasured genotype combination; viability untested
YAL021C	triple	2.727747	-0.008135408	-0.40806517004966736	6.55524296760559	-9.929471492767334	8.479591751098631	0.125	0.0	12.686185690760611	unmeasured genotype combination; viability untested
YAR047C	triple	0.532827	1.707768	-3.8183292508125306	5.288102173805235	-4.522846984863281	8.903908920288085	0.125	0.0	11.266593664884567	unmeasured genotype combination; viability untested
YBL027W	triple	-0.70594764	-1.3226202	-5.300053358078003	2.7459761261939994	-5.884463787078857	3.044801330566405	0.125	0.0	8.487647300958631	unmeasured genotype combination; viability untested
YBL044W	triple	-0.7438655	0.11289343	-3.9800208687782286	2.2958072900772093	-4.466899931430817	5.569287919998168	0.125	0.0	8.156008005142212	unmeasured genotype combination; viability untested
YBL096C	triple	1.5416181	0.15229003	-2.8404101490974427	7.533472824096679	-4.030859124660492	6.588796997070312	0.125	0.0	10.496769547462463	unmeasured genotype combination; viability untested
YBR062C	triple	0.37771928	-0.57684433	-3.8808438897132875	5.171249771118163	-4.969936418533325	4.034646844863889	0.125	0.0	9.02833846211433	unmeasured genotype combination; viability untested
YBR128C	triple	0.9819727	0.44511718	-3.2158550143241884	7.072401118278501	-3.73252729177475	7.053122234344481	0.125	0.0	10.53695282936096	unmeasured genotype combination; viability untested
YBR147W	triple	1.6952169	2.8758674	-1.507166075706482	7.5730864763259875	-2.2074605226516724	7.663813352584839	0.125	0.0	9.47576321363449	unmeasured genotype combination; viability untested
YBR206W	triple	-1.052754	0.020732135	-3.7091207623481752	2.704177331924438	-3.921410834789276	4.013413906097412	0.125	0.0	7.174061417579651	unmeasured genotype combination; viability untested
YBR258C	triple	-0.07949802	-0.00097403675	-3.2239797115325928	3.440000236034392	-4.81401047706604	3.4885151505470273	0.125	0.0	7.483252787590025	unmeasured genotype combination; viability untested
YBR301W	triple	-0.7387569	-0.99158794	-4.349240267276764	2.3091263890266416	-4.803103733062744	3.552254056930541	0.125	0.0	7.506862223148345	unmeasured genotype combination; viability untested
YCL030C	triple	-0.29794842	0.92320955	-4.18493355512619	4.538176417350769	-3.1987583160400392	6.333543825149536	0.125	0.0	9.127706056833267	unmeasured genotype combination; viability untested
YCL048W	triple	-0.21910527	-2.0968966	-3.6088342666625977	4.263012647628783	-7.627834367752075	2.645997893810272	0.125	0.0	9.072839587926865	unmeasured genotype combination; viability untested
YCL069W	triple	1.1186776	3.140402	-1.946242594718933	4.37468944787979	-3.3315325498580934	8.763254404067993	0.125	0.0	9.207859498262405	unmeasured genotype combination; viability untested
YCR003W	triple	0.0062309504	-0.6867315	-3.006158447265625	6.474134707450866	-5.575580596923828	3.687673413753507	0.125	0.0	9.371773582696914	unmeasured genotype combination; viability untested
YCR047C	triple	0.3981278	0.5984243	-3.0634438157081605	4.306033325195313	-5.726921892166137	6.755022621154785	0.125	0.0	9.925710827112198	unmeasured genotype combination; viability untested
YCR106W	triple	0.4845613	0.6826149	-2.58609539270401	4.643800902366638	-4.1260231852531435	5.242953753471374	0.125	0.0	8.299436616897584	unmeasured genotype combination; viability untested
YDL005C	triple	0.28593385	2.452962	-3.1318654894828795	3.5092382669448847	-2.4451318621635436	10.471936273574826	0.125	0.0	9.779085946083068	unmeasured genotype combination; viability untested
YDL022W	triple	-0.63784397	0.6901481	-3.580572247505188	2.177581143379211	-5.092070817947388	6.354694509506223	0.125	0.0	8.602459359169005	unmeasured genotype combination; viability untested
YDL065C	triple	-0.45660657	-1.079421	-3.348770833015442	2.356516444683075	-4.918317604064941	2.6697515487670893	0.125	0.0	6.646678215265274	unmeasured genotype combination; viability untested
YDL089W	triple	0.92332184	1.7947111	-2.519503104686737	6.445702791213988	-2.405653381347656	7.849973583221435	0.125	0.0	9.610416430234908	unmeasured genotype combination; viability untested
YDL095W	triple	2.294807	2.3219461	-1.7752793550491333	8.90114240646362	-2.881596088409424	5.707916307449341	0.125	0.0	9.632967078685759	unmeasured genotype combination; viability untested
YDL099W	triple	-0.10361402	-0.29627627	-3.931634557247162	2.642452263832092	-5.1537535190582275	5.525214552879333	0.125	0.0	8.626527446508408	unmeasured genotype combination; viability untested
YDL149W	triple	0.52228564	3.474922	-2.737796127796173	4.763011097908019	-1.4958395481109619	9.277649211883544	0.125	0.0	9.137147992849348	unmeasured genotype combination; viability untested
YDL156W	triple	0.78001213	4.789044	-3.0115959644317627	4.145377278327942	-2.1559634685516356	10.634238719940184	0.125	0.0	9.973587715625762	unmeasured genotype combination; viability untested
YDR063W	triple	0.33317184	4.455951	-3.472220301628113	6.083268618583677	-2.319235587120056	16.03340644836425	0.125	0.0	13.954065477848047	unmeasured genotype combination; viability untested
YDR083W	triple	0.297256	4.5440083	-3.0127694487571715	3.355974948406219	-1.6957064151763916	13.481421709060669	0.125	0.0	10.772936260700225	unmeasured genotype combination; viability untested
YDR084C	triple	2.8672526	4.744795	-2.112587308883667	11.28958921432495	-2.462549316883087	14.193811511993408	0.125	0.0	15.029268676042555	unmeasured genotype combination; viability untested
YDR151C	triple	1.9975287	5.696755	-1.423159658908844	7.138148045539854	-3.2009872436523437	19.06290988922119	0.125	0.0	15.412602418661114	unmeasured genotype combination; viability untested
YDR152W	triple	-0.61667216	5.4814863	-3.8297075748443605	2.9249688625335692	-1.5731265425682068	18.45039119720459	0.125	0.0	13.389097088575362	unmeasured genotype combination; viability untested
YDR199W	triple	1.4047527	2.3569746	-2.3448957920074465	6.198565411567687	-3.5497048139572143	15.687004327774046	0.125	0.0	13.890085172653198	unmeasured genotype combination; viability untested
YDR233C	triple	1.6168061	4.186984	-2.4141059517860413	6.097942733764647	-2.734478271007538	12.653964376449583	0.125	0.0	11.950245666503903	unmeasured genotype combination; viability untested
YDR254W	triple	1.4776769	2.514074	-1.9509829044342042	6.987943029403686	-3.489909517765045	8.98413562774658	0.125	0.0	10.706485539674757	unmeasured genotype combination; viability untested
YDR283C	triple	4.0531836	4.9689455	-0.8143858939409256	11.771171712875367	-2.3720351815223695	19.572991657257077	0.125	0.0	17.26529222279787	unmeasured genotype combination; viability untested
YDR295C	triple	3.3064713	3.2262821	-2.2984126567840577	10.193838596343994	-5.034800672531128	12.800116491317748	0.125	0.0	15.163584208488466	unmeasured genotype combination; viability untested
YDR321W	triple	2.6878333	3.9023104	-2.0233765602111817	9.430674839019774	-0.944127231836319	10.768248653411865	0.125	0.0	11.58321364223957	unmeasured genotype combination; viability untested
YDR322W	triple	2.4636703	4.9300346	-2.520885956287384	8.1396324634552	-0.2850440144538877	11.386102199554442	0.125	0.0	11.165832316875456	unmeasured genotype combination; viability untested
YDR323C	triple	3.4522495	3.6057355	-1.9437398076057435	9.277677392959594	-3.0729846000671386	10.32433304786682	0.125	0.0	12.309367424249647	unmeasured genotype combination; viability untested
YDR357C	triple	0.6641732	1.0823148	-3.775487518310547	7.716210699081418	-2.7430710077285765	6.897101688385009	0.125	0.0	10.565935456752776	unmeasured genotype combination; viability untested
YDR384C	triple	-0.82358086	0.94386554	-3.918963634967804	2.4199312329292293	-4.3033642172813416	6.321806001663208	0.125	0.0	8.482032543420791	unmeasured genotype combination; viability untested
YDR419W	triple	-1.0128423	0.32211602	-3.4543202996253966	1.9084165692329407	-3.8510600447654726	7.041192674636839	0.125	0.0	8.127494794130325	unmeasured genotype combination; viability untested
YDR422C	triple	0.88044447	0.066897586	-2.34481338262558	4.685509920120239	-4.807332611083984	5.513100290298461	0.125	0.0	8.675378102064133	unmeasured genotype combination; viability untested
YDR490C	triple	0.9437489	4.690801	-2.462109160423279	8.50821006298065	-3.357369613647461	13.458057022094726	0.125	0.0	13.892872929573059	unmeasured genotype combination; viability untested
YDR524C	triple	2.0368097	1.5612639	-2.6184229969978334	10.754612684249878	-2.776897668838501	8.707232522964476	0.125	0.0	12.428582936525345	unmeasured genotype combination; viability untested
YEL048C	triple	2.2158556	1.0058155	-1.2280711412429808	7.14587094783783	-4.543831300735474	9.27996778488159	0.125	0.0	11.098870587348937	unmeasured genotype combination; viability untested
YEL072W	triple	3.5085783	3.8445287	-2.190805768966675	18.849312305450436	-2.1767956614494324	13.018070220947264	0.125	0.0	18.117491978406903	unmeasured genotype combination; viability untested
YER020W	triple	0.1579196	1.1018881	-3.1572911024093626	4.465293145179748	-4.123553788661956	6.095553398132323	0.125	0.0	8.920845717191694	unmeasured genotype combination; viability untested
YER037W	triple	2.0300765	5.3979435	-0.8289067536592484	5.9213392496109005	-0.7610193848609924	14.535594844818114	0.125	0.0	11.023430116474628	unmeasured genotype combination; viability untested
YER040W	triple	0.22872722	3.4906502	-2.4049989342689515	3.857486867904663	-0.9771883964538575	11.6898699760437	0.125	0.0	9.464772087335586	unmeasured genotype combination; viability untested
YER068W	triple	1.3243034	5.217167	-1.9221837401390076	4.708706533908843	-1.7441807746887208	11.98685812950134	0.125	0.0	10.180964589118954	unmeasured genotype combination; viability untested
YER087W	triple	0.2812063	0.03224951	-2.853161072731018	5.587105560302733	-4.371911525726318	3.8727516412734984	0.125	0.0	8.342464900016784	unmeasured genotype combination; viability untested
YER114C	triple	2.54776	1.7181885	-2.0982595562934874	8.532306337356566	-4.693716907501221	11.486046504974365	0.125	0.0	13.40516465306282	unmeasured genotype combination; viability untested
YER140W	triple	0.06862888	1.8320189	-3.493144762516022	4.386075246334074	-3.7228779911994936	8.901631307601926	0.125	0.0	10.25186465382576	unmeasured genotype combination; viability untested
YER176W	triple	0.8849553	2.5705	-2.8423937916755677	5.106652069091797	-3.0639968156814574	11.444604063034058	0.125	0.0	11.228823369741441	unmeasured genotype combination; viability untested
YER180C	triple	1.282696	6.192252	-2.1787943959236147	5.128166341781616	-1.9755005955696106	14.902914094924927	0.125	0.0	12.092687714099885	unmeasured genotype combination; viability untested
YFL047W	triple	1.6684265	-0.08308546	-2.3458393812179565	6.319621682167052	-4.271206331253052	5.602917242050168	0.125	0.0	9.269792318344114	unmeasured genotype combination; viability untested
YFR023W	triple	0.16662648	5.02772	-2.6917264223098756	2.864122581481933	-0.4055975675582886	12.930807542800903	0.125	0.0	9.4461270570755	unmeasured genotype combination; viability untested
YFR033C	triple	-0.9967046	-0.13464575	-3.7276956915855406	2.856840682029724	-5.244148445129395	5.103447246551513	0.125	0.0	8.466066032648087	unmeasured genotype combination; viability untested
YGL063W	triple	2.3031502	6.358109	-2.5807326316833494	10.759962892532347	-1.5151302456855773	13.373940944671629	0.125	0.0	14.114883357286452	unmeasured genotype combination; viability untested
YGL076C	triple	-0.29918087	0.26053888	-3.359189748764038	4.540647673606872	-6.072443962097168	6.3669744491577145	0.125	0.0	10.169627916812896	unmeasured genotype combination; viability untested
YGL079W	triple	0.760212	1.7509768	-2.9415248394012448	5.888666796684264	-4.731852388381958	8.7314621925354	0.125	0.0	11.146753108501432	unmeasured genotype combination; viability untested
YGL085W	triple	1.1091037	-0.049748555	-2.6121788740158083	6.3777682065963734	-3.1555386066436766	4.178868317604064	0.125	0.0	8.162177002429962	unmeasured genotype combination; viability untested
YGL108C	triple	-0.795902	-0.57305324	-3.3406890988349915	2.2020870447158813	-3.63942414522171	3.6877964854240415	0.125	0.0	6.434998387098312	unmeasured genotype combination; viability untested
YGL125W	triple	3.0944333	0.75115335	-1.49279705286026	10.727626514434814	-3.5146931409835815	5.049770545959473	0.125	0.0	10.392443627119064	unmeasured genotype combination; viability untested
YGL139W	triple	1.3121576	0.5798931	-2.9113197207450865	5.294351387023926	-3.778007912635803	6.018257236480712	0.125	0.0	9.000968128442764	unmeasured genotype combination; viability untested
YGL179C	triple	-0.5883914	0.39229983	-3.6093596458435058	3.406435012817382	-3.4640216588974	4.452733945846557	0.125	0.0	7.466275131702422	unmeasured genotype combination; viability untested
YGL195W	triple	-0.4074818	2.9298038	-3.702059495449066	3.4099166870117186	-5.603982400894165	12.145959854125975	0.125	0.0	12.430959218740462	unmeasured genotype combination; viability untested
YGL198W	triple	1.8410088	1.1473647	-3.2981809735298158	7.198480343818663	-2.7934804201126098	6.129821109771728	0.125	0.0	9.709981423616409	unmeasured genotype combination; viability untested
YGL227W	triple	2.034665	1.8930017	-1.9734087347984315	6.533836364746094	-3.661802017688751	7.501290798187255	0.125	0.0	9.835168957710266	unmeasured genotype combination; viability untested
YGL246C	triple	2.5127985	4.974264	-2.219768023490906	10.629579019546506	-3.0332509517669677	16.65077562332153	0.125	0.0	16.266686809062954	unmeasured genotype combination; viability untested
YGL261C	triple	-1.3664213	-0.4076925	-4.266018640995026	3.212787008285522	-4.6331339359283445	4.180493009090423	0.125	0.0	8.146216297149659	unmeasured genotype combination; viability untested
YGR038W	triple	2.3636348	0.635486	-2.057512652873993	8.394840741157529	-5.630922842025757	5.713438463211059	0.125	0.0	10.89835734963417	unmeasured genotype combination; viability untested
YGR062C	triple	2.3550618	3.0934954	-1.3215451836585999	8.071020531654357	-3.2813130617141724	9.193098926544188	0.125	0.0	10.933488851785658	unmeasured genotype combination; viability untested
YGR067C	triple	1.8633075	0.681102	-3.6573573112487794	7.712635254859923	-4.542424249649048	6.536757683753964	0.125	0.0	11.224587249755857	unmeasured genotype combination; viability untested
YGR077C	triple	1.2983035	0.7570176	-3.7207937479019164	7.388655972480773	-5.3154990673065186	5.951729726791382	0.125	0.0	11.188339257240294	unmeasured genotype combination; viability untested
YGR089W	triple	0.40034747	-0.5121222	-3.649491882324219	5.379551267623901	-4.207555770874023	4.205181813240049	0.125	0.0	8.720890367031096	unmeasured genotype combination; viability untested
YGR122C-A	triple	3.098793	3.3714051	-1.4180177569389343	10.44954147338867	-2.207921302318573	10.90832414627075	0.125	0.0	12.491902339458463	unmeasured genotype combination; viability untested
YGR150C	triple	-1.3453107	0.23539011	-4.525903058052063	1.810071468353271	-2.3763538718223574	4.475258731842041	0.125	0.0	6.593793565034867	unmeasured genotype combination; viability untested
YGR168C	triple	-0.073336065	0.046297222	-3.7814141631126406	5.7666493892669655	-4.108538293838501	5.305714273452757	0.125	0.0	9.481158059835433	unmeasured genotype combination; viability untested
YGR204W	triple	2.1833372	3.9476433	-2.2269911050796507	7.450654745101927	-1.730709481239319	11.227762842178343	0.125	0.0	11.31805908679962	unmeasured genotype combination; viability untested
YGR240C	triple	2.7832136	3.6844254	-1.4104558944702148	8.170083856582641	-1.8633903980255127	10.327558326721192	0.125	0.0	10.885744237899779	unmeasured genotype combination; viability untested
YGR285C	triple	0.7895262	2.454456	-2.6447211623191835	5.66754686832428	-4.310312473773957	8.662360191345215	0.125	0.0	10.642470347881318	unmeasured genotype combination; viability untested
YHL034C	triple	1.0265927	5.7178965	-3.5095096707344053	4.890476298332214	0.3705037742853165	15.239387702941892	0.125	0.0	11.634434948861598	unmeasured genotype combination; viability untested
YHR003C	triple	4.3507047	2.844706	-0.5049335122108459	13.068512248992919	-2.12724529504776	10.395212268829344	0.125	0.0	13.047951662540434	unmeasured genotype combination; viability untested
YHR005C	triple	0.138361	5.2520666	-3.3194969296455383	2.97340657711029	-2.307627499103546	13.278455209732055	0.125	0.0	10.939493107795714	unmeasured genotype combination; viability untested
YHR010W	triple	1.742786	4.608466	-2.8116533875465395	7.72877252101898	-2.2009307146072388	12.628882265090942	0.125	0.0	12.68511944413185	unmeasured genotype combination; viability untested
YHR035W	triple	6.106647	5.90451	0.44052561521530154	20.70631399154663	-1.2578553438186646	21.154809856414794	0.125	0.0	21.339226788282396	unmeasured genotype combination; viability untested
YHR057C	triple	-1.0706383	1.7885463	-3.3525266885757445	1.2649186789989468	-2.820623278617859	6.044956636428832	0.125	0.0	6.741512641310692	unmeasured genotype combination; viability untested
YHR103W	triple	1.3548458	2.3509448	-2.6615344524383544	6.925917649269103	-2.9297717332839968	10.018511247634887	0.125	0.0	11.26786754131317	unmeasured genotype combination; viability untested
YHR112C	triple	0.1896741	0.6736544	-3.106615149974823	4.488416409492492	-3.176111078262329	5.400195360183714	0.125	0.0	8.08566899895668	unmeasured genotype combination; viability untested
YHR115C	triple	1.8732382	4.4837627	-1.887113881111145	5.794753408432005	-2.2711035013198853	12.392050409317017	0.125	0.0	11.172510600090027	unmeasured genotype combination; viability untested
YHR138C	triple	-0.06484109	-0.43873024	-3.452771782875061	3.206732976436615	-5.367863178253174	5.129365396499633	0.125	0.0	8.578366667032242	unmeasured genotype combination; viability untested
YHR155W	triple	2.9687152	0.97742033	-2.043260896205902	12.896955394744865	-4.428269481658935	6.3123919486999505	0.125	0.0	12.840438860654826	unmeasured genotype combination; viability untested
YHR195W	triple	-0.5442891	-0.59359574	-4.2697489857673645	2.597760426998138	-4.248218727111817	2.6524983167648313	0.125	0.0	6.884113228321075	unmeasured genotype combination; viability untested
YIL073C	triple	-0.3052613	-1.1142591	-3.606876349449158	3.1228187799453733	-5.560554075241089	3.8282564759254454	0.125	0.0	8.059252840280532	unmeasured genotype combination; viability untested
YIL086C	triple	0.18048629	0.8402935	-3.5798823118209837	4.402481317520142	-3.008358907699585	6.754717350006103	0.125	0.0	8.872719943523407	unmeasured genotype combination; viability untested
YIL108W	triple	1.6589844	1.834075	-3.1684573888778687	8.884460306167602	-2.537558603286743	6.178851747512818	0.125	0.0	10.384664022922514	unmeasured genotype combination; viability untested
YIL132C	triple	1.6489859	0.88309777	-1.9748124599456787	7.020622444152832	-4.299350321292877	5.893142032623291	0.125	0.0	9.593963629007341	unmeasured genotype combination; viability untested
YIL137C	triple	0.3003384	0.40572745	-3.4687689304351808	3.7477927923202516	-4.198854875564575	4.8581743836402875	0.125	0.0	8.136795490980148	unmeasured genotype combination; viability untested
YIL153W	triple	1.519932	-1.6672056	-2.208747112751007	6.530515027046203	-7.591528797149659	3.0852520585060117	0.125	0.0	9.70802149772644	unmeasured genotype combination; viability untested
YJL013C	triple	0.026445687	5.812225	-3.184711790084839	3.3380429863929746	-1.7064581155776977	16.58056874275207	0.125	0.0	12.40489081740379	unmeasured genotype combination; viability untested
YJL038C	triple	-0.22207907	-0.051554456	-3.119478905200958	3.5879501342773437	-5.386617994308471	5.158679556846619	0.125	0.0	8.626363295316697	unmeasured genotype combination; viability untested
YJL083W	triple	2.921626	2.7937775	-0.9402639627456665	7.497544622421263	-1.4412566423416138	8.415393829345701	0.125	0.0	9.147229528427122	unmeasured genotype combination; viability untested
YJL096W	triple	0.051630914	-1.5984781	-3.1371782422065735	6.119428515434264	-6.171379232406617	2.4999246895313254	0.125	0.0	8.96395533978939	unmeasured genotype combination; viability untested
YJL106W	triple	1.1464925	5.722466	-2.828123462200165	4.770741748809813	-0.5467380404472351	15.635819673538206	0.125	0.0	11.89071146249771	unmeasured genotype combination; viability untested
YJL129C	triple	1.7354008	1.3950334	-2.18088641166687	7.330601215362545	-4.365222406387329	7.285640048980713	0.125	0.0	10.58117504119873	unmeasured genotype combination; viability untested
YJL130C	triple	0.60289097	2.0139174	-3.6171537756919863	4.708858358860015	-2.4798173904418945	6.962177848815918	0.125	0.0	8.884003686904908	unmeasured genotype combination; viability untested
YJR015W	triple	2.3599434	0.56805706	-2.5548305988311766	7.354080700874328	-5.782285737991333	4.596401715278625	0.125	0.0	10.143799376487731	unmeasured genotype combination; viability untested
YJR026W	triple	0.7911757	-2.1626632	-2.4683855295181276	4.871811008453367	-6.651836156845093	1.8509309232234945	0.125	0.0	7.92148180902004	unmeasured genotype combination; viability untested
YJR035W	triple	1.13066	5.8332853	-3.183067488670349	6.657521700859069	-0.5668001413345337	13.148259115219116	0.125	0.0	11.777824223041534	unmeasured genotype combination; viability untested
YJR063W	triple	1.9770916	-0.290032	-2.095043647289276	8.38819417953491	-5.087460136413574	4.553687381744385	0.125	0.0	10.062192672491072	unmeasured genotype combination; viability untested
YJR069C	triple	1.4451963	2.1000557	-2.438231348991394	7.759329056739807	-2.111948919296265	7.053070259094238	0.125	0.0	9.681289792060852	unmeasured genotype combination; viability untested
YJR105W	triple	1.1615239	2.7029638	-2.4571107268333434	6.167887282371516	-1.1318182826042176	10.348704719543457	0.125	0.0	10.052760505676268	unmeasured genotype combination; viability untested
YJR134C	triple	1.4388161	-0.54415125	-2.76635422706604	7.430824303627014	-5.219193935394287	5.573244380950928	0.125	0.0	10.494808423519135	unmeasured genotype combination; viability untested
YKL008C	triple	3.4639492	3.2174673	-1.484623086452484	12.10218458175659	-2.951915979385376	12.324523973464963	0.125	0.0	14.431623810529707	unmeasured genotype combination; viability untested
YKL054C	triple	2.4676948	-1.9871829	-0.17423240840435028	5.908946442604065	-9.59249792098999	6.030473327636718	0.125	0.0	10.853075049817562	unmeasured genotype combination; viability untested
YKL163W	triple	-0.5260949	-0.61623365	-3.4476128816604614	2.0299215793609617	-5.130450773239136	5.164295458793638	0.125	0.0	7.886140346527098	unmeasured genotype combination; viability untested
YKL205W	triple	1.005333	4.1371555	-3.135330629348755	4.687092638015747	-4.095971810817718	14.876639413833615	0.125	0.0	13.397517246007919	unmeasured genotype combination; viability untested
YKL206C	triple	-0.28377894	0.26738778	-3.6439903020858764	3.3536344289779656	-4.541919374465943	4.330287599563598	0.125	0.0	7.934915852546692	unmeasured genotype combination; viability untested
YKR090W	triple	1.4498326	4.0874405	-2.778408432006836	4.562761735916138	-3.508499002456665	14.878612565994262	0.125	0.0	12.86414086818695	unmeasured genotype combination; viability untested
YKR095W	triple	0.5703955	-1.5122377	-2.7688249826431273	5.465297889709472	-6.0824666023254395	5.215487098693846	0.125	0.0	9.766038286685943	unmeasured genotype combination; viability untested
YKR105C	triple	2.9963517	2.4721735	-0.47116225957870483	8.461215925216674	-1.5056488633155822	8.975149154663084	0.125	0.0	9.706588101387023	unmeasured genotype combination; viability untested
YLL013C	triple	1.4010499	5.92062	-1.2828884243965148	4.611306595802307	-1.1378991961479188	16.23187518119812	0.125	0.0	11.631984698772431	unmeasured genotype combination; viability untested
YLL023C	triple	0.78570724	2.7503245	-3.369106888771057	4.381068468093871	-3.852324640750885	9.736114168167113	0.125	0.0	10.669307082891462	unmeasured genotype combination; viability untested
YLL029W	triple	-0.52466226	0.29610544	-2.5998484253883363	2.728719472885132	-4.175342464447022	3.455844187736511	0.125	0.0	6.4798772752285005	unmeasured genotype combination; viability untested
YLL032C	triple	1.6674984	3.2675178	-3.057967817783356	7.225298595428467	-5.414348888397217	14.340147638320921	0.125	0.0	15.018881469964981	unmeasured genotype combination; viability untested
YLR003C	triple	1.6808894	4.353283	-3.5388824224472044	7.756804347038269	-2.400312399864197	14.276136302947997	0.125	0.0	13.986067736148835	unmeasured genotype combination; viability untested
YLR150W	triple	1.151694	3.4502268	-2.56402587890625	7.028691601753234	-4.29262193441391	12.214308166503905	0.125	0.0	13.049823790788649	unmeasured genotype combination; viability untested
YLR262C-A	triple	-0.68444574	-0.1753788	-3.847005069255829	3.511233854293823	-4.178046035766601	6.098574209213257	0.125	0.0	8.817429584264755	unmeasured genotype combination; viability untested
YLR300W	triple	0.4083317	0.58331066	-2.6158764600753783	5.594690179824828	-3.864166033267975	5.537221884727478	0.125	0.0	8.805977278947829	unmeasured genotype combination; viability untested
YLR353W	triple	0.35067677	0.90517	-3.1156045794487	4.303111529350279	-4.8588950634002686	7.437031173706054	0.125	0.0	9.85732117295265	unmeasured genotype combination; viability untested
YLR362W	triple	1.1993771	4.399006	-1.7618378281593323	6.487427496910095	-1.2141940951347352	14.728183698654174	0.125	0.0	12.095821559429169	unmeasured genotype combination; viability untested
YLR380W	triple	0.31023282	2.3474264	-2.1347699999809264	3.3106011271476743	-3.3731464385986327	13.860176801681519	0.125	0.0	11.339347183704376	unmeasured genotype combination; viability untested
YLR408C	triple	3.3657694	1.7522616	-1.0907458066940308	11.116629028320306	-3.770446038246155	11.242981338500975	0.125	0.0	13.610401105880733	unmeasured genotype combination; viability untested
YLR453C	triple	0.25904852	0.30789065	-2.800458562374115	5.935600471496581	-6.199851560592651	6.212616443634032	0.125	0.0	10.574263519048689	unmeasured genotype combination; viability untested
YML006C	triple	0.25235984	-1.6389216	-3.874369168281555	4.671570515632629	-6.402864074707031	3.7898913383483888	0.125	0.0	9.369347548484802	unmeasured genotype combination; viability untested
YMR096W	triple	0.68214643	2.3474932	-2.909143662452698	4.8270519971847525	-2.8994719743728634	9.752081346511838	0.125	0.0	10.193874490261077	unmeasured genotype combination; viability untested
YMR137C	triple	1.5488319	2.4674282	-0.8940307050943375	5.054515719413757	-2.679392409324646	8.480346155166623	0.125	0.0	8.554142494499683	unmeasured genotype combination; viability untested
YMR147W	triple	2.162609	5.5549235	-1.6709388613700866	7.281121897697447	-2.6186079740524293	16.30746088027954	0.125	0.0	13.93906480669975	unmeasured genotype combination; viability untested
YMR159C	triple	-0.9985514	-0.31890666	-3.8582292795181274	2.6870942354202265	-4.786725330352783	4.730440664291382	0.125	0.0	8.03124475479126	unmeasured genotype combination; viability untested
YMR169C	triple	1.3100019	2.6223502	-2.299305558204651	5.996772480010986	-1.049576997756958	6.636000299453736	0.125	0.0	7.990827667713165	unmeasured genotype combination; viability untested
YMR173W	triple	2.437586	4.23345	-1.5224604487419129	6.508602499961853	-1.090526020526886	9.552041339874267	0.125	0.0	9.33681515455246	unmeasured genotype combination; viability untested
YMR178W	triple	0.11033815	0.9678638	-2.463784623146057	2.9618125319480897	-4.529139602184296	6.146136140823364	0.125	0.0	8.050436449050903	unmeasured genotype combination; viability untested
YMR261C	triple	2.1498537	0.3264193	-1.2881354451179505	6.372152280807494	-4.076172292232513	5.507572507858276	0.125	0.0	8.622016263008117	unmeasured genotype combination; viability untested
YNL028W	triple	0.23680502	0.11297144	-2.4645447373390197	3.3029179096221917	-4.239513647556305	3.8154985070228573	0.125	0.0	6.9112374007701876	unmeasured genotype combination; viability untested
YNL034W	triple	-0.23711357	-0.057183683	-3.9832366824150087	3.500117480754852	-3.456539821624756	5.168168854713439	0.125	0.0	8.054031419754027	unmeasured genotype combination; viability untested
YNL081C	triple	-0.18680309	0.012493104	-3.495811033248901	2.5496049284934994	-4.666263723373413	4.774359917640684	0.125	0.0	7.743019801378249	unmeasured genotype combination; viability untested
YNL098C	triple	-0.9232297	-1.335781	-4.03126562833786	2.444982373714447	-6.218957996368408	2.8549391984939576	0.125	0.0	7.775072598457336	unmeasured genotype combination; viability untested
YNL099C	triple	1.8478155	2.3089724	-3.17599014043808	8.136396622657774	-3.427425765991211	12.312670135498047	0.125	0.0	13.526241332292557	unmeasured genotype combination; viability untested
YNL106C	triple	2.8850307	3.8910809	-1.6020391225814818	10.825868225097656	-4.558077228069306	15.099994993209839	0.125	0.0	16.04298978447914	unmeasured genotype combination; viability untested
YNL108C	triple	2.1133573	3.543311	-2.0764214634895324	6.997133421897888	-0.9352565348148345	9.71575632095337	0.125	0.0	9.862283870577812	unmeasured genotype combination; viability untested
YNL156C	triple	-0.048024535	-0.7052533	-2.670442831516266	3.723316490650177	-6.340364265441894	3.1902144074439995	0.125	0.0	7.9621689975261685	unmeasured genotype combination; viability untested
YNL195C	triple	-0.55093145	0.3058986	-3.43978898525238	1.6258001804351805	-3.3031641006469727	3.483002471923828	0.125	0.0	5.925877869129181	unmeasured genotype combination; viability untested
YNL225C	triple	-1.1736454	0.0740878	-4.783354783058167	1.932837957143783	-4.77278470993042	7.0297043800354	0.125	0.0	9.259340915083886	unmeasured genotype combination; viability untested
YNL234W	triple	0.96276534	0.12852529	-2.616420531272888	3.990838193893431	-5.066949462890625	5.4843142986297595	0.125	0.0	8.579261243343353	unmeasured genotype combination; viability untested
YNL235C	triple	0.93189526	0.054273665	-2.7091856360435487	6.401861596107483	-4.713042151927948	4.917856192588806	0.125	0.0	9.370972788333894	unmeasured genotype combination; viability untested
YNL242W	triple	-0.7833424	-0.15218967	-3.207379925251007	1.8117523252964018	-4.237079858779907	4.138832426071167	0.125	0.0	6.697522267699242	unmeasured genotype combination; viability untested
YNL284C	triple	-1.3928914	0.38169718	-4.722602391242981	1.4299231529235836	-3.2955283403396605	4.548439955711364	0.125	0.0	6.9982469201087945	unmeasured genotype combination; viability untested
YNL335W	triple	2.0425253	1.3340154	-2.3736118912696837	10.61753106117248	-3.7062729477882383	8.205951786041258	0.125	0.0	12.45168384313583	unmeasured genotype combination; viability untested
YNR027W	triple	1.3790079	1.1957414	-2.1336006999015806	6.6079973697662355	-3.4517202973365784	5.687944984436035	0.125	0.0	8.940631675720216	unmeasured genotype combination; viability untested
YNR052C	triple	1.8556428	1.4338984	-2.145868515968323	6.3738840341567995	-4.584608316421509	7.609304189682007	0.125	0.0	10.35683252811432	unmeasured genotype combination; viability untested
YOL025W	triple	1.4369081	1.6873255	-2.264240550994873	7.385905170440673	-4.853029346466064	11.426437664031981	0.125	0.0	12.964806365966796	unmeasured genotype combination; viability untested
YOL028C	triple	-0.50033337	-0.2293977	-2.73285117149353	2.056091785430908	-3.642735004425049	3.571711421012878	0.125	0.0	6.001694691181183	unmeasured genotype combination; viability untested
YOL045W	triple	1.0962836	3.090424	-3.1557191610336304	6.517419624328612	-0.5760195016860962	7.868738985061644	0.125	0.0	9.058948636054993	unmeasured genotype combination; viability untested
YOL068C	triple	1.557231	5.04852	-2.2804372191429136	5.207152843475342	-1.3578092098236083	16.75226716995239	0.125	0.0	12.798833221197127	unmeasured genotype combination; viability untested
YOL076W	triple	0.84308517	-1.5509872	-2.569976305961609	4.132858085632324	-7.755268621444702	2.6906702041625974	0.125	0.0	8.574386608600616	unmeasured genotype combination; viability untested
YOL083W	triple	0.26747358	3.4233031	-3.1225738286972047	4.353790283203125	-2.035829818248749	11.860273647308349	0.125	0.0	10.686233788728714	unmeasured genotype combination; viability untested
YOL104C	triple	0.15704226	0.58333063	-2.961923086643219	4.103687787055969	-3.2178658723831175	5.018341970443725	0.125	0.0	7.650909358263015	unmeasured genotype combination; viability untested
YOL115W	triple	1.9278932	4.601017	-2.2209158539772034	7.292933535575866	-3.4832822918891906	11.688006925582883	0.125	0.0	12.342569303512573	unmeasured genotype combination; viability untested
YOR073W	triple	-0.20924968	0.10940255	-2.998944902420044	2.626214587688446	-5.192616522312164	5.075286483764648	0.125	0.0	7.946531248092651	unmeasured genotype combination; viability untested
YOR084W	triple	1.9818759	3.0222554	-2.4479668736457825	8.000286507606505	-2.0632307171821593	10.630289459228516	0.125	0.0	11.570886778831483	unmeasured genotype combination; viability untested
YOR109W	triple	0.74487436	1.8158638	-3.3950020551681517	7.59374814033508	-5.13170485496521	8.554955577850341	0.125	0.0	12.337705314159392	unmeasured genotype combination; viability untested
YOR118W	triple	0.91655684	1.0767764	-3.17883323431015	5.956772756576537	-3.998974072933197	8.984114789962769	0.125	0.0	11.059347426891327	unmeasured genotype combination; viability untested
YOR131C	triple	-0.29005784	2.0955987	-4.125245141983032	3.6114570856094357	-2.4524794816970825	8.431928825378417	0.125	0.0	9.310555267333983	unmeasured genotype combination; viability untested
YOR150W	triple	0.29585522	-0.81288296	-3.773446035385132	6.959894204139707	-6.065300846099854	5.687639880180358	0.125	0.0	11.243140482902525	unmeasured genotype combination; viability untested
YOR152C	triple	-0.5719487	2.8420067	-2.9544201612472536	3.5297858238220208	-3.108725357055664	7.723644399642943	0.125	0.0	8.65828787088394	unmeasured genotype combination; viability untested
YOR200W	triple	1.9870121	0.34883434	-3.299557685852051	7.44953544139862	-4.136665022373199	6.465122795104978	0.125	0.0	10.675440472364425	unmeasured genotype combination; viability untested
YOR234C	triple	-0.2887091	-0.32786494	-3.1351308822631836	3.4004833102226253	-4.381927490234375	4.663653564453125	0.125	0.0	7.790597623586654	unmeasured genotype combination; viability untested
YOR242C	triple	1.1022841	2.809323	-2.747841787338257	4.6458231687545775	-1.940695011615753	10.538909769058227	0.125	0.0	9.936634868383408	unmeasured genotype combination; viability untested
YOR351C	triple	-0.49309728	2.303803	-2.6152554392814635	1.9103865027427671	-4.483511638641358	6.62882022857666	0.125	0.0	7.818986904621124	unmeasured genotype combination; viability untested
YPL013C	triple	3.4653535	2.1510549	-2.6615519762039184	10.281224822998047	-5.796910524368286	12.940101671218867	0.125	0.0	15.83989449739456	unmeasured genotype combination; viability untested
YPL021W	triple	0.31243712	-0.21832144	-2.9505680084228514	4.666264867782592	-5.126740264892578	3.058435487747192	0.125	0.0	7.901004314422607	unmeasured genotype combination; viability untested
YPL057C	triple	3.2655404	0.17114425	-2.2684003114700317	8.563639402389526	-5.746849584579468	5.444227695465086	0.125	0.0	11.011558496952055	unmeasured genotype combination; viability untested
YPL058C	triple	2.416813	2.178524	-1.4921919703483582	8.876682639122008	-1.269682776927948	6.112416362762451	0.125	0.0	8.875486874580382	unmeasured genotype combination; viability untested
YPL100W	triple	0.50168765	4.33871	-2.976240944862366	3.829228925704956	-2.656611680984497	13.661362409591675	0.125	0.0	11.561721980571747	unmeasured genotype combination; viability untested
YPL197C	triple	0.16443151	-0.24888071	-2.8483325362205507	3.049161279201507	-4.2929483413696286	3.976311326026916	0.125	0.0	7.083376741409301	unmeasured genotype combination; viability untested
YPL198W	triple	-0.46995494	1.4756122	-4.372664260864258	3.928331983089445	-4.614138352870941	8.298566007614136	0.125	0.0	10.606850302219389	unmeasured genotype combination; viability untested
YPL222W	triple	1.9611328	3.4585762	-3.1360971331596375	9.598996925354003	-3.5143921613693236	10.309538650512694	0.125	0.0	13.27951243519783	unmeasured genotype combination; viability untested
YPL267W	triple	1.0935065	7.159013	-1.5034619688987731	6.014534735679626	1.7340140342712402	15.516688871383666	0.125	0.0	10.650335770845412	unmeasured genotype combination; viability untested
YPR022C	triple	2.247096	1.8808062	-2.4212593913078306	8.83996000289917	-3.3180433988571165	5.708078813552856	0.125	0.0	10.143670803308487	unmeasured genotype combination; viability untested
YPR024W	triple	0.68062717	1.1449733	-3.338219475746155	5.048884916305541	-3.1899409532546996	4.802946090698241	0.125	0.0	8.189995718002319	unmeasured genotype combination; viability untested
YPR032W	triple	1.533995	2.658761	-2.619423496723175	7.387787461280823	-2.079856503009796	10.050342845916747	0.125	0.0	11.06870515346527	unmeasured genotype combination; viability untested
YPR043W	triple	-0.77163804	-0.56906134	-5.380939483642578	3.239831018447876	-4.407498216629028	3.814441704750059	0.125	0.0	8.42135521173477	unmeasured genotype combination; viability untested
YPR045C	triple	0.2648465	-0.55240786	-3.2229737281799316	4.554361093044279	-5.237778997421264	4.681485712528228	0.125	0.0	8.848299765586852	unmeasured genotype combination; viability untested
YPR060C	triple	0.45162517	3.1601264	-2.879779577255249	3.5316865682601923	-2.697221302986145	8.65686912536621	0.125	0.0	8.882778286933899	unmeasured genotype combination; viability untested
YPR072W	triple	1.2848111	2.431928	-4.13743690252304	6.2199363708496085	-1.8649455189704895	7.946512460708618	0.125	0.0	10.084415626525878	unmeasured genotype combination; viability untested
YPR097W	triple	1.0369581	2.5204954	-3.399481105804443	5.892680811882018	-4.192848551273346	12.255392265319824	0.125	0.0	12.870201367139815	unmeasured genotype combination; viability untested
YPR130C	triple	0.4048922	1.2872161	-1.9791589856147767	3.3365653157234187	-3.9507858633995054	6.18599305152893	0.125	0.0	7.726251608133316	unmeasured genotype combination; viability untested
YAL014C	triple	1.2915834	-2.302104	-2.645541417598724	5.548467755317688	-5.979624032974243	1.226266551017761	0.09375	0.0	7.699949878454209	unmeasured genotype combination; viability untested
YAL028W	triple	-0.36994252	0.45347422	-2.8180924534797667	2.6286809682846064	-4.143390893936157	6.00809121131897	0.09375	0.0	7.79912776350975	unmeasured genotype combination; viability untested
YBL042C	triple	1.6827602	1.952029	-3.0125973224639893	6.4902362585067745	-3.194371247291565	7.023829460144042	0.09375	0.0	9.860517144203186	unmeasured genotype combination; viability untested
YBL043W	triple	0.22247261	1.7511718	-2.564812350273132	4.3500647068023675	-3.9964304327964784	10.689121675491332	0.09375	0.0	10.800214582681654	unmeasured genotype combination; viability untested
YBL048W	triple	0.5644666	0.25610203	-2.6483217597007753	4.738158130645751	-4.30603529214859	4.988650703430176	0.09375	0.0	8.340582942962648	unmeasured genotype combination; viability untested
YBL051C	triple	0.17690879	3.9610546	-2.6892890691757203	3.1722727060317992	-0.7410773158073425	10.34359264373779	0.09375	0.0	8.473115867376325	unmeasured genotype combination; viability untested
YBL058W	triple	2.1285293	5.334836	-1.2039224982261658	6.846027112007141	0.0860700428485871	13.298396730422972	0.09375	0.0	10.631138148903847	unmeasured genotype combination; viability untested
YBL059W	triple	-0.33922532	0.2285133	-2.805810821056366	2.5908249497413633	-3.851944601535797	3.743952441215514	0.09375	0.0	6.49626640677452	unmeasured genotype combination; viability untested
YBL060W	triple	0.18786998	-0.34418276	-2.931935739517212	2.702085280418396	-5.112293291091919	6.134072017669674	0.09375	0.0	8.4401931643486	unmeasured genotype combination; viability untested
YBL064C	triple	-0.19161642	1.3580711	-3.6642316579818726	2.498134613037109	-3.510548782348633	5.3350296974182125	0.09375	0.0	7.503972375392914	unmeasured genotype combination; viability untested
YBL065W	triple	1.8190817	3.7152915	-1.8137797236442565	5.447083449363708	-2.106576383113861	10.57010440826416	0.09375	0.0	9.968771982192994	unmeasured genotype combination; viability untested
YBL068W	triple	-0.18990165	0.02516967	-3.86712247133255	4.006808006763458	-4.730467891693115	5.15177891254425	0.09375	0.0	8.878088641166686	unmeasured genotype combination; viability untested
YBL080C	triple	3.4817839	0.6531778	-1.9439176559448241	8.635201549530029	-5.267083215713501	7.407585000991821	0.09375	0.0	11.626893711090087	unmeasured genotype combination; viability untested
YBL091C-A	triple	0.45146275	2.517119	-2.1367279410362245	3.7247448325157158	-3.872030735015869	8.509052658081051	0.09375	0.0	9.12127808332443	unmeasured genotype combination; viability untested
YBR012C	triple	-0.10007775	1.2409954	-3.3118725538253786	2.8944975614547728	-3.214832615852356	5.830556964874267	0.09375	0.0	7.625879848003388	unmeasured genotype combination; viability untested
YBR018C	triple	2.643698	0.42384472	-0.5943700939416885	8.28940749168396	-3.1945337533950804	3.2811038136482233	0.09375	0.0	7.679707576334476	unmeasured genotype combination; viability untested
YBR027C	triple	0.5896499	1.1403112	-2.219508612155914	3.834831380844115	-4.70884370803833	6.360863494873046	0.09375	0.0	8.562023597955703	unmeasured genotype combination; viability untested
YBR050C	triple	0.25610235	1.6424141	-2.8720837831497192	3.023190581798553	-2.7631576299667358	5.845799112319946	0.09375	0.0	7.252115553617477	unmeasured genotype combination; viability untested
YBR063C	triple	-0.6289413	0.7895043	-3.186703395843506	2.155916595458984	-3.466744303703308	5.572569799423218	0.09375	0.0	7.1909670472145075	unmeasured genotype combination; viability untested
YBR105C	triple	0.80343944	0.11181289	-2.5978161573410032	5.15031795501709	-5.715902042388916	7.090488672256466	0.09375	0.0	10.277262413501738	unmeasured genotype combination; viability untested
YBR112C	triple	2.6941977	-2.2939012	-0.3718047797679901	6.344679927825927	-8.908567714691163	3.209266984462737	0.09375	0.0	9.417159703373908	unmeasured genotype combination; viability untested
YBR127C	triple	-1.0626023	-0.23046184	-3.926184558868408	1.6322870314121243	-4.061898958683014	3.5836381435394284	0.09375	0.0	6.602004346251488	unmeasured genotype combination; viability untested
YBR139W	triple	2.101406	2.3841944	-1.1630070477724075	5.974248671531677	-3.284089708328247	7.252521181106568	0.09375	0.0	8.836933304369449	unmeasured genotype combination; viability untested
YBR166C	triple	2.421031	2.653945	-1.86338609457016	8.711266207695006	-3.041449451446533	8.22660756111145	0.09375	0.0	10.921354657411575	unmeasured genotype combination; viability untested
YBR170C	triple	1.0422958	0.2619542	-2.9268365144729613	5.825681495666504	-4.461491870880127	3.8721284747123716	0.09375	0.0	8.54306917786598	unmeasured genotype combination; viability untested
YBR186W	triple	1.4929461	1.5920346	-3.4478068232536314	6.967940521240233	-2.701885461807251	6.575051927566527	0.09375	0.0	9.846342366933822	unmeasured genotype combination; viability untested
YBR203W	triple	1.43119	0.84146184	-2.487753689289093	6.503143548965452	-4.755027961730957	6.4634601116180415	0.09375	0.0	10.104692655801772	unmeasured genotype combination; viability untested
YBR217W	triple	2.493263	3.8570602	-1.1010042548179626	8.377219867706298	-3.482312035560608	12.502856683731078	0.09375	0.0	12.731696420907973	unmeasured genotype combination; viability untested
YBR218C	triple	0.018620007	0.6046792	-3.2872280359268187	4.041244590282439	-3.6512975335121154	4.556159353256225	0.09375	0.0	7.7679647564888	unmeasured genotype combination; viability untested
YBR230C	triple	0.035045385	1.1769552	-3.185218560695648	3.76645632982254	-3.8486081957817078	7.786839056015014	0.09375	0.0	9.293561071157455	unmeasured genotype combination; viability untested
YBR239C	triple	1.528688	1.9356664	-2.948113131523132	6.367042565345764	-3.7655197024345397	9.948813438415526	0.09375	0.0	11.51474441885948	unmeasured genotype combination; viability untested
YBR273C	triple	0.32980728	2.5741425	-3.004886972904205	3.987866413593291	-1.5083061695098876	7.207015800476074	0.09375	0.0	7.8540376782417285	unmeasured genotype combination; viability untested
YBR292C	triple	-0.37669593	0.70831954	-4.1191506624221805	3.0855074286460877	-5.186776542663575	5.9303406238555905	0.09375	0.0	9.160887628793716	unmeasured genotype combination; viability untested
YBR294W	triple	0.5205247	1.1165385	-3.4807528257369995	4.338111543655394	-3.054392623901367	5.407593441009522	0.09375	0.0	8.140425217151641	unmeasured genotype combination; viability untested
YCL036W	triple	-0.6183409	-0.12646292	-4.212344706058502	2.4200173258781428	-3.3106626749038695	3.80100200176239	0.09375	0.0	6.872013354301452	unmeasured genotype combination; viability untested
YCR005C	triple	0.16580904	0.36648232	-3.196790635585785	5.267324280738829	-6.210277557373047	4.2299412965774525	0.09375	0.0	9.452166885137558	unmeasured genotype combination; viability untested
YCR017C	triple	1.4219594	1.316705	-2.1643728375434876	7.405570173263547	-3.5776296138763426	6.720838975906371	0.09375	0.0	9.934205800294874	unmeasured genotype combination; viability untested
YCR020W-B	triple	2.7979367	3.974118	-3.089193594455719	8.718789505958556	-0.7757120966911316	8.361767911911011	0.09375	0.0	10.47273155450821	unmeasured genotype combination; viability untested
YCR021C	triple	-0.65603954	1.113059	-3.4455729007720945	2.4341843962669363	-3.164657187461853	6.280321645736693	0.09375	0.0	7.662368065118789	unmeasured genotype combination; viability untested
YCR046C	triple	1.1020608	1.4219264	-3.827886235713959	4.80970151424408	-4.2700690746307375	5.680155611038208	0.09375	0.0	9.293906217813493	unmeasured genotype combination; viability untested
YCR091W	triple	1.831358	5.0335646	-2.4993038535118104	5.54135468006134	-3.0512465238571167	17.542978429794303	0.09375	0.0	14.317441743612285	unmeasured genotype combination; viability untested
YCR094W	triple	2.7024243	2.5161624	-1.5325636863708496	7.982910275459287	-1.7553445935249328	9.0687771320343	0.09375	0.0	10.169797843694685	unmeasured genotype combination; viability untested
YDL024C	triple	3.1992471	4.1828556	-2.9761143207550047	10.044199705123898	-1.2514026641845704	9.646923971176147	0.09375	0.0	11.95932033061981	unmeasured genotype combination; viability untested
YDL025C	triple	2.7591848	-0.1747236	-1.1721689492464065	9.693126535415647	-5.5579366207122805	5.3200334072113025	0.09375	0.0	10.871632756292819	unmeasured genotype combination; viability untested
YDL027C	triple	-0.30151975	1.0489982	-3.858018863201141	3.5856949925422668	-2.6782317996025085	5.35271954536438	0.09375	0.0	7.737332600355148	unmeasured genotype combination; viability untested
YDL032W	triple	0.26193786	-0.6866881	-3.0297034978866577	3.1101078152656556	-4.980843925476075	4.525828623771667	0.09375	0.0	7.823241931200028	unmeasured genotype combination; viability untested
YDL056W	triple	1.5198288	1.680206	-1.9992412686347962	4.976494097709655	-4.234644663333893	8.281559419631957	0.09375	0.0	9.74596972465515	unmeasured genotype combination; viability untested
YDL067C	triple	-0.205652	2.1467094	-3.222554063796997	5.095504736900329	-1.9010467886924745	6.237377882003783	0.09375	0.0	8.228241735696791	unmeasured genotype combination; viability untested
YDL069C	triple	0.40966323	0.14423464	-3.8907099843025206	3.8194377303123472	-4.425193750858307	4.2889186382293705	0.09375	0.0	8.212130051851272	unmeasured genotype combination; viability untested
YDL072C	triple	4.44709	4.528383	-1.5349461793899537	12.492174100875854	-1.0051893830299377	12.614780473709105	0.09375	0.0	13.823545068502426	unmeasured genotype combination; viability untested
YDL075W	triple	-0.8630507	0.76021665	-3.7592530846595764	3.6137051701545713	-4.736935615539551	5.155571174621582	0.09375	0.0	8.63273252248764	unmeasured genotype combination; viability untested
YDL088C	triple	0.87687945	4.4098663	-2.321387565135956	4.401750993728638	-1.9020250678062438	10.935867309570312	0.09375	0.0	9.780515468120576	unmeasured genotype combination; viability untested
YDL091C	triple	2.1110463	3.2553844	-1.604306173324585	8.660916090011595	-2.5697814583778382	12.157831573486327	0.09375	0.0	12.496417647600172	unmeasured genotype combination; viability untested
YDL123W	triple	1.3836534	2.5869052	-2.6731428265571595	6.704900407791138	-1.9860472559928894	8.268631172180175	0.09375	0.0	9.816360831260681	unmeasured genotype combination; viability untested
YDL131W	triple	0.68614626	0.7334908	-3.2396159768104553	3.553741145133972	-3.1963256359100343	4.663713693618774	0.09375	0.0	7.326698225736617	unmeasured genotype combination; viability untested
YDL133C-A	triple	-0.45640433	-1.2907296	-2.864107370376587	1.4323859691619871	-5.814413166046142	3.5205146908760057	0.09375	0.0	6.8157105982303605	unmeasured genotype combination; viability untested
YDL146W	triple	1.7834742	0.40601528	-2.426755499839783	5.731248545646667	-5.705793142318726	5.9837188720703125	0.09375	0.0	9.923758029937744	unmeasured genotype combination; viability untested
YDL151C	triple	0.2759822	2.1078353	-3.370544767379761	4.026407361030579	-3.0316850900650025	9.119918298721311	0.09375	0.0	9.774277758598327	unmeasured genotype combination; viability untested
YDL184C	triple	-0.61883366	-2.314949	-4.125194156169892	2.443141591548919	-5.9374409198760985	2.6314339399337765	0.09375	0.0	7.568605303764342	unmeasured genotype combination; viability untested
YDL187C	triple	-0.30854353	1.7343988	-4.824321138858795	3.861253798007965	-2.545804476737976	5.57171664237976	0.09375	0.0	8.401548027992249	unmeasured genotype combination; viability untested
YDL222C	triple	-0.77664435	1.8638263	-3.9750704884529116	2.9276499629020676	-2.4217066884040834	5.406774163246155	0.09375	0.0	7.365600651502609	unmeasured genotype combination; viability untested
YDL238C	triple	1.662703	2.4201703	-2.8531628847122192	8.29030780792236	-1.5599680066108703	6.588870191574095	0.09375	0.0	9.646154445409772	unmeasured genotype combination; viability untested
YDR026C	triple	1.458066	3.1060772	-2.2950167298316955	5.731386065483093	-2.7427359580993653	8.421259021759031	0.09375	0.0	9.595198887586593	unmeasured genotype combination; viability untested
YDR033W	triple	0.033582866	1.490035	-3.29204775094986	3.6537983894348125	-3.391897988319397	7.495637845993041	0.09375	0.0	8.916690987348556	unmeasured genotype combination; viability untested
YDR034C	triple	2.0586848	0.36803365	-2.1249099135398866	9.016338443756101	-4.088593089580536	5.092243766784666	0.09375	0.0	10.161042606830595	unmeasured genotype combination; viability untested
YDR061W	triple	2.1180606	1.0309674	-2.063401460647583	7.449845409393307	-3.578074741363525	7.687352991104123	0.09375	0.0	10.389337301254269	unmeasured genotype combination; viability untested
YDR073W	triple	0.37814906	0.80746806	-2.6011345028877257	3.7870800495147705	-4.154746234416962	6.072485923767088	0.09375	0.0	8.307723355293273	unmeasured genotype combination; viability untested
YDR103W	triple	1.1923866	0.039182566	-2.9949197292327883	4.539628648757934	-5.388070011138916	6.026690244674683	0.09375	0.0	9.47465431690216	unmeasured genotype combination; viability untested
YDR108W	triple	-0.21593985	-0.3078865	-2.9074443340301515	2.2771039366722103	-4.286584627628327	6.134625577926633	0.09375	0.0	7.802879238128661	unmeasured genotype combination; viability untested
YDR137W	triple	1.3835642	3.4628134	-3.4290993213653564	6.903852319717404	-2.9852453470230103	12.629526758193968	0.09375	0.0	12.97386187314987	unmeasured genotype combination; viability untested
YDR155C	triple	-0.1007153	1.5952376	-3.073322427272797	3.882730436325073	-2.8096706867218018	6.69390959739685	0.09375	0.0	8.229816573858262	unmeasured genotype combination; viability untested
YDR179W-A	triple	1.2217113	1.2806973	-4.031931412220001	7.1033502340316765	-5.0467023849487305	9.589196586608885	0.09375	0.0	12.885590308904646	unmeasured genotype combination; viability untested
YDR197W	triple	1.9277399	2.0396762	-1.4551091551780702	7.14707565307617	-4.871918678283691	8.544234228134155	0.09375	0.0	11.009168857336043	unmeasured genotype combination; viability untested
YDR200C	triple	1.6045917	2.3590882	-2.499449038505554	6.980309677124024	-2.999029755592346	8.489294528961182	0.09375	0.0	10.484041500091553	unmeasured genotype combination; viability untested
YDR213W	triple	0.41799945	-0.05092147	-2.4409088134765624	3.6507453083992	-4.062794172763825	8.167627477645873	0.09375	0.0	9.16103788614273	unmeasured genotype combination; viability untested
YDR249C	triple	0.36237603	-0.4480123	-3.7706894874572754	4.934998655319213	-7.410431289672852	5.554166078567504	0.09375	0.0	10.835142755508421	unmeasured genotype combination; viability untested
YDR265W	triple	2.4799526	1.3918694	-1.1559854298830032	8.291820621490478	-3.772079920768738	5.661186790466308	0.09375	0.0	9.440536381304263	unmeasured genotype combination; viability untested
YDR277C	triple	3.822725	1.7971493	-0.9976466536521911	10.843199253082275	-2.9912152767181395	9.694385337829585	0.09375	0.0	12.263223260641094	unmeasured genotype combination; viability untested
YDR300C	triple	4.128907	5.441353	-1.1238692998886108	11.997061681747436	-0.49934627413749694	13.370428228378293	0.09375	0.0	13.49535274207592	unmeasured genotype combination; viability untested
YDR346C	triple	-0.07939679	1.0394063	-3.488211965560913	2.219721245765686	-4.015813863277435	5.914036083221434	0.09375	0.0	7.8188915789127345	unmeasured genotype combination; viability untested
YDR364C	triple	0.6428387	2.8988466	-2.2086252689361574	4.239713788032532	-3.401955008506775	8.895480442047118	0.09375	0.0	9.372887253761292	unmeasured genotype combination; viability untested
YDR372C	triple	0.81779766	-0.25641364	-3.0963523030281066	4.477082586288452	-6.726097345352173	6.272008037567138	0.09375	0.0	10.285770136117936	unmeasured genotype combination; viability untested
YDR408C	triple	2.423114	2.5802302	-2.4546947836875916	9.19682967662811	-1.0775571823120118	9.336038923263548	0.09375	0.0	11.03256028294563	unmeasured genotype combination; viability untested
YDR425W	triple	3.0574145	-0.96552676	-1.4327375769615174	8.782265949249267	-7.733595752716065	5.051235246658325	0.09375	0.0	11.499917262792586	unmeasured genotype combination; viability untested
YDR431W	triple	0.5205252	1.1305515	-2.566697418689728	4.910452258586881	-3.8213867425918577	7.278801536560057	0.09375	0.0	9.288668978214261	unmeasured genotype combination; viability untested
YDR441C	triple	-0.35987705	0.59104717	-3.139770519733429	3.37003139257431	-4.2930234432220455	4.801790857315063	0.09375	0.0	7.802308106422425	unmeasured genotype combination; viability untested
YDR458C	triple	-0.6751296	0.8085829	-3.5521564722061156	2.547647428512573	-3.1629342555999758	5.059656381607055	0.09375	0.0	7.16119726896286	unmeasured genotype combination; viability untested
YDR519W	triple	0.045153774	1.2567843	-3.2771596670150758	2.5350347638130186	-2.5314724326133726	5.901264572143553	0.09375	0.0	7.122465717792511	unmeasured genotype combination; viability untested
YDR529C	triple	0.91846246	1.1740004	-2.906609308719635	5.772968482971191	-4.859781265258789	7.271134519577027	0.09375	0.0	10.40524678826332	unmeasured genotype combination; viability untested
YDR541C	triple	1.3264666	0.43461606	-2.540978121757507	5.2325747251510615	-4.597337627410889	5.092886137962339	0.09375	0.0	8.731888306140899	unmeasured genotype combination; viability untested
YEL017C-A	triple	0.983325	3.121543	-2.327481138706207	5.569399738311768	-1.4911317110061646	8.200320196151733	0.09375	0.0	8.794166392087936	unmeasured genotype combination; viability untested
YEL018W	triple	1.5776032	1.191811	-3.023284447193146	6.968175458908081	-3.1048927426338198	8.247997331619262	0.09375	0.0	10.672174990177155	unmeasured genotype combination; viability untested
YEL028W	triple	1.3519157	0.8336876	-2.4740519642829897	5.529620361328125	-5.25957989692688	6.67340989112854	0.09375	0.0	9.968331056833268	unmeasured genotype combination; viability untested
YEL051W	triple	-0.99961483	2.5204544	-4.5234801292419435	2.628537094593048	-2.258855700492859	8.468345832824706	0.09375	0.0	8.939609378576279	unmeasured genotype combination; viability untested
YEL062W	triple	2.4315915	0.17139499	-1.820465624332428	8.280433225631711	-5.335878324508667	5.884183168411251	0.09375	0.0	10.660480171442028	unmeasured genotype combination; viability untested
YER005W	triple	2.342283	1.3198519	-1.7909040212631226	7.9218487262725805	-2.7207086801528932	5.416347360610961	0.09375	0.0	8.924904394149777	unmeasured genotype combination; viability untested
YER014C-A	triple	1.040333	0.022274137	-2.236717236042023	4.645678925514221	-4.66061829328537	4.711592781543731	0.09375	0.0	8.127303618192672	unmeasured genotype combination; viability untested
YER014W	triple	1.8207797	2.3505783	-2.088018703460693	6.170358157157897	-1.16520094871521	8.043036699295044	0.09375	0.0	8.733307254314422	unmeasured genotype combination; viability untested
YER091C-A	triple	0.30117965	0.9747908	-2.5497024416923524	6.136056447029112	-2.3923959136009216	5.777219820022582	0.09375	0.0	8.427687311172484	unmeasured genotype combination; viability untested
YER122C	triple	2.0789332	3.8700771	-1.075062057375908	7.561763525009155	-2.9695320248603823	9.360967922210692	0.09375	0.0	10.48366276472807	unmeasured genotype combination; viability untested
YER143W	triple	2.0441518	-3.6341457	-0.7458990663290024	5.969374108314514	-8.78472204208374	1.321593508124351	0.09375	0.0	8.410794362425804	unmeasured genotype combination; viability untested
YER154W	triple	3.4119864	4.3057995	-1.410726511478424	8.325503730773926	-0.27591612935066223	8.928444862365723	0.09375	0.0	9.470295616984368	unmeasured genotype combination; viability untested
YFL020C	triple	-0.99317044	-0.99000466	-3.7217281103134154	2.811620426177977	-4.059467566013336	2.9329575896263114	0.09375	0.0	6.76288684606552	unmeasured genotype combination; viability untested
YFL044C	triple	1.846484	-0.46231967	-2.093114054203033	6.805459642410278	-4.655552768707276	5.7202881336212155	0.09375	0.0	9.637207299470901	unmeasured genotype combination; viability untested
YFL054C	triple	1.512095	1.2268645	-1.7873848915100097	7.697459101676941	-5.72068943977356	7.263883876800536	0.09375	0.0	11.234708654880524	unmeasured genotype combination; viability untested
YFR030W	triple	0.9370012	2.3863106	-3.07719144821167	5.507693052291869	-5.068469905853272	11.166151189804076	0.09375	0.0	12.409752798080444	unmeasured genotype combination; viability untested
YFR053C	triple	0.46494842	3.150085	-3.5080456018447874	4.38737586736679	-4.340553414821625	10.226262903213499	0.09375	0.0	11.23111889362335	unmeasured genotype combination; viability untested
YGL012W	triple	3.89451	3.9455028	-1.9940718889236448	11.136444616317748	-0.9051855325698852	9.201267337799072	0.09375	0.0	11.618484687805175	unmeasured genotype combination; viability untested
YGL031C	triple	-0.7083566	-1.0819101	-3.5116434574127195	2.7806042432785034	-4.8529664993286135	2.8515208244323724	0.09375	0.0	6.998367512226105	unmeasured genotype combination; viability untested
YGL080W	triple	-1.1163284	2.5514894	-4.305588328838349	3.2327825665473933	-2.011809599399567	6.675842189788818	0.09375	0.0	8.113011342287063	unmeasured genotype combination; viability untested
YGL081W	triple	-0.055826694	0.88842916	-2.6467941880226133	3.076513791084288	-4.585146856307984	6.013933849334716	0.09375	0.0	8.1611943423748	unmeasured genotype combination; viability untested
YGL082W	triple	0.30218482	0.48881447	-3.225110983848572	3.3174966931343075	-4.409284555912018	5.644055604934692	0.09375	0.0	8.297973918914796	unmeasured genotype combination; viability untested
YGL107C	triple	-0.38565177	0.24014089	-4.819451856613159	3.300860774517059	-4.7664319515228275	4.413544058799743	0.09375	0.0	8.650144320726394	unmeasured genotype combination; viability untested
YGL121C	triple	-0.09691118	-0.44314903	-3.494730281829834	3.117795073986052	-5.726911115646362	4.102327609062194	0.09375	0.0	8.220882040262222	unmeasured genotype combination; viability untested
YGL135W	triple	-0.36448234	-0.08010715	-3.575226140022278	4.759032297134399	-4.951300525665284	4.707906699180603	0.09375	0.0	8.996732831001282	unmeasured genotype combination; viability untested
YGL143C	triple	1.613624	0.7444173	-2.4304153084754945	5.366984033584594	-4.178931868076324	5.840433263778685	0.09375	0.0	8.90838223695755	unmeasured genotype combination; viability untested
YGL210W	triple	2.1921706	0.41572177	-1.7483531832695007	5.76112995147705	-4.224097108840942	4.522008037567137	0.09375	0.0	8.127794140577315	unmeasured genotype combination; viability untested
YGL222C	triple	-1.1324573	-0.23009716	-3.6126111268997194	1.0996282815933223	-4.094821834564209	3.002515149116516	0.09375	0.0	5.9047881960868835	unmeasured genotype combination; viability untested
YGL226W	triple	2.0673687	2.8517942	-2.2376510977745054	5.6135304212570185	-2.2766906380653382	7.243756198883056	0.09375	0.0	8.68581417798996	unmeasured genotype combination; viability untested
YGL262W	triple	3.0648856	1.7596469	-2.239817535877228	10.919579410552974	-3.5508097767829896	6.7548455715179445	0.09375	0.0	11.732526147365569	unmeasured genotype combination; viability untested
YGR014W	triple	0.12954552	0.05075562	-3.099880540370941	3.113539946079253	-6.052332735061645	4.303322803974151	0.09375	0.0	8.284538012742996	unmeasured genotype combination; viability untested
YGR043C	triple	0.14285555	1.512796	-3.0338356256484986	3.31101758480072	-2.767510938644409	7.200217771530151	0.09375	0.0	8.156290960311889	unmeasured genotype combination; viability untested
YGR084C	triple	0.73145074	2.8236327	-3.5555673599243165	5.778001928329467	-3.2505542039871216	8.662968635559082	0.09375	0.0	10.623546063899994	unmeasured genotype combination; viability untested
YGR085C	triple	0.011912487	0.24675643	-3.572240781784058	4.044691061973571	-5.09007043838501	6.07863564491272	0.09375	0.0	9.392818963527679	unmeasured genotype combination; viability untested
YGR126W	triple	0.16106486	-1.2801363	-3.1665351033210754	4.884654736518858	-6.5207812786102295	2.1947532474994653	0.09375	0.0	8.383362182974814	unmeasured genotype combination; viability untested
YGR137W	triple	2.052326	0.42089128	-2.3558275580406187	7.945561099052429	-5.057153224945068	7.445373010635375	0.09375	0.0	11.401957446336745	unmeasured genotype combination; viability untested
YGR149W	triple	1.8876698	2.0889525	-2.2327277302742004	6.898754835128782	-4.440883922576904	12.922339820861817	0.09375	0.0	13.247353154420852	unmeasured genotype combination; viability untested
YGR167W	triple	0.3783681	1.7134924	-2.686273682117462	3.032199811935424	-2.975668954849243	7.372803211212158	0.09375	0.0	8.033472830057145	unmeasured genotype combination; viability untested
YGR169C	triple	0.7231126	1.4182756	-2.4015406012535094	4.626014375686645	-3.911540615558624	6.40554232597351	0.09375	0.0	8.672318959236144	unmeasured genotype combination; viability untested
YGR173W	triple	0.66165257	1.7121043	-3.7354339241981505	4.639509570598601	-2.8287859916687013	8.206829595565793	0.09375	0.0	9.705279541015623	unmeasured genotype combination; viability untested
YGR192C	triple	1.3537302	1.219311	-2.7242838859558107	4.111234652996063	-2.94138503074646	5.315107440948485	0.09375	0.0	7.546005505323409	unmeasured genotype combination; viability untested
YGR213C	triple	1.4504986	2.3545728	-2.6039164066314697	6.061816358566284	-2.350253093242645	7.725766324996947	0.09375	0.0	9.370876091718673	unmeasured genotype combination; viability untested
YGR225W	triple	-0.194379	3.770104	-4.446504139900208	2.664645791053772	-2.8878082990646363	9.458020210266112	0.09375	0.0	9.728489220142365	unmeasured genotype combination; viability untested
YGR239C	triple	0.47456393	2.3900826	-2.788972461223602	5.148029470443724	-2.561266076564789	6.917337751388549	0.09375	0.0	8.707802879810332	unmeasured genotype combination; viability untested
YGR271W	triple	2.240643	3.0843573	-2.3589308977127077	8.89176034927368	-4.156740283966064	9.702890348434448	0.09375	0.0	12.555160939693451	unmeasured genotype combination; viability untested
YHL002W	triple	2.8651228	-1.028671	-1.6052817821502685	6.878327512741088	-6.308389282226562	3.837383580207825	0.09375	0.0	9.314691078662872	unmeasured genotype combination; viability untested
YHL006C	triple	0.7711089	0.7282879	-3.8599507451057433	6.959130549430847	-5.284949588775635	5.636559772491454	0.09375	0.0	10.87029532790184	unmeasured genotype combination; viability untested
YHL010C	triple	-0.48576254	1.0775532	-3.6260707139968873	3.5929254174232477	-3.97910190820694	5.734836244583129	0.09375	0.0	8.466467142105103	unmeasured genotype combination; viability untested
YHL032C	triple	1.1842679	1.9320105	-2.040624535083771	6.16609046459198	-2.4119034886360167	6.884785890579222	0.09375	0.0	8.751702189445494	unmeasured genotype combination; viability untested
YHL040C	triple	2.6499486	1.7598137	-1.8506349205970762	7.0561619043350206	-3.1324512481689455	6.479313802719115	0.09375	0.0	9.259280937910079	unmeasured genotype combination; viability untested
YHR026W	triple	1.9214337	2.626527	-1.9463950395584106	6.2677807092666615	-1.4503735899925232	6.746524238586425	0.09375	0.0	8.205536788702009	unmeasured genotype combination; viability untested
YHR045W	triple	0.4241736	0.21587855	-3.369536828994751	4.332769238948821	-4.48001914024353	6.157304286956785	0.09375	0.0	9.169814747571943	unmeasured genotype combination; viability untested
YHR049W	triple	0.6221498	0.3336777	-2.1272485971450807	3.856942486763	-4.898315715789795	5.702129745483398	0.09375	0.0	8.292318272590638	unmeasured genotype combination; viability untested
YHR059W	triple	0.1025511	-0.62822086	-4.121470892429352	4.974582505226135	-5.223658800125122	3.8062451124191274	0.09375	0.0	9.062978655099869	unmeasured genotype combination; viability untested
YHR079C	triple	1.2911501	0.69368494	-2.364729070663452	5.210866117477417	-4.936573934555054	6.050369596481323	0.09375	0.0	9.281269359588624	unmeasured genotype combination; viability untested
YHR091C	triple	0.43573347	0.48915777	-3.1256467461586	4.206047868728637	-3.369317722320557	4.014577639102935	0.09375	0.0	7.357794988155364	unmeasured genotype combination; viability untested
YHR093W	triple	-1.1460872	1.1949099	-4.798742747306823	1.3531219661235807	-2.9573253870010374	5.570237064361571	0.09375	0.0	7.339713582396507	unmeasured genotype combination; viability untested
YHR106W	triple	0.08240086	0.5695755	-2.870408594608307	3.820244991779326	-3.807581329345703	6.793310451507568	0.09375	0.0	8.645772683620452	unmeasured genotype combination; viability untested
YHR113W	triple	1.2677734	2.658238	-2.248158895969391	6.978466916084286	-1.7771413207054139	9.677646684646605	0.09375	0.0	10.340706908702849	unmeasured genotype combination; viability untested
YHR124W	triple	-0.07243015	1.9748886	-2.7968324065208434	2.8400521039962765	-2.6404759764671324	7.811901760101317	0.09375	0.0	8.044631123542786	unmeasured genotype combination; viability untested
YHR157W	triple	0.7136334	1.2435124	-2.8431007742881773	4.524367237091064	-3.92788645029068	5.2269693374633786	0.09375	0.0	8.26116189956665	unmeasured genotype combination; viability untested
YHR159W	triple	0.3838993	1.0076567	-3.4970299124717714	4.700567173957824	-3.9785130858421325	8.768417167663575	0.09375	0.0	10.472263669967653	unmeasured genotype combination; viability untested
YHR194W	triple	-0.20613071	1.1159369	-4.22273817062378	4.62017637491226	-2.5343061447143556	3.6611589670181273	0.09375	0.0	7.5191898286342616	unmeasured genotype combination; viability untested
YIL009W	triple	3.1847045	4.141776	0.07293992340564728	9.153828239440916	-2.3824987530708315	10.608695554733277	0.09375	0.0	11.03604131191969	unmeasured genotype combination; viability untested
YIL013C	triple	1.3802207	1.2879778	-1.9902236223220826	7.070056104660032	-3.7201944231987	9.34300260543823	0.09375	0.0	11.061738377809522	unmeasured genotype combination; viability untested
YIL018W	triple	-1.1151245	-0.35249048	-3.349268937110901	1.4901479303836815	-6.008878183364868	4.525202786922454	0.09375	0.0	7.686748918890952	unmeasured genotype combination; viability untested
YIL025C	triple	-0.3709017	1.1593896	-3.4544389247894287	4.0295245170593255	-3.150102210044861	6.619064950942993	0.09375	0.0	8.626565301418303	unmeasured genotype combination; viability untested
YIL027C	triple	1.9106842	2.1409354	-3.0989936232566833	12.300159311294554	-3.1689459085464478	10.483649682998655	0.09375	0.0	14.52587426304817	unmeasured genotype combination; viability untested
YIL076W	triple	-0.34435475	-1.3244083	-3.5116649866104126	2.268836557865142	-5.43941912651062	3.837112545967101	0.09375	0.0	7.528516608476638	unmeasured genotype combination; viability untested
YIL128W	triple	-0.4068093	0.33583423	-3.564521646499634	2.890217542648315	-7.302087068557739	9.342528009414671	0.09375	0.0	11.54967713356018	unmeasured genotype combination; viability untested
YIL130W	triple	0.70542735	0.9488213	-2.3992161750793457	4.063958382606506	-3.953953206539154	4.472401905059813	0.09375	0.0	7.44476483464241	unmeasured genotype combination; viability untested
YIL161W	triple	0.096014194	-0.090219766	-3.3596992015838625	3.749961972236633	-4.760545063018799	4.416771471500396	0.09375	0.0	8.143488854169846	unmeasured genotype combination; viability untested
YIL167W	triple	0.7427672	2.001568	-2.035732328891754	5.012275266647339	-1.095374047756195	6.090066623687743	0.09375	0.0	7.116724133491516	unmeasured genotype combination; viability untested
YIR018W	triple	0.051849894	0.900846	-2.7006721973419188	3.6019700288772576	-3.05935320854187	6.092849874496459	0.09375	0.0	7.727422654628754	unmeasured genotype combination; viability untested
YIR021W	triple	-0.9971473	-1.2382718	-3.2615591406822206	3.649563539028167	-6.377183198928833	4.101422214508055	0.09375	0.0	8.694864046573638	unmeasured genotype combination; viability untested
YJL006C	triple	1.9295181	4.7729244	-1.282188180088997	5.417451381683349	-2.8346797227859497	14.259085893630976	0.09375	0.0	11.896702589094634	unmeasured genotype combination; viability untested
YJL056C	triple	-0.10043948	1.1918944	-2.599291706085205	2.785340058803558	-4.443459415435791	6.285168695449829	0.09375	0.0	8.056629937887191	unmeasured genotype combination; viability untested
YJL058C	triple	0.97968733	-1.256655	-2.5485997915267946	4.782072734832763	-5.266086626052856	4.024980151653288	0.09375	0.0	8.310869652032851	unmeasured genotype combination; viability untested
YJL073W	triple	0.19535434	-0.29702795	-2.723027992248535	2.367570185661316	-5.93621335029602	4.917506444454191	0.09375	0.0	7.972158986330031	unmeasured genotype combination; viability untested
YJL103C	triple	0.23054576	2.2011023	-3.5977835059165955	5.258991169929503	-2.455598700046539	8.235365343093871	0.09375	0.0	9.773869359493254	unmeasured genotype combination; viability untested
YJL118W	triple	1.8792621	1.4800128	-1.8925106525421143	6.884999752044678	-2.827655220031738	8.729725408554074	0.09375	0.0	10.167445516586302	unmeasured genotype combination; viability untested
YJL127C	triple	0.7536059	3.352386	-2.32573059797287	5.866636157035827	-4.273413562774659	11.36244978904724	0.09375	0.0	11.914115053415298	unmeasured genotype combination; viability untested
YJL133W	triple	2.5777993	2.6486168	-2.08200489282608	11.521293592453002	-3.141935920715332	10.569776201248168	0.09375	0.0	13.657505303621292	unmeasured genotype combination; viability untested
YJL135W	triple	-0.5152533	0.9127941	-3.9873140931129454	3.341097092628478	-2.123212206363678	5.224390411376953	0.09375	0.0	7.338006901741027	unmeasured genotype combination; viability untested
YJL142C	triple	1.3402447	1.1712447	-2.8164217710494994	4.915530490875244	-5.092494344711303	8.402157878875729	0.09375	0.0	10.613302242755887	unmeasured genotype combination; viability untested
YJL154C	triple	1.4598682	-0.6917565	-2.1485058426856996	7.451825141906737	-5.336783838272095	5.732467484474181	0.09375	0.0	10.334791153669357	unmeasured genotype combination; viability untested
YJL180C	triple	-0.0017903093	-0.005033113	-4.016692292690277	3.353520441055297	-4.4661907196044925	5.179846525192259	0.09375	0.0	8.508124989271163	unmeasured genotype combination; viability untested
YJL198W	triple	1.1197345	1.0187172	-3.154737651348114	4.654931664466858	-3.5622517704963683	5.517871284484863	0.09375	0.0	8.4448961853981	unmeasured genotype combination; viability untested
YJR003C	triple	-0.643711	-0.17862462	-3.374284791946411	1.9575365066528319	-3.1037920236587526	3.1897781372070306	0.09375	0.0	5.812695729732513	unmeasured genotype combination; viability untested
YJR004C	triple	-0.74857754	0.007983744	-4.391892409324646	2.8026858925819393	-4.997811317443848	4.953072643280029	0.09375	0.0	8.57273113131523	unmeasured genotype combination; viability untested
YJR039W	triple	0.04026563	2.1269212	-2.845655393600464	2.8501278996467576	-2.5262908816337584	5.862049961090087	0.09375	0.0	7.042062067985533	unmeasured genotype combination; viability untested
YJR094C	triple	0.4921227	3.4277592	-3.9236899495124815	4.005049884319305	-1.2188918828964233	12.888223695755002	0.09375	0.0	11.017927706241606	unmeasured genotype combination; viability untested
YJR095W	triple	1.3783132	1.9187181	-2.442586088180542	5.6599292755126935	-1.8364879012107849	7.064740371704101	0.09375	0.0	8.50187181830406	unmeasured genotype combination; viability untested
YJR104C	triple	2.363437	-0.5876581	-1.1177702575922013	6.051509308815002	-4.9532386302948	6.291007566452026	0.09375	0.0	9.206762881577014	unmeasured genotype combination; viability untested
YJR116W	triple	2.1692216	1.5015339	-1.1734696269035338	6.829914927482605	-2.9286548376083372	7.592395591735839	0.09375	0.0	9.262217491865158	unmeasured genotype combination; viability untested
YJR125C	triple	1.8735162	1.3977289	-1.9907040119171142	7.492761397361755	-5.5351975440979	10.0108057975769	0.09375	0.0	12.514734375476834	unmeasured genotype combination; viability untested
YJR146W	triple	-0.8686584	1.0458288	-4.3983816504478455	2.132410323619842	-3.1383919954299926	3.7557854056358337	0.09375	0.0	6.712484687566757	unmeasured genotype combination; viability untested
YJR150C	triple	1.3632832	2.9569988	-2.9840492486953734	5.916954326629638	-2.197508311271667	9.992710638046264	0.09375	0.0	10.54561126232147	unmeasured genotype combination; viability untested
YKL016C	triple	-0.63351345	0.85391915	-4.170433390140533	2.5635917663574217	-3.943194854259491	5.645654106140135	0.09375	0.0	8.16143705844879	unmeasured genotype combination; viability untested
YKL034W	triple	1.9250989	3.0986834	-1.2709794521331788	7.1609186887741085	-1.5980478048324585	7.621660900115966	0.09375	0.0	8.825803422927855	unmeasured genotype combination; viability untested
YKL038W	triple	1.1297593	0.4713149	-2.9395885348320006	7.2358211278915405	-4.4962742805480955	4.857568776607511	0.09375	0.0	9.764626359939575	unmeasured genotype combination; viability untested
YKL050C	triple	0.8590312	5.719942	-2.8924855470657347	5.696048784255981	-1.8526108741760254	16.253024196624754	0.09375	0.0	13.347084701061249	unmeasured genotype combination; viability untested
YKL051W	triple	1.1405462	0.6167064	-3.0683602571487425	4.740231728553772	-3.7980142712593077	5.475430488586426	0.09375	0.0	8.541018372774124	unmeasured genotype combination; viability untested
YKL086W	triple	-0.8644695	-0.10209492	-3.448671889305115	1.375850087404251	-2.7657946705818177	3.032012140750884	0.09375	0.0	5.311164394021034	unmeasured genotype combination; viability untested
YKL107W	triple	-0.22042696	0.63927007	-4.165381848812103	3.079011416435241	-3.9464105486869814	4.05512923002243	0.09375	0.0	7.622966521978378	unmeasured genotype combination; viability untested
YKL119C	triple	0.24441817	1.1449411	-2.3522159099578857	3.754371011257171	-2.980550694465637	7.5299427986145	0.09375	0.0	8.308540207147598	unmeasured genotype combination; viability untested
YKL178C	triple	0.5340334	1.910351	-2.618012809753418	2.784381568431854	-3.5433745265007017	9.322328615188596	0.09375	0.0	9.134048759937285	unmeasured genotype combination; viability untested
YKL179C	triple	1.0072728	0.20781463	-2.128535282611847	5.021038556098937	-4.8974908828735355	5.735866212844848	0.09375	0.0	8.891465467214584	unmeasured genotype combination; viability untested
YKL188C	triple	0.09137991	0.29120126	-3.4147475004196166	3.4680349349975574	-4.200585269927979	4.138008391857147	0.09375	0.0	7.6106880486011494	unmeasured genotype combination; viability untested
YKL211C	triple	2.0901546	2.4393022	-1.9090394139289857	11.254040145874024	-1.5068603992462157	7.2990008831024165	0.09375	0.0	10.98447042107582	unmeasured genotype combination; viability untested
YKR017C	triple	1.4857377	2.9142392	-2.5504279494285584	7.489217543601988	-2.192930614948273	6.232711124420165	0.09375	0.0	9.232643616199493	unmeasured genotype combination; viability untested
YKR031C	triple	3.356875	2.129336	-1.1114897221326827	8.204570007324218	-2.6470194101333617	7.296010065078734	0.09375	0.0	9.629544602334498	unmeasured genotype combination; viability untested
YKR097W	triple	1.8974088	1.7784741	-2.4892603754997253	9.382730722427365	-3.778530406951904	6.742352294921875	0.09375	0.0	11.196436899900434	unmeasured genotype combination; viability untested
YKR099W	triple	0.1495794	3.4632254	-3.3013628482818604	5.513403391838073	-2.8129812598228456	10.418192625045776	0.09375	0.0	11.022970062494277	unmeasured genotype combination; viability untested
YLL026W	triple	0.63647264	-0.25946707	-2.942583465576172	3.5471451878547664	-4.695898914337159	5.194655942916869	0.09375	0.0	8.190141755342482	unmeasured genotype combination; viability untested
YLL027W	triple	0.23661385	0.7470114	-2.612213838100433	4.371883356571194	-3.867632257938385	4.652025341987609	0.09375	0.0	7.751877397298811	unmeasured genotype combination; viability untested
YLL060C	triple	0.5495106	2.1677032	-2.689539170265198	2.990530407428741	-2.477411079406738	9.013618993759154	0.09375	0.0	8.585549825429915	unmeasured genotype combination; viability untested
YLR012C	triple	-0.4110934	0.988738	-2.9136249899864195	2.7021659374237053	-2.3349464654922487	5.065024662017822	0.09375	0.0	6.507881027460098	unmeasured genotype combination; viability untested
YLR041W	triple	1.0683366	0.45653573	-1.3262633562088013	5.209531474113464	-4.1731892943382265	4.521173286437988	0.09375	0.0	7.61507870554924	unmeasured genotype combination; viability untested
YLR043C	triple	0.816072	1.5916767	-2.0267223596572874	4.631215834617615	-1.9474570751190186	5.4075596809387205	0.09375	0.0	7.006477475166321	unmeasured genotype combination; viability untested
YLR049C	triple	1.708855	0.9413892	-3.625341463088989	7.831650400161743	-3.6994089841842652	6.4669823169708245	0.09375	0.0	10.811691582202911	unmeasured genotype combination; viability untested
YLR054C	triple	1.1110206	1.8567104	-2.5795978188514708	6.049622869491577	-2.7411824822425843	6.806405210494994	0.09375	0.0	9.088404190540313	unmeasured genotype combination; viability untested
YLR073C	triple	2.789063	3.2173634	-1.1564867943525314	7.369209647178649	-3.2585540890693663	10.071946191787717	0.09375	0.0	10.928098361194133	unmeasured genotype combination; viability untested
YLR074C	triple	-0.23392841	0.8992557	-3.4310807943344117	2.5382688283920287	-4.2358604907989506	7.071857261657715	0.09375	0.0	8.638533687591552	unmeasured genotype combination; viability untested
YLR098C	triple	2.5860739	0.1969215	-1.221092426776886	7.849576640129089	-3.1608614206314085	3.7069051504135127	0.09375	0.0	7.969217818975448	unmeasured genotype combination; viability untested
YLR099C	triple	1.1346776	0.52500975	-1.9600194215774536	5.4420216321945185	-3.5761248230934144	5.167232155799866	0.09375	0.0	8.072699016332626	unmeasured genotype combination; viability untested
YLR109W	triple	1.1102792	2.6008394	-2.1099040627479555	6.910545349121094	-2.7253098607063295	7.75719199180603	0.09375	0.0	9.751475632190704	unmeasured genotype combination; viability untested
YLR125W	triple	-0.5304302	-0.31801492	-5.0868518352508545	3.838915395736694	-4.333544731140137	5.115500736236572	0.09375	0.0	9.18740634918213	unmeasured genotype combination; viability untested
YLR135W	triple	0.7664904	6.84235	-2.36660418510437	4.782562017440796	-0.21454939842224108	19.108397006988522	0.09375	0.0	13.236056303977964	unmeasured genotype combination; viability untested
YLR151C	triple	0.7663106	1.3315833	-3.052357041835785	3.9058454751968377	-2.94205322265625	5.611097526550292	0.09375	0.0	7.755676633119583	unmeasured genotype combination; viability untested
YLR203C	triple	0.14014673	0.4139903	-3.022932505607605	3.321574985980987	-4.046047127246856	5.000978899002075	0.09375	0.0	7.695766758918762	unmeasured genotype combination; viability untested
YLR233C	triple	0.43013293	3.1581416	-4.526191568374633	4.754800724983215	-1.8402963519096374	9.579799842834472	0.09375	0.0	10.35054424405098	unmeasured genotype combination; viability untested
YLR252W	triple	2.8371994	2.2652812	-1.767146599292755	11.686487150192258	-1.5723742246627808	9.139067983627319	0.09375	0.0	12.082537978887556	unmeasured genotype combination; viability untested
YLR261C	triple	-0.18051265	-1.0290737	-3.1702790379524233	2.4117755055427548	-5.511739301681518	3.790800654888152	0.09375	0.0	7.442297250032425	unmeasured genotype combination; viability untested
YLR273C	triple	0.8689638	4.4247723	-1.733503258228302	3.9414400815963746	-2.2591514706611635	16.900006580352777	0.09375	0.0	12.417050695419308	unmeasured genotype combination; viability untested
YLR279W	triple	1.006172	1.6237108	-2.124513876438141	5.4007548809051515	-2.4082080125808716	6.328853750228881	0.09375	0.0	8.131165260076521	unmeasured genotype combination; viability untested
YLR286C	triple	-0.13818412	-1.1503723	-3.377603805065155	2.770361924171447	-6.222950839996338	3.1802761673927296	0.09375	0.0	7.7755963683128355	unmeasured genotype combination; viability untested
YLR287C	triple	0.7766939	3.129988	-3.0644071221351625	4.905259680747985	-3.1377408504486084	9.679529762268066	0.09375	0.0	10.393468707799911	unmeasured genotype combination; viability untested
YLR294C	triple	-0.3312925	1.0239818	-3.396735095977783	2.718464732170103	-2.90261766910553	5.260714387893676	0.09375	0.0	7.139265942573546	unmeasured genotype combination; viability untested
YLR311C	triple	0.44102037	3.248979	-3.0768882989883424	5.515622329711913	-1.6699354767799377	8.345571374893188	0.09375	0.0	9.30400874018669	unmeasured genotype combination; viability untested
YLR313C	triple	1.5541866	1.5749589	-1.8436159253120423	6.41653664112091	-6.802188348770141	11.937791156768796	0.09375	0.0	13.500066035985945	unmeasured genotype combination; viability untested
YLR346C	triple	4.2698903	4.6193132	-2.3683550119400025	14.565811920166015	-2.0342953324317934	13.182656812667846	0.09375	0.0	16.07555953860283	unmeasured genotype combination; viability untested
YLR369W	triple	1.5444015	1.8222885	-2.9496241211891174	5.990508818626404	-3.0555978059768676	7.8516276359558095	0.09375	0.0	9.9236791908741	unmeasured genotype combination; viability untested
YLR385C	triple	1.6549304	0.7262019	-1.4351673245429992	5.420058798789977	-3.0390026330947872	4.445110392570495	0.09375	0.0	7.16966957449913	unmeasured genotype combination; viability untested
YLR431C	triple	2.2002676	0.43250996	-2.4547228813171387	10.75046453475952	-4.227311742305756	7.16241455078125	0.09375	0.0	12.297456854581831	unmeasured genotype combination; viability untested
YLR449W	triple	1.4650406	4.5257535	-1.3570032238960266	5.6704073429107655	-2.1968245029449465	14.361526918411254	0.09375	0.0	11.792880994081496	unmeasured genotype combination; viability untested
YML019W	triple	0.8628651	3.0620224	-1.7510133624076842	5.2243298292160025	-2.4527480006217957	13.412133264541625	0.09375	0.0	11.420112228393553	unmeasured genotype combination; viability untested
YML021C	triple	0.2916897	1.1606119	-3.2338879227638246	4.000176227092743	-3.820733428001404	6.899069881439209	0.09375	0.0	8.97693372964859	unmeasured genotype combination; viability untested
YML034W	triple	0.076028734	2.337544	-3.2421404838562013	3.8150331854820245	-4.598480224609375	8.752001333236693	0.09375	0.0	10.203827613592146	unmeasured genotype combination; viability untested
YML051W	triple	2.5678024	1.8543994	-0.8196211993694306	8.39600908756256	-1.6195350527763366	7.559624242782593	0.09375	0.0	9.19739479124546	unmeasured genotype combination; viability untested
YML074C	triple	1.7976482	5.4731236	-1.6986533045768737	5.256019353866577	-1.4013524889945983	14.140970993041993	0.09375	0.0	11.248498070240021	unmeasured genotype combination; viability untested
YML082W	triple	0.5329227	3.1312144	-3.093051278591156	3.996364629268646	-2.7857731580734253	11.186702537536618	0.09375	0.0	10.530945801734923	unmeasured genotype combination; viability untested
YML108W	triple	1.2476782	0.96050954	-2.839491403102875	4.274967265129089	-4.095153057575226	5.553287887573242	0.09375	0.0	8.381449806690217	unmeasured genotype combination; viability untested
YML116W	triple	1.7042247	1.4802927	-1.403508973121643	6.877558016777038	-2.9739925622940064	6.386294031143188	0.09375	0.0	8.820676791667939	unmeasured genotype combination; viability untested
YMR006C	triple	1.7710869	1.97	-1.120322933793068	6.339033651351927	-2.4622157335281374	8.646222496032713	0.09375	0.0	9.283897407352923	unmeasured genotype combination; viability untested
YMR010W	triple	1.4295793	1.3847954	-2.2155647039413453	4.811882138252258	-4.562043678760529	6.245450401306152	0.09375	0.0	8.917470461130142	unmeasured genotype combination; viability untested
YMR012W	triple	2.248209	3.589816	-2.205815243721008	8.119656467437743	-3.396450161933899	13.855790901184081	0.09375	0.0	13.788856387138365	unmeasured genotype combination; viability untested
YMR020W	triple	2.1869671	1.8106247	-2.384158360958099	7.297768068313598	-1.9038074612617493	5.9136814117431635	0.09375	0.0	8.749707651138305	unmeasured genotype combination; viability untested
YMR032W	triple	2.0185635	-2.4642043	-2.301732289791107	8.238570523262021	-8.724276494979858	3.539297330379486	0.09375	0.0	11.401938319206236	unmeasured genotype combination; viability untested
YMR054W	triple	2.158749	3.6995401	-1.9614356875419616	8.012168407440184	-1.0591916680335998	9.95630369186401	0.09375	0.0	10.494549727439878	unmeasured genotype combination; viability untested
YMR064W	triple	-0.09169031	3.8898	-3.8000996112823486	2.989189302921295	-3.6742971777915954	14.460871458053587	0.09375	0.0	12.462228775024414	unmeasured genotype combination; viability untested
YMR086W	triple	0.23923248	1.8069861	-3.190820276737213	3.9801983594894406	-4.73070797920227	10.113523387908934	0.09375	0.0	11.007625001668929	unmeasured genotype combination; viability untested
YMR088C	triple	4.465206	5.8011703	0.7958219200372696	11.250313711166381	0.8634004712104797	14.131874227523804	0.09375	0.0	11.861482773721217	unmeasured genotype combination; viability untested
YMR097C	triple	1.0666441	1.6883733	-2.431756114959717	5.020985984802245	-3.7322629570960997	6.62882399559021	0.09375	0.0	8.906914526224135	unmeasured genotype combination; viability untested
YMR102C	triple	2.167552	3.2321515	-1.037144735455513	6.964640402793884	-1.9213009595870971	8.184154558181762	0.09375	0.0	9.053620328009128	unmeasured genotype combination; viability untested
YMR103C	triple	0.10940938	-0.2765448	-2.2944949507713317	3.3623251080512997	-5.49170880317688	3.995893895626068	0.09375	0.0	7.57221137881279	unmeasured genotype combination; viability untested
YMR119W-A	triple	0.58321774	2.5184653	-2.4220777273178102	4.3340377569198605	-1.3258183360099793	5.989197826385498	0.09375	0.0	7.035565823316574	unmeasured genotype combination; viability untested
YMR120C	triple	0.37288004	0.8795665	-3.463760590553284	5.426191425323484	-3.6147483587265015	7.757776021957396	0.09375	0.0	10.131238198280332	unmeasured genotype combination; viability untested
YMR121C	triple	-0.8320775	-1.3576688	-4.306659579277039	2.0354034781455987	-5.991358423233033	3.1749859571456898	0.09375	0.0	7.75420371890068	unmeasured genotype combination; viability untested
YMR135W-A	triple	-0.01999306	0.6345402	-3.302390480041504	3.3399084806442256	-4.097144067287445	5.844384384155273	0.09375	0.0	8.291913706064223	unmeasured genotype combination; viability untested
YMR148W	triple	0.66524637	3.9733965	-2.5065405130386353	4.00845900774002	-1.9827504754066467	11.042602109909057	0.09375	0.0	9.77017605304718	unmeasured genotype combination; viability untested
YMR170C	triple	2.7386868	4.047394	-1.3968805909156798	9.449860382080074	-1.2989115595817566	10.610750246047969	0.09375	0.0	11.37820138931274	unmeasured genotype combination; viability untested
YMR184W	triple	-0.23359115	-0.35149077	-2.517361283302307	3.2351536393165587	-4.145934355258942	3.8157045364379867	0.09375	0.0	6.857076907157897	unmeasured genotype combination; viability untested
YMR187C	triple	4.387454	5.440825	-1.7565616607666015	17.855811691284178	-0.2905661046504974	16.500809001922605	0.09375	0.0	18.20187422931194	unmeasured genotype combination; viability untested
YMR192W	triple	-0.1117318	0.6540773	-3.6293330788612366	4.013988077640533	-5.253896236419678	9.366457986831662	0.09375	0.0	11.131837689876555	unmeasured genotype combination; viability untested
YMR232W	triple	0.37191847	2.1007483	-4.082071256637573	4.6601135492324826	-3.011768102645874	8.790460777282714	0.09375	0.0	10.272206842899323	unmeasured genotype combination; viability untested
YMR245W	triple	0.049519196	-0.06174642	-2.8608776807785032	3.6765969753265377	-4.595925378799438	5.123074674606323	0.09375	0.0	8.1282373547554	unmeasured genotype combination; viability untested
YMR274C	triple	2.0012183	1.641371	-2.5620816469192507	7.169153285026549	-3.2915924310684206	6.615677642822264	0.09375	0.0	9.819252502918243	unmeasured genotype combination; viability untested
YMR280C	triple	1.6695889	-1.0434911	-1.738925051689148	6.0028430938720705	-6.06923279762268	4.440028023719786	0.09375	0.0	9.125514483451841	unmeasured genotype combination; viability untested
YMR313C	triple	1.7114193	3.9988356	-1.8273136496543883	6.592431902885437	-1.4794728875160217	10.171557235717772	0.09375	0.0	10.035387837886809	unmeasured genotype combination; viability untested
YMR315W	triple	0.56614864	1.8843337	-3.2873894691467287	5.2552778005599965	-2.533097970485687	9.199976968765258	0.09375	0.0	10.137871104478835	unmeasured genotype combination; viability untested
YNL008C	triple	1.159614	1.9858825	-2.8458404660224916	6.7898033857345546	-2.0028440952301025	6.849110460281372	0.09375	0.0	9.24379920363426	unmeasured genotype combination; viability untested
YNL012W	triple	0.49428275	1.9438196	-3.1956647396087647	4.442269611358642	-2.2865695714950562	6.169993638992309	0.09375	0.0	8.047248780727386	unmeasured genotype combination; viability untested
YNL055C	triple	-0.79332626	0.32432082	-3.883342111110687	2.6180848240852352	-5.401101970672608	5.071024870872497	0.09375	0.0	8.486776888370514	unmeasured genotype combination; viability untested
YNL063W	triple	1.400948	2.7882652	-2.2019566655158997	5.511576533317565	-1.5646323442459107	10.57419385910034	0.09375	0.0	9.926179701089858	unmeasured genotype combination; viability untested
YNL070W	triple	2.5885003	2.3602831	-2.873521959781647	11.661069536209105	-2.8457701921463014	9.870023727416992	0.09375	0.0	13.625192707777021	unmeasured genotype combination; viability untested
YNL073W	triple	0.4263995	-0.06237328	-2.5234812259674073	4.097678565979003	-5.44305009841919	5.652249908447265	0.09375	0.0	8.858229899406433	unmeasured genotype combination; viability untested
YNL076W	triple	0.39488918	2.9268618	-2.1603054881095884	3.282108402252197	-4.598053073883056	10.666443634033202	0.09375	0.0	10.353455299139021	unmeasured genotype combination; viability untested
YNL084C	triple	0.27920598	3.9226625	-2.1612096071243285	3.0995407700538635	-1.4122268557548523	10.905814456939696	0.09375	0.0	8.78939584493637	unmeasured genotype combination; viability untested
YNL100W	triple	1.2913879	3.0775847	-3.0879852890968325	7.101194286346435	-1.7586366057395935	8.610889387130737	0.09375	0.0	10.2793527841568	unmeasured genotype combination; viability untested
YNL122C	triple	-0.3760654	-1.6832342	-4.137577486038208	2.372072660923004	-5.926409530639648	1.5422628343105313	0.09375	0.0	6.989161255955696	unmeasured genotype combination; viability untested
YNL125C	triple	2.4003115	2.1664324	-1.362575149536133	6.499364972114563	-1.7017783999443055	5.5827680110931395	0.09375	0.0	7.57324326634407	unmeasured genotype combination; viability untested
YNL129W	triple	0.9133387	1.5429052	-1.9522773623466492	4.401733613014221	-3.3587405920028686	7.201589298248289	0.09375	0.0	8.457170432806013	unmeasured genotype combination; viability untested
YNL142W	triple	0.19109935	1.0650585	-3.339830446243286	4.522512602806091	-3.173425793647766	5.5865056753158555	0.09375	0.0	8.3111372590065	unmeasured genotype combination; viability untested
YNL196C	triple	-0.7246249	1.4472908	-3.946507728099823	3.4739629745483396	-3.9600353837013245	9.741522169113159	0.09375	0.0	10.561014127731323	unmeasured genotype combination; viability untested
YNL211C	triple	-1.1676482	1.0717992	-4.297004306316376	1.5876219987869258	-2.6832953095436096	6.484938526153562	0.09375	0.0	7.526430070400237	unmeasured genotype combination; viability untested
YNL212W	triple	0.5688865	2.748848	-2.9785481095314026	4.282446622848511	-4.736383390426636	13.750911426544189	0.09375	0.0	12.874144774675369	unmeasured genotype combination; viability untested
YNL219C	triple	1.5794752	0.5524774	-2.684913623332977	5.465272212028502	-2.9562189102172853	4.919319510459898	0.09375	0.0	8.012862128019332	unmeasured genotype combination; viability untested
YNL271C	triple	0.66492736	1.9327918	-3.748546230792999	4.92740581035614	-4.8124463081359865	11.155503368377683	0.09375	0.0	12.321950858831404	unmeasured genotype combination; viability untested
YNL292W	triple	1.1961317	2.8856187	-2.5291139006614687	5.723000979423522	-2.807698166370392	10.546975564956664	0.09375	0.0	10.803394305706023	unmeasured genotype combination; viability untested
YNL295W	triple	0.6106055	1.6020929	-2.2972529530525208	3.673818862438202	-3.340230679512024	6.5661170959472654	0.09375	0.0	7.938709795475006	unmeasured genotype combination; viability untested
YNR008W	triple	1.3827819	-0.24918632	-3.11769722700119	6.444486784934997	-5.287920808792114	5.21751446723938	0.09375	0.0	10.03380964398384	unmeasured genotype combination; viability untested
YNR048W	triple	2.089582	1.8348706	-0.9871874243021012	6.755982255935669	-3.772737443447113	5.980239677429199	0.09375	0.0	8.748073400557042	unmeasured genotype combination; viability untested
YNR063W	triple	2.3627267	1.5263755	-0.9852413386106491	7.022583103179929	-2.635094475746155	6.476816749572753	0.09375	0.0	8.559867833554744	unmeasured genotype combination; viability untested
YOL009C	triple	1.9736512	-1.2710285	-1.6089611411094666	7.06454451084137	-6.125915908813477	4.258805131912231	0.09375	0.0	9.529113346338272	unmeasured genotype combination; viability untested
YOL013C	triple	-0.25792804	-0.32301974	-3.361163008213043	3.0513205051422116	-3.876416599750519	4.380804419517517	0.09375	0.0	7.334852266311645	unmeasured genotype combination; viability untested
YOL017W	triple	1.0094957	2.3303683	-2.5944588422775268	7.042814183235167	-5.028916501998902	12.927466583251952	0.09375	0.0	13.796828055381775	unmeasured genotype combination; viability untested
YOL023W	triple	1.5330626	3.2609568	-2.0143384456634523	5.295597267150878	-2.4051196932792664	10.84301996231079	0.09375	0.0	10.279037684202192	unmeasured genotype combination; viability untested
YOL048C	triple	-1.358789	0.31759635	-4.348985505104065	1.6953907310962673	-3.2329394221305847	3.662310218811035	0.09375	0.0	6.469812938570976	unmeasured genotype combination; viability untested
YOL057W	triple	0.7600176	1.0992855	-3.1499369740486145	4.775125527381897	-6.3798235893249515	9.90132837295532	0.09375	0.0	12.10310723185539	unmeasured genotype combination; viability untested
YOL058W	triple	0.48937884	2.335629	-2.7393550872802734	4.424692320823669	-2.6960673928260803	8.95461049079895	0.09375	0.0	9.407362645864486	unmeasured genotype combination; viability untested
YOL061W	triple	0.3891394	0.66224146	-2.841558742523193	3.5914841890335083	-3.390778827667236	4.8197253942489615	0.09375	0.0	7.321773576736449	unmeasured genotype combination; viability untested
YOL072W	triple	2.380166	-0.27938706	-1.890290105342865	8.305369424819943	-6.7757550239562985	9.359896373748779	0.09375	0.0	13.165655463933941	unmeasured genotype combination; viability untested
YOL084W	triple	0.6696903	2.5647073	-3.523739743232727	4.364820575714111	-1.8305670380592347	8.13186855316162	0.09375	0.0	8.925497955083847	unmeasured genotype combination; viability untested
YOL100W	triple	2.0125136	3.944758	-1.62007417678833	7.345807433128356	-2.227872169017792	10.410032558441163	0.09375	0.0	10.801893168687819	unmeasured genotype combination; viability untested
YOL101C	triple	1.7472649	3.814104	-1.2567407965660096	7.550340557098386	-1.552966260910034	10.128313922882079	0.09375	0.0	10.244180768728254	unmeasured genotype combination; viability untested
YOL107W	triple	3.040708	3.5889626	-0.7696306943893432	6.826368379592895	-2.2807422995567324	8.749848985671996	0.09375	0.0	9.313295179605483	unmeasured genotype combination; viability untested
YOL114C	triple	-0.6681558	0.14787927	-4.14461520910263	3.2924564361572246	-3.779017388820648	4.260346245765685	0.09375	0.0	7.738217639923095	unmeasured genotype combination; viability untested
YOL125W	triple	0.28741515	1.2553061	-2.3558792233467103	3.690094566345214	-3.5758267402648927	6.52328143119812	0.09375	0.0	8.072540980577468	unmeasured genotype combination; viability untested
YOL136C	triple	0.84897035	1.7646322	-3.5662033319473267	4.742395043373107	-2.6495232224464416	6.333926010131836	0.09375	0.0	8.646023803949355	unmeasured genotype combination; viability untested
YOR001W	triple	1.3945217	1.0500367	-1.8398101925849915	4.957755231857299	-6.255670213699341	9.35372815132141	0.09375	0.0	11.203481894731521	unmeasured genotype combination; viability untested
YOR006C	triple	-0.25331175	-0.23309734	-3.39441556930542	3.088508355617523	-4.3942803859710695	3.5171546816825865	0.09375	0.0	7.1971794962883	unmeasured genotype combination; viability untested
YOR009W	triple	2.1781662	3.6463685	-2.1396809339523317	6.9150252580642695	-1.4675302028656005	11.54807262420654	0.09375	0.0	11.03515450954437	unmeasured genotype combination; viability untested
YOR010C	triple	3.3484993	4.40337	-0.20383694171905517	8.41985969543457	-2.0929133772850035	12.4219247341156	0.09375	0.0	11.569267374277114	unmeasured genotype combination; viability untested
YOR012W	triple	-0.0869769	-0.16528773	-4.047740352153778	3.1951189517974847	-4.650989007949829	4.60525106191635	0.09375	0.0	8.249549686908722	unmeasured genotype combination; viability untested
YOR044W	triple	1.0209236	1.5713447	-2.4932103395462035	4.998281466960904	-3.4001504540443417	7.371475648880004	0.09375	0.0	9.131558954715727	unmeasured genotype combination; viability untested
YOR096W	triple	0.8096152	2.8813667	-3.761818599700928	5.415445947647095	-2.3685673594474794	8.331353330612181	0.09375	0.0	9.938592618703842	unmeasured genotype combination; viability untested
YOR105W	triple	0.064528555	0.36263198	-3.0169923305511475	3.170258903503418	-3.362210917472839	5.53288447856903	0.09375	0.0	7.541173315048217	unmeasured genotype combination; viability untested
YOR107W	triple	0.070803106	1.2848489	-2.668219709396362	2.8005435347557066	-3.8704322814941405	6.590254688262939	0.09375	0.0	7.964725106954574	unmeasured genotype combination; viability untested
YOR114W	triple	0.1981348	0.9697985	-3.1501312017440797	5.411300539970397	-4.1469746112823485	7.420732784271239	0.09375	0.0	10.064569568634031	unmeasured genotype combination; viability untested
YOR158W	triple	0.6868822	1.118516	-2.826238012313843	5.488565611839293	-5.292811059951783	8.047443103790282	0.09375	0.0	10.827528893947601	unmeasured genotype combination; viability untested
YOR192C	triple	1.0720161	1.0080462	-1.8305655002593995	5.224790143966674	-3.331478500366211	6.865641450881958	0.09375	0.0	8.62623779773712	unmeasured genotype combination; viability untested
YOR211C	triple	1.3692974	2.411405	-2.110383689403534	7.291767168045044	-2.291783940792084	6.908912706375122	0.09375	0.0	9.301423752307892	unmeasured genotype combination; viability untested
YOR219C	triple	2.2949765	-0.5457674	-0.9416363030672074	5.9775567770004265	-5.340335416793823	3.4593759775161725	0.09375	0.0	7.8594522371888145	unmeasured genotype combination; viability untested
YOR226C	triple	-0.46568632	-0.6525489	-3.6120476841926576	3.2558108687400815	-4.7869494438171385	3.445470631122589	0.09375	0.0	7.550139313936234	unmeasured genotype combination; viability untested
YOR227W	triple	0.7531814	-0.47357324	-3.4210667848587035	6.328398537635802	-6.5748804092407225	6.196474742889404	0.09375	0.0	11.260410237312316	unmeasured genotype combination; viability untested
YOR233W	triple	2.982627	1.5399143	-0.08354509770870208	8.511379861831664	-4.46262264251709	7.56064553260803	0.09375	0.0	10.309096567332743	unmeasured genotype combination; viability untested
YOR253W	triple	2.2155252	1.7783211	-2.2655078291893007	9.201643276214599	-3.072915053367615	6.800042581558227	0.09375	0.0	10.67005437016487	unmeasured genotype combination; viability untested
YOR265W	triple	-0.51735914	0.19331218	-3.6408429622650145	3.5992124199867246	-3.4696329116821287	7.072186708450316	0.09375	0.0	8.890937501192091	unmeasured genotype combination; viability untested
YOR266W	triple	2.0025358	1.8605727	-1.772733223438263	6.8377115488052365	-2.6101216435432435	7.157412195205687	0.09375	0.0	9.188989305496214	unmeasured genotype combination; viability untested
YOR270C	triple	3.8487835	4.390863	-0.7280385613441467	12.834457969665527	-1.0940028429031372	13.024651718139646	0.09375	0.0	13.840575546026228	unmeasured genotype combination; viability untested
YOR303W	triple	3.3260374	1.0992911	-1.2305343985557555	10.165372824668879	-4.06245766878128	7.004717063903808	0.09375	0.0	11.231540977954861	unmeasured genotype combination; viability untested
YOR305W	triple	1.1795468	2.8424	-2.266665995121002	4.596090650558471	-2.7722654342651367	9.256909847259518	0.09375	0.0	9.445965963602063	unmeasured genotype combination; viability untested
YOR328W	triple	1.5749762	0.03596133	-2.8649988651275633	6.579300260543823	-4.812485265731811	5.873940515518187	0.09375	0.0	10.065362453460692	unmeasured genotype combination; viability untested
YOR337W	triple	3.022234	1.1588279	-0.9530871540307999	8.612998104095459	-3.5019160985946653	6.177809000015257	0.09375	0.0	9.62290517836809	unmeasured genotype combination; viability untested
YOR342C	triple	0.43220717	2.4347787	-2.408012533187866	5.670917487144468	-1.580000138282776	7.342252349853515	0.09375	0.0	8.500591254234312	unmeasured genotype combination; viability untested
YOR352W	triple	0.5253906	1.1895387	-3.0150399208068848	4.215712165832519	-4.826144742965698	8.114745283126831	0.09375	0.0	10.085821056365965	unmeasured genotype combination; viability untested
YPL001W	triple	3.9220214	3.5895684	-2.0196804881095884	12.613519001007079	-3.022959327697754	11.31906213760376	0.09375	0.0	14.48761047720909	unmeasured genotype combination; viability untested
YPL002C	triple	-0.8106922	0.14331642	-3.244239091873169	2.693135166168213	-4.350465965270996	4.852355790138243	0.09375	0.0	7.570098006725311	unmeasured genotype combination; viability untested
YPL005W	triple	-1.7550154	0.4946142	-4.519669389724731	1.7641845703124996	-4.548088645935058	4.490403461456299	0.09375	0.0	7.661173033714293	unmeasured genotype combination; viability untested
YPL018W	triple	1.8431937	0.47181857	-2.522999334335327	10.007948064804076	-4.534534311294555	8.09862151145935	0.09375	0.0	12.582051610946653	unmeasured genotype combination; viability untested
YPL025C	triple	-0.26444674	0.20984137	-3.8263913869857786	3.286384546756744	-3.859424316883087	3.773664903640747	0.09375	0.0	7.372932577133178	unmeasured genotype combination; viability untested
YPL048W	triple	1.1866066	3.4581115	-2.4886037588119505	5.045919132232666	-2.685714852809906	9.61807837486267	0.09375	0.0	9.919158059358596	unmeasured genotype combination; viability untested
YPL065W	triple	-0.35532618	-0.8900552	-3.2625030755996702	2.379022866487502	-7.174088764190674	5.4562494277954094	0.09375	0.0	9.135932067036627	unmeasured genotype combination; viability untested
YPL068C	triple	0.40725988	2.4987125	-2.894529700279236	4.816244196891784	-4.1125886082649235	7.383340597152709	0.09375	0.0	9.603351551294326	unmeasured genotype combination; viability untested
YPL077C	triple	0.823045	0.730674	-3.259237599372864	5.096167111396789	-4.901891565322876	8.335041332244872	0.09375	0.0	10.796168804168701	unmeasured genotype combination; viability untested
YPL084W	triple	-0.57161194	1.3382972	-3.904040038585663	2.1617520570755	-4.635254716873169	9.452637910842894	0.09375	0.0	10.076842361688612	unmeasured genotype combination; viability untested
YPL103C	triple	2.209719	1.1421359	-0.6584923565387726	5.536758899688721	-3.926087033748627	6.739785146713256	0.09375	0.0	8.430561718344688	unmeasured genotype combination; viability untested
YPL108W	triple	-0.87368083	-0.12415944	-3.8563570857048033	1.6910173535346984	-4.066660249233246	3.3908135056495663	0.09375	0.0	6.502424097061157	unmeasured genotype combination; viability untested
YPL112C	triple	0.5451058	-1.6515594	-2.589878964424133	5.891664075851439	-6.185288143157959	3.4716220021247857	0.09375	0.0	9.069226592779158	unmeasured genotype combination; viability untested
YPL177C	triple	0.15314817	1.630073	-2.874036765098572	4.8823412418365475	-3.739172625541687	6.854198694229125	0.09375	0.0	9.174874663352966	unmeasured genotype combination; viability untested
YPL265W	triple	2.6264575	1.578109	-1.4249823808670044	7.793023681640625	-2.8538328886032103	7.518987989425659	0.09375	0.0	9.795413470268247	unmeasured genotype combination; viability untested
YPR053C	triple	-0.89855236	0.52861905	-4.001629722118378	2.730002224445342	-3.0779696464538575	5.226036787033081	0.09375	0.0	7.517819190025329	unmeasured genotype combination; viability untested
YPR069C	triple	0.35133815	0.89053965	-2.948138916492462	3.900082409381866	-3.289482665061951	4.293862497806548	0.09375	0.0	7.215783244371414	unmeasured genotype combination; viability untested
YPR077C	triple	0.81850183	0.920704	-2.6735366344451905	4.808373761177062	-3.9886284708976745	5.4497426509857165	0.09375	0.0	8.460140758752821	unmeasured genotype combination; viability untested
YPR083W	triple	0.88889605	0.26052117	-3.336175036430359	5.068883562088012	-5.290035200119019	4.642627000808715	0.09375	0.0	9.168860399723052	unmeasured genotype combination; viability untested
YPR106W	triple	1.7952147	0.6377562	-1.75420138835907	10.038502979278563	-3.9542551159858705	6.104196023941039	0.09375	0.0	10.925577753782271	unmeasured genotype combination; viability untested
YPR124W	triple	-0.07678641	-0.03080073	-3.0579079031944274	3.8303274750709524	-3.7366731762886047	3.2870914459228513	0.09375	0.0	6.956000000238418	unmeasured genotype combination; viability untested
YPR133W-A	triple	-0.27660245	1.784335	-4.057508409023285	3.306135737895965	-2.5088688850402834	6.042060852050781	0.09375	0.0	7.957286942005156	unmeasured genotype combination; viability untested
YPR139C	triple	0.023606166	1.3891417	-3.564843845367432	4.285059201717376	-3.533841097354889	6.13087830543518	0.09375	0.0	8.757311224937439	unmeasured genotype combination; viability untested
YPR154W	triple	1.8246944	0.054854788	-1.387642741203308	6.105923199653625	-4.896692895889283	3.8024549484252925	0.09375	0.0	8.096356892585755	unmeasured genotype combination; viability untested
YPR174C	triple	-1.1118715	0.013606012	-3.3137426137924195	0.9586875557899472	-4.652251672744751	5.720231318473815	0.09375	0.0	7.322456580400466	unmeasured genotype combination; viability untested
YAL012W	triple	1.2164114	1.6923902	-3.2830475568771362	6.033607268333434	-3.508439779281616	7.285057258605956	0.0625	0.0	10.055075931549071	unmeasured genotype combination; viability untested
YAL015C	triple	0.33238828	3.0373237	-2.188649356365204	3.9200037121772766	-1.5629782199859619	8.629624462127683	0.0625	0.0	8.150627875328063	unmeasured genotype combination; viability untested
YAL017W	triple	0.59975564	2.4837043	-3.1555092334747314	5.134766721725463	-2.8522860765457154	8.696763467788696	0.0625	0.0	9.919662749767301	unmeasured genotype combination; viability untested
YAL042W	triple	-0.4426548	-1.0385661	-3.6508466958999635	2.0161314666271206	-4.945599937438965	2.3555359125137327	0.0625	0.0	6.48405700623989	unmeasured genotype combination; viability untested
YAL066W	triple	2.4249496	3.077892	-3.006554877758026	7.224070811271667	-2.7304076552391052	9.937627315521238	0.0625	0.0	11.44933032989502	unmeasured genotype combination; viability untested
YAL068C	triple	-0.44212162	0.44916612	-3.0077606439590454	2.424166882038116	-4.019866383075714	4.768739461898804	0.0625	0.0	7.11026668548584	unmeasured genotype combination; viability untested
YBL006C	triple	1.5419037	1.0401261	-2.2093544602394104	5.87034318447113	-3.464851140975952	5.6433474779129025	0.0625	0.0	8.593948131799698	unmeasured genotype combination; viability untested
YBL017C	triple	-0.21985951	0.8192683	-4.385931992530823	4.021146965026852	-2.9707005500793455	5.373966455459594	0.0625	0.0	8.375872981548309	unmeasured genotype combination; viability untested
YBL056W	triple	-0.25302103	0.72154754	-2.9093866467475893	2.9498760938644404	-3.7255929827690126	4.654673409461974	0.0625	0.0	7.119764566421508	unmeasured genotype combination; viability untested
YBL086C	triple	0.75603056	1.5667351	-2.1347277879714968	3.8888909578323365	-3.3047521471977235	6.816606616973877	0.0625	0.0	8.072488754987717	unmeasured genotype combination; viability untested
YBL093C	triple	1.2990187	0.6361954	-1.8699923515319825	5.495934319496154	-3.729833996295929	4.282842826843261	0.0625	0.0	7.689301747083663	unmeasured genotype combination; viability untested
YBR001C	triple	1.8434505	0.65148866	-1.6040438413619995	5.313333463668823	-2.239552688598633	4.846407794952392	0.0625	0.0	7.001668894290924	unmeasured genotype combination; viability untested
YBR008C	triple	3.9493837	2.5693402	0.8473974227905273	11.297309255599975	-1.0644649147987366	7.250785636901854	0.0625	0.0	9.38258119225502	unmeasured genotype combination; viability untested
YBR016W	triple	2.2140193	2.1660435	-1.0727060556411743	6.409068703651427	-2.0858009338378904	6.537914991378784	0.0625	0.0	8.052745342254639	unmeasured genotype combination; viability untested
YBR020W	triple	-0.327773	1.1218528	-3.261337661743164	2.267736184597015	-2.0293866872787474	4.717874383926391	0.0625	0.0	6.138167458772658	unmeasured genotype combination; viability untested
YBR032W	triple	-0.22888026	0.4580344	-3.240240478515625	3.497024857997894	-4.454401874542237	7.074323368072509	0.0625	0.0	9.132995289564132	unmeasured genotype combination; viability untested
YBR052C	triple	0.71786445	1.5282171	-2.807977533340454	6.113046622276305	-2.908394718170166	6.09191756248474	0.0625	0.0	8.960668218135833	unmeasured genotype combination; viability untested
YBR054W	triple	-0.14339787	1.8793793	-3.0497108459472657	2.9454377770423887	-1.7197621941566468	7.82888774871826	0.0625	0.0	7.771899282932281	unmeasured genotype combination; viability untested
YBR058C	triple	0.3009928	1.189512	-2.8775030374526978	4.317190945148467	-3.10529203414917	5.486723327636718	0.0625	0.0	7.893354672193526	unmeasured genotype combination; viability untested
YBR059C	triple	1.3693264	0.39998025	-1.9634936690330504	4.755632996559143	-4.060526418685913	6.077588844299315	0.0625	0.0	8.428620964288712	unmeasured genotype combination; viability untested
YBR071W	triple	-0.46996665	0.15696134	-3.32478244304657	2.427762424945831	-3.2681700468063353	4.283383452892303	0.0625	0.0	6.65204918384552	unmeasured genotype combination; viability untested
YBR097W	triple	0.35069248	1.727325	-3.2036960124969482	2.956183326244354	-3.9226160883903503	9.364927721023557	0.0625	0.0	9.723711574077605	unmeasured genotype combination; viability untested
YBR103W	triple	0.93767184	0.5729727	-2.8480205655097963	5.008828663825989	-4.589138984680176	5.832265424728393	0.0625	0.0	9.139126819372178	unmeasured genotype combination; viability untested
YBR107C	triple	2.1402035	1.2696108	-2.0871519565582277	6.320538258552551	-4.358535623550415	8.473131179809569	0.0625	0.0	10.619678509235381	unmeasured genotype combination; viability untested
YBR108W	triple	1.2329586	-0.4435539	-2.1356605529785155	4.509583234786986	-5.812253046035766	5.853904008865356	0.0625	0.0	9.15570042133331	unmeasured genotype combination; viability untested
YBR114W	triple	0.5308727	3.2543566	-4.542522859573364	7.352634072303772	-2.5650691866874693	10.498755264282224	0.0625	0.0	12.479490691423415	unmeasured genotype combination; viability untested
YBR120C	triple	-0.09439079	1.0269982	-2.6790480256080627	3.039556336402893	-3.0254579186439514	4.882191944122314	0.0625	0.0	6.81312711238861	unmeasured genotype combination; viability untested
YBR141C	triple	1.2156978	0.40143475	-2.0789862871170044	6.296925735473632	-4.9312540054321286	4.5220993757247925	0.0625	0.0	8.914632701873778	unmeasured genotype combination; viability untested
YBR149W	triple	3.9076967	5.162522	-0.7921793222427368	13.263682651519776	-0.7302519381046294	15.745259237289428	0.0625	0.0	15.265686574578286	unmeasured genotype combination; viability untested
YBR159W	triple	1.5412382	1.9938607	-2.570133376121521	5.896213269233703	-2.450743854045868	7.422725057601928	0.0625	0.0	9.16990777850151	unmeasured genotype combination; viability untested
YBR162C	triple	-0.61652905	-0.2434051	-3.951779580116272	3.06086208820343	-3.9348323822021483	2.8495209097862233	0.0625	0.0	6.898497480154036	unmeasured genotype combination; viability untested
YBR175W	triple	-0.22749183	1.1049471	-3.601115357875824	2.5671819210052487	-2.4534149408340453	4.984109735488891	0.0625	0.0	6.802910977602005	unmeasured genotype combination; viability untested
YBR178W	triple	0.49455112	1.6999725	-3.4906211614608766	4.428454089164734	-2.663688850402832	7.37528133392334	0.0625	0.0	8.97902271747589	unmeasured genotype combination; viability untested
YBR182C	triple	-0.7228175	-0.025166016	-3.5107419013977053	1.4386712908744812	-4.804644584655762	3.902149510383605	0.0625	0.0	6.828103643655776	unmeasured genotype combination; viability untested
YBR183W	triple	2.8698318	3.4649513	-2.1343933582305907	7.981305050849914	-2.6587496757507325	9.392534112930297	0.0625	0.0	11.083491098880767	unmeasured genotype combination; viability untested
YBR191W	triple	0.13858491	1.0687983	-3.601945400238037	3.1211882233619686	-4.645306158065796	6.32413556575775	0.0625	0.0	8.846287673711776	unmeasured genotype combination; viability untested
YBR197C	triple	0.051852524	-0.03296733	-3.0794275999069214	4.015660047531128	-5.007139253616333	4.666286969184875	0.0625	0.0	8.384256935119629	unmeasured genotype combination; viability untested
YBR238C	triple	-0.25746644	-0.11781475	-2.6264908790588377	2.697864592075348	-3.123370385169983	4.728490185737607	0.0625	0.0	6.588108021020888	unmeasured genotype combination; viability untested
YBR246W	triple	0.7307481	1.9046682	-2.7890196681022643	4.1255269050598145	-2.927161383628845	6.365534257888794	0.0625	0.0	8.103621107339858	unmeasured genotype combination; viability untested
YBR248C	triple	1.877033	2.8161836	-2.0681413531303408	6.551303768157958	-2.6682279825210573	9.105566120147705	0.0625	0.0	10.19661961197853	unmeasured genotype combination; viability untested
YBR255W	triple	1.0639162	-1.2998481	-1.5097578406333922	4.97484564781189	-6.877326393127442	4.807198071479797	0.0625	0.0	9.084563976526262	unmeasured genotype combination; viability untested
YBR296C	triple	0.61749685	1.3753242	-2.5491349577903746	3.6556334376335142	-2.9801512479782106	5.312385249137878	0.0625	0.0	7.248652446269989	unmeasured genotype combination; viability untested
YCL005W	triple	0.44430944	1.5668322	-2.505097734928131	4.358055567741394	-3.3165595531463623	6.219249820709228	0.0625	0.0	8.199481338262558	unmeasured genotype combination; viability untested
YCL022C	triple	-0.044067852	0.20381507	-2.665992248058319	3.673241662979126	-4.166852223873138	3.962191867828369	0.0625	0.0	7.234139001369476	unmeasured genotype combination; viability untested
YCL023C	triple	0.17076151	2.587359	-2.936934757232666	3.495938730239868	-1.6993399739265442	7.194439029693603	0.0625	0.0	7.663326245546341	unmeasured genotype combination; viability untested
YCL028W	triple	-0.15862866	1.9383266	-2.6974593877792357	2.332384371757507	-2.79674654006958	6.486801862716673	0.0625	0.0	7.156696081161497	unmeasured genotype combination; viability untested
YCL037C	triple	0.731235	1.665214	-3.5210001707077025	5.559551537036893	-4.628690385818482	10.024413871765136	0.0625	0.0	11.866827982664105	unmeasured genotype combination; viability untested
YCL042W	triple	0.6006426	0.55845296	-3.169417750835419	4.128678941726684	-2.91345591545105	4.200298881530761	0.0625	0.0	7.205925744771957	unmeasured genotype combination; viability untested
YCL063W	triple	0.9434073	0.6327671	-2.6540320754051208	4.182069528102875	-4.541026914119721	4.755710983276366	0.0625	0.0	8.066419750452042	unmeasured genotype combination; viability untested
YCR008W	triple	0.2969634	1.1677127	-2.658821761608124	3.2603783130645754	-2.3273686528205872	4.50231441259384	0.0625	0.0	6.3744415700435635	unmeasured genotype combination; viability untested
YCR020C-A	triple	-0.6866008	0.8839633	-3.0338152647018433	3.1973204493522642	-2.5655993223190308	5.695137786865234	0.0625	0.0	7.245936411619187	unmeasured genotype combination; viability untested
YCR049C	triple	1.0996698	1.2167652	-2.1604552984237673	3.9580145359039305	-2.7940991163253783	4.155642890930175	0.0625	0.0	6.534105920791625	unmeasured genotype combination; viability untested
YCR067C	triple	-0.5393735	0.72532153	-3.1394295692443848	3.360629796981811	-3.167774128913879	6.761247634887694	0.0625	0.0	8.214540565013884	unmeasured genotype combination; viability untested
YCR075C	triple	0.123322725	0.6361631	-3.1730339407920836	4.192279005050659	-3.5018601417541504	5.346345925331115	0.0625	0.0	8.106759506464003	unmeasured genotype combination; viability untested
YCR090C	triple	0.28626603	1.0025189	-3.045409655570984	4.476449966430664	-4.481392765045166	4.6413297891616825	0.0625	0.0	8.322291088104247	unmeasured genotype combination; viability untested
YCR092C	triple	0.57722074	2.1341777	-2.828445482254028	4.596130025386809	-2.3335282683372496	7.479288864135739	0.0625	0.0	8.618696320056912	unmeasured genotype combination; viability untested
YDL002C	triple	1.0823796	2.9982185	-2.892847144603729	4.932856559753418	-1.7190027475357055	9.800679683685303	0.0625	0.0	9.672693067789078	unmeasured genotype combination; viability untested
YDL019C	triple	2.6410487	2.6935623	-0.510667622089386	7.1790380477905265	-4.06280632019043	14.589353656768797	0.0625	0.0	13.17093282341957	unmeasured genotype combination; viability untested
YDL034W	triple	0.7920755	-0.13317657	-2.2437574744224547	3.511227774620056	-4.631994247436523	4.485430121421813	0.0625	0.0	7.436204808950424	unmeasured genotype combination; viability untested
YDL044C	triple	0.6481208	1.2372625	-2.5475841045379637	3.275730037689209	-2.8906445860862733	5.992198753356933	0.0625	0.0	7.35307874083519	unmeasured genotype combination; viability untested
YDL048C	triple	1.0641534	1.0519437	-2.1551267385482786	4.15803644657135	-3.0696825981140137	5.922438716888427	0.0625	0.0	7.652642250061035	unmeasured genotype combination; viability untested
YDL050C	triple	-0.56162566	0.47104108	-3.4562860250473024	2.0641298651695243	-2.9631306409835814	4.475367522239685	0.0625	0.0	6.479457026720047	unmeasured genotype combination; viability untested
YDL054C	triple	3.9940803	3.5973952	-1.2477092742919922	14.128801345825192	-3.468345892429352	11.311092615127562	0.0625	0.0	15.07797456383705	unmeasured genotype combination; viability untested
YDL090C	triple	-0.0036464632	-0.74456763	-2.7984943985939026	4.485881710052491	-5.04604139328003	2.4234369874000548	0.0625	0.0	7.376927244663239	unmeasured genotype combination; viability untested
YDL107W	triple	-0.30090505	-0.7610936	-3.664872884750366	2.969743156433105	-3.473423171043396	2.2878522276878357	0.0625	0.0	6.197945719957351	unmeasured genotype combination; viability untested
YDL109C	triple	0.70034367	0.5606204	-2.1561751842498778	4.408809638023376	-2.7166820406913756	5.030981278419494	0.0625	0.0	7.156324070692062	unmeasured genotype combination; viability untested
YDL121C	triple	0.63032323	1.4590492	-2.211783742904663	3.55977691411972	-2.74578343629837	6.9531218051910395	0.0625	0.0	7.735232949256897	unmeasured genotype combination; viability untested
YDL124W	triple	0.18898663	2.4101114	-4.034473049640655	4.385199427604675	-1.6954917311668396	7.033646583557128	0.0625	0.0	8.57440539598465	unmeasured genotype combination; viability untested
YDL129W	triple	-0.3122822	1.4871072	-4.249474132061005	4.259152126312255	-4.35884565114975	6.596433973312378	0.0625	0.0	9.731952941417694	unmeasured genotype combination; viability untested
YDL137W	triple	2.2486908	1.8608599	-2.6616352081298826	12.232959032058716	-2.1212144613265993	12.843090391159055	0.0625	0.0	14.929449546337127	unmeasured genotype combination; viability untested
YDL138W	triple	0.34215587	1.6396433	-2.116660845279694	2.3677450776100155	-3.7223193049430847	6.407782077789307	0.0625	0.0	7.307253652811051	unmeasured genotype combination; viability untested
YDL155W	triple	-0.41247535	0.64785194	-2.892992925643921	2.3181516170501704	-4.030719101428986	5.109409666061401	0.0625	0.0	7.175636655092239	unmeasured genotype combination; viability untested
YDL159W	triple	0.65604556	3.1425362	-1.7988771557807923	4.034990799427032	-2.0347007274627686	10.194083452224731	0.0625	0.0	9.031326067447662	unmeasured genotype combination; viability untested
YDL199C	triple	1.4027684	2.2473304	-2.182801580429077	6.139523625373839	-1.5047561645507812	5.802790355682372	0.0625	0.0	7.814935863018034	unmeasured genotype combination; viability untested
YDL200C	triple	1.7802303	1.11024	-1.4876288294792175	6.253949069976806	-3.9486426949501037	5.733802127838135	0.0625	0.0	8.71201136112213	unmeasured genotype combination; viability untested
YDL213C	triple	-0.4615349	2.538479	-3.4793755769729615	2.699366593360901	-2.7410109639167786	10.324209499359128	0.0625	0.0	9.621981316804884	unmeasured genotype combination; viability untested
YDL215C	triple	1.8690865	2.8160083	-1.5553308129310608	5.487361502647399	-5.250753355026245	12.011034488677977	0.0625	0.0	12.152240079641341	unmeasured genotype combination; viability untested
YDL239C	triple	0.8230263	1.0796059	-2.044694983959198	4.827809643745422	-4.720836734771728	7.287686729431151	0.0625	0.0	9.44051404595375	unmeasured genotype combination; viability untested
YDL243C	triple	2.5058699	3.7656486	-2.332054948806763	9.13498558998108	-0.2486494302749634	11.175918912887571	0.0625	0.0	11.445804440975188	unmeasured genotype combination; viability untested
YDR010C	triple	-0.63403606	0.84272736	-3.7052421092987062	1.952365720272064	-2.5406748056411743	5.334983110427856	0.0625	0.0	6.7666328728198994	unmeasured genotype combination; viability untested
YDR036C	triple	1.5704935	1.1628053	-2.819765019416809	9.064394998550414	-2.229136383533478	6.009171295166015	0.0625	0.0	10.061233848333357	unmeasured genotype combination; viability untested
YDR056C	triple	-0.4859001	-0.251992	-3.469788670539856	2.4863492131233214	-4.925767087936402	2.9877075195312495	0.0625	0.0	6.934806245565414	unmeasured genotype combination; viability untested
YDR065W	triple	0.7298895	1.9596341	-1.888891077041626	5.483340167999266	-3.989098346233368	9.026710987091063	0.0625	0.0	10.19402028918266	unmeasured genotype combination; viability untested
YDR069C	triple	0.96567535	-0.12118748	-1.812521743774414	4.833286261558532	-4.947712326049805	5.234670829772949	0.0625	0.0	8.41409558057785	unmeasured genotype combination; viability untested
YDR077W	triple	0.12912738	0.52015835	-2.5331834077835085	3.0697110533714294	-3.4537183046340942	5.142885661125183	0.0625	0.0	7.099749213457107	unmeasured genotype combination; viability untested
YDR079W	triple	-0.902094	1.6350324	-4.01836005449295	2.1006285786628722	-2.9893736362457277	5.67801911830902	0.0625	0.0	7.393190693855285	unmeasured genotype combination; viability untested
YDR093W	triple	0.93162334	0.1970753	-2.9385636925697325	5.828300929069518	-6.210867881774902	4.689307105541228	0.0625	0.0	9.83351980447769	unmeasured genotype combination; viability untested
YDR114C	triple	-0.52828246	1.5290606	-3.1609071016311647	2.6114651083946225	-1.316560935974121	5.506442832946776	0.0625	0.0	6.297687989473342	unmeasured genotype combination; viability untested
YDR136C	triple	1.1731272	0.66412985	-3.047274947166443	4.613311934471129	-3.875700223445892	6.182574892044067	0.0625	0.0	8.859430998563766	unmeasured genotype combination; viability untested
YDR143C	triple	-0.8299804	0.6830348	-3.6511762619018553	1.9053578615188598	-3.341952681541443	4.718877506256103	0.0625	0.0	6.80868215560913	unmeasured genotype combination; viability untested
YDR153C	triple	1.2775378	2.8019292	-3.3068475484848023	6.264875531196593	-2.5139297604560853	10.92268028259277	0.0625	0.0	11.504166561365125	unmeasured genotype combination; viability untested
YDR154C	triple	1.6259731	1.650995	-3.2162820219993593	5.803135228157043	-2.981976497173309	6.424618721008301	0.0625	0.0	9.213006234169006	unmeasured genotype combination; viability untested
YDR161W	triple	0.42479378	0.9398126	-3.2883000016212462	4.4729971408844	-4.508583295345306	8.333734655380246	0.0625	0.0	10.3018075466156	unmeasured genotype combination; viability untested
YDR184C	triple	0.28152525	0.6884886	-2.9412254810333254	3.9563773751258844	-3.708512318134308	3.2766266226768495	0.0625	0.0	6.941370898485184	unmeasured genotype combination; viability untested
YDR186C	triple	1.4968781	1.0762992	-2.2718234419822694	6.224459505081176	-4.39475976228714	5.762679100036621	0.0625	0.0	9.326860904693604	unmeasured genotype combination; viability untested
YDR191W	triple	0.17856464	0.32255	-3.9646846652030945	3.655522799491882	-3.9021993279457092	4.00630384683609	0.0625	0.0	7.764355319738388	unmeasured genotype combination; viability untested
YDR192C	triple	-0.39257008	-0.53355324	-2.9229480624198914	2.686544191837311	-5.45616192817688	4.262911415100097	0.0625	0.0	7.66428279876709	unmeasured genotype combination; viability untested
YDR194C	triple	0.19928953	0.72608006	-3.9828102707862856	3.932417047023773	-2.74818617105484	4.924881935119628	0.0625	0.0	7.794147711992263	unmeasured genotype combination; viability untested
YDR202C	triple	-0.6055405	1.3967253	-4.047340714931488	3.3453611254692075	-4.200952529907227	8.005445384979248	0.0625	0.0	9.799549877643585	unmeasured genotype combination; viability untested
YDR203W	triple	0.8909265	-1.1163814	-2.769539642333984	5.365229845046996	-5.327422571182251	3.1707875728607173	0.0625	0.0	8.316489815711975	unmeasured genotype combination; viability untested
YDR209C	triple	1.6812718	-0.08291647	-1.6430732369422913	6.315393853187561	-4.578064918518066	3.8235896468162536	0.0625	0.0	8.180060827732087	unmeasured genotype combination; viability untested
YDR210W	triple	1.1257303	2.720654	-1.5403391480445863	3.9507234573364256	-1.3469196438789368	7.174315786361694	0.0625	0.0	7.006149017810822	unmeasured genotype combination; viability untested
YDR237W	triple	1.0325675	0.868845	-2.376401650905609	5.509481072425842	-3.8627746224403383	7.1808588027954094	0.0625	0.0	9.4647580742836	unmeasured genotype combination; viability untested
YDR264C	triple	1.9313787	0.8580634	-2.3776203036308288	5.979552245140074	-3.888595926761627	5.974453854560851	0.0625	0.0	9.110111165046689	unmeasured genotype combination; viability untested
YDR293C	triple	1.6767145	0.5737082	-2.4910551428794863	5.87094461917877	-4.334206676483154	8.125458240509031	0.0625	0.0	10.410832339525221	unmeasured genotype combination; viability untested
YDR329C	triple	1.3452044	1.4357274	-2.962024176120758	6.256503224372864	-4.842657566070557	8.677042722702026	0.0625	0.0	11.369113844633102	unmeasured genotype combination; viability untested
YDR336W	triple	-0.5555775	0.75560534	-3.030190086364746	2.3121500492095928	-3.208440136909485	4.656607341766358	0.0625	0.0	6.603693807125091	unmeasured genotype combination; viability untested
YDR337W	triple	0.12961155	1.0222473	-3.2216641902923584	3.485516548156738	-3.053869891166687	6.740615320205689	0.0625	0.0	8.250832974910736	unmeasured genotype combination; viability untested
YDR344C	triple	-0.72531295	1.0419424	-3.796770656108856	2.363617146015167	-2.771371531486511	4.249730634689331	0.0625	0.0	6.590744984149932	unmeasured genotype combination; viability untested
YDR350C	triple	-0.9462081	0.26299602	-3.4228880167007447	2.5926332116127013	-4.082899558544159	5.695935344696045	0.0625	0.0	7.897178065776824	unmeasured genotype combination; viability untested
YDR370C	triple	1.1328874	-0.26640683	-2.648488736152649	7.484959840774534	-4.243449640274048	4.388419032096862	0.0625	0.0	9.382658624649046	unmeasured genotype combination; viability untested
YDR374C	triple	2.6617439	2.3441195	-0.39514120221138	5.675367331504821	-2.0171470046043396	7.319452142715454	0.0625	0.0	7.703553840517998	unmeasured genotype combination; viability untested
YDR383C	triple	0.6846555	-0.3637852	-4.08410507440567	6.731879186630248	-4.556532669067383	5.128999221324919	0.0625	0.0	10.25075807571411	unmeasured genotype combination; viability untested
YDR405W	triple	-0.96974903	3.123253	-3.526906704902649	1.6017755270004272	-1.8727701544761657	9.04933648109436	0.0625	0.0	8.0253944337368	unmeasured genotype combination; viability untested
YDR409W	triple	-0.10153976	1.8394023	-2.819988024234772	3.001003861427307	-3.000007224082947	7.731604719161987	0.0625	0.0	8.276301914453507	unmeasured genotype combination; viability untested
YDR421W	triple	1.008054	0.7501931	-2.0717625856399535	5.55080723762512	-3.1386262655258177	5.439884281158447	0.0625	0.0	8.100540184974669	unmeasured genotype combination; viability untested
YDR433W	triple	1.7057197	-3.318845	-1.0254908174276351	5.134951090812683	-7.479198312759399	2.426023674011229	0.0625	0.0	8.032831947505473	unmeasured genotype combination; viability untested
YDR443C	triple	1.8192532	3.2539027	-0.8048658043146133	5.61894552707672	-3.4298535227775573	10.891498851776122	0.0625	0.0	10.372581852972507	unmeasured genotype combination; viability untested
YDR444W	triple	1.7951025	2.7527435	-1.362024450302124	5.101724982261658	-1.8319150805473328	6.8447891712188715	0.0625	0.0	7.570226842164993	unmeasured genotype combination; viability untested
YDR453C	triple	1.7832447	4.7657394	-0.8236734300851822	5.396638226509093	-0.643321818113327	10.426796007156371	0.0625	0.0	8.645214740931987	unmeasured genotype combination; viability untested
YDR463W	triple	0.34841684	0.25977844	-3.210185432434082	3.4599551200866694	-4.039917385578155	4.613260722160339	0.0625	0.0	7.6616593301296225	unmeasured genotype combination; viability untested
YDR481C	triple	1.2866224	1.2586094	-2.8379213213920593	6.425087666511534	-2.879766511917114	7.679591608047485	0.0625	0.0	9.911183553934096	unmeasured genotype combination; viability untested
YDR509W	triple	-0.33390322	2.1846364	-2.4600300669670103	2.2132170557975765	-2.3606104850769043	7.222615194320676	0.0625	0.0	7.128236401081084	unmeasured genotype combination; viability untested
YDR511W	triple	1.0340889	1.7858801	-2.2118866086006164	4.708381175994873	-3.1066524744033814	8.235720014572143	0.0625	0.0	9.131320136785508	unmeasured genotype combination; viability untested
YDR515W	triple	1.061081	2.437324	-1.9097622275352477	4.171240758895874	-2.456259310245514	9.517605590820311	0.0625	0.0	9.027433943748473	unmeasured genotype combination; viability untested
YDR516C	triple	0.6752279	2.6096015	-2.4194040417671205	4.40818668603897	-2.2598997473716738	7.283830451965331	0.0625	0.0	8.185660463571548	unmeasured genotype combination; viability untested
YDR523C	triple	0.03260629	2.9882445	-3.717688190937042	3.034874045848846	-3.6708125352859495	9.890789699554443	0.0625	0.0	10.15708223581314	unmeasured genotype combination; viability untested
YDR533C	triple	0.62721497	2.8323727	-2.4811760067939757	3.3435483336448666	-4.911596441268921	8.436169528961182	0.0625	0.0	9.586245155334472	unmeasured genotype combination; viability untested
YDR538W	triple	0.74909055	1.5065185	-1.9717050075531006	5.270188188552856	-3.3898127555847166	5.925499153137207	0.0625	0.0	8.27860255241394	unmeasured genotype combination; viability untested
YEL004W	triple	0.4463846	1.699173	-2.9560158967971804	4.507894039154053	-2.830000376701355	6.765819692611694	0.0625	0.0	8.52986500263214	unmeasured genotype combination; viability untested
YEL011W	triple	0.5338633	0.85585856	-2.3004608869552614	3.6094047069549555	-3.72058744430542	4.851518511772156	0.0625	0.0	7.240985774993896	unmeasured genotype combination; viability untested
YEL024W	triple	0.18514822	-0.21502113	-3.087792158126831	2.6220425128936764	-3.2675965785980225	3.6859404802322375	0.0625	0.0	6.331685864925384	unmeasured genotype combination; viability untested
YEL025C	triple	-0.6424292	0.49488258	-3.0875037789344786	2.399735367298126	-3.566773271560669	4.887509679794311	0.0625	0.0	6.970761048793792	unmeasured genotype combination; viability untested
YEL031W	triple	2.6740186	3.777469	-1.3037567138671875	8.818132853507993	-1.6875993847846984	10.899071216583252	0.0625	0.0	11.354280084371567	unmeasured genotype combination; viability untested
YEL038W	triple	-0.61620903	1.2128859	-2.908140575885773	2.508311605453491	-2.5793795228004455	4.405818498134612	0.0625	0.0	6.20082510113716	unmeasured genotype combination; viability untested
YEL046C	triple	1.3982084	2.099228	-3.146465468406677	6.794380092620849	-2.2919708728790282	9.741479396820068	0.0625	0.0	10.987147915363312	unmeasured genotype combination; viability untested
YEL050C	triple	0.04401577	-0.6469752	-2.9506178379058836	3.0953897833824153	-5.014479351043701	4.170523977279663	0.0625	0.0	7.615505474805832	unmeasured genotype combination; viability untested
YEL060C	triple	0.053660005	-0.36373544	-2.994716727733612	2.7966505527496337	-5.779005479812622	3.9436435580253595	0.0625	0.0	7.757008159160614	unmeasured genotype combination; viability untested
YEL065W	triple	2.0336277	2.3722925	-1.7886804342269897	6.290728998184204	-0.8162186026573182	6.534359979629516	0.0625	0.0	7.714994007349014	unmeasured genotype combination; viability untested
YER004W	triple	1.2031975	2.3572788	-2.370199191570282	6.960364031791687	-1.9590058326721191	5.824242210388183	0.0625	0.0	8.556905633211136	unmeasured genotype combination; viability untested
YER019C-A	triple	-0.15344203	0.757945	-3.3315850853919984	2.8812698364257807	-3.416589307785034	6.123837041854858	0.0625	0.0	7.876640635728836	unmeasured genotype combination; viability untested
YER028C	triple	0.7578957	0.88043714	-2.2029687762260437	4.350900137424468	-5.219933700561524	6.995301914215087	0.0625	0.0	9.38455226421356	unmeasured genotype combination; viability untested
YER039C	triple	1.4798229	2.0138702	-2.0069859504699705	6.033164691925049	-2.155036509037018	6.211195230484008	0.0625	0.0	8.203191190958023	unmeasured genotype combination; viability untested
YER046W	triple	1.6617754	0.10874892	-1.552937078475952	5.745431303977965	-3.1996837139129637	4.496416449546814	0.0625	0.0	7.497234272956847	unmeasured genotype combination; viability untested
YER050C	triple	-0.42203057	1.2169033	-4.031320440769195	4.59811029434204	-4.126124382019043	6.055494308471679	0.0625	0.0	9.405524712800979	unmeasured genotype combination; viability untested
YER052C	triple	1.0987179	2.2934668	-2.440321624279022	4.62308943271637	-2.462097203731537	9.106282281875608	0.0625	0.0	9.315895271301269	unmeasured genotype combination; viability untested
YER058W	triple	-0.6844145	0.5965742	-3.478341841697693	1.8818755388259885	-3.1303184986114503	4.264530897140502	0.0625	0.0	6.377533388137817	unmeasured genotype combination; viability untested
YER077C	triple	-0.92180717	0.044519648	-4.030018603801727	3.75161609649658	-3.403200364112854	4.917428731918335	0.0625	0.0	8.051131898164748	unmeasured genotype combination; viability untested
YER086W	triple	0.14239931	1.3659112	-2.308560073375702	2.533901250362396	-1.6359953165054322	4.770955896377562	0.0625	0.0	5.624706268310546	unmeasured genotype combination; viability untested
YER088C	triple	0.0016695336	0.56789196	-2.604810130596161	3.001990818977356	-3.7054246187210085	4.568246698379516	0.0625	0.0	6.940236133337021	unmeasured genotype combination; viability untested
YER089C	triple	-0.21506026	0.1437249	-2.6109492421150207	3.9068578839302064	-3.857713758945465	4.32387490272522	0.0625	0.0	7.349697893857956	unmeasured genotype combination; viability untested
YER092W	triple	0.4160394	0.4563329	-3.183214807510376	2.950615572929382	-5.626787281036377	7.455731010437011	0.0625	0.0	9.608174335956573	unmeasured genotype combination; viability untested
YER109C	triple	0.15997973	1.3012822	-2.270435655117035	3.2521880626678463	-3.4218724727630616	8.99833159446716	0.0625	0.0	8.971413892507552	unmeasured genotype combination; viability untested
YER137C	triple	-0.17701665	-0.5950104	-2.932160997390747	4.217481553554534	-4.823828792572021	4.761176180839538	0.0625	0.0	8.367323762178419	unmeasured genotype combination; viability untested
YER141W	triple	0.67001736	1.3606414	-2.5652955770492554	4.2899066448211665	-2.87979336977005	5.4053909301757805	0.0625	0.0	7.570193260908127	unmeasured genotype combination; viability untested
YER144C	triple	0.903244	0.5777807	-3.2352243065834045	5.59314031600952	-2.7151671409606934	4.450512170791626	0.0625	0.0	7.997021967172622	unmeasured genotype combination; viability untested
YER179W	triple	2.3976717	1.02285	-0.3386553168296814	6.856157255172729	-4.9704021453857425	7.362229156494138	0.0625	0.0	9.763721936941145	unmeasured genotype combination; viability untested
YER181C	triple	1.1552243	2.2833972	-2.8489078998565676	9.05290503501892	-5.213101530075074	11.252316188812252	0.0625	0.0	14.183615326881405	unmeasured genotype combination; viability untested
YER185W	triple	2.1582747	4.095591	-0.8703844308853149	7.519965314865112	-0.20431981682777403	10.49727005958557	0.0625	0.0	9.545969811081886	unmeasured genotype combination; viability untested
YFL019C	triple	1.5515909	1.0144608	-2.953672671318054	6.739328122138977	-4.196049404144287	6.785236835479736	0.0625	0.0	10.337143516540527	unmeasured genotype combination; viability untested
YFL050C	triple	-0.24862249	0.7457771	-2.5910245776176453	2.974929571151732	-3.6307432055473328	5.115519213676452	0.0625	0.0	7.156108283996581	unmeasured genotype combination; viability untested
YFL051C	triple	0.40669405	1.4670315	-2.6196841835975646	2.425469553470611	-3.3285443067550657	5.048470139503479	0.0625	0.0	6.711084091663361	unmeasured genotype combination; viability untested
YFR008W	triple	0.69129264	0.28183228	-2.070181691646576	4.6206880569458	-5.356303119659424	6.514291191101073	0.0625	0.0	9.280732029676436	unmeasured genotype combination; viability untested
YFR040W	triple	1.3267331	1.9042876	-1.768769371509552	4.8378908157348635	-3.5696194052696226	7.503361940383911	0.0625	0.0	8.839820766448975	unmeasured genotype combination; viability untested
YFR054C	triple	0.24215253	0.28362542	-1.9037427186965943	3.3350316166877745	-3.731356477737427	4.9934944868087765	0.0625	0.0	6.981812649965286	unmeasured genotype combination; viability untested
YFR055W	triple	0.17182434	0.88809824	-2.6210876584053038	4.172256827354431	-3.478858208656311	4.8875254631042475	0.0625	0.0	7.5798640787601474	unmeasured genotype combination; viability untested
YGL020C	triple	1.6596518	1.9667513	-3.2070531487464904	9.14226574897766	-3.435140097141266	8.506137084960935	0.0625	0.0	12.145298039913175	unmeasured genotype combination; viability untested
YGL053W	triple	0.8254762	2.2775116	-3.598842811584473	5.928912258148193	-3.3073535323143	7.127655267715453	0.0625	0.0	9.98138193488121	unmeasured genotype combination; viability untested
YGL056C	triple	0.86015624	1.3691025	-2.1266252279281614	5.698228096961975	-2.609787666797638	5.816098928451538	0.0625	0.0	8.125369960069657	unmeasured genotype combination; viability untested
YGL062W	triple	1.162107	1.4190576	-2.7285906195640566	8.176269221305846	-3.22017560005188	8.739275741577147	0.0625	0.0	11.432155591249465	unmeasured genotype combination; viability untested
YGL070C	triple	1.8550242	3.4038367	-1.1054387092590332	4.825731945037841	-4.026006042957306	12.055954217910767	0.0625	0.0	11.006565457582473	unmeasured genotype combination; viability untested
YGL083W	triple	0.08758706	0.8616435	-3.166682708263397	3.5567660927772518	-3.679440951347351	5.232913136482239	0.0625	0.0	7.817901444435119	unmeasured genotype combination; viability untested
YGL129C	triple	1.4273206	0.7508966	-2.4544171929359435	6.0632210016250605	-5.643341588973999	4.882246375083923	0.0625	0.0	9.521613079309464	unmeasured genotype combination; viability untested
YGL131C	triple	0.29761848	2.0771167	-2.233931612968445	4.7581223487854	-2.6777286887168885	10.734163236618041	0.0625	0.0	10.201972943544387	unmeasured genotype combination; viability untested
YGL146C	triple	-0.6434742	-0.22450504	-2.723133885860443	1.0937540352344512	-4.2056003451347355	3.5972549438476555	0.0625	0.0	5.8098716050386425	unmeasured genotype combination; viability untested
YGL148W	triple	0.09855959	0.6961833	-3.4468912839889527	3.1978840947151186	-5.9474921226501465	6.629789876937866	0.0625	0.0	9.611028689146043	unmeasured genotype combination; viability untested
YGL165C	triple	0.34326652	0.5950668	-3.639917051792145	3.1816879868507386	-3.500307536125183	4.560238313674926	0.0625	0.0	7.441075444221497	unmeasured genotype combination; viability untested
YGL197W	triple	0.39476573	0.93282443	-2.8321990847587584	3.2987466573715207	-2.795389699935913	5.078770089149475	0.0625	0.0	7.002552765607834	unmeasured genotype combination; viability untested
YGL208W	triple	0.3452312	0.37228665	-2.401101493835449	3.086196041107178	-4.960043334960938	3.9737160325050347	0.0625	0.0	7.2105284512043	unmeasured genotype combination; viability untested
YGL209W	triple	0.44478658	3.1357932	-3.122540366649628	4.1137947678565965	-1.0203530311584472	6.729672622680663	0.0625	0.0	7.493180394172668	unmeasured genotype combination; viability untested
YGL221C	triple	0.50815785	1.9348961	-2.9379950761795044	4.295327806472778	-0.9469462990760803	5.157112741470336	0.0625	0.0	6.668690961599349	unmeasured genotype combination; viability untested
YGL223C	triple	1.9750543	-1.2933741	-2.8499772191047668	9.968168115615843	-8.457729768753051	4.001300585269927	0.0625	0.0	12.638587844371795	unmeasured genotype combination; viability untested
YGL228W	triple	-0.102988355	1.5746226	-3.3862668752670286	3.974373364448547	-2.709404265880585	6.376471233367919	0.0625	0.0	8.22325786948204	unmeasured genotype combination; viability untested
YGL235W	triple	0.12743354	-0.4036533	-3.035621404647827	2.829757523536682	-4.023793613910675	3.6912808895111073	0.0625	0.0	6.790226715803145	unmeasured genotype combination; viability untested
YGL248W	triple	2.300405	3.319845	-1.6226895213127137	7.691585540771483	-1.431964635848999	11.982409572601318	0.0625	0.0	11.364324635267256	unmeasured genotype combination; viability untested
YGL255W	triple	2.6916847	3.1603127	-2.250209629535675	8.842618870735167	-1.8342781782150268	12.23568878173828	0.0625	0.0	12.581397730112073	unmeasured genotype combination; viability untested
YGR004W	triple	1.0129186	2.1152449	-2.3207506418228148	7.321594262123107	-2.575317120552063	8.620881509780883	0.0625	0.0	10.419271767139435	unmeasured genotype combination; viability untested
YGR017W	triple	1.5670099	2.5132656	-2.75402592420578	7.118156957626343	-3.0890086770057676	10.788134241104121	0.0625	0.0	11.874662899971007	unmeasured genotype combination; viability untested
YGR023W	triple	0.27073509	0.43944216	-3.102736234664917	3.352636408805847	-3.6055233001708986	3.5806620121002197	0.0625	0.0	6.8207789778709405	unmeasured genotype combination; viability untested
YGR025W	triple	-1.0136395	-0.21351868	-2.907629704475403	2.141224443912506	-4.272938883304596	4.25840356349945	0.0625	0.0	6.790098297595978	unmeasured genotype combination; viability untested
YGR032W	triple	0.97374755	1.5482012	-2.635356438159943	4.352262759208679	-3.4132031440734862	7.2447550773620595	0.0625	0.0	8.822788709402083	unmeasured genotype combination; viability untested
YGR033C	triple	0.37316155	1.0214391	-2.8476614594459533	5.323723292350769	-3.083566153049469	3.5990042448043815	0.0625	0.0	7.426977574825287	unmeasured genotype combination; viability untested
YGR045C	triple	1.365552	2.1867957	-3.677708351612091	6.183581447601318	-2.4806726813316344	6.780364274978637	0.0625	0.0	9.56116337776184	unmeasured genotype combination; viability untested
YGR050C	triple	0.66023195	0.38321567	-3.0572630167007446	5.429407072067258	-4.988307476043701	5.460725951194763	0.0625	0.0	9.467851758003235	unmeasured genotype combination; viability untested
YGR052W	triple	0.40560865	0.7910249	-2.947165811061859	4.33399587869644	-4.378069984912872	6.23427357673645	0.0625	0.0	8.94675262570381	unmeasured genotype combination; viability untested
YGR055W	triple	1.8220997	0.96943593	-2.4983465313911437	7.986007618904111	-4.1768321871757506	8.056028413772577	0.0625	0.0	11.35860737562179	unmeasured genotype combination; viability untested
YGR058W	triple	0.44580048	3.8655992	-3.4082281827926635	6.330633497238155	-4.1808324456214905	13.83044409751892	0.0625	0.0	13.875069111585615	unmeasured genotype combination; viability untested
YGR063C	triple	2.6558232	1.7277002	-1.7617316007614137	10.147881126403806	-3.3483835458755493	5.790129899978637	0.0625	0.0	10.524063086509702	unmeasured genotype combination; viability untested
YGR069W	triple	-0.76545435	1.4051089	-4.279137921333313	2.382194077968597	-2.545251524448395	5.631531047821045	0.0625	0.0	7.419057285785675	unmeasured genotype combination; viability untested
YGR076C	triple	-0.19347832	0.8880733	-3.4206505537033083	2.644432485103607	-3.5932761669158935	5.074582242965697	0.0625	0.0	7.3664707243442535	unmeasured genotype combination; viability untested
YGR135W	triple	-0.40182653	0.03246376	-3.378977060317993	2.214146363735199	-5.196624279022217	3.14200609922409	0.0625	0.0	6.96587690114975	unmeasured genotype combination; viability untested
YGR138C	triple	1.8278539	1.2448355	-2.3083441615104676	6.535677409172058	-2.4004034280776976	5.266885900497435	0.0625	0.0	8.25565544962883	unmeasured genotype combination; viability untested
YGR148C	triple	-1.3769372	-0.9650163	-4.399296116828919	1.1210784196853636	-5.026490163803101	3.948543369770049	0.0625	0.0	7.247704035043716	unmeasured genotype combination; viability untested
YGR157W	triple	1.3364246	2.1294842	-1.7440680027008058	4.629145240783691	-1.5150788068771361	8.854671144485472	0.0625	0.0	8.371481597423553	unmeasured genotype combination; viability untested
YGR160W	triple	0.5843386	-1.1182117	-2.8745980143547056	4.278387355804443	-5.757548046112061	4.8716017484664915	0.0625	0.0	8.891067582368851	unmeasured genotype combination; viability untested
YGR161C	triple	0.5892625	0.10510267	-2.6531578421592714	4.598888659477233	-4.109653091430664	4.029848194122314	0.0625	0.0	7.695773893594741	unmeasured genotype combination; viability untested
YGR165W	triple	0.94456697	1.7105281	-2.0535441040992737	3.917542672157287	-2.889653778076172	5.466581535339356	0.0625	0.0	7.1636610448360445	unmeasured genotype combination; viability untested
YGR181W	triple	0.4864396	1.8448931	-2.412003457546234	5.022119045257568	-2.845128095149994	6.151349639892578	0.0625	0.0	8.215300118923187	unmeasured genotype combination; viability untested
YGR197C	triple	0.65372276	0.70146173	-2.344318950176239	4.99196331501007	-3.686512291431427	4.497245514392851	0.0625	0.0	7.760020035505294	unmeasured genotype combination; viability untested
YGR201C	triple	0.94067913	3.8198838	-1.9700235724449158	7.099475812911987	-2.542691195011139	11.080761051177978	0.0625	0.0	11.34647581577301	unmeasured genotype combination; viability untested
YGR209C	triple	-0.53602463	2.109425	-4.1695330262184145	2.81823979616165	-1.5431950449943543	5.989495038986205	0.0625	0.0	7.260231453180312	unmeasured genotype combination; viability untested
YGR221C	triple	2.5348933	2.0687118	-0.6704723834991455	6.372698283195495	-2.7527266263961794	8.122579717636109	0.0625	0.0	8.959238505363466	unmeasured genotype combination; viability untested
YGR224W	triple	2.4259586	2.3988938	-1.058516025543213	6.203142070770262	-1.5709789395332336	9.266439247131347	0.0625	0.0	9.049538141489027	unmeasured genotype combination; viability untested
YGR254W	triple	2.1544654	2.9997985	-1.512224590778351	7.314004707336426	-2.0690952062606813	10.902155065536498	0.0625	0.0	10.898739784955978	unmeasured genotype combination; viability untested
YGR260W	triple	3.0735452	3.4276605	0.018705034255981468	7.355591559410095	-0.965281856060028	8.867485618591308	0.0625	0.0	8.584826999902724	unmeasured genotype combination; viability untested
YGR276C	triple	-0.07131726	3.2935572	-2.579278659820557	2.6255128264427174	-4.467007064819336	11.156442880630491	0.0625	0.0	10.414120715856551	unmeasured genotype combination; viability untested
YGR287C	triple	1.7863836	1.1390613	-1.4308730602264403	5.840039539337158	-1.390546727180481	6.0643591403961175	0.0625	0.0	7.3629092335700985	unmeasured genotype combination; viability untested
YGR288W	triple	0.2664825	0.63315433	-2.6027573108673097	5.035660505294797	-4.341517055034638	5.813476276397704	0.0625	0.0	8.896705573797224	unmeasured genotype combination; viability untested
YHL007C	triple	0.5227454	2.1620083	-2.825789761543274	4.818012189865112	-3.1039228439331055	11.133597707748413	0.0625	0.0	10.940661251544952	unmeasured genotype combination; viability untested
YHL013C	triple	-0.3290102	0.14563483	-3.925334060192108	3.065391600131988	-3.4569597244262695	7.031003332138061	0.0625	0.0	8.739344358444214	unmeasured genotype combination; viability untested
YHL037C	triple	0.023556128	0.9532345	-2.77248215675354	2.5230449795722962	-2.9421805143356323	5.3973277568817135	0.0625	0.0	6.817517703771591	unmeasured genotype combination; viability untested
YHL039W	triple	1.0986995	1.1305146	-2.196446645259857	5.261750388145446	-4.180817520618438	5.283693170547485	0.0625	0.0	8.461353862285613	unmeasured genotype combination; viability untested
YHL041W	triple	0.09168032	1.450266	-4.088785481452942	3.2239929914474486	-3.153241586685181	5.884017038345337	0.0625	0.0	8.175018548965454	unmeasured genotype combination; viability untested
YHL042W	triple	0.1729126	0.65134156	-3.042085897922516	3.877329313755035	-2.4993337869644163	4.5715579032897935	0.0625	0.0	6.99515345096588	unmeasured genotype combination; viability untested
YHR008C	triple	0.1908934	1.5083325	-3.156582701206207	5.532882022857666	-3.946627914905548	7.088962364196777	0.0625	0.0	9.862527501583099	unmeasured genotype combination; viability untested
YHR013C	triple	1.3444623	2.7007413	-2.1350457191467287	5.569913268089294	-1.1675644397735596	7.3524436950683585	0.0625	0.0	8.112483561038971	unmeasured genotype combination; viability untested
YHR017W	triple	0.23161863	0.9066144	-2.558992898464203	3.994446396827697	-2.116036581993103	5.909303998947142	0.0625	0.0	7.289389938116073	unmeasured genotype combination; viability untested
YHR022C	triple	1.4813697	2.6604261	-2.3592318654060365	7.779127717018126	-3.196644353866577	8.684794569015502	0.0625	0.0	11.00989925265312	unmeasured genotype combination; viability untested
YHR038W	triple	-1.3624704	0.33500478	-3.556988334655762	1.7874172568321227	-3.5007611989974974	4.420236134529113	0.0625	0.0	6.632701462507248	unmeasured genotype combination; viability untested
YHR046C	triple	2.5880265	2.2676995	-1.0223666548728942	6.750206851959228	-3.1634401798248293	6.129907846450806	0.0625	0.0	8.532960766553877	unmeasured genotype combination; viability untested
YHR048W	triple	3.260151	2.217887	-0.2516978234052658	8.346687889099119	-3.6304481625556946	8.354290580749511	0.0625	0.0	10.291562227904794	unmeasured genotype combination; viability untested
YHR060W	triple	-0.39318848	-1.0208603	-4.147951853275299	3.9419061660766594	-5.918408918380737	3.5639706015586854	0.0625	0.0	8.78611876964569	unmeasured genotype combination; viability untested
YHR073W	triple	2.2629359	-0.5912113	-1.5736495494842528	7.635096073150634	-5.11320481300354	3.9490511894226072	0.0625	0.0	9.135500812530516	unmeasured genotype combination; viability untested
YHR076W	triple	-0.054059304	0.87391865	-2.90029536485672	3.181492757797241	-4.336871099472046	4.7978429794311515	0.0625	0.0	7.608251100778579	unmeasured genotype combination; viability untested
YHR105W	triple	0.5395046	1.2440398	-3.200919771194458	5.924247169494626	-6.556706523895263	6.595280981063842	0.0625	0.0	11.138577222824095	unmeasured genotype combination; viability untested
YHR136C	triple	-0.6562594	0.48830265	-3.254731297492981	2.277369177341461	-3.7861369490623473	5.014814496040344	0.0625	0.0	7.166525959968567	unmeasured genotype combination; viability untested
YHR147C	triple	-0.71265584	1.4071511	-3.632519793510437	2.2354920148849486	-2.2749521732330322	5.619476556777954	0.0625	0.0	6.881220269203186	unmeasured genotype combination; viability untested
YHR163W	triple	0.13992485	2.3035512	-2.963372802734375	4.351341927051543	-1.3149077415466308	6.876250982284546	0.0625	0.0	7.752936726808547	unmeasured genotype combination; viability untested
YHR168W	triple	1.4882425	4.10035	-2.4207654118537905	6.368006372451782	0.02429568171501162	11.19223756790161	0.0625	0.0	9.978356835246085	unmeasured genotype combination; viability untested
YHR198C	triple	-0.32991996	-0.40566278	-3.4919673204421997	2.1334988117218017	-4.4295218110084535	4.503333711624145	0.0625	0.0	7.2791608273983	unmeasured genotype combination; viability untested
YIL008W	triple	0.8241151	1.3777099	-2.382567048072815	4.146998071670532	-2.636325490474701	5.790105724334716	0.0625	0.0	7.4779981672763824	unmeasured genotype combination; viability untested
YIL030C	triple	0.7138341	1.3345704	-2.687060236930847	4.3740394592285154	-5.4768345832824705	9.808596754074093	0.0625	0.0	11.173265516757963	unmeasured genotype combination; viability untested
YIL103W	triple	1.0635791	1.3896348	-2.621691870689392	7.4625800848007176	-3.1116902351379396	8.16554627418518	0.0625	0.0	10.680754232406615	unmeasured genotype combination; viability untested
YIL119C	triple	0.59780425	1.5729072	-2.1788108587265014	3.961168754100799	-1.3593526124954223	5.598547935485839	0.0625	0.0	6.5489400804042806	unmeasured genotype combination; viability untested
YIL148W	triple	0.22087899	0.85874975	-2.386014771461487	2.9931916952133175	-2.3326558589935305	4.99204020500183	0.0625	0.0	6.3519512653350825	unmeasured genotype combination; viability untested
YIL158W	triple	0.16804938	2.3716831	-2.9472159147262573	4.810715985298156	-2.475206029415131	8.082326412200926	0.0625	0.0	9.157732170820235	unmeasured genotype combination; viability untested
YIR024C	triple	0.42045048	2.1165133	-2.910697638988495	2.827608239650726	-4.653439378738403	8.659118700027465	0.0625	0.0	9.525431978702544	unmeasured genotype combination; viability untested
YIR031C	triple	1.2712547	1.4568286	-2.3614334225654603	7.524657416343689	-4.763993120193481	7.777616882324218	0.0625	0.0	11.213850420713424	unmeasured genotype combination; viability untested
YIR038C	triple	1.3262029	1.0182146	-1.8433976650238035	6.380308532714843	-3.751456928253174	5.68496298789978	0.0625	0.0	8.8300630569458	unmeasured genotype combination; viability untested
YIR042C	triple	0.48211217	1.9333932	-2.5373052835464476	3.617420220375061	-2.686315643787384	6.45576205253601	0.0625	0.0	7.648401600122451	unmeasured genotype combination; viability untested
YJL003W	triple	-0.15387756	2.8153214	-3.3580999612808227	2.593787634372711	-1.349645459651947	9.475987911224363	0.0625	0.0	8.388760483264923	unmeasured genotype combination; viability untested
YJL059W	triple	1.5304531	1.545035	-1.7002085328102112	8.586066579818725	-4.277445685863495	6.7370159149169915	0.0625	0.0	10.65036835670471	unmeasured genotype combination; viability untested
YJL060W	triple	0.8201808	0.74572194	-1.3388053894042968	4.510553860664366	-4.897432136535644	5.039094257354736	0.0625	0.0	7.892942821979522	unmeasured genotype combination; viability untested
YJL065C	triple	0.35295495	1.0803299	-2.0811307549476625	3.8143990397453296	-2.559010314941406	6.459345197677612	0.0625	0.0	7.456942653656005	unmeasured genotype combination; viability untested
YJL075C	triple	0.37146288	2.2212346	-2.681691360473633	3.7213499307632425	-4.414755582809448	8.540359640121459	0.0625	0.0	9.67907825708389	unmeasured genotype combination; viability untested
YJL078C	triple	-0.34371826	-0.003954977	-3.4282731652259826	2.7013925433158867	-3.5014179229736326	4.11241580247879	0.0625	0.0	6.8717497169971455	unmeasured genotype combination; viability untested
YJL079C	triple	0.28825518	1.1916223	-3.1054641008377075	3.8506035685539244	-2.106914722919464	5.775822710990904	0.0625	0.0	7.419402551651	unmeasured genotype combination; viability untested
YJL102W	triple	0.6897609	1.9271761	-2.3616770029067995	4.855494487285612	-2.138444495201111	8.123131132125852	0.0625	0.0	8.739373558759688	unmeasured genotype combination; viability untested
YJL112W	triple	1.627027	4.197576	-2.6770113945007323	10.387978219985953	-2.643065905570984	15.219092750549308	0.0625	0.0	15.463574135303489	unmeasured genotype combination; viability untested
YJL116C	triple	-0.09485468	0.33166736	-2.614126682281494	5.797927212715147	-3.481575036048889	4.752657270431518	0.0625	0.0	8.323143100738525	unmeasured genotype combination; viability untested
YJL120W	triple	-0.335651	1.0259628	-3.658106291294098	3.818782246112823	-2.168547260761261	4.507163190841674	0.0625	0.0	7.076299494504928	unmeasured genotype combination; viability untested
YJL131C	triple	-0.7128961	1.8485361	-3.62171847820282	1.6409103512763976	-3.048137593269348	7.893828964233398	0.0625	0.0	8.102297693490982	unmeasured genotype combination; viability untested
YJL134W	triple	1.823446	1.5079935	-1.683767056465149	6.677518081665038	-3.44714469909668	5.593966341018676	0.0625	0.0	8.701198089122773	unmeasured genotype combination; viability untested
YJL144W	triple	0.0018349886	-0.33866245	-2.9779789209365846	2.8454723119735714	-4.394722127914429	4.302914071083066	0.0625	0.0	7.260543715953825	unmeasured genotype combination; viability untested
YJL149W	triple	1.2699747	1.6522977	-1.5262146949768067	6.3380386352539055	-2.9318281054496764	6.754462003707885	0.0625	0.0	8.775271719694135	unmeasured genotype combination; viability untested
YJL150W	triple	0.72333515	2.7233777	-3.755728018283844	6.081109714508055	-1.4800954461097717	6.163754177093506	0.0625	0.0	8.740343677997588	unmeasured genotype combination; viability untested
YJL170C	triple	2.4217906	2.5430987	-1.2501764327287674	8.937765073776244	-3.32343475818634	7.210500812530517	0.0625	0.0	10.360938538610935	unmeasured genotype combination; viability untested
YJL181W	triple	0.42252088	0.8115333	-2.150216746330261	3.6754734754562377	-3.309121298789978	7.245313262939452	0.0625	0.0	8.190062391757964	unmeasured genotype combination; viability untested
YJL189W	triple	1.6041796	-1.5836065	-1.0460201233625412	4.207473993301392	-4.75740270614624	2.904987144470214	0.0625	0.0	6.457941983640193	unmeasured genotype combination; viability untested
YJL208C	triple	1.4031975	1.0504584	-2.8506765127182008	5.499279880523681	-3.1460186719894407	4.712069034576416	0.0625	0.0	8.10402204990387	unmeasured genotype combination; viability untested
YJL209W	triple	-0.93658996	0.07987672	-3.6186323523521424	1.5217731952667235	-4.38856840133667	4.3979874491691575	0.0625	0.0	6.963480699062346	unmeasured genotype combination; viability untested
YJL210W	triple	0.93060046	-0.40167987	-3.433629584312439	5.083796787261962	-4.769827890396118	5.364353108406067	0.0625	0.0	9.325803685188294	unmeasured genotype combination; viability untested
YJL211C	triple	-0.6837199	-0.042987376	-3.7106021881103515	1.7139218509197236	-4.935443258285522	4.400630247592925	0.0625	0.0	7.380298772454261	unmeasured genotype combination; viability untested
YJR005W	triple	0.42480338	1.1521382	-3.7364768028259276	4.687830877304076	-3.5647817850112915	6.96760582923889	0.0625	0.0	9.478347647190093	unmeasured genotype combination; viability untested
YJR014W	triple	0.12233339	4.037245	-3.8000845193862913	2.601041555404663	-2.719513213634491	15.206480360031124	0.0625	0.0	12.163559824228285	unmeasured genotype combination; viability untested
YJR038C	triple	0.84434664	-1.0571005	-2.7563850045204163	4.2980802059173575	-5.203198003768921	2.833076560497284	0.0625	0.0	7.545369887351989	unmeasured genotype combination; viability untested
YJR044C	triple	1.6051999	2.4713767	-2.5641844511032104	7.557053518295287	-1.7909542083740235	7.2496062278747555	0.0625	0.0	9.580899202823637	unmeasured genotype combination; viability untested
YJR050W	triple	1.0195807	1.4207795	-2.9020640373229982	5.4480279684066755	-3.724360489845276	10.030023384094239	0.0625	0.0	11.052237939834594	unmeasured genotype combination; viability untested
YJR051W	triple	1.5620826	2.1563125	-1.3491310000419616	5.615064573287963	-2.7475908756256104	6.0696951866149895	0.0625	0.0	7.890740817785263	unmeasured genotype combination; viability untested
YJR055W	triple	0.65338725	1.626867	-2.5641945123672487	4.3016499280929565	-4.90672025680542	8.696839809417723	0.0625	0.0	10.234702253341673	unmeasured genotype combination; viability untested
YJR056C	triple	0.8073224	2.8457937	-3.730132782459259	4.758055901527404	-2.291636550426483	8.533103895187377	0.0625	0.0	9.656464564800263	unmeasured genotype combination; viability untested
YJR066W	triple	1.013195	0.7950864	-3.2404916405677797	6.504399967193603	-4.531985950469971	5.785730218887329	0.0625	0.0	10.031303888559341	unmeasured genotype combination; viability untested
YJR070C	triple	-0.20085365	1.0858309	-3.110448384284973	3.1288907051086423	-4.812059545516968	7.032338094711301	0.0625	0.0	9.041868364810941	unmeasured genotype combination; viability untested
YJR078W	triple	0.3895744	0.8406404	-2.427217924594879	4.769198727607727	-3.152670454978943	4.859660232067107	0.0625	0.0	7.604373669624327	unmeasured genotype combination; viability untested
YJR087W	triple	0.6484543	0.08509427	-4.108084595203399	5.043830919265747	-4.334662687778473	4.204177320003509	0.0625	0.0	8.845377761125564	unmeasured genotype combination; viability untested
YJR113C	triple	0.70055664	1.9313962	-1.6301148295402528	4.010014522075653	-2.488641822338104	5.948725557327269	0.0625	0.0	7.0387483656406395	unmeasured genotype combination; viability untested
YJR122W	triple	-0.049055874	1.7479241	-2.8600656628608703	3.4947759151458735	-2.5641936302185058	6.64247736930847	0.0625	0.0	7.7807562887668595	unmeasured genotype combination; viability untested
YJR129C	triple	-0.24580184	1.4638278	-3.3009050846099854	2.941761183738708	-3.0434967994689943	6.295708084106445	0.0625	0.0	7.790935575962067	unmeasured genotype combination; viability untested
YKL003C	triple	0.96016455	0.15555757	-2.205632972717285	4.069911861419677	-3.4658357381820677	4.635026097297668	0.0625	0.0	7.188203334808349	unmeasured genotype combination; viability untested
YKL015W	triple	0.85577345	-0.15486312	-2.2293869972229006	3.612364745140075	-4.3116865992546085	4.803302097320556	0.0625	0.0	7.4783702194690695	unmeasured genotype combination; viability untested
YKL029C	triple	1.2326217	2.2465458	-2.4783148527145387	5.46400294303894	-3.9604323148727416	7.293175458908079	0.0625	0.0	9.59796278476715	unmeasured genotype combination; viability untested
YKL047W	triple	1.4039304	4.245897	-1.3560660839080811	5.182671976089477	-0.5628657042980194	8.783155012130736	0.0625	0.0	7.942379388213157	unmeasured genotype combination; viability untested
YKL064W	triple	1.5261137	-0.88245153	-2.4273337841033937	5.712965202331541	-5.458580541610718	3.875230169296264	0.0625	0.0	8.737054848670958	unmeasured genotype combination; viability untested
YKL084W	triple	3.7919812	2.235434	-0.6900383651256561	8.737742185592651	-1.9904749751091004	6.868620204925537	0.0625	0.0	9.143437865376473	unmeasured genotype combination; viability untested
YKL096W	triple	0.8943161	0.17176718	-2.8088975071907045	6.329668736457822	-5.038833093643189	6.665728855133055	0.0625	0.0	10.421564096212386	unmeasured genotype combination; viability untested
YKL100C	triple	0.75522804	3.1578093	-2.473147976398468	5.298516941070556	-0.6242385566234588	8.571386671066284	0.0625	0.0	8.483645072579383	unmeasured genotype combination; viability untested
YKL102C	triple	0.3276951	1.9120861	-2.672475349903107	3.9494991421699517	-1.6457202315330506	6.114985394477843	0.0625	0.0	7.191340059041976	unmeasured genotype combination; viability untested
YKL103C	triple	1.2182894	2.8473387	-2.199000906944275	5.20919120311737	-2.3154686450958253	8.254364204406738	0.0625	0.0	8.989012479782104	unmeasured genotype combination; viability untested
YKL110C	triple	2.0712366	2.1860867	-2.055692768096924	6.558693361282349	-3.315611243247986	7.759968090057373	0.0625	0.0	9.844982731342316	unmeasured genotype combination; viability untested
YKL118W	triple	1.7079582	0.41882557	-1.9170048713684082	6.2489207744598385	-2.899266242980957	7.638232851028443	0.0625	0.0	9.351712369918824	unmeasured genotype combination; viability untested
YKL126W	triple	1.2332389	0.9382973	-2.7977831840515135	6.834960150718688	-5.123221778869629	8.617195653915404	0.0625	0.0	11.686580383777617	unmeasured genotype combination; viability untested
YKL131W	triple	0.43378162	0.8509362	-3.3807197332382204	4.17813549041748	-2.8946953654289245	4.944432544708252	0.0625	0.0	7.698991566896439	unmeasured genotype combination; viability untested
YKL135C	triple	-0.2227045	1.0586373	-3.445265257358551	3.0745201468467713	-4.324933242797852	6.567975902557373	0.0625	0.0	8.706347274780274	unmeasured genotype combination; viability untested
YKL146W	triple	0.27942908	-0.5620867	-2.430615019798279	5.316859865188597	-4.18533478975296	3.5257484078407284	0.0625	0.0	7.729279041290282	unmeasured genotype combination; viability untested
YKL147C	triple	0.23660111	2.801513	-3.000728976726532	4.314189004898071	-2.2961636900901796	8.846154260635375	0.0625	0.0	9.22861796617508	unmeasured genotype combination; viability untested
YKL150W	triple	1.2393204	2.5667906	-2.9262339949607847	5.821796011924744	-2.6815899848937987	10.83986597061157	0.0625	0.0	11.134742981195448	unmeasured genotype combination; viability untested
YKL151C	triple	0.93672657	1.5965099	-1.6824692010879516	5.058743596076964	-2.070451807975769	5.868547964096068	0.0625	0.0	7.340106284618377	unmeasured genotype combination; viability untested
YKL156W	triple	1.2772801	0.6509131	-1.4793118238449097	5.875169062614441	-3.6665599822998045	6.008116292953491	0.0625	0.0	8.514578580856323	unmeasured genotype combination; viability untested
YKL162C-A	triple	1.1532799	1.6924211	-2.1315037846565246	4.801110076904294	-1.4379159927368164	5.210770273208618	0.0625	0.0	6.790650063753127	unmeasured genotype combination; viability untested
YKL166C	triple	0.015220851	1.0892757	-3.0501740336418153	2.558938753604888	-4.603205871582031	5.601468157768249	0.0625	0.0	7.906893408298491	unmeasured genotype combination; viability untested
YKL174C	triple	1.4196823	2.9340537	-1.6355486392974854	5.475100684165954	-1.8752249360084534	8.092734718322752	0.0625	0.0	8.539304488897322	unmeasured genotype combination; viability untested
YKL175W	triple	0.65769666	0.6287364	-2.483241319656372	3.022156763076782	-3.595080542564392	4.344244456291198	0.0625	0.0	6.722361540794372	unmeasured genotype combination; viability untested
YKL183W	triple	-0.52318484	-0.93972296	-3.444321942329407	2.2217812776565546	-5.562440252304077	4.012171280384064	0.0625	0.0	7.620357376337052	unmeasured genotype combination; viability untested
YKL184W	triple	1.3229891	2.2913759	-2.899761211872101	5.880457711219788	-2.555195081233978	6.295646619796752	0.0625	0.0	8.815530312061309	unmeasured genotype combination; viability untested
YKL207W	triple	-0.9185043	1.044257	-4.063158786296844	2.4947706818580624	-2.587023377418518	5.426852750778198	0.0625	0.0	7.285902798175812	unmeasured genotype combination; viability untested
YKL220C	triple	0.98888856	0.46811706	-2.1903576970100405	4.6273663282394395	-3.299534463882446	4.755851078033447	0.0625	0.0	7.436554783582686	unmeasured genotype combination; viability untested
YKR012C	triple	-0.38520437	-0.16532779	-4.136319088935852	2.173077535629272	-4.3990615725517275	3.6690809369087214	0.0625	0.0	7.188769567012787	unmeasured genotype combination; viability untested
YKR013W	triple	-0.55604124	0.6982343	-4.545496153831482	3.1754621267318717	-4.853987503051758	4.769633197784424	0.0625	0.0	8.672289490699768	unmeasured genotype combination; viability untested
YKR032W	triple	0.8571811	0.16983914	-2.770133113861084	4.451175355911254	-3.7439743280410767	4.9285363197326655	0.0625	0.0	7.94690955877304	unmeasured genotype combination; viability untested
YKR040C	triple	-0.40008804	0.5403192	-4.654006218910217	3.728425502777099	-4.953842115402222	5.353502464294433	0.0625	0.0	9.344888150691986	unmeasured genotype combination; viability untested
YKR049C	triple	1.7080548	2.3675756	-2.6930708646774293	8.721354103088377	-1.7385542869567872	9.114780187606812	0.0625	0.0	11.133879721164703	unmeasured genotype combination; viability untested
YKR065C	triple	0.42183608	2.1906533	-2.6740522265434263	4.273402976989746	-2.5900000810623167	6.228549766540527	0.0625	0.0	7.883002525568008	unmeasured genotype combination; viability untested
YKR073C	triple	-0.76537895	0.84008175	-4.160623776912689	2.0271592020988463	-2.3103532195091248	4.3715015769004815	0.0625	0.0	6.434818887710571	unmeasured genotype combination; viability untested
YKR093W	triple	1.7608854	1.9211332	-1.1207429856061935	6.765430974960327	-2.1810444593429565	7.088268375396728	0.0625	0.0	8.577743397653101	unmeasured genotype combination; viability untested
YKR098C	triple	0.2016902	0.37183765	-2.30828697681427	3.60858256816864	-4.6944742679595945	5.409606742858886	0.0625	0.0	8.010475277900696	unmeasured genotype combination; viability untested
YKR104W	triple	1.541842	2.52638	-2.5661510705947874	6.033094573020934	-1.8120205521583557	6.326690196990966	0.0625	0.0	8.368978196382521	unmeasured genotype combination; viability untested
YLL005C	triple	0.44088542	1.7262303	-2.0976923227310182	3.6937023043632506	-2.8398694038391112	6.995639324188232	0.0625	0.0	7.813451677560806	unmeasured genotype combination; viability untested
YLL038C	triple	-0.22139332	-0.0177463	-3.820052409172058	3.014050245285034	-4.20789350271225	4.137137603759765	0.0625	0.0	7.589566880464553	unmeasured genotype combination; viability untested
YLL039C	triple	0.6169565	1.7369833	-2.243793320655823	3.164084446430206	-3.1353837609291073	5.846996879577636	0.0625	0.0	7.1951292037963865	unmeasured genotype combination; viability untested
YLL051C	triple	2.612749	0.95034635	-0.7043369382619857	8.974457216262815	-4.683904075622559	6.569015407562255	0.0625	0.0	10.465856818854807	unmeasured genotype combination; viability untested
YLL058W	triple	-0.44350052	1.0750916	-3.6327215909957884	3.034270000457763	-3.893682086467743	6.689282321929931	0.0625	0.0	8.624977999925612	unmeasured genotype combination; viability untested
YLR025W	triple	1.1196554	1.7262021	-2.5971439719200133	4.86844401359558	-2.3878621101379394	7.796931838989255	0.0625	0.0	8.825190967321394	unmeasured genotype combination; viability untested
YLR036C	triple	1.3271499	3.6812117	-1.2108443975448608	3.6563212752342222	-1.4174557447433471	8.72214870452881	0.0625	0.0	7.50338506102562	unmeasured genotype combination; viability untested
YLR037C	triple	-1.0571713	0.5448848	-3.642137038707733	1.7823261499404905	-4.419180643558502	6.277446556091308	0.0625	0.0	8.060545194149018	unmeasured genotype combination; viability untested
YLR057W	triple	0.48072788	-0.52988994	-2.4267196893692016	3.2868542790412905	-4.429010820388794	3.9581088185310365	0.0625	0.0	7.050346803665161	unmeasured genotype combination; viability untested
YLR059C	triple	-0.13161364	1.2417853	-3.2192142486572264	3.2951699376106256	-3.5340150952339173	6.715167808532715	0.0625	0.0	8.381783545017242	unmeasured genotype combination; viability untested
YLR089C	triple	0.20727943	0.37333465	-2.3282482981681825	3.5342093110084516	-4.123492252826691	6.019945049285888	0.0625	0.0	8.002947455644605	unmeasured genotype combination; viability untested
YLR092W	triple	0.6529794	1.541759	-2.7862937092781066	5.377541923522949	-4.169838988780976	6.692612171173096	0.0625	0.0	9.513143396377563	unmeasured genotype combination; viability untested
YLR124W	triple	0.025359526	2.2983751	-3.105149984359741	4.139301538467407	-2.4110204935073853	7.526925373077392	0.0625	0.0	8.591198694705962	unmeasured genotype combination; viability untested
YLR130C	triple	1.50229	0.39747798	-2.697906422615051	5.983687043190002	-4.206746196746826	5.20639853477478	0.0625	0.0	9.04736909866333	unmeasured genotype combination; viability untested
YLR134W	triple	0.17641756	0.82448876	-2.8614577412605287	3.5444629073143004	-4.493590927124023	4.353533554077148	0.0625	0.0	7.626522564888	unmeasured genotype combination; viability untested
YLR179C	triple	0.7676411	1.1050797	-2.8823270082473753	3.7149407505989074	-3.324103355407715	6.819470119476318	0.0625	0.0	8.370420616865157	unmeasured genotype combination; viability untested
YLR194C	triple	0.8630154	0.9030475	-2.6621317863464355	7.017823934555051	-3.676399290561676	4.321397495269775	0.0625	0.0	8.838876253366468	unmeasured genotype combination; viability untested
YLR211C	triple	-0.054859623	-0.29885912	-2.8201064825057984	3.441827607154846	-4.090172040462494	3.504565572738647	0.0625	0.0	6.928335851430893	unmeasured genotype combination; viability untested
YLR216C	triple	-0.27858603	2.0032506	-2.5906545996665953	2.056969356536865	-2.4261853098869324	8.697435665130614	0.0625	0.0	7.885622465610504	unmeasured genotype combination; viability untested
YLR220W	triple	0.7876003	1.5942812	-1.6186026453971862	3.3765293836593626	-2.002152991294861	5.820066642761229	0.0625	0.0	6.4086758315563195	unmeasured genotype combination; viability untested
YLR228C	triple	0.38372684	0.28115195	-4.449264740943908	5.235696029663085	-3.5866742014884947	4.822706174850464	0.0625	0.0	9.047170573472975	unmeasured genotype combination; viability untested
YLR232W	triple	0.87712824	-0.4292953	-2.668908381462097	5.003905606269837	-3.889939343929291	4.537140178680419	0.0625	0.0	8.049946755170822	unmeasured genotype combination; viability untested
YLR240W	triple	1.8837214	-0.018217206	-1.383155620098114	8.091871428489682	-4.792521524429321	4.939729785919189	0.0625	0.0	9.603639179468153	unmeasured genotype combination; viability untested
YLR244C	triple	1.5285	0.40569478	-0.9433637738227845	5.673967289924621	-3.5929662942886353	5.330208325386046	0.0625	0.0	7.770252841711043	unmeasured genotype combination; viability untested
YLR250W	triple	0.36148882	1.3946953	-3.1539602279663086	4.039535892009734	-1.471462118625641	5.490430307388305	0.0625	0.0	7.077694272994995	unmeasured genotype combination; viability untested
YLR255C	triple	-0.6786164	0.9745051	-2.9932747721672057	1.7415634214878075	-4.211090552806854	6.423908853530883	0.0625	0.0	7.6849187999963755	unmeasured genotype combination; viability untested
YLR271W	triple	0.9334128	2.8832169	-2.4827389121055603	5.510017156600952	-3.068940544128418	8.255968141555787	0.0625	0.0	9.65883237719536	unmeasured genotype combination; viability untested
YLR312C	triple	-0.03573522	0.20578846	-3.0121109962463377	2.4531074523925778	-4.469115722179413	6.366252660751341	0.0625	0.0	8.150293415784834	unmeasured genotype combination; viability untested
YLR315W	triple	1.5034866	1.5563828	-1.9643014073371887	6.825748753547668	-2.2066959381103515	5.050221061706543	0.0625	0.0	8.023483580350875	unmeasured genotype combination; viability untested
YLR322W	triple	2.9035313	-0.3731175	-0.13320453464984894	7.017553067207336	-4.411492156982422	3.4399487376213074	0.0625	0.0	7.501099248230457	unmeasured genotype combination; viability untested
YLR326W	triple	0.33492535	1.9347693	-3.367023158073425	4.30251977443695	-1.7478502273559569	5.122213768959044	0.0625	0.0	7.269803464412688	unmeasured genotype combination; viability untested
YLR331C	triple	-0.79480743	2.9373875	-3.1021046161651613	1.285712945461273	-1.566585898399353	8.339905786514281	0.0625	0.0	7.147154623270034	unmeasured genotype combination; viability untested
YLR366W	triple	-0.6026379	-0.18008909	-3.3852911472320555	2.402925264835357	-4.2783353447914125	3.7848745465278615	0.0625	0.0	6.925713151693344	unmeasured genotype combination; viability untested
YLR388W	triple	1.0822923	-0.52605414	-1.9988090515136718	5.612373852729797	-4.903597831726074	3.582830345630646	0.0625	0.0	8.048805540800094	unmeasured genotype combination; viability untested
YLR392C	triple	2.4703202	3.3766816	-1.369951558113098	7.509119462966918	-2.1191778898239138	10.303697633743285	0.0625	0.0	10.650973272323608	unmeasured genotype combination; viability untested
YLR395C	triple	0.8967897	2.0376458	-3.3530484676361083	3.6586800456047053	-3.820222496986389	6.218618392944335	0.0625	0.0	8.525284701585768	unmeasured genotype combination; viability untested
YLR403W	triple	0.2796711	2.5888758	-2.4860403180122375	3.6084393382072437	-3.2795778036117555	8.655908489227294	0.0625	0.0	9.014982974529264	unmeasured genotype combination; viability untested
YLR410W	triple	1.7578217	1.3149798	-1.9352892994880677	6.624954533576965	-2.836796319484711	6.029831552505493	0.0625	0.0	8.713435852527617	unmeasured genotype combination; viability untested
YLR416C	triple	-0.5728863	1.8801843	-3.4369545459747313	1.745680856704712	-2.5282595276832582	5.8372568607330315	0.0625	0.0	6.774075895547866	unmeasured genotype combination; viability untested
YLR433C	triple	1.1824256	1.3621086	-1.2260754346847533	4.199055552482605	-3.2195558547973633	9.435748720169066	0.0625	0.0	9.040217781066893	unmeasured genotype combination; viability untested
YLR437C	triple	-0.23355412	0.94823277	-3.552668881416321	4.464486145973204	-3.838492751121521	5.350975537300109	0.0625	0.0	8.603311657905577	unmeasured genotype combination; viability untested
YLR439W	triple	2.0960534	-0.8765118	-2.7511206388473513	7.8005596637725825	-8.26537036895752	7.600047445297241	0.0625	0.0	13.208549058437347	unmeasured genotype combination; viability untested
YLR443W	triple	0.17782383	0.4630919	-2.602824354171753	5.387934446334838	-3.2834004402160644	3.8614264488220216	0.0625	0.0	7.567792844772338	unmeasured genotype combination; viability untested
YLR444C	triple	0.5533048	0.62014484	-2.8592386841773987	3.8283859968185423	-4.003493630886078	5.3662343978881815	0.0625	0.0	8.0286763548851	unmeasured genotype combination; viability untested
YLR450W	triple	0.9629993	1.0175265	-1.5961231112480163	4.454475831985472	-4.680440902709961	6.397062587738036	0.0625	0.0	8.564051216840742	unmeasured genotype combination; viability untested
YML005W	triple	2.3262346	1.9853228	-1.6260694146156311	7.745415902137756	-5.287029123306274	6.9069354057312005	0.0625	0.0	10.782724922895431	unmeasured genotype combination; viability untested
YML009C	triple	0.9359763	1.0501693	-4.668460321426392	4.915555381774902	-2.845065402984619	6.354246759414672	0.0625	0.0	9.391663932800292	unmeasured genotype combination; viability untested
YML024W	triple	0.48687673	-0.3854844	-3.2327563047409056	4.107795643806457	-5.63267297744751	6.103727650642393	0.0625	0.0	9.538476288318634	unmeasured genotype combination; viability untested
YML030W	triple	-1.0654248	1.2784946	-3.8512258887290955	1.755471944808959	-2.4527920246124264	5.647122478485107	0.0625	0.0	6.853306168317794	unmeasured genotype combination; viability untested
YML047C	triple	1.2582769	2.2861187	-2.951690673828125	5.242297935485839	-1.8334478259086608	6.652677297592163	0.0625	0.0	8.340056866407394	unmeasured genotype combination; viability untested
YML056C	triple	0.14959596	1.0434035	-2.768537724018097	4.182296323776245	-3.559507417678833	6.145142555236816	0.0625	0.0	8.327742010354996	unmeasured genotype combination; viability untested
YML061C	triple	1.2039865	3.6080003	-2.5073694944381715	5.206663560867309	-2.104767692089081	8.29439616203308	0.0625	0.0	9.056598454713821	unmeasured genotype combination; viability untested
YML089C	triple	-0.08710832	0.6579502	-3.397566866874695	3.540521097183227	-3.9939794898033143	6.6598203659057615	0.0625	0.0	8.7959439098835	unmeasured genotype combination; viability untested
YML090W	triple	1.122211	0.92627764	-1.8026762485504149	6.9747544527053815	-4.394825029373169	6.351248216629027	0.0625	0.0	9.761751973628996	unmeasured genotype combination; viability untested
YML095C	triple	1.1479402	3.3613327	-2.2185078501701354	4.2588969469070435	-2.8715890407562257	10.638243675231932	0.0625	0.0	9.993618756532669	unmeasured genotype combination; viability untested
YML107C	triple	1.1357011	0.66897434	-2.540241837501526	6.879814529418945	-3.5765928745269777	5.576177430152891	0.0625	0.0	9.28641333580017	unmeasured genotype combination; viability untested
YML120C	triple	0.62463504	1.9967601	-2.2033570528030397	4.315654349327087	-4.1491394400596615	7.120102500915527	0.0625	0.0	8.894126671552657	unmeasured genotype combination; viability untested
YML122C	triple	-0.4792999	0.56446975	-4.095133996009826	2.5198124647140503	-3.950645363330841	4.931852316856384	0.0625	0.0	7.748722070455551	unmeasured genotype combination; viability untested
YML131W	triple	-0.36260462	1.8047645	-2.9959599018096923	2.3204684138298033	-2.332535147666931	5.090027332305908	0.0625	0.0	6.369495397806167	unmeasured genotype combination; viability untested
YMR007W	triple	-0.1371615	0.51097566	-4.019953322410584	4.339432787895203	-4.474734771251678	4.683985662460326	0.0625	0.0	8.759053272008895	unmeasured genotype combination; viability untested
YMR023C	triple	2.1832662	2.5825486	-2.6380566716194154	8.596105098724365	-2.935850739479065	8.248300313949585	0.0625	0.0	11.209156411886216	unmeasured genotype combination; viability untested
YMR024W	triple	0.44121757	-0.4661975	-2.470208990573883	5.369290041923522	-5.003187799453736	3.9566545009613026	0.0625	0.0	8.399670666456222	unmeasured genotype combination; viability untested
YMR038C	triple	1.4507841	2.558179	-2.302930974960327	4.816425204277039	-2.0438727259635927	5.830212116241455	0.0625	0.0	7.496720510721207	unmeasured genotype combination; viability untested
YMR052C-A	triple	0.6458883	3.1306343	-2.138814914226532	4.165760624408721	-2.375713610649109	8.602144908905029	0.0625	0.0	8.641217029094696	unmeasured genotype combination; viability untested
YMR052W	triple	0.71659297	-0.33054364	-2.101022148132324	4.256048798561095	-4.790211820602417	3.2730251431465147	0.0625	0.0	7.210153955221175	unmeasured genotype combination; viability untested
YMR062C	triple	1.2026	2.8256497	-2.7398248434066774	5.087347650527954	-4.3046657085418705	8.905348062515259	0.0625	0.0	10.51859313249588	unmeasured genotype combination; viability untested
YMR066W	triple	-0.191444	3.117601	-3.6103176832199098	3.295054769515991	-2.104720079898834	8.417600774765013	0.0625	0.0	8.713846653699875	unmeasured genotype combination; viability untested
YMR071C	triple	1.6257455	3.7566493	-2.1053507804870604	5.674754357337951	-2.041022038459778	10.542005586624144	0.0625	0.0	10.181566381454466	unmeasured genotype combination; viability untested
YMR072W	triple	-0.26582664	1.8468746	-2.526706945896149	2.9889992237091056	-2.292240869998932	8.479862689971922	0.0625	0.0	8.143904864788055	unmeasured genotype combination; viability untested
YMR077C	triple	0.16557586	1.6936569	-2.4223149180412293	3.505904865264892	-2.937944221496582	7.266260004043578	0.0625	0.0	8.06621200442314	unmeasured genotype combination; viability untested
YMR082C	triple	-0.44831038	0.599766	-2.792510676383972	2.6269536018371578	-4.239889132976532	6.625440740585327	0.0625	0.0	8.142397075891495	unmeasured genotype combination; viability untested
YMR107W	triple	0.47461003	1.1510214	-3.098790502548218	5.192495870590209	-3.5459089636802674	5.609386157989501	0.0625	0.0	8.723290747404096	unmeasured genotype combination; viability untested
YMR111C	triple	-0.4244385	0.8321807	-3.4751840114593504	3.8869838118553157	-2.6124795198440554	5.463232827186584	0.0625	0.0	7.718940085172652	unmeasured genotype combination; viability untested
YMR115W	triple	-0.86926144	0.6351813	-3.897548425197601	1.6283484637737273	-3.969901716709137	6.392958402633666	0.0625	0.0	7.944378504157066	unmeasured genotype combination; viability untested
YMR129W	triple	0.4661017	0.746521	-2.9349103689193727	4.261877799034118	-3.6554622888565063	6.941898727416992	0.0625	0.0	8.897074592113494	unmeasured genotype combination; viability untested
YMR145C	triple	1.6669391	1.1796076	-1.8117493391036987	6.811509013175964	-2.266786503791809	6.865631914138793	0.0625	0.0	8.877838385105132	unmeasured genotype combination; viability untested
YMR150C	triple	3.0354645	2.8281655	-3.0554091215133665	12.513558959960935	-2.7358890533447267	9.738255357742307	0.0625	0.0	14.021556246280667	unmeasured genotype combination; viability untested
YMR158W	triple	-0.26333705	0.676638	-2.8688375473022463	2.3239409446716306	-4.425695216655731	5.161172819137573	0.0625	0.0	7.389823263883591	unmeasured genotype combination; viability untested
YMR163C	triple	-0.3705224	-0.063824	-3.319002866744995	3.105283999443054	-3.0160708665847777	3.2424893140792843	0.0625	0.0	6.341423523426056	unmeasured genotype combination; viability untested
YMR174C	triple	-0.5275227	1.2437465	-2.6151355147361754	2.1672772765159602	-2.5856885075569154	7.343899917602539	0.0625	0.0	7.356000608205795	unmeasured genotype combination; viability untested
YMR181C	triple	0.39008734	1.1510744	-2.824461305141449	4.05125617980957	-2.9022228479385377	6.354174900054931	0.0625	0.0	8.066057616472243	unmeasured genotype combination; viability untested
YMR191W	triple	1.1227764	0.35920298	-2.887711787223816	6.422620129585264	-2.872187912464142	4.847884082794188	0.0625	0.0	8.515201956033705	unmeasured genotype combination; viability untested
YMR209C	triple	0.35856155	1.7979562	-2.3464687347412108	3.9128717780113216	-2.66223783493042	6.251239061355591	0.0625	0.0	7.586408704519271	unmeasured genotype combination; viability untested
YMR251W-A	triple	0.48876375	1.8354917	-4.987559485435486	2.749747121334076	-1.6315629363059998	5.983340740203857	0.0625	0.0	7.6761051416397095	unmeasured genotype combination; viability untested
YMR252C	triple	0.78465855	1.0317333	-2.0086012363433836	4.581807792186736	-3.886529564857483	5.653241562843322	0.0625	0.0	8.065090078115462	unmeasured genotype combination; viability untested
YMR254C	triple	1.2713873	2.0833793	-2.954236090183258	5.968983316421508	-2.4928610801696776	7.935843896865844	0.0625	0.0	9.675962191820144	unmeasured genotype combination; viability untested
YMR258C	triple	0.505581	-0.16967411	-3.4623397827148437	4.026770198345184	-5.604081869125366	3.6782247304916376	0.0625	0.0	8.385708290338515	unmeasured genotype combination; viability untested
YMR259C	triple	0.3503548	0.3794686	-2.571155369281769	3.5913604021072385	-3.979054534435272	6.495881986618042	0.0625	0.0	8.31872614622116	unmeasured genotype combination; viability untested
YMR271C	triple	0.23736528	1.4230051	-3.444926691055298	3.417911124229431	-3.2086555480957033	6.07942452430725	0.0625	0.0	8.075458943843842	unmeasured genotype combination; viability untested
YMR278W	triple	0.746963	2.688419	-1.9627136707305908	3.555734932422637	-0.7479917466640472	7.732661581039428	0.0625	0.0	6.999550965428352	unmeasured genotype combination; viability untested
YMR282C	triple	-1.0173959	0.2373852	-3.8956509232521057	2.2783216714859007	-3.207055187225342	3.9738487005233765	0.0625	0.0	6.677438241243362	unmeasured genotype combination; viability untested
YMR287C	triple	1.0765399	1.0456787	-3.14822838306427	4.134495556354522	-2.883750545978546	5.966646099090576	0.0625	0.0	8.066560292243956	unmeasured genotype combination; viability untested
YMR293C	triple	0.22841339	0.96986175	-2.5373340249061584	2.092864334583282	-3.074346971511841	5.2770230054855345	0.0625	0.0	6.490784168243408	unmeasured genotype combination; viability untested
YMR297W	triple	2.1912394	1.6754882	-1.2197235584259034	6.3989665508270255	-2.720475363731384	6.678432321548462	0.0625	0.0	8.508798897266388	unmeasured genotype combination; viability untested
YMR304W	triple	0.47061163	2.424262	-2.6876004934310913	5.055759525299072	-3.12089147567749	10.933719158172606	0.0625	0.0	10.89898532629013	unmeasured genotype combination; viability untested
YMR305C	triple	0.88343036	0.80110705	-2.871366322040558	6.918688154220581	-3.088108038902283	4.436522531509399	0.0625	0.0	8.65734252333641	unmeasured genotype combination; viability untested
YMR316C-B	triple	0.7126462	2.1827602	-1.8074522495269776	4.956346201896667	-4.545051991939545	7.809858131408691	0.0625	0.0	9.55935428738594	unmeasured genotype combination; viability untested
YMR317W	triple	-0.5586394	-0.31502008	-2.913703644275665	2.599360406398773	-4.29976487159729	4.113680458068847	0.0625	0.0	6.963254690170288	unmeasured genotype combination; viability untested
YNL005C	triple	0.14485818	1.7190772	-3.0885021328926086	3.303697526454925	-3.158633232116699	6.845846891403198	0.0625	0.0	8.198339891433715	unmeasured genotype combination; viability untested
YNL009W	triple	-0.21839055	1.2618712	-3.028590428829193	2.523009943962097	-4.127651059627533	6.969609975814817	0.0625	0.0	8.324430704116821	unmeasured genotype combination; viability untested
YNL011C	triple	0.9700128	0.83926654	-2.1116487860679625	4.40707858800888	-1.8542157888412476	5.9937374591827375	0.0625	0.0	7.183340311050413	unmeasured genotype combination; viability untested
YNL021W	triple	0.8445839	1.356631	-3.3909774899482725	3.812545800209045	-3.3066595673561094	6.951724982261655	0.0625	0.0	8.73095391988754	unmeasured genotype combination; viability untested
YNL051W	triple	2.4518929	-0.8064451	-1.4211830854415894	8.282421231269835	-4.441260898113251	4.649966597557067	0.0625	0.0	9.39741590619087	unmeasured genotype combination; viability untested
YNL053W	triple	0.4342722	-0.6400895	-2.2321614265441894	2.6466272115707397	-5.8037004470825195	5.415087366104125	0.0625	0.0	8.048788225650787	unmeasured genotype combination; viability untested
YNL072W	triple	-0.91437936	-0.0476541	-2.9265470147132873	2.320333302021026	-3.871611845493317	4.180911874771118	0.0625	0.0	6.649702018499374	unmeasured genotype combination; viability untested
YNL105W	triple	1.1086955	2.4999254	-3.440283441543579	7.261056327819824	-1.771377444267273	7.880636310577392	0.0625	0.0	10.176676762104034	unmeasured genotype combination; viability untested
YNL121C	triple	0.59010273	-0.38333762	-2.035448729991913	4.1901303052902215	-5.552252340316772	4.081460702419281	0.0625	0.0	7.929646039009094	unmeasured genotype combination; viability untested
YNL130C	triple	0.41597825	1.1267883	-3.196851146221161	5.2094309568405155	-5.0727996826171875	7.191294002532958	0.0625	0.0	10.33518789410591	unmeasured genotype combination; viability untested
YNL133C	triple	-0.77741003	0.05693826	-3.7828948974609373	2.2665009021759026	-3.9643859267234802	3.485458993911743	0.0625	0.0	6.749620360136031	unmeasured genotype combination; viability untested
YNL134C	triple	0.42026454	1.7540026	-2.9986653447151186	4.548722505569457	-2.8151427149772643	7.040322303771973	0.0625	0.0	8.701426434516907	unmeasured genotype combination; viability untested
YNL138W	triple	1.9259231	-2.1065469	-1.3115484714508057	6.544076418876647	-8.881575202941894	5.6296003341674785	0.0625	0.0	11.183400213718413	unmeasured genotype combination; viability untested
YNL143C	triple	-0.14181757	-0.46712637	-3.9440088629722596	2.811644399166107	-4.356676852703094	3.7144157767295836	0.0625	0.0	7.413372945785522	unmeasured genotype combination; viability untested
YNL155W	triple	0.76044947	1.7694142	-1.9504245162010192	4.978705859184264	-5.574652767181396	8.997242403030395	0.0625	0.0	10.750512772798537	unmeasured genotype combination; viability untested
YNL165W	triple	2.0601227	-0.6086033	-1.5123522639274598	7.671387171745298	-5.183602619171142	4.034760856628417	0.0625	0.0	9.20105145573616	unmeasured genotype combination; viability untested
YNL170W	triple	-0.32852614	-0.22601385	-3.1629109740257264	3.449742448329925	-4.443163049221039	4.170828437805175	0.0625	0.0	7.613322454690933	unmeasured genotype combination; viability untested
YNL187W	triple	1.1139174	1.7422357	-2.012221610546112	4.098305451869964	-2.538462054729462	5.717013740539549	0.0625	0.0	7.183001428842544	unmeasured genotype combination; viability untested
YNL191W	triple	1.2654321	1.0070609	-2.5412631392478944	6.462220025062559	-4.1131662964820865	5.6130699634551995	0.0625	0.0	9.36485971212387	unmeasured genotype combination; viability untested
YNL220W	triple	-0.101826504	0.6849129	-2.72881920337677	3.139363086223602	-3.7034497976303102	6.378441095352173	0.0625	0.0	7.975036591291428	unmeasured genotype combination; viability untested
YNL276C	triple	1.038787	1.0239422	-2.8653740525245666	4.6888113737106325	-2.626973044872284	5.602606058120727	0.0625	0.0	7.891882264614105	unmeasured genotype combination; viability untested
YNL279W	triple	-0.39761382	1.7420878	-3.5819367170333862	3.523788380622863	-2.8528926849365233	8.560905981063842	0.0625	0.0	9.259761881828307	unmeasured genotype combination; viability untested
YNL294C	triple	0.8017069	0.7329883	-3.4504518508911133	4.832354021072387	-2.9264304637908936	5.817077565193175	0.0625	0.0	8.513156950473785	unmeasured genotype combination; viability untested
YNL321W	triple	-0.12159908	0.18439454	-3.744869792461395	3.746270442008972	-5.585238456726074	4.172855758666992	0.0625	0.0	8.624617224931717	unmeasured genotype combination; viability untested
YNL325C	triple	1.3520687	1.6754942	-3.0133784890174864	6.569633889198303	-4.322678184509277	8.286089754104614	0.0625	0.0	11.09589015841484	unmeasured genotype combination; viability untested
YNL326C	triple	1.7938315	2.2772367	-2.9360947489738463	8.236826014518737	-3.046767830848694	9.402637720108032	0.0625	0.0	11.811163157224655	unmeasured genotype combination; viability untested
YNL336W	triple	-0.21100336	0.19212195	-2.7186460733413695	3.0955700159072865	-3.5299334287643434	4.12177265882492	0.0625	0.0	6.73296108841896	unmeasured genotype combination; viability untested
YNR009W	triple	0.040733144	0.5835773	-2.7314149260520937	2.518052589893341	-3.0203509092330934	4.3102480411529545	0.0625	0.0	6.290033233165741	unmeasured genotype combination; viability untested
YNR028W	triple	1.163459	1.4006314	-2.870007574558258	5.790325164794922	-2.7285151362419127	5.965757369995116	0.0625	0.0	8.677302622795104	unmeasured genotype combination; viability untested
YNR032C-A	triple	-0.28119746	1.7021401	-2.9032341718673704	2.790947568416595	-3.397044539451599	7.795766115188598	0.0625	0.0	8.443496197462082	unmeasured genotype combination; viability untested
YNR072W	triple	1.1888897	1.0751482	-1.5542200326919555	5.166321444511413	-4.196421873569489	7.711483192443847	0.0625	0.0	9.314223271608352	unmeasured genotype combination; viability untested
YOL011W	triple	1.0318143	1.9192495	-4.866883492469787	6.8046178102493275	-1.7397559762001038	5.973053741455078	0.0625	0.0	9.692155510187149	unmeasured genotype combination; viability untested
YOL024W	triple	0.07842407	-0.13436964	-2.9507232904434204	3.010484957695007	-4.743631839752197	4.985979771614074	0.0625	0.0	7.84540992975235	unmeasured genotype combination; viability untested
YOL027C	triple	0.3465946	3.597056	-3.519290637969971	4.544681072235107	-0.9252191126346587	8.82095670700073	0.0625	0.0	8.905073764920234	unmeasured genotype combination; viability untested
YOL031C	triple	0.47683364	1.5554411	-3.3859934329986574	5.085032987594604	-2.850743854045868	5.351887369155884	0.0625	0.0	8.336828821897507	unmeasured genotype combination; viability untested
YOL032W	triple	0.83279705	1.183296	-2.914800226688385	5.82292215824127	-3.474828505516052	7.345945024490355	0.0625	0.0	9.77924795746803	unmeasured genotype combination; viability untested
YOL043C	triple	-0.45970201	0.34931222	-3.2343305945396423	2.7066356658935544	-3.4848970651626585	5.584448528289794	0.0625	0.0	7.505155926942825	unmeasured genotype combination; viability untested
YOL051W	triple	0.12447625	3.3647342	-2.655288052558899	3.6711341142654406	-0.464971113204956	9.321293115615843	0.0625	0.0	8.05634319782257	unmeasured genotype combination; viability untested
YOL059W	triple	0.15656024	0.786671	-2.7956871390342712	3.649654579162598	-3.3967449426651	6.025096273422241	0.0625	0.0	7.933591467142104	unmeasured genotype combination; viability untested
YOL060C	triple	2.466511	1.392528	-1.6282360196113586	8.792658400535581	-3.460158133506775	6.503428268432617	0.0625	0.0	10.192240411043166	unmeasured genotype combination; viability untested
YOL085C	triple	-0.6130308	-0.058273412	-3.6115278720855715	2.703052437305449	-5.213906335830688	3.8990299463272087	0.0625	0.0	7.713758295774459	unmeasured genotype combination; viability untested
YOL087C	triple	1.1059731	2.58741	-2.324922025203705	5.290919232368469	-3.0855547428131103	9.55574288368225	0.0625	0.0	10.128569442033767	unmeasured genotype combination; viability untested
YOL092W	triple	1.1477804	1.8768061	-2.399778056144714	5.101153826713562	-3.0030996084213255	7.635972690582276	0.0625	0.0	9.070002090930938	unmeasured genotype combination; viability untested
YOL096C	triple	-0.27093008	0.45807344	-2.419044578075409	2.5185904145240783	-3.9737579226493835	3.8005685567855836	0.0625	0.0	6.3559807360172265	unmeasured genotype combination; viability untested
YOL098C	triple	1.128669	-1.0497941	-1.987424659729004	4.621031188964844	-4.237059831619263	2.7651973247528074	0.0625	0.0	6.805356502532959	unmeasured genotype combination; viability untested
YOL106W	triple	0.6609625	2.45703	-2.220318841934204	4.1167250871658325	-1.8222265362739563	7.83795175552368	0.0625	0.0	7.998611110448836	unmeasured genotype combination; viability untested
YOL110W	triple	0.6703763	0.94445294	-2.616685891151428	7.605189847946167	-2.852103626728058	4.534636282920837	0.0625	0.0	8.804307824373245	unmeasured genotype combination; viability untested
YOL118C	triple	-0.8387414	1.2801976	-3.7902037024497988	2.2567403912544246	-2.3666503548622133	4.712920451164245	0.0625	0.0	6.563257449865341	unmeasured genotype combination; viability untested
YOL119C	triple	3.3394835	2.6358929	0.10890230834484105	7.792163372039792	-2.241486930847168	7.546309041976926	0.0625	0.0	8.735528518259523	unmeasured genotype combination; viability untested
YOL126C	triple	3.189422	5.1642876	-1.189228856563568	10.357428741455077	-0.5625453472137452	12.01169934272766	0.0625	0.0	12.060451143980025	unmeasured genotype combination; viability untested
YOL128C	triple	0.7069521	1.1581945	-2.2037449717521667	4.249665772914885	-5.33188271522522	8.571818447113035	0.0625	0.0	10.178555953502652	unmeasured genotype combination; viability untested
YOL129W	triple	-0.17269649	0.742924	-3.9741698145866393	4.201960325241089	-3.6249262571334837	6.1670817852020265	0.0625	0.0	8.984069091081619	unmeasured genotype combination; viability untested
YOL152W	triple	0.84332633	1.1581328	-2.094292104244232	4.695964694023131	-2.6222171545028687	5.176787543296814	0.0625	0.0	7.294630748033523	unmeasured genotype combination; viability untested
YOR005C	triple	2.0317426	2.6392968	-1.4948704719543457	7.697142028808592	-1.571694552898407	15.444015121459959	0.0625	0.0	13.103861087560652	unmeasured genotype combination; viability untested
YOR008C-A	triple	1.1267073	1.5372536	-3.2022048950195314	4.8784067630767805	-4.7155632972717285	6.309307026863097	0.0625	0.0	9.55274099111557	unmeasured genotype combination; viability untested
YOR011W	triple	2.3227515	0.34736663	-1.4927255272865296	6.740276217460631	-4.462289750576019	4.44968810081482	0.0625	0.0	8.572489798069	unmeasured genotype combination; viability untested
YOR017W	triple	0.09690797	1.7230959	-3.2041643023490907	4.810262131690979	-3.4573575139045714	5.3029485702514645	0.0625	0.0	8.387366259098052	unmeasured genotype combination; viability untested
YOR018W	triple	1.6826879	1.29019	-2.259565603733063	8.163291096687313	-5.494488859176636	11.04992136955261	0.0625	0.0	13.483633464574812	unmeasured genotype combination; viability untested
YOR041C	triple	-0.14266598	0.67450583	-3.4130053997039793	3.5138046622276304	-4.594760310649872	5.56472463607788	0.0625	0.0	8.543147504329681	unmeasured genotype combination; viability untested
YOR042W	triple	0.5788699	1.8693895	-2.7920812726020814	4.911233520507812	-4.876740026473999	7.549157714843748	0.0625	0.0	10.06460626721382	unmeasured genotype combination; viability untested
YOR052C	triple	-0.556502	-0.09369285	-2.76880122423172	1.6850705027580257	-5.056419467926025	4.662991905212402	0.0625	0.0	7.086641550064087	unmeasured genotype combination; viability untested
YOR097C	triple	0.7203876	1.7455666	-1.389151307940483	3.2794663548469543	-3.244334173202515	5.141816091537476	0.0625	0.0	6.527383963763714	unmeasured genotype combination; viability untested
YOR101W	triple	-0.1378022	-0.26918754	-3.2420416831970216	2.137347662448883	-3.7571807742118835	3.7342705011367796	0.0625	0.0	6.435420310497284	unmeasured genotype combination; viability untested
YOR134W	triple	1.2503393	-0.7935144	-1.3888763070106505	6.06125907897949	-5.459255123138428	4.259416830539703	0.0625	0.0	8.584403669834135	unmeasured genotype combination; viability untested
YOR135C	triple	-0.078930706	1.3854104	-3.4965228915214537	2.8409153580665585	-2.443126010894775	6.327771139144898	0.0625	0.0	7.554167699813842	unmeasured genotype combination; viability untested
YOR155C	triple	0.7783848	1.2924502	-3.1794788599014283	4.620050358772277	-3.416375660896301	8.560201406478882	0.0625	0.0	9.888053143024443	unmeasured genotype combination; viability untested
YOR163W	triple	0.6171949	3.024313	-2.6833908677101137	4.859614539146423	-3.750609040260315	8.016755819320679	0.0625	0.0	9.655185133218765	unmeasured genotype combination; viability untested
YOR184W	triple	0.05067666	0.9536516	-3.2989587068557737	3.0626180768012996	-5.254829692840576	5.924093532562256	0.0625	0.0	8.770250004529952	unmeasured genotype combination; viability untested
YOR188W	triple	1.6581165	1.0761472	-2.1655738949775696	7.02659592628479	-5.269052124023437	8.878630065917967	0.0625	0.0	11.669926005601882	unmeasured genotype combination; viability untested
YOR213C	triple	0.87895924	1.1587164	-3.209859848022461	5.293373227119445	-3.092305397987366	5.341757202148438	0.0625	0.0	8.468647837638855	unmeasured genotype combination; viability untested
YOR221C	triple	0.78095126	1.2195803	-2.4348146080970765	4.578614735603333	-2.4766227841377257	6.266127872467041	0.0625	0.0	7.8780900001525875	unmeasured genotype combination; viability untested
YOR223W	triple	-0.35826978	0.25110006	-2.975062811374664	3.6291814446449275	-4.399237489700317	5.869472455978394	0.0625	0.0	8.436477100849151	unmeasured genotype combination; viability untested
YOR230W	triple	0.6950265	1.2477849	-2.238636291027069	3.4359715938568116	-3.572444224357605	5.46437635421753	0.0625	0.0	7.3557142317295074	unmeasured genotype combination; viability untested
YOR238W	triple	1.7460133	2.8510914	-3.312631678581238	5.934837174415588	-2.43807293176651	8.62521204948425	0.0625	0.0	10.155376917123792	unmeasured genotype combination; viability untested
YOR241W	triple	0.32069445	2.163102	-3.1601418256759644	5.032980597019193	-4.185890197753906	10.394307708740234	0.0625	0.0	11.386660164594648	unmeasured genotype combination; viability untested
YOR251C	triple	2.142014	1.654144	-1.4047197222709655	7.357047486305237	-2.6313318848609923	6.588346481323242	0.0625	0.0	8.990722787380218	unmeasured genotype combination; viability untested
YOR252W	triple	2.3059583	4.861192	-2.699352705478668	8.422950339317321	-1.4015459418296814	10.623722267150878	0.0625	0.0	11.573785626888274	unmeasured genotype combination; viability untested
YOR255W	triple	-0.23016897	0.22536063	-3.4181263923645018	2.9526651740074157	-4.508632516860962	5.619221234321594	0.0625	0.0	8.249322658777237	unmeasured genotype combination; viability untested
YOR284W	triple	2.8077269	2.369049	-2.2725308418273924	10.292555379867553	-4.166920173168182	11.541054868698119	0.0625	0.0	14.136530631780623	unmeasured genotype combination; viability untested
YOR299W	triple	0.25837836	0.8274467	-3.1767042756080626	4.1376776695251465	-2.437079405784607	4.7708187103271475	0.0625	0.0	7.261140030622482	unmeasured genotype combination; viability untested
YOR304C-A	triple	0.43485278	0.81923395	-1.887218952178955	4.325142931938171	-4.474146556854248	8.141304349899292	0.0625	0.0	9.413906395435333	unmeasured genotype combination; viability untested
YOR306C	triple	4.6985397	4.0456963	0.28681376874446873	11.103237581253051	-1.3913982629776	9.317788410186765	0.0625	0.0	10.762805242836473	unmeasured genotype combination; viability untested
YOR318C	triple	2.9463458	1.9811227	-1.737060582637787	10.595928001403808	-2.4204407215118406	6.727905941009521	0.0625	0.0	10.740667623281478	unmeasured genotype combination; viability untested
YOR325W	triple	0.39046755	1.2590718	-2.1269176721572878	3.402058553695678	-4.295950412750244	6.779878473281858	0.0625	0.0	8.302402555942534	unmeasured genotype combination; viability untested
YOR331C	triple	1.1972911	2.7379231	-3.0887192845344544	5.744667220115661	-1.6147165417671203	9.518634939193724	0.0625	0.0	9.983368992805481	unmeasured genotype combination; viability untested
YOR334W	triple	0.042820483	-0.34391776	-3.5584363460540773	4.1980458855628955	-5.172339677810669	3.948443627357483	0.0625	0.0	8.438632768392562	unmeasured genotype combination; viability untested
YOR343C	triple	-0.7043704	0.13778064	-3.354854691028595	1.513186627626419	-3.966902995109558	4.045940089225769	0.0625	0.0	6.44044220149517	unmeasured genotype combination; viability untested
YOR379C	triple	-0.9312941	0.65312934	-3.295448660850525	2.25271075963974	-2.4764774799346925	4.267914915084838	0.0625	0.0	6.146275907754898	unmeasured genotype combination; viability untested
YOR384W	triple	1.7588823	0.62106645	-2.8005155086517335	7.274701189994812	-2.7549333572387695	5.4884161949157715	0.0625	0.0	9.159283125400544	unmeasured genotype combination; viability untested
YPL034W	triple	-0.52439344	0.05867058	-3.620933723449707	2.8597999215126038	-4.384051239490509	3.2241586685180663	0.0625	0.0	7.044471776485443	unmeasured genotype combination; viability untested
YPL042C	triple	0.9085079	2.354408	-2.9735694885253907	4.8084903717041	-2.7390172600746157	11.703986454010007	0.0625	0.0	11.112531787157057	unmeasured genotype combination; viability untested
YPL064C	triple	1.1675372	7.1682196	-1.8270367980003357	5.140862417221069	-3.023575448989868	17.654713344573974	0.0625	0.0	13.823094004392622	unmeasured genotype combination; viability untested
YPL078C	triple	1.1424811	3.0253773	-1.9410593032836914	4.986654043197631	-2.367409896850586	9.284919357299803	0.0625	0.0	9.290021300315855	unmeasured genotype combination; viability untested
YPL096W	triple	0.7504242	2.9854708	-2.340109419822693	3.675178277492523	-0.43543931245803835	8.977637815475463	0.0625	0.0	7.714182412624359	unmeasured genotype combination; viability untested
YPL098C	triple	-0.25334063	1.6508598	-2.492686092853546	1.980448830127716	-3.5837970614433288	5.87057523727417	0.0625	0.0	6.9637536108493805	unmeasured genotype combination; viability untested
YPL107W	triple	-0.179952	0.47414526	-2.960456681251526	3.3858773112297054	-4.46046404838562	4.288887822628021	0.0625	0.0	7.547842931747436	unmeasured genotype combination; viability untested
YPL111W	triple	-0.28638428	1.0611548	-2.715502369403839	3.4196754336357107	-3.4381226301193237	5.634550118446349	0.0625	0.0	7.603925275802611	unmeasured genotype combination; viability untested
YPL118W	triple	0.6387197	1.38764	-1.8985154390335084	4.22074544429779	-2.509868013858795	9.120267486572265	0.0625	0.0	8.87469819188118	unmeasured genotype combination; viability untested
YPL130W	triple	1.416298	2.2535038	-2.402633810043335	6.042560362815856	-2.6593883514404295	7.272741508483887	0.0625	0.0	9.188662016391753	unmeasured genotype combination; viability untested
YPL133C	triple	0.18047431	1.1011215	-2.869332826137543	3.775970757007597	-3.215275835990906	6.611048460006713	0.0625	0.0	8.23581393957138	unmeasured genotype combination; viability untested
YPL147W	triple	1.3752475	2.2335114	-3.4926295042037965	7.848483777046203	-3.0386675596237183	9.40371913909912	0.0625	0.0	11.891749989986419	unmeasured genotype combination; viability untested
YPL148C	triple	0.8533535	1.5296009	-2.6238100647926332	4.399162435531616	-2.821425461769104	6.097582006454467	0.0625	0.0	7.97098998427391	unmeasured genotype combination; viability untested
YPL150W	triple	0.7745782	1.6296146	-1.4370716333389282	3.582705271244049	-5.339626979827881	8.344001436233519	0.0625	0.0	9.351702660322188	unmeasured genotype combination; viability untested
YPL156C	triple	-0.5120052	-0.33466303	-2.989265298843384	1.5339587926864622	-4.343360519409179	3.380132174491882	0.0625	0.0	6.123358392715454	unmeasured genotype combination; viability untested
YPL157W	triple	1.0741677	0.9163457	-2.322218596935272	4.637999868392944	-3.8656078219413756	4.7175998210906975	0.0625	0.0	7.771713054180145	unmeasured genotype combination; viability untested
YPL163C	triple	0.0022793338	1.8228983	-3.629364347457886	2.5300541639328	-2.441208016872406	6.225385332107543	0.0625	0.0	7.413005930185317	unmeasured genotype combination; viability untested
YPL188W	triple	0.32666352	1.3478073	-3.26475784778595	4.211183845996855	-3.085082268714905	4.565232253074646	0.0625	0.0	7.563128107786177	unmeasured genotype combination; viability untested
YPL189W	triple	3.1970873	3.880582	-2.0930289745330812	9.410068988800047	-2.4027604341506956	11.51006083488464	0.0625	0.0	12.707959616184233	unmeasured genotype combination; viability untested
YPL193W	triple	0.15159717	2.1143749	-3.2867617130279543	4.000899469852447	-3.988331639766693	8.595661783218382	0.0625	0.0	9.935827302932738	unmeasured genotype combination; viability untested
YPL200W	triple	0.353118	0.46828133	-2.678291344642639	4.968639683723449	-2.9663617849349975	5.324196600914001	0.0625	0.0	7.968744707107543	unmeasured genotype combination; viability untested
YPL216W	triple	1.0299015	1.8373877	-2.3190433740615846	5.345822501182556	-3.806107223033905	8.819397401809692	0.0625	0.0	10.14518525004387	unmeasured genotype combination; viability untested
YPL244C	triple	0.029877722	1.2692211	-2.9083534479141235	3.04509036540985	-2.887276124954224	4.790574240684509	0.0625	0.0	6.815647089481353	unmeasured genotype combination; viability untested
YPL259C	triple	1.3125467	0.4449304	-1.9720210313796995	5.588727712631225	-3.73392915725708	6.263992071151732	0.0625	0.0	8.779334986209868	unmeasured genotype combination; viability untested
YPL271W	triple	0.23008716	0.30224752	-2.2866355299949648	2.746105647087097	-4.082852923870087	4.46990704536438	0.0625	0.0	6.792750573158264	unmeasured genotype combination; viability untested
YPR011C	triple	2.783986	2.4490082	-1.2413579106330872	9.961261558532714	-2.5205113768577574	7.358688497543334	0.0625	0.0	10.540909671783446	unmeasured genotype combination; viability untested
YPR026W	triple	2.6433663	0.09028204	-0.18202718794345857	6.950734472274779	-4.672118711471557	4.72831630706787	0.0625	0.0	8.266598339378833	unmeasured genotype combination; viability untested
YPR031W	triple	0.5953784	2.52528	-2.054754209518433	4.106810426712036	-3.9076186656951903	6.848570919036865	0.0625	0.0	8.458877110481263	unmeasured genotype combination; viability untested
YPR036W	triple	0.02280809	-0.14627908	-3.297281503677368	4.661950540542603	-3.9543574929237364	5.171827650070189	0.0625	0.0	8.542708593606948	unmeasured genotype combination; viability untested
YPR059C	triple	0.4588355	0.8507004	-2.8088430643081663	4.84548864364624	-5.679168558120727	5.9564423084259035	0.0625	0.0	9.644971287250518	unmeasured genotype combination; viability untested
YPR062W	triple	-0.5659128	-0.45063424	-3.8430349469184875	2.0020968079566948	-3.508053517341614	2.8440228104591365	0.0625	0.0	6.098604041337966	unmeasured genotype combination; viability untested
YPR084W	triple	3.2130003	3.4796848	-1.9096481204032898	9.755216884613036	-2.11033136844635	9.136171483993529	0.0625	0.0	11.455683928728103	unmeasured genotype combination; viability untested
YPR092W	triple	-0.18687877	1.2330583	-3.049184703826904	3.2475700736045825	-2.105747365951538	4.75162603855133	0.0625	0.0	6.577064090967177	unmeasured genotype combination; viability untested
YPR093C	triple	2.2805882	1.4137022	-2.937278115749359	7.954304051399231	-3.863534486293793	6.018975210189819	0.0625	0.0	10.3870459318161	unmeasured genotype combination; viability untested
YPR095C	triple	0.4117859	0.010642022	-3.2814350724220276	4.026812458038329	-5.750153493881226	5.750957441329955	0.0625	0.0	9.404679232835768	unmeasured genotype combination; viability untested
YPR099C	triple	1.2233831	0.4505684	-2.183017337322235	5.353389382362364	-4.049810934066772	5.032761621475219	0.0625	0.0	8.309489637613295	unmeasured genotype combination; viability untested
YPR100W	triple	0.24074292	0.6084451	-2.535410392284393	3.2193452596664427	-3.171562147140503	5.01910605430603	0.0625	0.0	6.972711926698684	unmeasured genotype combination; viability untested
YPR114W	triple	1.0254884	2.5852666	-2.7648197412490845	6.448366594314572	-2.941798520088196	10.07870192527771	0.0625	0.0	11.11684339046478	unmeasured genotype combination; viability untested
YPR123C	triple	0.26092523	0.56539285	-2.5108830332756042	3.258309423923492	-4.537881135940552	6.311223936080933	0.0625	0.0	8.30914876461029	unmeasured genotype combination; viability untested
YPR128C	triple	0.6313851	1.9303015	-1.853982639312744	3.7924834012985222	-1.4747860074043273	6.126288938522337	0.0625	0.0	6.623770493268966	unmeasured genotype combination; viability untested
YPR131C	triple	1.961072	0.84006387	-1.8815872192382812	7.970300006866453	-4.191045475006104	5.325848627090454	0.0625	0.0	9.684390664100647	unmeasured genotype combination; viability untested
YPR145W	triple	1.0926241	2.1715248	-2.208660089969635	5.723919010162353	-2.950218343734741	7.236350965499878	0.0625	0.0	9.059574204683305	unmeasured genotype combination; viability untested
YPR150W	triple	-0.16079357	1.0289822	-3.069616413116455	3.2142978549003596	-4.6056251406669615	5.342941284179687	0.0625	0.0	8.11624034643173	unmeasured genotype combination; viability untested
YPR152C	triple	1.5220866	2.8921137	-2.493897807598114	6.455804896354675	-3.0188013553619384	9.519122219085693	0.0625	0.0	10.74381313920021	unmeasured genotype combination; viability untested
YPR184W	triple	1.675422	1.5110915	-1.1695071309804916	4.876944279670715	-3.2296050071716307	5.624322819709778	0.0625	0.0	7.4501896187663075	unmeasured genotype combination; viability untested
YPR195C	triple	0.4734058	0.62645006	-2.694361913204193	3.874884295463562	-3.6194426894187925	4.454630374908447	0.0625	0.0	7.321659636497498	unmeasured genotype combination; viability untested
YAL008W	triple	0.00648332	1.2596703	-2.1360596418380737	3.52017239332199	-1.7678115248680115	4.434853315353393	0.03125	0.0	5.929448437690734	unmeasured genotype combination; viability untested
YAL009W	triple	0.76704526	-0.091192454	-2.6792608737945556	3.9489085912704467	-4.576015615463257	5.936564159393311	0.03125	0.0	8.570374619960786	unmeasured genotype combination; viability untested
YAL018C	triple	0.059737146	0.32853064	-2.7857436656951906	4.836786222457886	-3.761732256412506	5.196929526329039	0.03125	0.0	8.290595835447311	unmeasured genotype combination; viability untested
YAL029C	triple	1.0757384	1.4442797	-3.3836859464645386	5.157297921180724	-4.907418298721313	7.2645685195922844	0.03125	0.0	10.35648534297943	unmeasured genotype combination; viability untested
YAL034C	triple	1.0730506	2.644715	-1.7198946833610536	5.8488096475601195	-2.495006287097931	8.494747972488403	0.03125	0.0	9.279229295253753	unmeasured genotype combination; viability untested
YAL036C	triple	0.9744383	2.522769	-1.8361042261123657	4.382578587532043	-1.3127256035804749	8.617067193984985	0.03125	0.0	8.074237805604934	unmeasured genotype combination; viability untested
YAL046C	triple	0.44403794	0.9059403	-4.474586033821106	5.154766559600829	-3.052216124534607	6.114112377166748	0.03125	0.0	9.397840547561644	unmeasured genotype combination; viability untested
YAL064C-A	triple	0.1350325	1.1433814	-2.8253897190093995	3.4963519811630244	-2.6024941205978394	5.082759499549866	0.03125	0.0	7.003497660160065	unmeasured genotype combination; viability untested
YAR027W	triple	1.0254868	3.0499573	-1.8946605563163756	6.647344851493835	-1.7502485632896423	9.007242822647095	0.03125	0.0	9.649748396873473	unmeasured genotype combination; viability untested
YAR030C	triple	1.8801132	1.6633224	-3.117006266117096	8.068115854263306	-3.043468916416168	6.461522626876831	0.03125	0.0	10.3450568318367	unmeasured genotype combination; viability untested
YAR031W	triple	1.24523	4.704834	-1.5602227687835692	5.10740737915039	-3.2584922552108764	12.591881036758421	0.03125	0.0	11.259001719951629	unmeasured genotype combination; viability untested
YBL001C	triple	0.056599796	0.45637017	-2.303361475467682	3.962942492961883	-3.3919143199920656	4.302815234661102	0.03125	0.0	6.980516761541367	unmeasured genotype combination; viability untested
YBL002W	triple	-0.70572245	-0.14667985	-3.7607866525650024	1.7395287871360776	-4.706119632720947	4.651399111747741	0.03125	0.0	7.428917092084884	unmeasured genotype combination; viability untested
YBL019W	triple	0.3290988	0.894251	-2.385017287731171	3.7888082623481747	-3.4395951628684998	5.20335636138916	0.03125	0.0	7.408388537168502	unmeasured genotype combination; viability untested
YBL028C	triple	-0.15989253	-0.93432486	-3.9830270171165467	3.8352061271667477	-5.323309087753296	3.833414137363433	0.03125	0.0	8.487478184700011	unmeasured genotype combination; viability untested
YBL033C	triple	0.51077616	0.5173801	-2.8605203509330748	3.6019738912582393	-2.784672403335571	3.9487006306648245	0.03125	0.0	6.597933638095855	unmeasured genotype combination; viability untested
YBL038W	triple	-0.5736624	-0.57676554	-3.9292298793792724	2.9696645379066466	-4.395018148422241	4.182143104076385	0.03125	0.0	7.738027834892273	unmeasured genotype combination; viability untested
YBL046W	triple	-0.8220452	0.6587032	-3.8958021283149717	2.8410778641700745	-4.339704954624176	5.969467544555662	0.03125	0.0	8.523026245832442	unmeasured genotype combination; viability untested
YBL066C	triple	1.7742538	-1.0009398	-1.3234024494886398	5.498000407218933	-5.13259711265564	3.053147721290588	0.03125	0.0	7.503573845326899	unmeasured genotype combination; viability untested
YBL070C	triple	-0.2048808	-0.3711608	-2.860384631156921	2.482428109645843	-3.948191249370575	4.054205060005186	0.03125	0.0	6.6726045250892625	unmeasured genotype combination; viability untested
YBL082C	triple	0.29070404	0.63531005	-2.130869710445404	2.7993611812591546	-4.253095865249634	6.802447533607481	0.03125	0.0	7.992887145280837	unmeasured genotype combination; viability untested
YBL091C	triple	0.4001079	-0.29688203	-1.890064573287964	3.02368494272232	-5.409164142608643	4.151624083518981	0.03125	0.0	7.237268871068954	unmeasured genotype combination; viability untested
YBR003W	triple	0.1427429	1.1400765	-3.1652705311775207	3.3934206366538997	-2.1816890358924867	4.746852874755859	0.03125	0.0	6.743616539239883	unmeasured genotype combination; viability untested
YBR007C	triple	0.99612856	-0.02927507	-2.6916796565055847	4.939155149459839	-4.574375438690185	5.449319767951965	0.03125	0.0	8.827265006303787	unmeasured genotype combination; viability untested
YBR013C	triple	0.15981062	0.8546895	-2.2417136907577513	2.3529183626174923	-2.696051001548767	3.8958297967910758	0.03125	0.0	5.593256425857543	unmeasured genotype combination; viability untested
YBR014C	triple	0.4653331	1.0097265	-2.5942556977272035	4.119396674633025	-3.584731900691986	6.802928447723389	0.03125	0.0	8.550656360387801	unmeasured genotype combination; viability untested
YBR022W	triple	0.25492272	1.2568557	-2.6998391270637514	3.2876432538032523	-1.6806015968322754	5.005411243438719	0.03125	0.0	6.336747610568999	unmeasured genotype combination; viability untested
YBR026C	triple	-0.8367623	1.3750124	-3.233503222465515	1.4074776768684383	-3.289651942253113	4.214907455444335	0.03125	0.0	6.072770148515701	unmeasured genotype combination; viability untested
YBR033W	triple	1.3240829	0.8246234	-3.239277720451355	5.251217937469482	-4.383401584625244	4.835201549530029	0.03125	0.0	8.854549396038056	unmeasured genotype combination; viability untested
YBR036C	triple	-0.20392573	1.0564077	-3.372886323928833	4.430160284042357	-3.587339925765991	6.305869960784911	0.03125	0.0	8.848128247261046	unmeasured genotype combination; viability untested
YBR042C	triple	0.7586951	1.0471053	-3.1623904943466186	6.071820902824401	-1.9763424396514893	5.351400423049925	0.03125	0.0	8.280977129936216	unmeasured genotype combination; viability untested
YBR044C	triple	0.12180124	0.9053607	-2.9382365226745604	3.9129575967788695	-3.4644866943359376	7.061719036102294	0.03125	0.0	8.68869992494583	unmeasured genotype combination; viability untested
YBR066C	triple	-0.052009165	-0.13597561	-3.013184297084808	2.5168329238891602	-3.655873656272888	3.0108142256736747	0.03125	0.0	6.098352551460266	unmeasured genotype combination; viability untested
YBR133C	triple	1.8762934	2.1128683	-2.5695328235626222	6.20265769958496	-2.3704174757003784	6.93917851448059	0.03125	0.0	9.040893256664276	unmeasured genotype combination; viability untested
YBR157C	triple	0.18464631	0.21574104	-2.7398708701133727	3.8547814249992367	-3.48571093082428	4.68562170267105	0.03125	0.0	7.382992464303969	unmeasured genotype combination; viability untested
YBR173C	triple	-0.44204682	0.8031319	-3.1827698349952698	3.2144431710243224	-3.854414737224579	5.446357941627502	0.03125	0.0	7.848992842435837	unmeasured genotype combination; viability untested
YBR176W	triple	0.7898529	2.0863843	-2.465467691421509	4.12044665813446	-1.652594769001007	5.696308946609496	0.03125	0.0	6.967409032583236	unmeasured genotype combination; viability untested
YBR189W	triple	0.68670756	0.78575796	-2.210998797416687	4.63728950023651	-3.5746633410453796	6.534000635147094	0.03125	0.0	8.478476136922836	unmeasured genotype combination; viability untested
YBR205W	triple	1.6334566	0.09041375	-1.6487593173980712	5.682059931755066	-5.398842191696167	3.6312660336494442	0.03125	0.0	8.180463737249374	unmeasured genotype combination; viability untested
YBR213W	triple	0.55759704	0.7307234	-2.021297204494476	3.4563492536544795	-3.771975541114807	6.5192797660827635	0.03125	0.0	7.884450882673263	unmeasured genotype combination; viability untested
YBR223C	triple	0.45423013	0.51671463	-2.086022675037384	4.465477871894836	-2.7752827048301696	4.624198746681213	0.03125	0.0	6.975490999221801	unmeasured genotype combination; viability untested
YBR240C	triple	0.64031184	0.12588963	-2.3686596512794496	3.742409598827362	-2.5944664478302	3.618729054927826	0.03125	0.0	6.162132376432419	unmeasured genotype combination; viability untested
YBR242W	triple	-0.7142786	1.4445503	-3.0640974164009096	3.1775388240814206	-2.7770276069641113	6.1877972126007075	0.03125	0.0	7.603230530023574	unmeasured genotype combination; viability untested
YBR263W	triple	-0.19173524	-0.33733115	-3.9512951731681825	2.9053547024726862	-4.16081748008728	5.11948537826538	0.03125	0.0	8.068476366996764	unmeasured genotype combination; viability untested
YBR268W	triple	1.0737754	1.8207479	-2.5030651092529297	4.760725736618042	-2.3080740451812742	6.7931676387786855	0.03125	0.0	8.182516264915465	unmeasured genotype combination; viability untested
YBR282W	triple	-1.2462215	-0.64487505	-4.1501236915588375	1.612749588489532	-6.2669346809387205	3.718647980690002	0.03125	0.0	7.874227970838546	unmeasured genotype combination; viability untested
YBR283C	triple	0.38533014	2.3879313	-3.806023561954498	3.804370808601379	-2.9946006536483765	7.591374349594114	0.03125	0.0	9.098184686899184	unmeasured genotype combination; viability untested
YBR287W	triple	-0.13048607	0.7091299	-2.8085240483283997	2.9399102807044977	-3.8981258511543273	5.398050737380981	0.03125	0.0	7.522305458784103	unmeasured genotype combination; viability untested
YBR288C	triple	0.5796238	-0.580905	-2.322891628742218	3.009551072120666	-5.012804472446442	4.1763026237487795	0.03125	0.0	7.2607748985290534	unmeasured genotype combination; viability untested
YBR289W	triple	-0.32247704	2.0243986	-3.7812725067138673	2.7359824419021606	-3.2174415707588198	9.114670419692992	0.03125	0.0	9.42468346953392	unmeasured genotype combination; viability untested
YCL007C	triple	0.12727189	-0.20618862	-2.319108521938324	2.959952998161315	-4.5067054271698	3.816941213607786	0.03125	0.0	6.801354080438612	unmeasured genotype combination; viability untested
YCL011C	triple	0.07183851	1.2528577	-2.3051418900489806	2.551497721672058	-3.5998788595199587	6.995328378677368	0.03125	0.0	7.725923424959182	unmeasured genotype combination; viability untested
YCL035C	triple	0.5541592	1.4243387	-2.354563331604004	4.427170753479004	-2.992441701889038	5.257772827148438	0.03125	0.0	7.515974307060241	unmeasured genotype combination; viability untested
YCL038C	triple	0.6115396	1.0166737	-2.5278473019599916	3.312912571430206	-3.6234375	5.949141263961792	0.03125	0.0	7.706669318675995	unmeasured genotype combination; viability untested
YCL040W	triple	0.37714204	1.6644903	-2.685115969181061	3.4552311778068536	-2.462981712818146	6.089648818969726	0.03125	0.0	7.346488839387893	unmeasured genotype combination; viability untested
YCL045C	triple	0.59893227	-1.5865786	-2.624421501159668	3.9114498734474177	-7.25083818435669	2.694548845291137	0.03125	0.0	8.240629202127455	unmeasured genotype combination; viability untested
YCL046W	triple	0.8607954	0.47077903	-2.707874393463135	5.177638840675353	-2.820448970794678	5.663335847854613	0.03125	0.0	8.184649026393888	unmeasured genotype combination; viability untested
YCL049C	triple	0.52611387	0.6433555	-2.1222866058349608	3.9538149356842043	-3.175055193901062	4.622744834423064	0.03125	0.0	6.936950784921645	unmeasured genotype combination; viability untested
YCL051W	triple	-0.105365045	1.771827	-2.4054386138916017	2.241981530189514	-2.672991156578064	6.6927252292633055	0.03125	0.0	7.006568264961243	unmeasured genotype combination; viability untested
YCL058C	triple	1.0670531	0.51606935	-1.4260784149169923	3.9289163351058956	-4.107942342758179	4.3067587256431565	0.03125	0.0	6.8848479092121115	unmeasured genotype combination; viability untested
YCL075W	triple	0.50088614	0.5397496	-2.0495572209358217	2.6677848815917966	-3.224575972557068	5.800958824157714	0.03125	0.0	6.8714384496212	unmeasured genotype combination; viability untested
YCR004C	triple	-0.5700599	0.36036474	-2.9943222880363463	1.5098544001579277	-5.222191524505615	4.864671707153319	0.03125	0.0	7.2955199599266045	unmeasured genotype combination; viability untested
YCR010C	triple	0.9408442	2.3509674	-2.2026789665222166	5.7025151968002294	-1.2868709564208984	5.979087638854979	0.03125	0.0	7.585576379299162	unmeasured genotype combination; viability untested
YCR011C	triple	0.5644114	0.36802876	-3.115416741371155	3.8555633068084716	-4.03999959230423	4.60997586250305	0.03125	0.0	7.810477751493453	unmeasured genotype combination; viability untested
YCR016W	triple	-1.0310042	1.4338742	-3.397011232376099	1.8516511142253869	-3.054336428642273	7.711676549911499	0.03125	0.0	8.007337662577628	unmeasured genotype combination; viability untested
YCR053W	triple	1.3353041	2.9352665	-2.292352783679962	4.003997600078582	-1.8054866790771484	7.85162181854248	0.03125	0.0	7.976729440689086	unmeasured genotype combination; viability untested
YCR059C	triple	0.81097436	-0.08724444	-3.0168871760368345	5.762232542037964	-5.08172926902771	6.500074434280395	0.03125	0.0	10.180461710691452	unmeasured genotype combination; viability untested
YCR060W	triple	0.08342097	0.66884273	-3.4039690852165223	3.4790385961532593	-3.569312047958374	4.12538913488388	0.03125	0.0	7.288854432106017	unmeasured genotype combination; viability untested
YCR087W	triple	1.6133685	2.8683314	-1.5786060094833374	4.582419395446777	-3.228919816017151	9.513597869873047	0.03125	0.0	9.451771545410157	unmeasured genotype combination; viability untested
YCR089W	triple	-0.32807776	0.8862614	-3.412178158760071	2.7167688608169556	-2.7178314447402956	5.783558440208434	0.03125	0.0	7.315168452262878	unmeasured genotype combination; viability untested
YCR099C	triple	0.030604385	1.107168	-2.588676023483276	2.53953720331192	-3.0061649799346926	5.496244645118712	0.03125	0.0	6.815311425924301	unmeasured genotype combination; viability untested
YCR102C	triple	0.09937817	1.9225217	-2.8771644234657288	4.070204114913939	-0.8881945073604584	4.883108520507813	0.03125	0.0	6.359335783123969	unmeasured genotype combination; viability untested
YDL009C	triple	-0.25417385	1.0530363	-2.8558794617652894	4.5386234521865845	-4.570138454437256	5.996564865112305	0.03125	0.0	8.980603116750718	unmeasured genotype combination; viability untested
YDL018C	triple	-0.8023792	0.08804788	-3.16401287317276	1.0712419629096983	-3.726103401184082	4.359149622917174	0.03125	0.0	6.160253930091857	unmeasured genotype combination; viability untested
YDL041W	triple	0.8201294	2.5985198	-1.3785139083862306	3.6522860884666444	-2.225582647323608	10.206952905654905	0.03125	0.0	8.731667774915694	unmeasured genotype combination; viability untested
YDL042C	triple	0.35424048	2.8850474	-2.267731523513794	2.932921528816223	-3.0066317319869995	7.815980005264282	0.03125	0.0	8.011632394790649	unmeasured genotype combination; viability untested
YDL046W	triple	0.5915799	1.5853093	-1.8958237528800965	3.7021890997886655	-1.4702126860618592	7.69059624671936	0.03125	0.0	7.379410892724991	unmeasured genotype combination; viability untested
YDL047W	triple	0.08780044	0.7770545	-3.1994526267051695	2.9866726279258717	-3.2146687746047973	4.3823953628540036	0.03125	0.0	6.891594696044921	unmeasured genotype combination; viability untested
YDL053C	triple	-0.3559892	0.30803782	-2.8602330923080443	3.059502387046814	-3.6166311740875243	5.415460801124572	0.03125	0.0	7.475913727283478	unmeasured genotype combination; viability untested
YDL057W	triple	1.5371099	1.4798706	-1.7623870730400086	5.783991503715515	-2.9332959175109865	6.069041919708251	0.03125	0.0	8.27435820698738	unmeasured genotype combination; viability untested
YDL061C	triple	0.20836031	-0.7783397	-3.2120065450668336	4.143501198291778	-5.50311245918274	3.1375869631767266	0.03125	0.0	7.998103582859039	unmeasured genotype combination; viability untested
YDL070W	triple	1.4145775	2.2001905	-1.763436532020569	5.552979445457458	-3.043193793296814	9.393278741836548	0.03125	0.0	9.876444256305694	unmeasured genotype combination; viability untested
YDL085W	triple	0.9838431	1.412734	-2.1550204277038576	3.7833634018898	-3.7787217497825623	5.656233644485473	0.03125	0.0	7.686669611930847	unmeasured genotype combination; viability untested
YDL086W	triple	1.0672824	1.5096204	-1.86154625415802	5.455103588104248	-2.034658706188202	4.20091187953949	0.03125	0.0	6.77611021399498	unmeasured genotype combination; viability untested
YDL093W	triple	0.8833043	1.9877691	-2.3093074679374697	3.8459586620330803	-2.5100377559661866	7.699616718292236	0.03125	0.0	8.182460302114487	unmeasured genotype combination; viability untested
YDL094C	triple	0.6152456	-0.030174717	-1.6647888779640199	3.309311234951019	-3.7861222863197326	4.842436623573302	0.03125	0.0	6.801329511404036	unmeasured genotype combination; viability untested
YDL096C	triple	-0.010496065	0.99495065	-3.559149217605591	3.2186692357063293	-3.661540126800537	5.856254482269286	0.03125	0.0	8.147806531190872	unmeasured genotype combination; viability untested
YDL101C	triple	0.7714857	2.5442452	-1.9922883629798889	3.8406489372253416	-1.9716920137405396	9.33689489364624	0.03125	0.0	8.570762103796007	unmeasured genotype combination; viability untested
YDL104C	triple	1.3690591	2.5693913	-2.111650359630585	5.091111516952514	-2.4839616060256957	8.636206388473509	0.03125	0.0	9.161464935541153	unmeasured genotype combination; viability untested
YDL114W	triple	0.86631215	1.5139115	-2.1688413619995117	6.250997948646545	-2.504736077785492	4.660859966278076	0.03125	0.0	7.792717677354813	unmeasured genotype combination; viability untested
YDL167C	triple	0.92296255	2.745634	-1.7016108751296997	5.46618957519531	-2.948669362068176	10.777675056457516	0.03125	0.0	10.447072434425351	unmeasured genotype combination; viability untested
YDL176W	triple	0.43020988	1.5225718	-2.3611068725585938	3.4511880874633785	-1.829023253917694	6.073111581802368	0.03125	0.0	6.8572148978710175	unmeasured genotype combination; viability untested
YDL179W	triple	0.15794227	1.5266788	-2.7853706240653993	2.681500947475433	-2.3746772170066834	6.069499349594116	0.03125	0.0	6.955524069070815	unmeasured genotype combination; viability untested
YDL189W	triple	0.45269138	0.9750956	-2.1903590679168703	4.920183300971985	-2.442985677719116	5.4299516916275	0.03125	0.0	7.491739869117735	unmeasured genotype combination; viability untested
YDL194W	triple	0.043839544	0.5550274	-2.670380651950836	2.5596096873283387	-3.6283742070198057	5.982771825790405	0.03125	0.0	7.420568186044693	unmeasured genotype combination; viability untested
YDL198C	triple	-0.4968235	0.71504855	-3.114696764945984	2.1042107224464415	-2.687318468093872	6.220640802383422	0.03125	0.0	7.063433378934859	unmeasured genotype combination; viability untested
YDL202W	triple	-0.695237	-1.3179047	-2.456738305091858	1.469997662305832	-7.245726871490478	2.2356464207172384	0.03125	0.0	6.7040546298027035	unmeasured genotype combination; viability untested
YDL203C	triple	0.8869963	1.5386834	-2.730548846721649	5.1832219600677485	-4.236948871612549	7.5895547389984115	0.03125	0.0	9.870137208700179	unmeasured genotype combination; viability untested
YDL204W	triple	-0.30495554	1.4695718	-3.0067086458206176	2.85384188890457	-3.661823105812073	7.811248207092285	0.03125	0.0	8.666810923814772	unmeasured genotype combination; viability untested
YDL211C	triple	-0.04458131	0.41191348	-3.3316720724105835	2.8688581466674803	-4.522269451618195	4.483929681777954	0.03125	0.0	7.603364676237106	unmeasured genotype combination; viability untested
YDL218W	triple	-0.015406596	1.5937867	-3.329793190956116	3.9423572778701783	-2.0542943120002746	6.381851673126221	0.03125	0.0	7.854148226976395	unmeasured genotype combination; viability untested
YDL226C	triple	-0.5342562	1.213729	-3.4471590757369994	2.3909232735633847	-3.2233654022216798	5.783405685424804	0.03125	0.0	7.422426718473434	unmeasured genotype combination; viability untested
YDL229W	triple	2.8612776	3.0042968	0.13723356723785402	5.575804042816162	-4.003983747959137	9.180211400985716	0.03125	0.0	9.31138281226158	unmeasured genotype combination; viability untested
YDL231C	triple	0.6611386	0.79094243	-2.516537868976593	4.102143120765686	-4.334709966182709	5.54243013858795	0.03125	0.0	8.24791054725647	unmeasured genotype combination; viability untested
YDL233W	triple	0.25011596	0.5150521	-3.317012572288513	3.0710720539093015	-3.4628693103790282	4.231150066852569	0.03125	0.0	7.041052001714706	unmeasured genotype combination; viability untested
YDL234C	triple	0.88782406	0.93800986	-2.1021677017211915	4.631430339813232	-4.733628988265991	6.743803024291992	0.03125	0.0	9.105515027046202	unmeasured genotype combination; viability untested
YDR003W	triple	1.1540614	0.7781502	-1.3714276909828187	5.437592101097106	-2.852744388580322	4.7373632192611685	0.03125	0.0	7.1995636999607076	unmeasured genotype combination; viability untested
YDR005C	triple	1.7158036	1.2198629	-3.3750564455986023	7.1831866025924676	-3.8122539162635802	6.394408082962036	0.03125	0.0	10.382452523708343	unmeasured genotype combination; viability untested
YDR015C	triple	0.20416798	-0.11731368	-3.2631386280059815	3.4949706912040703	-3.1984760046005247	2.9553128242492672	0.03125	0.0	6.455949074029922	unmeasured genotype combination; viability untested
YDR018C	triple	0.30096096	0.71822375	-3.0444180727005006	3.3079656004905695	-3.0150424003601075	4.845758938789367	0.03125	0.0	7.106592506170273	unmeasured genotype combination; viability untested
YDR028C	triple	0.288678	2.5931253	-3.4587365627288817	4.789523959159851	-1.6521403551101685	8.625056076049805	0.03125	0.0	9.262728476524353	unmeasured genotype combination; viability untested
YDR029W	triple	0.8713875	1.5608318	-2.6971091866493224	3.920617794990539	-3.1728224039077757	7.679015159606932	0.03125	0.0	8.734782272577284	unmeasured genotype combination; viability untested
YDR043C	triple	0.6351279	2.4628594	-2.4195218205451967	4.630921435356139	-2.5595680832862855	9.118641185760497	0.03125	0.0	9.364326262474059	unmeasured genotype combination; viability untested
YDR050C	triple	0.6044282	0.53348833	-2.8512522101402284	3.5402553915977477	-3.622886323928833	5.212312579154968	0.03125	0.0	7.613353252410889	unmeasured genotype combination; viability untested
YDR078C	triple	-0.10175518	0.8517824	-3.194483423233032	3.3938480019569397	-2.701333725452423	5.674671697616577	0.03125	0.0	7.482168424129486	unmeasured genotype combination; viability untested
YDR085C	triple	1.1561067	0.87529266	-1.1051845461130143	3.614913761615753	-3.9578906416893007	4.875182962417602	0.03125	0.0	6.776585955917835	unmeasured genotype combination; viability untested
YDR101C	triple	1.6324837	1.088982	-1.120381224155426	6.408830976486204	-3.1448940515518187	5.970777988433836	0.03125	0.0	8.322442120313642	unmeasured genotype combination; viability untested
YDR105C	triple	0.30189416	1.7946613	-2.512480878829956	2.562161159515381	-2.1165026783943177	6.5263986587524405	0.03125	0.0	6.858771687746048	unmeasured genotype combination; viability untested
YDR110W	triple	0.1258284	2.0402725	-2.9527240991592407	4.899530053138733	-4.360283946990966	8.715363407135007	0.03125	0.0	10.463950753211973	unmeasured genotype combination; viability untested
YDR115W	triple	-0.26930678	0.79195726	-3.473967981338501	3.0168163895606988	-4.38323392868042	5.356845092773438	0.03125	0.0	8.115431696176529	unmeasured genotype combination; viability untested
YDR127W	triple	1.8126786	1.8877273	-1.6291359663009644	7.201464009284972	-2.18110054731369	5.737466621398925	0.03125	0.0	8.374583572149277	unmeasured genotype combination; viability untested
YDR133C	triple	0.89259183	1.1782997	-1.8164211988449097	5.014007472991942	-2.2848695278167725	5.994948816299438	0.03125	0.0	7.55512350797653	unmeasured genotype combination; viability untested
YDR140W	triple	1.1205349	1.7291441	-2.264255475997925	4.835173451900481	-3.1786927223205566	6.902522230148315	0.03125	0.0	8.590321940183639	unmeasured genotype combination; viability untested
YDR147W	triple	0.13059577	0.39523673	-1.6900367259979248	3.0975569844245907	-2.688793957233429	3.82545200586319	0.03125	0.0	5.6509198367595666	unmeasured genotype combination; viability untested
YDR148C	triple	0.39232647	-0.3706512	-2.8764631509780885	3.336474013328552	-4.250926542282104	3.7990401625633234	0.03125	0.0	7.1314519345760345	unmeasured genotype combination; viability untested
YDR157W	triple	-0.5338602	0.83625734	-3.545079970359802	1.6812638223171226	-2.767681884765625	4.608102297782898	0.03125	0.0	6.301063987612723	unmeasured genotype combination; viability untested
YDR178W	triple	1.2001133	2.8727055	-1.9989312887191772	4.027920424938201	-1.722495400905609	6.866514205932617	0.03125	0.0	7.307930660247802	unmeasured genotype combination; viability untested
YDR179C	triple	-0.16365409	0.8669423	-2.7269490242004393	3.0428520083427424	-3.2050864934921264	5.000659155845642	0.03125	0.0	6.987773340940475	unmeasured genotype combination; viability untested
YDR205W	triple	0.48483533	-0.56405663	-2.644158113002777	3.6439387083053587	-3.82954626083374	2.5983948349952692	0.03125	0.0	6.3580189585685725	unmeasured genotype combination; viability untested
YDR207C	triple	-0.3109705	1.5139768	-3.712337589263916	2.7636405348777773	-3.958180320262909	5.490983343124388	0.03125	0.0	7.962570893764496	unmeasured genotype combination; viability untested
YDR222W	triple	0.13385889	1.257254	-2.651954436302185	2.445451486110687	-1.7280201315879822	3.765551590919493	0.03125	0.0	5.2954888224601735	unmeasured genotype combination; viability untested
YDR231C	triple	0.42070055	1.5747554	-2.567959451675415	3.523072218894958	-1.5718265056610108	6.811067342758179	0.03125	0.0	7.236962759494782	unmeasured genotype combination; viability untested
YDR234W	triple	-0.7901906	0.93856376	-3.6289005637168885	3.008088803291321	-4.957809114456177	6.999851179122924	0.03125	0.0	9.297324830293656	unmeasured genotype combination; viability untested
YDR244W	triple	-0.2600999	1.1769273	-2.957898235321045	2.2627196431159975	-2.011316013336182	6.040484380722046	0.03125	0.0	6.636209136247635	unmeasured genotype combination; viability untested
YDR247W	triple	0.26574796	1.6051579	-3.181136965751648	4.1714889049530015	-2.353875958919525	7.161342906951903	0.03125	0.0	8.433922368288039	unmeasured genotype combination; viability untested
YDR256C	triple	0.8257107	1.0731429	-2.460126543045044	6.877127885818481	-3.3228949069976808	4.57676751613617	0.03125	0.0	8.618458425998687	unmeasured genotype combination; viability untested
YDR266C	triple	1.1294043	3.1551843	-1.2824735552072526	4.381024265289306	-3.298709583282471	8.692407703399658	0.03125	0.0	8.827307553589344	unmeasured genotype combination; viability untested
YDR268W	triple	1.1015328	1.337006	-2.348304104804993	3.8441075444221493	-2.5696258902549745	4.653856205940246	0.03125	0.0	6.707946872711181	unmeasured genotype combination; viability untested
YDR270W	triple	0.60521054	0.77397543	-2.2695059299468996	3.0256073832511903	-3.079647421836853	4.135060012340546	0.03125	0.0	6.2549103736877445	unmeasured genotype combination; viability untested
YDR273W	triple	-0.432943	1.2709727	-2.259334111213684	2.560610485076904	-3.528512787818909	5.860159969329832	0.03125	0.0	7.104308676719664	unmeasured genotype combination; viability untested
YDR289C	triple	0.73284405	1.082345	-2.251584470272064	4.773596215248108	-4.447679948806763	6.11160798072815	0.03125	0.0	8.792234307527542	unmeasured genotype combination; viability untested
YDR296W	triple	2.1428437	2.8982685	-2.2270551681518556	6.946284055709839	-1.597391164302826	9.839957571029663	0.03125	0.0	10.30534397959709	unmeasured genotype combination; viability untested
YDR298C	triple	-1.0907419	-0.28598893	-3.736273765563965	1.6732801914215085	-3.3837459564208983	3.5668945193290704	0.03125	0.0	6.180097216367721	unmeasured genotype combination; viability untested
YDR307W	triple	0.052884012	0.91383857	-2.697883701324463	3.3404723763465882	-3.6787784814834597	5.378495597839356	0.03125	0.0	7.547815078496933	unmeasured genotype combination; viability untested
YDR338C	triple	1.0006838	-0.00044599175	-2.691696286201477	5.184423947334289	-5.1613321781158445	5.031073510646818	0.03125	0.0	9.034262961149214	unmeasured genotype combination; viability untested
YDR352W	triple	0.3917586	0.32464987	-1.7778797268867492	3.7395046830177305	-5.211872863769531	4.4937183380126955	0.03125	0.0	7.611487805843353	unmeasured genotype combination; viability untested
YDR399W	triple	-0.1049802	1.4131695	-3.119851589202881	4.16179575920105	-2.455937886238098	5.899015235900877	0.03125	0.0	7.818300235271453	unmeasured genotype combination; viability untested
YDR400W	triple	1.8028905	2.8884773	-1.300116503238678	4.432274389266968	-2.017341470718384	8.55070743560791	0.03125	0.0	8.15021989941597	unmeasured genotype combination; viability untested
YDR402C	triple	0.23779093	0.8444729	-3.4103750467300413	4.3692605137825	-3.7178310990333556	4.9816710472106935	0.03125	0.0	8.239568853378294	unmeasured genotype combination; viability untested
YDR417C	triple	-0.9020189	-1.2309681	-2.781025457382202	1.7275202870368953	-5.46740198135376	3.6074037313461296	0.03125	0.0	6.791675728559493	unmeasured genotype combination; viability untested
YDR418W	triple	-0.13123278	-0.124257594	-2.871162974834442	2.883096086978912	-4.655374526977539	5.017029809951782	0.03125	0.0	7.713331699371338	unmeasured genotype combination; viability untested
YDR428C	triple	0.8152311	1.7001431	-1.706083822250366	3.5996193170547484	-4.038289368152618	5.773397493362427	0.03125	0.0	7.55869500041008	unmeasured genotype combination; viability untested
YDR432W	triple	1.6351388	0.13815403	-1.3032470345497131	4.637967491149902	-4.889048385620117	5.906089973449706	0.03125	0.0	8.36817644238472	unmeasured genotype combination; viability untested
YDR436W	triple	0.8565742	-0.91080177	-2.863552522659302	5.017399764060974	-7.048011732101441	3.150609803199768	0.03125	0.0	9.039786911010742	unmeasured genotype combination; viability untested
YDR438W	triple	0.59644943	1.9880217	-1.8078136801719666	3.0531336188316343	-0.7383298277854919	5.95371265411377	0.03125	0.0	5.776494890451431	unmeasured genotype combination; viability untested
YDR440W	triple	1.4409657	3.1284692	-1.0108922570943832	4.325319528579712	-1.4255107045173645	9.478594827651978	0.03125	0.0	8.120158658921719	unmeasured genotype combination; viability untested
YDR445C	triple	0.87743	0.5593208	-1.6207570910453797	3.7008477807044984	-3.9073721289634706	4.757324314117431	0.03125	0.0	6.9931506574153905	unmeasured genotype combination; viability untested
YDR450W	triple	0.5397166	1.7483675	-2.6450634956359864	4.660628390312195	-5.585889291763306	9.799048709869384	0.03125	0.0	11.345314943790436	unmeasured genotype combination; viability untested
YDR452W	triple	0.92471814	0.633327	-1.5095167636871338	4.498281812667846	-3.86037073135376	5.81511640548706	0.03125	0.0	7.8416428565979	unmeasured genotype combination; viability untested
YDR470C	triple	0.4769402	0.8928515	-1.7900231719017028	4.153272891044616	-2.1770188093185423	3.15383003950119	0.03125	0.0	5.637072455883025	unmeasured genotype combination; viability untested
YDR497C	triple	1.0997587	1.245325	-1.573607861995697	4.123272836208343	-2.814610815048218	5.374651288986206	0.03125	0.0	6.943071401119232	unmeasured genotype combination; viability untested
YDR517W	triple	1.924028	0.15995531	-1.156452238559723	6.013291788101195	-4.027247297763824	5.726906204223631	0.03125	0.0	8.461948764324188	unmeasured genotype combination; viability untested
YDR518W	triple	0.24737358	0.14494884	-2.7555463910102844	3.48456346988678	-4.692898178100586	5.595978307723998	0.03125	0.0	8.264493173360824	unmeasured genotype combination; viability untested
YDR521W	triple	-0.103774294	-0.29439944	-2.94789263010025	3.4703812360763546	-3.6105825662612916	3.5094162940978992	0.03125	0.0	6.769136363267898	unmeasured genotype combination; viability untested
YEL012W	triple	0.93972117	0.46340674	-2.2078308939933775	4.282082366943358	-5.597962141036987	4.463415575027466	0.03125	0.0	8.275645488500594	unmeasured genotype combination; viability untested
YEL023C	triple	0.047703512	1.4963337	-2.654758870601654	1.9256252408027648	-3.788353443145752	5.891931962966918	0.03125	0.0	7.130334758758544	unmeasured genotype combination; viability untested
YEL029C	triple	1.0036781	1.150033	-1.7447168707847593	4.219081556797027	-3.0404330253601075	6.359969758987426	0.03125	0.0	7.68210060596466	unmeasured genotype combination; viability untested
YEL039C	triple	0.6647711	-0.65663284	-2.0857113718986513	2.7511900544166563	-3.4940974712371826	3.4231534957885734	0.03125	0.0	5.877076196670532	unmeasured genotype combination; viability untested
YEL043W	triple	1.6157176	-0.12334618	-1.135747492313385	5.158981275558472	-4.782251977920533	3.7633070707321163	0.03125	0.0	7.4201439082622525	unmeasured genotype combination; viability untested
YEL044W	triple	1.7631273	3.732689	-1.541571593284607	7.086011338233948	-0.7017885088920593	11.24094657897949	0.03125	0.0	10.285159009695052	unmeasured genotype combination; viability untested
YEL053C	triple	1.1830528	1.0138518	-2.0364075303077698	5.873289394378662	-7.531313276290893	10.2111439704895	0.03125	0.0	12.826077085733413	unmeasured genotype combination; viability untested
YEL064C	triple	0.28288287	0.5817366	-2.91234005689621	3.311155152320861	-4.00268052816391	4.555680203437805	0.03125	0.0	7.390927970409393	unmeasured genotype combination; viability untested
YEL067C	triple	0.8749243	1.6534148	-3.072716438770294	4.783949494361877	-1.439295506477356	5.409875154495239	0.03125	0.0	7.352918297052383	unmeasured genotype combination; viability untested
YER017C	triple	0.26950634	2.0792184	-3.4799335598945618	3.3421843171119683	-3.059212064743042	6.089617729187012	0.03125	0.0	7.985473835468292	unmeasured genotype combination; viability untested
YER054C	triple	0.6636449	2.3727553	-1.9431952118873597	3.6992799520492547	-2.3536815524101256	8.042585945129394	0.03125	0.0	8.019371330738068	unmeasured genotype combination; viability untested
YER055C	triple	0.6485364	0.4464981	-2.5015755534172057	4.291355061531067	-4.358482456207275	4.06102465391159	0.03125	0.0	7.606218862533568	unmeasured genotype combination; viability untested
YER060W-A	triple	-0.2950562	-0.532702	-2.4818039774894713	2.8055993556976313	-5.1854085445404055	2.8362108707427978	0.03125	0.0	6.6545113742351525	unmeasured genotype combination; viability untested
YER067W	triple	-0.6867993	0.42604607	-4.3491348147392275	3.0394219040870665	-3.3967647552490234	4.964279747009277	0.03125	0.0	7.874800610542297	unmeasured genotype combination; viability untested
YER070W	triple	0.26031885	3.0163178	-2.852898871898651	4.490292477607727	-1.3945055603981018	9.712623643875121	0.03125	0.0	9.2251602768898	unmeasured genotype combination; viability untested
YER073W	triple	0.97740686	2.4648733	-2.926356112957001	4.586546134948731	-2.242752933502197	8.170409059524536	0.03125	0.0	8.963032120466233	unmeasured genotype combination; viability untested
YER075C	triple	1.1774653	1.6120613	-1.85819354057312	4.718704962730407	-3.9628653168678283	7.176261758804321	0.03125	0.0	8.858012789487837	unmeasured genotype combination; viability untested
YER081W	triple	0.37369964	0.6835243	-2.8453163385391234	3.812119102478026	-2.7940800905227663	4.470373094081878	0.03125	0.0	6.960944312810897	unmeasured genotype combination; viability untested
YER110C	triple	0.10897048	1.4668031	-2.4512802839279173	2.882793283462524	-3.5142229557037354	6.9354663372039775	0.03125	0.0	7.891881430149077	unmeasured genotype combination; viability untested
YER117W	triple	0.50111586	-0.655293	-2.693555450439453	3.9377935051918023	-4.659539687633514	2.4519525527954102	0.03125	0.0	6.87142059803009	unmeasured genotype combination; viability untested
YER118C	triple	1.5685282	-0.30627024	-0.688592791557312	6.047839426994323	-4.426150989532471	3.171571040153503	0.03125	0.0	7.167077124118805	unmeasured genotype combination; viability untested
YER119C	triple	0.56059873	0.20084602	-2.5144288182258605	4.194457209110259	-4.585045099258423	4.347824668884277	0.03125	0.0	7.820877897739409	unmeasured genotype combination; viability untested
YER121W	triple	0.45313597	2.2478366	-2.7716979146003724	4.098243916034697	-2.523392903804779	7.209098720550537	0.03125	0.0	8.301216727495191	unmeasured genotype combination; viability untested
YER129W	triple	0.30741513	1.3028412	-3.4223721981048585	4.685202598571777	-5.057953023910523	8.283855676651001	0.03125	0.0	10.72469174861908	unmeasured genotype combination; viability untested
YER152C	triple	0.27429515	1.3589306	-2.5774660468101502	3.354623794555664	-2.416097569465637	5.055903196334838	0.03125	0.0	6.702045303583144	unmeasured genotype combination; viability untested
YER169W	triple	0.776754	2.1375632	-1.912039005756378	3.9075088858604428	-1.7692654371261596	8.258656740188597	0.03125	0.0	7.923735034465789	unmeasured genotype combination; viability untested
YER170W	triple	-0.276196	-0.7235067	-3.6863980531692504	2.0835302710533137	-3.1850908756256104	3.248141491413116	0.03125	0.0	6.101580345630645	unmeasured genotype combination; viability untested
YER178W	triple	0.5847181	2.4397078	-2.2343453764915466	4.09142882823944	-1.3292308092117309	5.807150411605835	0.03125	0.0	6.731077712774276	unmeasured genotype combination; viability untested
YER186C	triple	0.83046675	0.23273966	-2.4388477087020872	4.774997186660765	-4.936030340194702	4.619978833198547	0.03125	0.0	8.384927034378052	unmeasured genotype combination; viability untested
YER188W	triple	1.2264818	1.7845962	-1.9284446716308594	4.071209573745727	-2.298824942111969	5.506270217895507	0.03125	0.0	6.902374702692031	unmeasured genotype combination; viability untested
YFL011W	triple	0.609263	1.3010794	-3.083026945590973	3.8050860881805413	-2.507291543483734	5.102814555168152	0.03125	0.0	7.2491095662117	unmeasured genotype combination; viability untested
YFL015C	triple	-0.31169897	1.5775735	-3.4241021871566772	2.8407274723052978	-1.7044579267501831	4.940097332000732	0.03125	0.0	6.454692459106445	unmeasured genotype combination; viability untested
YFL016C	triple	-0.29933587	1.7240045	-3.525525188446045	2.8953896403312673	-1.6882439017295838	5.490877246856689	0.03125	0.0	6.800017988681793	unmeasured genotype combination; viability untested
YFL018C	triple	0.8981789	1.1784953	-3.144010305404663	4.462045049667358	-4.083438622951507	6.639611768722533	0.03125	0.0	9.16455287337303	unmeasured genotype combination; viability untested
YFL026W	triple	0.29109842	0.19501036	-2.0875054597854614	3.0645078182220455	-3.9134809374809265	5.607235312461851	0.03125	0.0	7.336364763975142	unmeasured genotype combination; viability untested
YFL033C	triple	1.9264534	0.098106846	-1.4151591777801513	5.612966227531433	-4.3436564087867735	4.942498624324797	0.03125	0.0	8.157140219211577	unmeasured genotype combination; viability untested
YFL036W	triple	0.45614332	1.5448459	-2.167913484573364	5.152240943908691	-2.7600068926811216	6.226137971878051	0.03125	0.0	8.153149646520614	unmeasured genotype combination; viability untested
YFR006W	triple	0.27956325	0.87523633	-1.9456096768379212	3.309620094299316	-2.9694117307662964	5.307573747634887	0.03125	0.0	6.7661076247692105	unmeasured genotype combination; viability untested
YFR015C	triple	1.2061739	3.0044532	-2.7429858565330507	5.29673285484314	-1.214051568508148	10.758927965164185	0.03125	0.0	10.006349122524263	unmeasured genotype combination; viability untested
YFR025C	triple	0.66363513	1.515403	-2.1850364208221436	3.659984993934631	-1.29142884016037	4.628298282623291	0.03125	0.0	5.882374268770217	unmeasured genotype combination; viability untested
YFR036W	triple	-0.6798402	1.9501898	-2.702540099620819	1.6592093229293816	-1.315120017528534	5.655213928222656	0.03125	0.0	5.666041684150695	unmeasured genotype combination; viability untested
YFR044C	triple	-0.025508016	0.66592515	-3.3216328859329223	3.240515768527984	-2.377449262142181	4.950282096862792	0.03125	0.0	6.94494000673294	unmeasured genotype combination; viability untested
YGL003C	triple	1.0188537	0.561572	-2.544595742225647	5.179030609130858	-3.721264052391052	5.108157753944397	0.03125	0.0	8.276524078845977	unmeasured genotype combination; viability untested
YGL005C	triple	0.73450786	-0.31427407	-2.348321485519409	5.409477400779723	-4.096288502216339	5.8305300712585435	0.03125	0.0	8.842308729887007	unmeasured genotype combination; viability untested
YGL007W	triple	0.23991299	0.24397737	-1.4561700701713562	2.1304022312164306	-4.421629297733307	7.012107038497924	0.03125	0.0	7.510154318809509	unmeasured genotype combination; viability untested
YGL009C	triple	0.052131593	1.5163865	-3.409907364845276	2.806841707229614	-4.047178232669831	7.401969051361084	0.03125	0.0	8.832948178052902	unmeasured genotype combination; viability untested
YGL010W	triple	-0.03146328	0.69553447	-2.969027817249298	3.715514004230499	-2.614232659339905	4.28245038986206	0.03125	0.0	6.790612435340881	unmeasured genotype combination; viability untested
YGL014W	triple	0.3474097	1.6521344	-2.397593593597412	2.977814483642578	-4.825135326385498	7.293579530715942	0.03125	0.0	8.747061467170715	unmeasured genotype combination; viability untested
YGL017W	triple	0.33578146	0.41569415	-2.2044904589653016	2.7431549310684202	-4.173622405529022	6.188292312622069	0.03125	0.0	7.654780054092407	unmeasured genotype combination; viability untested
YGL021W	triple	1.4980465	0.5575412	-2.8528623223304748	6.2565483808517435	-3.5692444682121276	4.251960945129394	0.03125	0.0	8.46530805826187	unmeasured genotype combination; viability untested
YGL023C	triple	0.36040217	2.6373734	-3.3883739590644835	2.8365613341331484	-3.229963934421539	8.764911174774168	0.03125	0.0	9.10990520119667	unmeasured genotype combination; viability untested
YGL025C	triple	0.043747306	1.0104201	-3.2212329387664793	5.061618733406065	-2.799575626850128	6.8350202083587615	0.03125	0.0	8.958723753690716	unmeasured genotype combination; viability untested
YGL027C	triple	1.9693967	1.0741597	-0.9962848573923111	6.272087407112122	-2.5593526482582094	7.18395171165466	0.03125	0.0	8.50583831220865	unmeasured genotype combination; viability untested
YGL032C	triple	0.31076097	1.3484181	-2.7535096287727354	3.1830201029777525	-2.0393638134002687	6.548828935623169	0.03125	0.0	7.262361240386963	unmeasured genotype combination; viability untested
YGL041C	triple	2.194985	0.84109944	-0.9236002326011656	4.955123305320739	-3.483114755153656	6.597533512115478	0.03125	0.0	7.97968590259552	unmeasured genotype combination; viability untested
YGL064C	triple	1.2232585	2.6247346	-1.0152923554182052	4.542050874233244	-1.931895911693573	6.21853494644165	0.03125	0.0	6.853887043893336	unmeasured genotype combination; viability untested
YGL077C	triple	0.744563	0.2663383	-2.126904773712158	4.485094976425169	-3.0310955286026	3.1258504033088683	0.03125	0.0	6.384472841024397	unmeasured genotype combination; viability untested
YGL086W	triple	1.1607146	-1.4412385	-2.5767762780189516	4.323651909828186	-6.948558378219604	5.149666786193847	0.03125	0.0	9.499326676130295	unmeasured genotype combination; viability untested
YGL088W	triple	0.4932746	0.52705514	-2.457309830188751	4.7655443191528315	-4.400307071208954	6.207703065872192	0.03125	0.0	8.915432143211364	unmeasured genotype combination; viability untested
YGL109W	triple	0.2135616	0.28313798	-2.38202908039093	3.5663042664527893	-5.802151536941528	3.4505742311477654	0.03125	0.0	7.600529557466507	unmeasured genotype combination; viability untested
YGL152C	triple	0.7104627	1.7414787	-2.65769077539444	3.0918827295303344	-3.5211004257202148	6.845852661132812	0.03125	0.0	8.0582632958889	unmeasured genotype combination; viability untested
YGL158W	triple	0.27593952	1.0850989	-1.8696924209594727	2.6943726181983942	-3.6793426036834718	6.756050539016723	0.03125	0.0	7.499729090929031	unmeasured genotype combination; viability untested
YGL161C	triple	0.8837502	2.2406442	-1.8413497805595398	4.130790328979492	-2.8299756050109863	8.324830913543702	0.03125	0.0	8.56347331404686	unmeasured genotype combination; viability untested
YGL168W	triple	-0.7104479	1.9198785	-3.385993504524231	2.349628603458404	-2.6564662814140316	5.719750356674194	0.03125	0.0	7.05591937303543	unmeasured genotype combination; viability untested
YGL196W	triple	0.9648539	2.310458	-2.059737300872803	4.433388900756836	-1.6646806597709656	6.303822565078734	0.03125	0.0	7.23081471323967	unmeasured genotype combination; viability untested
YGL215W	triple	0.95573676	3.0018923	-2.2658467173576353	7.088234567642211	-1.7418557882308958	6.96472282409668	0.03125	0.0	9.030329948663711	unmeasured genotype combination; viability untested
YGL219C	triple	1.3044996	0.5495916	-1.563018810749054	5.880472111701963	-3.5513408303260805	4.804804468154907	0.03125	0.0	7.899818110466002	unmeasured genotype combination; viability untested
YGL220W	triple	0.24924603	0.6399562	-2.9283673048019407	2.935958981513977	-4.072734224796295	5.663842678070068	0.03125	0.0	7.8004515945911415	unmeasured genotype combination; viability untested
YGL224C	triple	0.19523434	2.6180825	-1.6214401483535767	3.0279123187065125	-1.6944034457206727	8.303772068023681	0.03125	0.0	7.323763990402221	unmeasured genotype combination; viability untested
YGL236C	triple	-0.03749329	1.1047794	-3.2466004848480225	3.172993540763855	-2.2107840061187742	5.599837064743041	0.03125	0.0	7.115107548236846	unmeasured genotype combination; viability untested
YGL257C	triple	2.576947	1.364609	-0.4503258228302002	5.419341826438903	-3.0330902576446532	5.839127922058105	0.03125	0.0	7.37094291448593	unmeasured genotype combination; viability untested
YGL259W	triple	-0.2305472	1.5511706	-2.8790859937667848	3.2671124458312986	-0.858594113588333	4.500448417663574	0.03125	0.0	5.752620485424995	unmeasured genotype combination; viability untested
YGR021W	triple	-0.27971852	0.9378955	-3.31058189868927	2.6503544807434083	-4.5684206008911135	6.078026580810547	0.03125	0.0	8.303691780567169	unmeasured genotype combination; viability untested
YGR022C	triple	0.81896484	2.1106865	-1.7688127756118774	3.8242127060890194	-4.243678045272827	7.453254699707031	0.03125	0.0	8.644979113340376	unmeasured genotype combination; viability untested
YGR035C	triple	-0.16836172	-0.5944425	-3.544479179382324	2.5298340678215028	-3.642539691925049	2.8550142884254455	0.03125	0.0	6.285933613777161	unmeasured genotype combination; viability untested
YGR042W	triple	-0.00971818	1.7762842	-2.481873965263367	3.1807186007499695	-3.898478400707245	6.997246408462525	0.03125	0.0	8.279158687591554	unmeasured genotype combination; viability untested
YGR044C	triple	0.4321633	0.68295926	-2.1237428903579714	2.541901159286499	-3.7271232843399047	5.49814405441284	0.03125	0.0	6.945455694198608	unmeasured genotype combination; viability untested
YGR051C	triple	-0.40810648	-0.604935	-2.8158510327339172	3.263286542892456	-3.9840211987495424	2.495582401752472	0.03125	0.0	6.279370588064193	unmeasured genotype combination; viability untested
YGR064W	triple	0.6954289	1.652605	-3.4111719846725466	4.19549947977066	-2.2826446294784546	5.841111612319946	0.03125	0.0	7.865213853120803	unmeasured genotype combination; viability untested
YGR086C	triple	1.8582904	1.4698302	-3.0345538020133973	7.641428112983702	-4.067202723026275	8.244169282913207	0.03125	0.0	11.49367696046829	unmeasured genotype combination; viability untested
YGR097W	triple	2.1918657	-0.8267274	-1.8549409627914428	8.423479294776914	-7.104582929611206	5.9674232482910154	0.03125	0.0	11.675213217735289	unmeasured genotype combination; viability untested
YGR102C	triple	0.4224403	1.5696771	-3.5324576139450072	4.229067301750183	-2.7402377843856813	6.048531103134155	0.03125	0.0	8.275146901607513	unmeasured genotype combination; viability untested
YGR121C	triple	0.42624968	1.3691835	-1.7612807989120483	3.921349120140075	-2.6298388838768005	4.919690585136413	0.03125	0.0	6.616079694032669	unmeasured genotype combination; viability untested
YGR123C	triple	1.2936573	-0.16192889	-2.153522825241089	4.5640744209289545	-4.933943891525269	4.440547323226928	0.03125	0.0	8.04604423046112	unmeasured genotype combination; viability untested
YGR127W	triple	0.9621254	1.4973606	-2.9467997789382934	3.5574858427047724	-1.5563918113708497	4.531222009658813	0.03125	0.0	6.295949721336364	unmeasured genotype combination; viability untested
YGR133W	triple	1.3820487	1.3323615	-2.130718719959259	5.56396791934967	-2.491946303844452	6.842127466201782	0.03125	0.0	8.51438020467758	unmeasured genotype combination; viability untested
YGR139W	triple	-0.52572155	2.1497855	-4.270333349704742	2.204381239414215	-2.4373411178588866	6.740368366241455	0.03125	0.0	7.8262120366096495	unmeasured genotype combination; viability untested
YGR141W	triple	0.48624098	2.2027745	-2.4635536670684814	4.507102823257446	-1.468262994289398	6.360845327377319	0.03125	0.0	7.399882405996323	unmeasured genotype combination; viability untested
YGR153W	triple	0.60373527	1.4616035	-2.1118637919425964	3.3999166846275326	-3.6673646688461305	5.856367826461791	0.03125	0.0	7.517756485939025	unmeasured genotype combination; viability untested
YGR155W	triple	0.13062575	1.8575237	-3.5787357807159426	3.613344228267669	-1.8841768026351928	6.437479162216187	0.03125	0.0	7.756867986917495	unmeasured genotype combination; viability untested
YGR159C	triple	1.7225676	0.4332155	-0.9825895339250564	4.233271026611328	-5.855467939376831	5.302011704444885	0.03125	0.0	8.18667010217905	unmeasured genotype combination; viability untested
YGR162W	triple	2.001422	0.24910057	-0.38542419075965884	5.688635158538817	-3.872801434993744	4.70878415107727	0.03125	0.0	7.327822467684745	unmeasured genotype combination; viability untested
YGR176W	triple	1.5080318	1.7928987	-2.0354760885238647	4.2190306901931764	-1.7973291277885437	5.963187313079833	0.03125	0.0	7.007511609792709	unmeasured genotype combination; viability untested
YGR219W	triple	0.72495425	-0.28113246	-3.085036075115204	4.39245456457138	-5.930895090103149	4.714058995246886	0.03125	0.0	9.061222362518311	unmeasured genotype combination; viability untested
YGR220C	triple	-0.5455627	-0.39156598	-3.9546173214912415	2.435391366481781	-3.9177470564842225	3.482675087451933	0.03125	0.0	6.895215415954589	unmeasured genotype combination; viability untested
YGR226C	triple	0.9935287	1.471388	-2.1421496510505675	5.882274603843689	-3.481299948692322	6.999350976943968	0.03125	0.0	9.252537590265273	unmeasured genotype combination; viability untested
YGR227W	triple	1.8037487	1.9678278	-1.7865182757377625	6.564517760276793	-3.002326488494873	6.413459968566894	0.03125	0.0	8.883411246538161	unmeasured genotype combination; viability untested
YGR234W	triple	0.669824	2.1227624	-2.5468321442604065	3.643790197372436	-2.686400043964386	6.427026939392089	0.03125	0.0	7.652024662494659	unmeasured genotype combination; viability untested
YGR262C	triple	1.9999727	2.1551409	-1.3771857857704162	5.855778121948242	-5.921180343627929	9.281204319000242	0.03125	0.0	11.217674285173414	unmeasured genotype combination; viability untested
YGR281W	triple	0.41558775	1.8395993	-2.705287742614746	3.2158774018287657	-3.177677941322327	8.115210819244384	0.03125	0.0	8.607026952505112	unmeasured genotype combination; viability untested
YGR284C	triple	0.75475836	3.033588	-2.4944831252098085	4.5395978569984425	-1.2978789806365967	7.219980907440186	0.03125	0.0	7.775970435142517	unmeasured genotype combination; viability untested
YGR289C	triple	0.6599747	1.5854387	-2.0018561840057374	2.904935801029205	-3.628499519824982	7.9047710418701165	0.03125	0.0	8.22003127336502	unmeasured genotype combination; viability untested
YHL024W	triple	2.078195	1.0584399	-1.090544804930687	6.8593611955642695	-3.4465157628059386	6.267610883712767	0.03125	0.0	8.832016323506831	unmeasured genotype combination; viability untested
YHL036W	triple	0.82700205	1.2258205	-2.8160417675971985	4.959295606613159	-4.04792937040329	5.416893815994262	0.03125	0.0	8.620080280303956	unmeasured genotype combination; viability untested
YHL043W	triple	-0.15322445	1.4254061	-3.0018699884414675	2.4490063190460196	-2.4172216773033144	5.276888036727905	0.03125	0.0	6.572493010759353	unmeasured genotype combination; viability untested
YHR014W	triple	0.22632974	2.7845073	-2.294351804256439	3.8533866405487056	-3.762853753566742	8.9034996509552	0.03125	0.0	9.407045924663542	unmeasured genotype combination; viability untested
YHR021W-A	triple	0.38802308	1.4045479	-2.2266343235969543	4.44528796672821	-2.5223792433738708	5.8692149162292475	0.03125	0.0	7.5317582249641415	unmeasured genotype combination; viability untested
YHR028C	triple	0.7768336	1.1333361	-2.9107388854026794	3.1686447739601133	-3.9217466711997986	4.086593651771545	0.03125	0.0	7.043861991167068	unmeasured genotype combination; viability untested
YHR039C	triple	1.6670774	2.6498795	-2.1554251074790955	8.149417114257808	-1.1486284494400025	6.947410154342651	0.03125	0.0	9.200440412759779	unmeasured genotype combination; viability untested
YHR049C-A	triple	0.5613423	3.0065212	-2.1650893807411196	4.0007776618003845	-0.9510571241378785	7.435664272308349	0.03125	0.0	7.276294219493867	unmeasured genotype combination; viability untested
YHR051W	triple	-0.3507888	1.5952594	-3.8609550356864926	2.015573525428772	-2.8397654056549073	5.816073608398437	0.03125	0.0	7.266183787584304	unmeasured genotype combination; viability untested
YHR061C	triple	0.14920916	0.08472699	-2.1518170714378355	3.544031643867492	-5.78256459236145	5.709974479675293	0.03125	0.0	8.594193893671036	unmeasured genotype combination; viability untested
YHR081W	triple	0.12750672	0.7048127	-2.4648860692977905	3.487400674819946	-2.6162493348121645	4.477764654159546	0.03125	0.0	6.523150366544724	unmeasured genotype combination; viability untested
YHR095W	triple	-0.6897571	0.69144523	-3.262201929092407	1.9494028985500331	-2.5233261346817017	5.6392379760742175	0.03125	0.0	6.6870844691991795	unmeasured genotype combination; viability untested
YHR100C	triple	0.44854242	1.1587112	-2.099567544460297	4.41223795413971	-3.2102998971939085	4.635756206512451	0.03125	0.0	7.178930801153183	unmeasured genotype combination; viability untested
YHR120W	triple	0.103504926	1.1926942	-3.823799395561218	3.875681912899017	-2.273666334152222	5.676826810836792	0.03125	0.0	7.824987226724625	unmeasured genotype combination; viability untested
YHR131C	triple	0.11910287	1.7085834	-2.194351089000702	2.935435760021209	-4.952200353145599	5.379457187652588	0.03125	0.0	7.730722194910049	unmeasured genotype combination; viability untested
YHR132C	triple	0.45002526	1.4273696	-2.596681368350983	3.4685714006423947	-2.8971693754196166	5.685311746597289	0.03125	0.0	7.3238669455051415	unmeasured genotype combination; viability untested
YHR132W-A	triple	0.005520344	-0.27056828	-2.3091467022895813	2.8654934167861934	-4.62676100730896	3.7020179390907284	0.03125	0.0	6.751709532737731	unmeasured genotype combination; viability untested
YHR133C	triple	0.086316094	0.8491045	-4.01481648683548	3.25515763759613	-4.98512372970581	6.121317768096921	0.03125	0.0	9.18820781111717	unmeasured genotype combination; viability untested
YHR135C	triple	1.4415075	0.35032243	-2.1856547236442565	7.143607425689696	-4.56829342842102	6.570222663879393	0.03125	0.0	10.233889120817183	unmeasured genotype combination; viability untested
YHR139C-A	triple	-0.036327004	1.8472729	-2.745221757888794	2.796721935272217	-2.023715877532959	7.460519695281983	0.03125	0.0	7.513089632987977	unmeasured genotype combination; viability untested
YHR142W	triple	0.64290994	1.2874999	-2.319135296344757	4.2661017894744875	-3.8058704495429994	5.375302171707153	0.03125	0.0	7.883204853534698	unmeasured genotype combination; viability untested
YHR150W	triple	-0.287127	1.5599109	-3.424396550655365	3.248276615142822	-2.6730234384536744	6.301332569122314	0.03125	0.0	7.823514586687088	unmeasured genotype combination; viability untested
YHR179W	triple	1.0491107	1.1151762	-1.7289080023765564	4.35640695095062	-3.098363184928894	5.549341630935668	0.03125	0.0	7.366509884595869	unmeasured genotype combination; viability untested
YHR185C	triple	0.9534034	2.791101	-2.682107353210449	6.390514659881589	-2.714465606212616	7.122400617599487	0.03125	0.0	9.45474411845207	unmeasured genotype combination; viability untested
YHR199C	triple	-0.8443598	0.46423578	-3.4002198457717894	1.0692070245742797	-4.5260132312774655	5.50542731285095	0.03125	0.0	7.250433707237242	unmeasured genotype combination; viability untested
YIL002C	triple	0.97131586	-0.264478	-2.4176576018333433	5.1821768283843985	-5.227342128753662	4.6210998415946944	0.03125	0.0	8.72413820028305	unmeasured genotype combination; viability untested
YIL016W	triple	0.2364204	0.23967774	-2.76327702999115	2.743871247768401	-3.5070361137390136	4.795765542984009	0.03125	0.0	6.904974967241287	unmeasured genotype combination; viability untested
YIL024C	triple	-0.06184867	1.5874367	-2.8903392553329468	2.183862972259521	-2.5272401690483095	6.368902206420897	0.03125	0.0	6.985172301530837	unmeasured genotype combination; viability untested
YIL037C	triple	-0.10608203	-0.5173215	-2.687882399559021	3.73356155157089	-4.706218099594116	5.148710536956787	0.03125	0.0	8.138186293840405	unmeasured genotype combination; viability untested
YIL039W	triple	2.6492944	0.7189925	-0.9628571301698685	6.731095814704895	-3.0269002437591555	5.907504892349241	0.03125	0.0	8.31417904049158	unmeasured genotype combination; viability untested
YIL047C	triple	1.5474	0.9480015	-1.5743585586547852	4.766851162910461	-3.7056158900260927	4.785231018066407	0.03125	0.0	7.416028314828873	unmeasured genotype combination; viability untested
YIL056W	triple	0.7309678	2.5976655	-2.981696677207947	3.6148580312728873	-1.446877384185791	8.288471508026122	0.03125	0.0	8.165951800346374	unmeasured genotype combination; viability untested
YIL070C	triple	0.8055812	4.0082417	-1.9977845788002013	4.233476209640503	-3.087965226173401	10.916410827636716	0.03125	0.0	10.11781842112541	unmeasured genotype combination; viability untested
YIL074C	triple	1.4785799	1.0314941	-2.811467969417572	6.944294738769531	-2.6442121863365173	6.0367515087127686	0.03125	0.0	9.218363201618194	unmeasured genotype combination; viability untested
YIL116W	triple	0.5137789	1.5888886	-3.340092992782593	3.834299874305725	-1.9297338843345642	5.416631078720092	0.03125	0.0	7.260378915071487	unmeasured genotype combination; viability untested
YIL117C	triple	0.32079235	0.83787686	-3.009829318523407	4.069426190853118	-2.7268595695495605	4.681887865066528	0.03125	0.0	7.244001471996307	unmeasured genotype combination; viability untested
YIL136W	triple	-0.6207676	2.252085	-4.25911453962326	2.2004206299781797	-1.0418297290802	5.142584800720215	0.03125	0.0	6.321974849700927	unmeasured genotype combination; viability untested
YIL155C	triple	1.0808774	1.952033	-2.6468623518943786	6.362675595283508	-3.2471901178359985	6.913034057617187	0.03125	0.0	9.584881061315535	unmeasured genotype combination; viability untested
YIL164C	triple	0.07917218	1.2211759	-2.5367013931274416	2.806030511856079	-2.8181665182113647	5.421771216392517	0.03125	0.0	6.7913348197937005	unmeasured genotype combination; viability untested
YIL170W	triple	0.19006188	0.82664776	-1.5423718214035034	2.4966495990753175	-2.1208704471588136	5.060196328163147	0.03125	0.0	5.61004409790039	unmeasured genotype combination; viability untested
YIR001C	triple	0.5772157	1.7851491	-2.4254563570022585	3.4530875563621515	-4.5748405933380125	7.06116108894348	0.03125	0.0	8.757272797822951	unmeasured genotype combination; viability untested
YIR025W	triple	0.6249349	0.841637	-2.5687907934188843	4.86795732975006	-3.152087998390198	4.4972742080688475	0.03125	0.0	7.543055164813994	unmeasured genotype combination; viability untested
YIR026C	triple	0.7509069	-0.619783	-2.4953407764434816	4.509869003295898	-5.261406135559082	4.8053676843643185	0.03125	0.0	8.53599179983139	unmeasured genotype combination; viability untested
YIR029W	triple	0.12600389	0.20261723	-2.6217196345329286	2.472874820232391	-3.576680827140808	4.203991293907165	0.03125	0.0	6.437633287906646	unmeasured genotype combination; viability untested
YIR030C	triple	1.1438019	0.07348466	-1.926289427280426	4.556125283241272	-3.927612674236298	2.7743339419364927	0.03125	0.0	6.592180663347245	unmeasured genotype combination; viability untested
YIR034C	triple	0.37506178	1.1655538	-2.3424238562583923	2.8326187729835506	-1.94212965965271	4.085958957672119	0.03125	0.0	5.601565623283387	unmeasured genotype combination; viability untested
YJL037W	triple	-0.7933855	-0.09498572	-3.3001256823539733	3.1329638004302978	-4.046038424968719	4.5677485942840566	0.03125	0.0	7.523438251018524	unmeasured genotype combination; viability untested
YJL052W	triple	1.07148	1.2322288	-1.2586454272270202	3.536862981319427	-4.185053360462189	7.307510852813719	0.03125	0.0	8.144036310911178	unmeasured genotype combination; viability untested
YJL055W	triple	0.19019088	1.1416129	-3.262265348434448	3.08949316740036	-2.1059413075447084	4.895231366157532	0.03125	0.0	6.6764655947685245	unmeasured genotype combination; viability untested
YJL067W	triple	1.1222215	1.6413006	-1.4100671291351319	4.22283865213394	-3.1239317417144776	6.6260472297668445	0.03125	0.0	7.691442376375197	unmeasured genotype combination; viability untested
YJL077C	triple	0.99117947	0.64027816	-2.0350419163703917	5.975396347045895	-4.023605597019196	5.404244422912598	0.03125	0.0	8.71914414167404	unmeasured genotype combination; viability untested
YJL082W	triple	0.0634712	1.2585473	-1.972249448299408	2.8182416439056395	-3.869511330127716	6.366874694824217	0.03125	0.0	7.513438558578491	unmeasured genotype combination; viability untested
YJL088W	triple	0.4652531	1.0954672	-2.86788569688797	3.320560085773468	-3.2475364208221436	4.8238708019256595	0.03125	0.0	7.12992650270462	unmeasured genotype combination; viability untested
YJL089W	triple	0.5175503	0.41841507	-2.6141829609870912	3.865754127502441	-4.354257535934448	5.171474719047546	0.03125	0.0	8.002834671735762	unmeasured genotype combination; viability untested
YJL100W	triple	1.3167644	1.8737391	-1.940304207801819	5.2053169965744015	-2.9935691356658936	7.795755767822265	0.03125	0.0	8.967473053932189	unmeasured genotype combination; viability untested
YJL101C	triple	0.7476206	1.8051476	-2.9560049057006834	3.8101485490798948	-1.9169949054718018	6.909997797012328	0.03125	0.0	7.796573078632354	unmeasured genotype combination; viability untested
YJL108C	triple	1.5976349	2.8040938	-2.836054265499115	4.691081500053405	-1.8263600707054137	7.495832109451293	0.03125	0.0	8.424663972854614	unmeasured genotype combination; viability untested
YJL121C	triple	0.84700954	1.4436002	-1.7754709362983703	4.084110915660858	-2.466254949569702	5.85862340927124	0.03125	0.0	7.092230105400085	unmeasured genotype combination; viability untested
YJL122W	triple	0.044964343	2.947453	-3.2847373843193055	3.628798139095306	-2.6379723072052004	8.351329660415649	0.03125	0.0	8.951418745517731	unmeasured genotype combination; viability untested
YJL138C	triple	0.9395315	2.2557645	-2.1513057470321657	6.754160356521606	-1.071496045589447	7.11300549507141	0.03125	0.0	8.544983822107314	unmeasured genotype combination; viability untested
YJL158C	triple	-0.42458153	0.5106131	-3.1133563995361326	2.0748258352279656	-3.7293678879737855	6.06787610054016	0.03125	0.0	7.492713111639022	unmeasured genotype combination; viability untested
YJL185C	triple	0.15850392	1.4469724	-3.4142695665359497	3.4288156986236564	-3.598261570930481	7.24293131828308	0.03125	0.0	8.842139077186584	unmeasured genotype combination; viability untested
YJL193W	triple	1.2577027	1.8374219	-1.4435380816459655	4.812740588188172	-1.5718811988830566	6.424624109268188	0.03125	0.0	7.12639198899269	unmeasured genotype combination; viability untested
YJL200C	triple	0.39502832	0.79130745	-2.8770003437995912	3.9844724535942078	-1.8076696276664734	3.8215049028396604	0.03125	0.0	6.245323663949966	unmeasured genotype combination; viability untested
YJL214W	triple	0.56391937	1.8578186	-2.1635780572891234	4.186514258384705	-1.9099546909332275	5.549763011932372	0.03125	0.0	6.904905009269714	unmeasured genotype combination; viability untested
YJL215C	triple	0.77884185	0.7426103	-3.6711599349975588	5.298979878425597	-3.443624424934387	4.639355015754699	0.03125	0.0	8.526559627056121	unmeasured genotype combination; viability untested
YJR001W	triple	0.49831957	0.45297554	-2.8430768609046937	3.6500102162361143	-2.3332147121429445	4.53566927909851	0.03125	0.0	6.680985534191132	unmeasured genotype combination; viability untested
YJR008W	triple	1.5932107	2.4556184	-1.1381567478179933	5.660100007057189	-1.2770379424095153	5.533105778694153	0.03125	0.0	6.804200237989425	unmeasured genotype combination; viability untested
YJR009C	triple	2.0367298	2.5674849	-1.0488721013069153	6.124894642829894	-2.9399725914001467	6.28776683807373	0.03125	0.0	8.200753086805342	unmeasured genotype combination; viability untested
YJR018W	triple	0.8116987	0.3619357	-2.9287448048591616	4.1131751298904415	-4.461764526367188	3.7956563830375663	0.03125	0.0	7.649670422077179	unmeasured genotype combination; viability untested
YJR024C	triple	0.13015251	-0.2948133	-2.7760165452957155	4.247041940689086	-4.720606243610382	4.779827952384947	0.03125	0.0	8.261746340990065	unmeasured genotype combination; viability untested
YJR040W	triple	0.49953339	0.94869316	-2.2104388236999513	5.09364767074585	-3.0027748346328735	5.054729700088501	0.03125	0.0	7.680795514583588	unmeasured genotype combination; viability untested
YJR047C	triple	0.82516956	0.88121456	-2.353885126113892	4.58486807346344	-2.733094668388367	5.552224397659302	0.03125	0.0	7.6120361328125	unmeasured genotype combination; viability untested
YJR059W	triple	1.6055655	0.59376955	-1.0517070293426514	5.068239283561706	-4.999453449249268	6.583981037139893	0.03125	0.0	8.85169039964676	unmeasured genotype combination; viability untested
YJR088C	triple	-0.5559172	-0.49238676	-3.5709105730056763	2.5642072558403015	-2.962021517753601	2.672798776626587	0.03125	0.0	5.8849690616130825	unmeasured genotype combination; viability untested
YJR091C	triple	0.7811829	0.80710465	-1.6559247732162476	4.088787865638732	-3.627811074256897	5.779185104370117	0.03125	0.0	7.575854408740997	unmeasured genotype combination; viability untested
YJR094W-A	triple	-0.4929156	-0.18177469	-3.3072113752365113	2.7489083766937257	-3.596984696388245	4.762478303909301	0.03125	0.0	7.2077913761138905	unmeasured genotype combination; viability untested
YJR096W	triple	1.1603305	2.1970463	-1.744159758090973	4.5007991790771475	-1.6298776149749756	5.647438716888427	0.03125	0.0	6.761137634515761	unmeasured genotype combination; viability untested
YJR100C	triple	-0.94108313	0.5530251	-3.081585693359375	1.453299969434738	-2.5810505151748657	3.80906480550766	0.03125	0.0	5.46250049173832	unmeasured genotype combination; viability untested
YJR102C	triple	0.7269098	1.187217	-2.757345974445343	3.4537057876586914	-2.739466464519501	5.717186498641968	0.03125	0.0	7.333852362632752	unmeasured genotype combination; viability untested
YJR103W	triple	1.2810446	1.9608952	-2.3811898469924926	4.804500579833984	-3.1043964266777038	7.465754079818725	0.03125	0.0	8.877920466661454	unmeasured genotype combination; viability untested
YJR109C	triple	0.09616287	0.74173903	-2.930883729457855	2.5473559379577635	-3.3478265047073363	5.224912214279175	0.03125	0.0	7.025489193201064	unmeasured genotype combination; viability untested
YJR110W	triple	0.4998532	0.5946462	-2.975842869281769	3.9034416317939753	-2.3876216292381285	3.6628115892410276	0.03125	0.0	6.464858859777451	unmeasured genotype combination; viability untested
YJR127C	triple	1.329334	1.3203759	-1.4191047906875611	4.711482763290405	-3.3959419965744018	6.956330013275145	0.03125	0.0	8.241429781913755	unmeasured genotype combination; viability untested
YJR130C	triple	0.5530153	1.5904329	-2.4407200455665587	3.517124569416046	-2.9800654888153075	7.958636999130248	0.03125	0.0	8.44827355146408	unmeasured genotype combination; viability untested
YKL001C	triple	-0.35430625	1.1916734	-3.4748336553573607	2.0468084692955015	-1.5613250851631164	4.289726877212524	0.03125	0.0	5.686347043514251	unmeasured genotype combination; viability untested
YKL055C	triple	-0.48014304	1.1635984	-4.0409576296806335	3.10072408914566	-3.67038813829422	5.412029647827147	0.03125	0.0	8.11204975247383	unmeasured genotype combination; viability untested
YKL070W	triple	1.8864411	1.6129687	-0.6933024734258652	4.021180534362793	-1.5546074151992797	5.13605809211731	0.03125	0.0	5.702574257552624	unmeasured genotype combination; viability untested
YKL071W	triple	-0.79568744	0.51374215	-3.7343781709671022	2.475489234924316	-3.7612325310707093	5.400887298583984	0.03125	0.0	7.685993617773056	unmeasured genotype combination; viability untested
YKL072W	triple	-0.19074461	0.2864206	-3.5781199097633363	2.7378827095031735	-4.614040470123291	5.812825393676758	0.03125	0.0	8.37143424153328	unmeasured genotype combination; viability untested
YKL075C	triple	0.51275194	2.3767314	-3.98260258436203	6.468374896049498	-3.257639479637146	8.670133018493651	0.03125	0.0	11.189374989271162	unmeasured genotype combination; viability untested
YKL087C	triple	0.9929797	-0.6365027	-2.5447271347045897	4.581515192985534	-4.205760812759399	3.6229329347610464	0.03125	0.0	7.477468037605284	unmeasured genotype combination; viability untested
YKL091C	triple	1.5290928	4.189	-1.7359752297401427	4.04783102273941	-0.9894771933555603	12.008274126052855	0.03125	0.0	9.390778785943983	unmeasured genotype combination; viability untested
YKL106W	triple	0.16586792	0.22898504	-2.610830283164978	2.9267394661903374	-3.220575511455536	3.2994208216667174	0.03125	0.0	6.028783041238784	unmeasured genotype combination; viability untested
YKL115C	triple	0.74888533	1.7430639	-2.9958961963653565	4.208049798011779	-3.2699729919433596	5.825834989547729	0.03125	0.0	8.149876987934112	unmeasured genotype combination; viability untested
YKL116C	triple	0.20256495	3.002191	-2.567427730560303	3.0442710995674127	-2.0657153010368345	7.820427989959716	0.03125	0.0	7.748921060562132	unmeasured genotype combination; viability untested
YKL140W	triple	1.3190523	1.8256197	-1.6117551922798157	8.426944541931151	-3.2481695413589478	7.81882243156433	0.03125	0.0	10.552845853567122	unmeasured genotype combination; viability untested
YKL142W	triple	-0.16623309	-0.4597975	-3.5204004764556887	3.403291010856628	-4.286592543125153	3.826635432243347	0.03125	0.0	7.518459731340408	unmeasured genotype combination; viability untested
YKL148C	triple	0.35994482	0.8804634	-2.4957755327224733	2.613688313961029	-4.6257007122039795	4.484775114059448	0.03125	0.0	7.109969836473465	unmeasured genotype combination; viability untested
YKL155C	triple	0.37974924	1.8485138	-3.155034613609314	3.5145955085754395	-3.6517336130142213	6.300643444061278	0.03125	0.0	8.311003589630127	unmeasured genotype combination; viability untested
YKL162C	triple	2.5668821	2.3776052	-1.684992790222168	7.160326838493347	-2.552750325202942	8.252531433105469	0.03125	0.0	9.825300693511963	unmeasured genotype combination; viability untested
YKL169C	triple	0.5120877	0.62575877	-2.630088996887207	3.236153161525726	-3.7408989787101747	4.256124949455261	0.03125	0.0	6.931633043289184	unmeasured genotype combination; viability untested
YKL170W	triple	0.0775314	0.41414434	-2.2700712084770203	3.2497104167938233	-3.855553925037384	5.4753491401672365	0.03125	0.0	7.425342345237731	unmeasured genotype combination; viability untested
YKL177W	triple	1.3888197	0.66488415	-1.3257877349853515	4.0325356960296626	-3.591574549674988	6.25061910152435	0.03125	0.0	7.600258541107176	unmeasured genotype combination; viability untested
YKL187C	triple	0.10680175	-0.9459288	-3.040507960319519	3.2190538048744193	-4.646031332015991	3.9622977018356322	0.03125	0.0	7.433945399522781	unmeasured genotype combination; viability untested
YKL191W	triple	0.75493675	0.7584697	-2.3227991104125976	4.61062958240509	-4.21138219833374	5.408113121986389	0.03125	0.0	8.27646200656891	unmeasured genotype combination; viability untested
YKL194C	triple	0.805535	1.0965835	-2.095105469226837	3.460281693935394	-2.953637790679932	6.822136449813842	0.03125	0.0	7.665580701828003	unmeasured genotype combination; viability untested
YKL202W	triple	0.08464033	-0.08187795	-4.043379151821137	3.676146066188812	-4.242155206203461	5.838578462600707	0.03125	0.0	8.900129443407058	unmeasured genotype combination; viability untested
YKL213C	triple	0.44066224	-0.5009341	-2.500486373901367	4.368885159492493	-5.444810295104981	6.642441082000729	0.03125	0.0	9.478311455249784	unmeasured genotype combination; viability untested
YKL218C	triple	0.053507857	2.8953617	-2.327724814414978	2.7448375940322873	-1.4888740181922913	6.45507845878601	0.03125	0.0	6.508257442712783	unmeasured genotype combination; viability untested
YKL221W	triple	3.8891032	2.2842593	-0.13213478028774261	11.815759706497191	-2.425024700164795	7.094192790985107	0.03125	0.0	10.733555988967417	unmeasured genotype combination; viability untested
YKL222C	triple	1.9837792	0.22410469	-1.1436653017997742	5.873932409286499	-4.165222024917602	5.526455283164976	0.03125	0.0	8.354637509584425	unmeasured genotype combination; viability untested
YKR006C	triple	0.39273572	2.40155	-2.888845181465149	3.4657572746276855	-1.7364482522010802	8.401642894744873	0.03125	0.0	8.246346801519394	unmeasured genotype combination; viability untested
YKR020W	triple	-0.19866523	0.0038609207	-3.012000262737274	2.6811802268028258	-4.361317348480225	5.941100597381592	0.03125	0.0	7.997799217700958	unmeasured genotype combination; viability untested
YKR035C	triple	1.8922418	2.7271352	-1.41530042886734	5.970065689086913	-4.494659864902497	8.88064384460449	0.03125	0.0	10.38033491373062	unmeasured genotype combination; viability untested
YKR052C	triple	1.2349923	1.8276154	-1.874144184589386	8.767126607894895	-3.495037829875946	6.7692244768142675	0.03125	0.0	10.452766549587247	unmeasured genotype combination; viability untested
YKR058W	triple	0.8236854	0.41560423	-1.5972951769828796	4.383874011039733	-4.915403842926025	5.052939677238464	0.03125	0.0	7.97475635409355	unmeasured genotype combination; viability untested
YKR059W	triple	1.7645079	2.5762167	-3.188893401622772	5.900339007377624	-3.0192822217941284	7.765851211547852	0.03125	0.0	9.937182921171187	unmeasured genotype combination; viability untested
YKR064W	triple	0.73885053	0.5581393	-2.4326350569725035	3.59850081205368	-3.611335349082947	4.8175195217132565	0.03125	0.0	7.229995369911194	unmeasured genotype combination; viability untested
YKR066C	triple	1.4739287	1.9040308	-1.7458210825920104	5.884190154075623	-2.581690013408661	6.583049297332763	0.03125	0.0	8.39737527370453	unmeasured genotype combination; viability untested
YKR085C	triple	0.20640153	0.17383847	-3.978957998752594	4.196364498138427	-5.076700592041016	5.466200637817382	0.03125	0.0	9.359111863374709	unmeasured genotype combination; viability untested
YKR089C	triple	1.4399446	2.0648403	-2.510108482837677	6.2829749345779415	-2.54494913816452	6.328720045089722	0.03125	0.0	8.83337630033493	unmeasured genotype combination; viability untested
YKR102W	triple	0.051634073	0.9249449	-2.9948578119277953	3.9595621109008787	-2.7647262096405028	5.796341276168821	0.03125	0.0	7.757743704318999	unmeasured genotype combination; viability untested
YKR106W	triple	2.3045845	2.5152817	-1.6798754692077638	6.2281670570373535	-0.9774343371391296	6.574435710906982	0.03125	0.0	7.7299562871456144	unmeasured genotype combination; viability untested
YLL012W	triple	0.40919882	1.213352	-2.750609850883484	3.506716454029083	-2.10037282705307	5.368502736091613	0.03125	0.0	6.863100934028625	unmeasured genotype combination; viability untested
YLL015W	triple	0.95598304	1.7936074	-1.9839754104614258	5.472763800621033	-3.330014729499817	6.667245054244993	0.03125	0.0	8.726999497413633	unmeasured genotype combination; viability untested
YLL019C	triple	1.4083064	4.773803	-1.7946077466011048	5.7900557756423945	-0.39088715910911553	12.656065797805784	0.03125	0.0	10.3158082395792	unmeasured genotype combination; viability untested
YLL030C	triple	0.053063393	1.3137586	-3.1128367304801943	4.044290900230408	-2.255139482021332	5.534445762634277	0.03125	0.0	7.473356437683106	unmeasured genotype combination; viability untested
YLR028C	triple	1.1335348	1.4937463	-1.6290892720222474	3.56188827753067	-3.253928709030151	6.462456893920898	0.03125	0.0	7.4536815762519835	unmeasured genotype combination; viability untested
YLR031W	triple	0.5812299	1.4155542	-3.329671823978424	6.992815423011779	-3.6296494364738465	6.874321699142455	0.03125	0.0	10.413229191303252	unmeasured genotype combination; viability untested
YLR034C	triple	0.3175463	0.5472497	-2.6030303478240966	3.562270963191985	-3.7994958400726317	6.268230533599853	0.03125	0.0	8.116513842344283	unmeasured genotype combination; viability untested
YLR040C	triple	0.0049282014	0.95048	-2.6038854837417604	3.4892390131950375	-3.3468006014823914	5.832827234268187	0.03125	0.0	7.6363761663436875	unmeasured genotype combination; viability untested
YLR058C	triple	0.5190073	0.7757844	-2.978154170513153	4.139630699157714	-3.6007200956344603	5.2755624294281	0.03125	0.0	7.997033697366714	unmeasured genotype combination; viability untested
YLR081W	triple	0.2961889	0.7518908	-2.575287926197052	4.0871320128440844	-3.2588966369628904	4.84550256729126	0.03125	0.0	7.383409571647643	unmeasured genotype combination; viability untested
YLR082C	triple	0.6216204	2.390602	-3.125648283958435	4.737666225433349	-4.550251913070679	8.576365423202514	0.03125	0.0	10.494965922832488	unmeasured genotype combination; viability untested
YLR097C	triple	0.16352817	1.058779	-2.2102066040039063	2.700871860980987	-2.5086175203323364	5.62280589342117	0.03125	0.0	6.5212509393691995	unmeasured genotype combination; viability untested
YLR112W	triple	0.61858857	1.5404896	-2.051949346065521	3.8810391426086426	-3.6829085469245912	5.546127128601074	0.03125	0.0	7.581012082099915	unmeasured genotype combination; viability untested
YLR121C	triple	1.1043344	1.5627762	-2.7175289750099183	5.202824616432189	-2.1325834512710573	6.0265457153320305	0.03125	0.0	8.039741379022598	unmeasured genotype combination; viability untested
YLR126C	triple	2.9006374	2.0488157	0.030230128765106203	6.635910844802856	-2.624691104888916	8.711267518997191	0.03125	0.0	8.970819669961928	unmeasured genotype combination; viability untested
YLR138W	triple	1.3440465	-0.033541054	-2.0652719378471374	4.4547463893890376	-4.859599256515503	4.731486940383911	0.03125	0.0	8.055552262067796	unmeasured genotype combination; viability untested
YLR142W	triple	0.96547866	1.7607696	-2.4027482509613036	4.886509442329406	-2.763172245025635	7.286701822280883	0.03125	0.0	8.669565880298613	unmeasured genotype combination; viability untested
YLR154C	triple	1.1562651	-0.10925518	-2.303472113609314	6.7038100242614735	-5.004365539550781	4.72421085834503	0.03125	0.0	9.3679292678833	unmeasured genotype combination; viability untested
YLR178C	triple	0.3110972	0.53664833	-3.364954102039337	9.221168947219848	-3.542036163806915	5.677461719512939	0.03125	0.0	10.90281046628952	unmeasured genotype combination; viability untested
YLR188W	triple	0.009753883	0.39141285	-2.982025682926178	2.8067022085189817	-3.11384060382843	4.380964612960815	0.03125	0.0	6.641766554117202	unmeasured genotype combination; viability untested
YLR201C	triple	0.6371566	0.9312064	-2.395072674751282	6.678017711639404	-3.943301236629486	7.723142194747925	0.03125	0.0	10.36976690888405	unmeasured genotype combination; viability untested
YLR210W	triple	0.357375	2.3357825	-3.3479527115821837	3.8794835448265075	-3.0103283882141114	6.971610832214355	0.03125	0.0	8.60468773841858	unmeasured genotype combination; viability untested
YLR217W	triple	0.7665559	1.3405014	-3.3080520391464234	7.175106954574581	-4.125867402553558	8.06773977279663	0.03125	0.0	11.338383084535597	unmeasured genotype combination; viability untested
YLR225C	triple	-0.057033986	1.766112	-2.227188503742218	3.1120454788208	-1.8629892468452454	8.049041986465452	0.03125	0.0	7.625632607936858	unmeasured genotype combination; viability untested
YLR231C	triple	0.42915487	0.8880396	-2.6949512124061585	4.188126921653748	-3.9628968358039858	5.819862699508667	0.03125	0.0	8.332918834686279	unmeasured genotype combination; viability untested
YLR239C	triple	0.48009264	1.3544259	-2.4314730644226072	3.8500342965126038	-1.7856042861938477	4.838029742240906	0.03125	0.0	6.452570694684982	unmeasured genotype combination; viability untested
YLR253W	triple	0.34902522	1.1090965	-2.8251404881477358	3.3607512712478633	-2.1944498777389527	4.536495804786682	0.03125	0.0	6.4584187209606165	unmeasured genotype combination; viability untested
YLR269C	triple	2.3304138	2.3825727	-2.034588396549225	6.986459136009214	-2.0085877656936644	8.041186904907224	0.03125	0.0	9.535411101579664	unmeasured genotype combination; viability untested
YLR270W	triple	1.9104619	2.3087482	-1.9148959159851073	5.454644227027893	-2.4432193756103517	7.5382751464843745	0.03125	0.0	8.675517332553863	unmeasured genotype combination; viability untested
YLR278C	triple	0.38913596	1.1495774	-2.4443259716033934	2.5883408188819885	-1.8814607739448548	5.169299507141113	0.03125	0.0	6.041713535785675	unmeasured genotype combination; viability untested
YLR280C	triple	-0.43119138	0.56582546	-3.106268811225891	2.5105718493461606	-3.57766455411911	4.387812566757202	0.03125	0.0	6.791158890724182	unmeasured genotype combination; viability untested
YLR282C	triple	0.6963592	0.6049187	-2.623110127449036	4.394330883026123	-3.94572776556015	6.587564325332641	0.03125	0.0	8.775366550683975	unmeasured genotype combination; viability untested
YLR283W	triple	0.030892953	0.6549102	-2.792697715759277	3.1212919592857356	-5.530711650848389	4.97823052406311	0.03125	0.0	8.211465924978256	unmeasured genotype combination; viability untested
YLR288C	triple	-0.05557032	0.94662476	-2.6148229002952577	3.0844324350357053	-3.085073375701904	5.05867567062378	0.03125	0.0	6.921502190828324	unmeasured genotype combination; viability untested
YLR292C	triple	0.62870103	-1.0239501	-2.4258114814758303	4.341587424278258	-4.4009296774864195	2.4152843713760377	0.03125	0.0	6.791806477308273	unmeasured genotype combination; viability untested
YLR295C	triple	0.36430445	0.9763285	-1.9774152874946593	3.838100767135619	-3.4844797611236573	6.334203433990477	0.03125	0.0	7.817099624872206	unmeasured genotype combination; viability untested
YLR307W	triple	1.3697513	1.7688692	-2.994093894958496	5.32228660583496	-4.321557807922363	7.187722969055176	0.03125	0.0	9.912830638885499	unmeasured genotype combination; viability untested
YLR308W	triple	1.7686548	-0.59545285	-1.4892987966537476	5.913618826866149	-4.582467937469483	4.8115034818649285	0.03125	0.0	8.398444521427155	unmeasured genotype combination; viability untested
YLR309C	triple	0.08290911	-0.18044214	-2.666342794895172	3.0368658065795895	-4.673203849792481	3.8997430086135862	0.03125	0.0	7.138077729940414	unmeasured genotype combination; viability untested
YLR318W	triple	2.1054502	2.4856672	-2.2209965109825136	5.992836427688598	-3.1809548139572144	9.292810297012329	0.03125	0.0	10.343799024820328	unmeasured genotype combination; viability untested
YLR324W	triple	0.5407798	0.56765723	-2.289710819721222	3.3997662901878356	-6.023108386993409	5.640805578231811	0.03125	0.0	8.676695537567138	unmeasured genotype combination; viability untested
YLR328W	triple	3.5338335	3.2670026	-1.4302450180053712	11.631419992446897	-3.3958298921585084	9.553972911834716	0.03125	0.0	13.005733907222746	unmeasured genotype combination; viability untested
YLR332W	triple	0.5470314	1.4553573	-1.9771293163299561	3.4362646222114557	-2.2311450958251955	6.686202907562255	0.03125	0.0	7.165370970964432	unmeasured genotype combination; viability untested
YLR344W	triple	0.0013292283	-0.33625814	-2.417415726184845	3.4817006826400756	-4.5071120262146	3.9458470702171313	0.03125	0.0	7.176037752628325	unmeasured genotype combination; viability untested
YLR349W	triple	0.17868562	1.1045909	-2.163862097263336	2.635798931121826	-2.822670376300812	4.865300941467285	0.03125	0.0	6.243816173076629	unmeasured genotype combination; viability untested
YLR354C	triple	-0.07871415	0.86407876	-2.327301836013794	2.4086471080780028	-3.9660151839256286	5.522846984863281	0.03125	0.0	7.112405556440353	unmeasured genotype combination; viability untested
YLR361C	triple	1.433478	-0.5933782	-0.8545842647552491	4.646359252929687	-5.51636381149292	2.811061608791351	0.03125	0.0	6.914184468984604	unmeasured genotype combination; viability untested
YLR365W	triple	0.00459449	0.6665744	-2.724261689186096	3.6634886145591734	-3.409308934211731	4.410313701629638	0.03125	0.0	7.1036864697933195	unmeasured genotype combination; viability untested
YLR375W	triple	0.7009144	1.0960736	-3.16822007894516	5.680226588249206	-3.396176815032959	5.530988073348999	0.03125	0.0	8.887805777788163	unmeasured genotype combination; viability untested
YLR400W	triple	0.94296277	1.6095493	-2.425276052951813	5.301954150199889	-2.294882357120514	5.51591625213623	0.03125	0.0	7.769014406204223	unmeasured genotype combination; viability untested
YLR405W	triple	1.1650903	2.288416	-1.7349008440971374	5.2950381278991685	-1.0718828082084655	7.2514753341674805	0.03125	0.0	7.676648557186127	unmeasured genotype combination; viability untested
YLR413W	triple	-0.008119494	0.44482583	-3.4202393531799316	3.968734586238861	-2.768106484413147	5.005034971237182	0.03125	0.0	7.581057697534561	unmeasured genotype combination; viability untested
YLR417W	triple	1.592149	0.7859986	-1.4239678382873535	5.6618817806243875	-3.6524662494659426	4.738647031784057	0.03125	0.0	7.7384814500808705	unmeasured genotype combination; viability untested
YLR420W	triple	0.40552154	-0.325585	-2.342094910144806	2.852363920211791	-5.079509258270264	4.477598834037781	0.03125	0.0	7.375783461332321	unmeasured genotype combination; viability untested
YLR438W	triple	0.7205443	-0.15582848	-2.0217814326286314	3.6003030538558956	-3.411658000946045	4.615207672119141	0.03125	0.0	6.824475079774856	unmeasured genotype combination; viability untested
YML001W	triple	1.3444622	0.71554285	-2.5401729345321655	5.324530673027038	-4.3642528533935545	7.1995238780975335	0.03125	0.0	9.714240169525146	unmeasured genotype combination; viability untested
YML014W	triple	1.6538917	2.585556	-1.6262128114700318	5.807113313674926	-2.446522057056427	8.8831148147583	0.03125	0.0	9.381481498479843	unmeasured genotype combination; viability untested
YML027W	triple	-0.5518044	1.2400944	-3.6779075980186464	1.5622631669044493	-2.921973204612732	6.207861328124999	0.03125	0.0	7.185002648830412	unmeasured genotype combination; viability untested
YML036W	triple	2.0821805	1.1777103	-2.0468373894691467	9.557695388793942	-4.767200231552124	9.32410726547241	0.03125	0.0	12.847920137643811	unmeasured genotype combination; viability untested
YML038C	triple	0.6219901	0.6403478	-2.888071119785309	4.866163611412048	-2.9062342643737793	5.299300909042358	0.03125	0.0	7.979884952306747	unmeasured genotype combination; viability untested
YML066C	triple	0.06391546	1.2529036	-3.73342502117157	3.6157981872558596	-3.8638952374458313	6.119406604766845	0.03125	0.0	8.666262525320052	unmeasured genotype combination; viability untested
YML067C	triple	0.027807236	3.2628057	-2.9216452717781065	3.3671644926071163	-1.4030696392059325	9.166796779632568	0.03125	0.0	8.42933809161186	unmeasured genotype combination; viability untested
YML076C	triple	1.9481791	1.4359353	-1.0839957475662232	5.715265369415281	-3.30727903842926	6.502786684036254	0.03125	0.0	8.304663419723509	unmeasured genotype combination; viability untested
YML081C-A	triple	-0.10123983	2.1211321	-2.84253169298172	2.041062080860138	-1.0806678891181947	6.381693553924561	0.03125	0.0	6.172977608442307	unmeasured genotype combination; viability untested
YML083C	triple	0.8702983	0.46903425	-2.7113524317741393	4.561643791198731	-3.7277703285217285	5.209750533103941	0.03125	0.0	8.10525854229927	unmeasured genotype combination; viability untested
YML084W	triple	0.22415794	1.8027463	-3.2478403091430663	2.821635615825653	-2.2008156418800353	5.8380896568298315	0.03125	0.0	7.054190611839293	unmeasured genotype combination; viability untested
YML087C	triple	1.3970585	2.5745387	-3.3916747331619264	5.108976125717162	-1.8922342658042908	7.897193241119385	0.03125	0.0	9.145039182901382	unmeasured genotype combination; viability untested
YML100W	triple	1.8606559	-0.2550336	-3.12932950258255	6.485238456726075	-4.396914339065551	4.839055252075195	0.03125	0.0	9.425268775224685	unmeasured genotype combination; viability untested
YML117W	triple	1.115337	2.0482168	-2.518028450012207	5.332234907150268	-0.992906141281128	6.306822490692137	0.03125	0.0	7.57499599456787	unmeasured genotype combination; viability untested
YML123C	triple	0.8440868	1.0560155	-2.7842642784118654	3.6970072627067565	-3.30257306098938	5.353956747055053	0.03125	0.0	7.568900674581527	unmeasured genotype combination; viability untested
YMR019W	triple	1.1685194	0.8382279	-2.701653850078583	4.7595678806304935	-5.123697233200073	5.177643966674804	0.03125	0.0	8.881281465291977	unmeasured genotype combination; viability untested
YMR021C	triple	0.2679744	-0.07207026	-3.386643981933594	3.2640997171401973	-3.7126175284385683	4.1563491940498345	0.03125	0.0	7.259855210781097	unmeasured genotype combination; viability untested
YMR056C	triple	1.3504251	1.4974725	-2.550478422641754	6.896927809715271	-1.909253966808319	5.2106863975524895	0.03125	0.0	8.283673298358917	unmeasured genotype combination; viability untested
YMR068W	triple	1.4057117	-0.6122552	-1.538198971748352	5.083158564567565	-5.4649299621582035	4.038817369937896	0.03125	0.0	8.062552434206008	unmeasured genotype combination; viability untested
YMR081C	triple	0.3452541	0.9322245	-3.4653964042663574	2.650279152393341	-2.9946383476257323	6.29521164894104	0.03125	0.0	7.702762776613236	unmeasured genotype combination; viability untested
YMR083W	triple	0.26449358	2.1537902	-3.594012749195099	3.667271268367767	-1.339748501777649	5.547034597396849	0.03125	0.0	7.074033558368683	unmeasured genotype combination; viability untested
YMR085W	triple	0.22513281	1.6746691	-2.278431749343872	2.9423392534255983	-1.755982220172882	6.061143875122069	0.03125	0.0	6.518948549032212	unmeasured genotype combination; viability untested
YMR092C	triple	1.2964513	0.86699337	-2.4949493527412416	7.575369977951049	-2.797257161140442	6.764939975738524	0.03125	0.0	9.816258233785629	unmeasured genotype combination; viability untested
YMR098C	triple	-0.2503243	-0.5339298	-3.000027620792389	4.853008484840391	-4.649964427947998	2.756978130340576	0.03125	0.0	7.629989331960677	unmeasured genotype combination; viability untested
YMR110C	triple	1.2219746	2.779006	-1.3719568252563477	4.4102633714675905	-0.7307222843170166	6.9600112438201895	0.03125	0.0	6.736476862430572	unmeasured genotype combination; viability untested
YMR119W	triple	0.19280872	1.3679082	-3.59983868598938	3.795490944385528	-3.202328896522522	5.502507019042969	0.03125	0.0	8.0500827729702	unmeasured genotype combination; viability untested
YMR122C	triple	0.25625947	1.0723416	-2.79690603017807	2.9037545323371887	-3.239293026924133	6.351317214965818	0.03125	0.0	7.645635402202605	unmeasured genotype combination; viability untested
YMR124W	triple	-0.23346801	2.284439	-3.440306031703949	2.946467638015747	-2.289209318161011	9.041536569595337	0.03125	0.0	8.858759778738023	unmeasured genotype combination; viability untested
YMR132C	triple	0.39260066	1.2204767	-2.707833194732666	3.3166122794151294	-3.046823263168335	5.8613921165466305	0.03125	0.0	7.46633042693138	unmeasured genotype combination; viability untested
YMR135C	triple	0.8777648	1.0736376	-1.9319251418113708	4.9096219539642325	-4.110288083553314	4.8666774988174435	0.03125	0.0	7.90925633907318	unmeasured genotype combination; viability untested
YMR142C	triple	0.99334896	4.1226206	-2.558856928348541	6.008214521408081	-2.2421233654022217	12.104574918746948	0.03125	0.0	11.456884866952896	unmeasured genotype combination; viability untested
YMR151W	triple	1.1815692	1.6836936	-1.283009123802185	4.6645072937011705	-4.192051708698273	9.264632177352905	0.03125	0.0	9.702100151777266	unmeasured genotype combination; viability untested
YMR155W	triple	-0.13775074	1.3397892	-2.1452708721160887	2.4832460045814506	-3.447610020637512	5.966371250152587	0.03125	0.0	7.021249073743819	unmeasured genotype combination; viability untested
YMR156C	triple	1.6777462	1.8467221	-1.969380724430084	5.482423877716062	-1.3883249282836914	5.418092799186707	0.03125	0.0	7.129111164808272	unmeasured genotype combination; viability untested
YMR157C	triple	0.36728197	1.0018482	-2.6513648509979246	4.782656168937683	-3.9178777813911436	5.600737380981445	0.03125	0.0	8.476318091154099	unmeasured genotype combination; viability untested
YMR162C	triple	1.3806604	0.69386303	-1.751960849761963	4.888158321380615	-4.622366714477539	6.006376552581786	0.03125	0.0	8.63443121910095	unmeasured genotype combination; viability untested
YMR171C	triple	1.242186	2.9065197	-1.911959445476532	5.102046298980712	-1.241993522644043	6.502448749542236	0.03125	0.0	7.379224008321761	unmeasured genotype combination; viability untested
YMR172W	triple	0.50413	2.2508662	-2.690558934211731	3.9766406774520875	-2.850236487388611	8.566874408721924	0.03125	0.0	9.042155253887177	unmeasured genotype combination; viability untested
YMR193W	triple	0.07069868	0.683625	-3.010373795032501	3.1130351781845085	-4.123766219615936	5.459402036666869	0.03125	0.0	7.853288614749907	unmeasured genotype combination; viability untested
YMR204C	triple	-0.2432922	2.6374445	-3.859130299091339	3.633201158046722	-1.2438573360443115	7.124248170852661	0.03125	0.0	7.930218482017517	unmeasured genotype combination; viability untested
YMR206W	triple	0.043723285	1.3670331	-2.760039448738098	3.5552437782287596	-2.8021700620651244	5.988975667953492	0.03125	0.0	7.5532144784927375	unmeasured genotype combination; viability untested
YMR210W	triple	1.305573	1.4066243	-1.55572566986084	5.0299857378005965	-2.838413119316101	7.136544799804686	0.03125	0.0	8.280334663391113	unmeasured genotype combination; viability untested
YMR264W	triple	-0.5268143	1.652569	-2.8978851318359373	2.824689567089081	-2.3055792093276977	6.333106899261474	0.03125	0.0	7.180630403757094	unmeasured genotype combination; viability untested
YMR266W	triple	0.54226315	3.6646821	-2.901579487323761	4.783049607276916	-0.9343440294265747	9.24945044517517	0.03125	0.0	8.93421178460121	unmeasured genotype combination; viability untested
YMR275C	triple	0.8050044	0.7852769	-1.9143603086471557	4.557118320465087	-3.7172292828559876	6.050905466079711	0.03125	0.0	8.11980668902397	unmeasured genotype combination; viability untested
YMR279C	triple	1.2133787	1.1648747	-2.398382639884949	4.63215126991272	-3.2194074630737304	5.907450103759765	0.03125	0.0	8.07869573831558	unmeasured genotype combination; viability untested
YMR292W	triple	1.2152065	3.1618142	-2.1727153182029726	5.103291988372803	-1.2093461275100708	8.961649990081787	0.03125	0.0	8.723501712083817	unmeasured genotype combination; viability untested
YMR294W-A	triple	0.31006402	-0.3587453	-2.0773604989051817	3.623073387145995	-5.093735551834106	4.936869525909424	0.03125	0.0	7.865519481897353	unmeasured genotype combination; viability untested
YMR295C	triple	0.3604647	-0.35485393	-2.6869711756706236	3.086316585540771	-4.280342435836792	4.112071084976196	0.03125	0.0	7.0828506410121905	unmeasured genotype combination; viability untested
YMR304C-A	triple	0.66002226	2.7250035	-2.609372007846832	4.045296061038971	-0.9584150910377502	7.93923282623291	0.03125	0.0	7.776157993078232	unmeasured genotype combination; viability untested
YMR318C	triple	0.7142217	0.6650598	-1.5974798202514648	3.28958078622818	-2.94317467212677	4.421155261993408	0.03125	0.0	6.125695270299912	unmeasured genotype combination; viability untested
YMR319C	triple	0.7278106	2.100214	-2.095797526836395	3.925991773605346	-2.3359650492668154	6.152480363845825	0.03125	0.0	7.25511735677719	unmeasured genotype combination; viability untested
YMR320W	triple	-0.24016532	0.4031338	-3.0502214789390565	2.6450144290924067	-2.452433133125305	4.242645978927612	0.03125	0.0	6.195157510042191	unmeasured genotype combination; viability untested
YMR322C	triple	0.4581955	0.9411765	-2.897831046581268	3.2552721500396724	-3.915741813182831	7.458281135559081	0.03125	0.0	8.763563072681427	unmeasured genotype combination; viability untested
YNL004W	triple	-0.03125917	0.45632333	-2.0115169405937197	2.014495575428009	-3.44838547706604	3.196442425251007	0.03125	0.0	5.335420209169388	unmeasured genotype combination; viability untested
YNL013C	triple	-0.45381105	0.062348165	-2.760482907295227	3.160614848136902	-4.820918989181519	4.823119258880615	0.03125	0.0	7.782568001747132	unmeasured genotype combination; viability untested
YNL027W	triple	0.60804176	3.040826	-2.7599374055862427	3.6451331138610836	-2.3615041851997374	7.451983165740967	0.03125	0.0	8.109278935194016	unmeasured genotype combination; viability untested
YNL045W	triple	0.9721402	0.4930997	-2.577661871910095	3.881136536598205	-4.975171804428101	5.334352779388427	0.03125	0.0	8.384161496162413	unmeasured genotype combination; viability untested
YNL052W	triple	0.5522718	3.2648249	-3.053569710254669	6.6215144872665395	-1.7987022161483766	8.211918210983276	0.03125	0.0	9.84285231232643	unmeasured genotype combination; viability untested
YNL056W	triple	0.8208169	1.5851625	-2.103362572193146	5.10879201889038	-4.193534982204437	6.680701637268066	0.03125	0.0	9.043195605278015	unmeasured genotype combination; viability untested
YNL083W	triple	0.5199878	1.9810786	-2.1571344256401064	3.789229428768157	-2.1697908520698546	7.871006155014038	0.03125	0.0	7.993580430746078	unmeasured genotype combination; viability untested
YNL090W	triple	-0.0048280805	1.3105465	-2.2828457713127137	2.5765963435173034	-3.673782157897949	5.344209122657776	0.03125	0.0	6.938716697692871	unmeasured genotype combination; viability untested
YNL101W	triple	1.6043417	0.847866	-2.964188051223755	5.497396349906921	-3.015649199485779	5.836461257934569	0.03125	0.0	8.656847429275512	unmeasured genotype combination; viability untested
YNL104C	triple	0.35663778	1.2508941	-2.6014509320259096	3.594206523895263	-3.481474018096924	5.611453533172607	0.03125	0.0	7.644292503595352	unmeasured genotype combination; viability untested
YNL116W	triple	0.5591983	0.5398511	-2.544290030002594	5.8565882205963105	-3.3746385097503664	5.6785705089569065	0.03125	0.0	8.72704363465309	unmeasured genotype combination; viability untested
YNL140C	triple	-0.8215391	-1.2473261	-3.366372561454773	1.9848183393478391	-5.700168895721435	2.648945665359497	0.03125	0.0	6.8501527309417725	unmeasured genotype combination; viability untested
YNL159C	triple	0.41147888	1.7262144	-2.875461518764496	2.738507556915283	-3.7179555773735045	6.479381656646728	0.03125	0.0	7.905653154850006	unmeasured genotype combination; viability untested
YNL169C	triple	0.45087785	1.2394447	-2.4279447197914124	2.274531626701355	-3.3122512221336367	5.734124708175658	0.03125	0.0	6.874426138401032	unmeasured genotype combination; viability untested
YNL176C	triple	-0.29250884	1.4775542	-3.330589842796326	3.6364542484283446	-2.827825164794922	6.696091842651366	0.03125	0.0	8.245480549335479	unmeasured genotype combination; viability untested
YNL177C	triple	0.86806905	2.1923227	-1.8310192704200743	5.913372969627379	-1.8147679924964906	6.148398447036743	0.03125	0.0	7.853779339790344	unmeasured genotype combination; viability untested
YNL183C	triple	0.19233409	1.3585565	-2.407396936416626	2.730256330966949	-4.156171464920044	8.958686590194702	0.03125	0.0	9.12625566124916	unmeasured genotype combination; viability untested
YNL190W	triple	-0.869694	0.081844985	-2.9897138714790343	1.5429722070693968	-4.0645741581916806	3.5448917865753167	0.03125	0.0	6.0710760116577145	unmeasured genotype combination; viability untested
YNL197C	triple	-0.32168567	1.4156468	-3.469331073760986	2.361917424201965	-2.9527369022369383	7.603769588470459	0.03125	0.0	8.193877494335174	unmeasured genotype combination; viability untested
YNL200C	triple	0.541113	1.8135962	-3.502643644809723	4.205495083332061	-2.8651408195495605	7.108405876159668	0.03125	0.0	8.840842711925506	unmeasured genotype combination; viability untested
YNL203C	triple	-0.05256069	0.6270453	-3.3702729463577272	2.8875018835067747	-3.3901171565055845	5.399221622943875	0.03125	0.0	7.52355680465698	unmeasured genotype combination; viability untested
YNL217W	triple	1.4110553	0.49166092	-2.102857542037964	4.917319393157959	-3.905605399608612	4.521586775779723	0.03125	0.0	7.723684555292129	unmeasured genotype combination; viability untested
YNL249C	triple	0.55162644	0.59298587	-2.3839578390121456	3.4795025825500483	-3.9634092450141907	4.588325715065	0.03125	0.0	7.207597690820693	unmeasured genotype combination; viability untested
YNL253W	triple	0.21531749	1.0899668	-2.1674203515052795	3.691100764274597	-4.432244110107422	6.770328712463379	0.03125	0.0	8.530546969175338	unmeasured genotype combination; viability untested
YNL264C	triple	0.558676	2.5863369	-2.002449154853821	3.2481754899024957	-3.1858571648597716	9.070082044601438	0.03125	0.0	8.753281927108763	unmeasured genotype combination; viability untested
YNL269W	triple	0.9503446	2.9628563	-2.283206021785736	4.110462856292725	-1.689952278137207	7.173431539535521	0.03125	0.0	7.628526347875595	unmeasured genotype combination; viability untested
YNL274C	triple	1.6850239	1.2685026	-2.3648216009140013	7.087875843048094	-3.440943145751953	7.484511899948119	0.03125	0.0	10.189076244831083	unmeasured genotype combination; viability untested
YNL275W	triple	0.79035646	2.4790967	-2.2549677729606628	5.463653326034544	-2.4623554587364196	8.824886083602905	0.03125	0.0	9.502931320667265	unmeasured genotype combination; viability untested
YNL328C	triple	0.33548164	1.342083	-2.9886025190353394	4.274264025688171	-3.0842169523239136	5.642973184585571	0.03125	0.0	7.995028340816498	unmeasured genotype combination; viability untested
YNL333W	triple	0.43243408	1.9437436	-2.4339911460876467	3.691221725940704	-2.0870222806930543	6.13916540145874	0.03125	0.0	7.175700277090073	unmeasured genotype combination; viability untested
YNL334C	triple	2.065289	1.659842	-0.4645161390304565	5.447664189338683	-3.2123133897781373	4.886967086791992	0.03125	0.0	7.005730402469634	unmeasured genotype combination; viability untested
YNL338W	triple	0.45875248	1.9716647	-2.8600631594657897	2.806346225738525	-2.291329252719879	6.3362040519714355	0.03125	0.0	7.146971344947815	unmeasured genotype combination; viability untested
YNR013C	triple	1.149926	-0.8361021	-3.14776554107666	4.464038944244384	-5.287172555923462	4.467659974098205	0.03125	0.0	8.683318507671355	unmeasured genotype combination; viability untested
YNR022C	triple	-0.05309744	0.65936416	-3.5705942153930663	4.195745956897734	-2.7181874394416807	4.55537211894989	0.03125	0.0	7.519949865341186	unmeasured genotype combination; viability untested
YNR025C	triple	0.4280036	1.131972	-2.1820852160453796	3.561172842979431	-2.6333192586898804	4.770937275886535	0.03125	0.0	6.573757296800613	unmeasured genotype combination; viability untested
YNR034W	triple	0.5582389	1.3286014	-2.303509569168091	3.246218240261078	-3.297784662246704	5.883513355255126	0.03125	0.0	7.3655129134654995	unmeasured genotype combination; viability untested
YNR037C	triple	0.29631817	0.9139695	-2.702402150630951	3.0040528774261475	-4.5222046852111815	5.173673105239868	0.03125	0.0	7.701166409254074	unmeasured genotype combination; viability untested
YNR042W	triple	1.5065718	0.274314	-2.234187459945679	5.0987958908081055	-5.535216522216797	4.615260529518127	0.03125	0.0	8.741730201244355	unmeasured genotype combination; viability untested
YNR056C	triple	0.88781136	1.408126	-2.935690534114838	3.563267695903778	-2.363671875	5.728374290466308	0.03125	0.0	7.295502197742462	unmeasured genotype combination; viability untested
YNR065C	triple	0.76648164	0.95689	-2.8559393882751465	4.763609838485717	-2.296101725101471	6.097357368469238	0.03125	0.0	8.006504160165786	unmeasured genotype combination; viability untested
YNR066C	triple	-0.2632294	1.629884	-3.459557127952576	2.9627717256546013	-1.0131202340126038	4.651886177062988	0.03125	0.0	6.043667632341384	unmeasured genotype combination; viability untested
YNR068C	triple	0.9807477	0.89145267	-3.541987442970276	5.445881509780884	-2.478649175167084	3.7106753945350643	0.03125	0.0	7.588596761226654	unmeasured genotype combination; viability untested
YNR074C	triple	0.2722159	0.3595336	-2.259356474876404	3.5671842336654658	-3.825074303150177	4.789521026611328	0.03125	0.0	7.2205680191516874	unmeasured genotype combination; viability untested
YOL001W	triple	-0.3058161	1.7568263	-3.3865812540054323	3.0326040267944334	-1.7157159686088561	6.1999174594879145	0.03125	0.0	7.167409354448318	unmeasured genotype combination; viability untested
YOL015W	triple	0.33975533	1.4384065	-2.490419161319733	3.9210537672042833	-3.2916170358657837	6.797031879425048	0.03125	0.0	8.250060921907425	unmeasured genotype combination; viability untested
YOL036W	triple	0.07983212	0.65615827	-2.18398197889328	2.293493819236755	-2.587681698799133	4.994336175918578	0.03125	0.0	6.0297468364238735	unmeasured genotype combination; viability untested
YOL044W	triple	0.08507239	1.2984434	-2.488081705570221	3.5385161399841305	-3.466491687297821	7.908837509155272	0.03125	0.0	8.700963521003722	unmeasured genotype combination; viability untested
YOL052C	triple	0.08336869	0.6222489	-2.7018731236457825	4.968800425529479	-3.380157160758972	5.191493463516235	0.03125	0.0	8.121162086725235	unmeasured genotype combination; viability untested
YOL053W	triple	1.0081724	1.0739155	-2.2768848538398743	3.9647418618202206	-3.6600694179534914	4.73123517036438	0.03125	0.0	7.316465651988984	unmeasured genotype combination; viability untested
YOL063C	triple	-0.21786794	2.4158676	-3.072648084163666	3.467673504352569	-2.7257168292999268	8.448322296142578	0.03125	0.0	8.85718035697937	unmeasured genotype combination; viability untested
YOL071W	triple	0.26896924	0.05745946	-3.513556408882141	4.732645606994628	-2.8315391063690187	4.042813968658446	0.03125	0.0	7.5602775454521165	unmeasured genotype combination; viability untested
YOL075C	triple	1.1497939	0.43479463	-2.1356843233108522	5.103775024414062	-3.031342387199402	4.793255138397217	0.03125	0.0	7.532028436660767	unmeasured genotype combination; viability untested
YOL082W	triple	0.72708565	0.29263544	-2.9851691126823425	3.7820621013641347	-3.0484359741210936	3.840046262741088	0.03125	0.0	6.827856725454329	unmeasured genotype combination; viability untested
YOL109W	triple	-0.080982834	-0.09311837	-2.5948001384735107	2.542812097072601	-3.944527041912079	5.359507060050964	0.03125	0.0	7.220823168754578	unmeasured genotype combination; viability untested
YOL137W	triple	2.2793014	1.5319309	-1.9524916291236878	6.648139595985413	-2.737990212440491	6.196351432800293	0.03125	0.0	8.767486435174943	unmeasured genotype combination; viability untested
YOL143C	triple	1.0549055	0.008554459	-2.0689279794692994	4.330387306213379	-4.307020282745361	6.802524948120117	0.03125	0.0	8.754430258274079	unmeasured genotype combination; viability untested
YOL160W	triple	-0.3342663	0.7749108	-3.255632531642914	3.3625712513923633	-3.573263335227966	4.153773427009582	0.03125	0.0	7.172620272636412	unmeasured genotype combination; viability untested
YOL163W	triple	2.1453276	2.5761952	-0.4055663973093033	5.701458454132079	-1.4203874588012695	9.157869052886962	0.03125	0.0	8.342640681564806	unmeasured genotype combination; viability untested
YOR003W	triple	-0.21528211	-0.5535822	-4.117463183403015	3.1098751425743103	-5.0045887470245365	3.645828282833099	0.03125	0.0	7.93887767791748	unmeasured genotype combination; viability untested
YOR015W	triple	0.44945338	1.9188514	-2.9502516746520997	4.382798719406128	-3.314176654815674	6.67039384841919	0.03125	0.0	8.658810448646545	unmeasured genotype combination; viability untested
YOR019W	triple	-0.11749099	-0.26862657	-2.6813532590866087	3.3336080074310304	-4.477958059310913	3.8589676380157463	0.03125	0.0	7.1759434819221495	unmeasured genotype combination; viability untested
YOR022C	triple	2.6951077	3.279396	-1.4702902555465698	8.409319233894347	-2.521050810813904	10.300733852386472	0.03125	0.0	11.350697076320646	unmeasured genotype combination; viability untested
YOR029W	triple	1.2388816	1.1890898	-1.776236629486084	5.007163262367248	-2.4971364021301268	6.796139335632324	0.03125	0.0	8.03833781480789	unmeasured genotype combination; viability untested
YOR040W	triple	-0.083341606	0.9958899	-2.369480776786804	2.693007373809814	-3.042961359024048	5.367503452301023	0.03125	0.0	6.736476480960844	unmeasured genotype combination; viability untested
YOR050C	triple	0.4796484	0.4969115	-2.4677634477615356	3.7612633824348443	-5.002755784988404	3.964445602893829	0.03125	0.0	7.598114109039306	unmeasured genotype combination; viability untested
YOR064C	triple	1.5417356	0.18929559	-1.9762857675552368	6.043167757987976	-5.642203855514526	7.565119266510008	0.03125	0.0	10.613388323783873	unmeasured genotype combination; viability untested
YOR070C	triple	1.3433342	1.4170308	-2.5003848314285277	4.447560238838196	-2.75845046043396	6.1091900825500485	0.03125	0.0	7.907792806625366	unmeasured genotype combination; viability untested
YOR081C	triple	1.1507968	2.8278642	-1.3400926351547242	5.185040545463561	-2.3244295716285706	9.353391695022582	0.03125	0.0	9.101477223634719	unmeasured genotype combination; viability untested
YOR089C	triple	-0.05038134	0.66757715	-4.474751138687134	3.604942786693573	-3.140020418167114	6.114398336410521	0.03125	0.0	8.66705633997917	unmeasured genotype combination; viability untested
YOR091W	triple	-0.04565908	2.2181106	-3.292434203624725	2.507723486423492	-3.437452292442322	9.588111114501947	0.03125	0.0	9.412860548496242	unmeasured genotype combination; viability untested
YOR099W	triple	2.002841	-0.034229994	-1.6070857405662538	5.752082896232604	-4.079065692424774	3.4839115738868713	0.03125	0.0	7.461072951555252	unmeasured genotype combination; viability untested
YOR100C	triple	1.4757718	1.5455233	-2.0132293343544005	6.416941237449646	-2.0879006505012514	6.971845483779907	0.03125	0.0	8.744958353042602	unmeasured genotype combination; viability untested
YOR104W	triple	1.372479	2.2311125	-1.3661006808280944	5.64860963821411	-1.7784881949424745	5.209846210479736	0.03125	0.0	7.001522362232207	unmeasured genotype combination; viability untested
YOR108W	triple	0.12524036	0.8773157	-2.896050810813904	3.655678427219391	-3.8545411229133606	5.180161952972411	0.03125	0.0	7.7932161569595335	unmeasured genotype combination; viability untested
YOR111W	triple	1.5801615	2.1348052	-1.3824910134077073	5.16227388381958	-2.4402335405349733	8.304229307174682	0.03125	0.0	8.644613872468472	unmeasured genotype combination; viability untested
YOR115C	triple	2.135683	2.4643016	-1.6201037406921386	8.488645195960993	-2.538290727138519	13.035608959197997	0.03125	0.0	12.841324311494825	unmeasured genotype combination; viability untested
YOR121C	triple	0.09149516	1.087851	-3.783350944519043	5.659647214412686	-3.6730310797691343	8.107410764694214	0.03125	0.0	10.611720001697538	unmeasured genotype combination; viability untested
YOR125C	triple	-0.11214711	1.432327	-3.2279712319374085	6.522533726692199	-3.843636953830719	5.443164587020874	0.03125	0.0	9.5186532497406	unmeasured genotype combination; viability untested
YOR138C	triple	0.8623676	-0.17866561	-2.231612265110016	5.218903017044068	-5.639617490768432	4.247642171382903	0.03125	0.0	8.66888747215271	unmeasured genotype combination; viability untested
YOR139C	triple	0.36394256	0.7973615	-1.9793343544006348	3.065390586853027	-3.8662519097328185	4.9297298908233635	0.03125	0.0	6.920353370904922	unmeasured genotype combination; viability untested
YOR142W	triple	-0.10737996	1.2133522	-2.4089712262153626	2.8054466962814324	-2.6546448469161987	5.808423757553101	0.03125	0.0	6.838743263483047	unmeasured genotype combination; viability untested
YOR179C	triple	-0.3185839	-0.6968105	-2.7523738503456117	2.857348382472991	-6.181727647781372	5.358312463760376	0.03125	0.0	8.574881172180175	unmeasured genotype combination; viability untested
YOR187W	triple	-0.24115457	1.6710211	-2.8937954187393187	2.994056379795073	-3.412287211418152	5.869298267364502	0.03125	0.0	7.584718638658523	unmeasured genotype combination; viability untested
YOR190W	triple	1.6391678	-0.033777475	-1.579258966445923	5.450099754333496	-4.452057206630707	5.227921009063721	0.03125	0.0	8.354668468236923	unmeasured genotype combination; viability untested
YOR201C	triple	0.6102832	0.72116506	-2.6599987983703612	3.704823923110961	-2.7450975298881533	5.865825843811035	0.03125	0.0	7.487873047590256	unmeasured genotype combination; viability untested
YOR202W	triple	0.6491252	-0.3810131	-2.4062279582023622	4.441911184787749	-4.315601873397827	4.47668924331665	0.03125	0.0	7.8202151298522935	unmeasured genotype combination; viability untested
YOR205C	triple	1.2393751	2.4138436	-1.6759014487266541	4.581680440902709	-3.0667519569396973	6.707315444946289	0.03125	0.0	8.015824645757675	unmeasured genotype combination; viability untested
YOR208W	triple	0.34959614	1.2169912	-2.574275016784668	2.6468066215515136	-4.594833040237427	8.397346830368042	0.03125	0.0	9.106630754470824	unmeasured genotype combination; viability untested
YOR235W	triple	0.0011360347	2.393463	-3.35928213596344	3.400239348411559	-1.949405014514923	7.8294672489166235	0.03125	0.0	8.269196873903272	unmeasured genotype combination; viability untested
YOR273C	triple	3.0511441	2.2726336	0.014505827426910423	8.853403425216674	-2.2449913024902344	7.7278509616851805	0.03125	0.0	9.40586993098259	unmeasured genotype combination; viability untested
YOR280C	triple	1.0436237	1.0987852	-2.004706597328186	4.156511759757995	-3.386112332344055	4.231428813934326	0.03125	0.0	6.889379751682281	unmeasured genotype combination; viability untested
YOR295W	triple	-0.3366393	0.4029172	-3.3127839088439943	4.450792026519776	-2.9394309520721436	4.306176733970641	0.03125	0.0	7.504591810703277	unmeasured genotype combination; viability untested
YOR297C	triple	0.4902315	2.102222	-1.5583070516586304	3.012867987155914	-2.7484299182891845	6.950859546661376	0.03125	0.0	7.135232251882552	unmeasured genotype combination; viability untested
YOR298C-A	triple	0.41201973	1.2558413	-3.0489020705223084	3.3683257341384887	-1.8416833996772766	5.4407350540161135	0.03125	0.0	6.849823129177094	unmeasured genotype combination; viability untested
YOR298W	triple	1.5142711	2.1980503	-1.8646573185920716	6.49210557937622	-2.129243326187134	6.073214864730835	0.03125	0.0	8.27961054444313	unmeasured genotype combination; viability untested
YOR309C	triple	0.85850275	-0.6923016	-2.5709746956825255	5.656670808792114	-4.25123759508133	4.127952885627746	0.03125	0.0	8.303417992591857	unmeasured genotype combination; viability untested
YOR314W	triple	0.61478364	1.5425092	-2.1479355335235595	4.419417476654052	-2.1994733452796935	5.598596239089966	0.03125	0.0	7.182711297273636	unmeasured genotype combination; viability untested
YOR317W	triple	1.4681073	2.8955708	-2.1219714522361754	5.181875395774841	-1.9006402254104615	7.6235497951507565	0.03125	0.0	8.414018434286117	unmeasured genotype combination; viability untested
YOR323C	triple	0.8696127	1.8254087	-2.7487493753433228	4.4359633207321165	-2.327083683013916	5.7846551656723015	0.03125	0.0	7.648225772380828	unmeasured genotype combination; viability untested
YOR324C	triple	-0.19030023	-0.29214343	-2.9156869888305663	2.902485179901123	-3.7398995876312258	5.006788730621337	0.03125	0.0	7.282430243492126	unmeasured genotype combination; viability untested
YOR345C	triple	0.6626611	0.62752175	-1.6836966276168823	3.5397864103317263	-3.375164568424225	3.5266592144966125	0.03125	0.0	6.062653410434724	unmeasured genotype combination; viability untested
YOR354C	triple	-0.7450658	0.7310815	-3.2793216347694396	2.121371448040008	-2.814459776878357	5.091307425498962	0.03125	0.0	6.653230142593383	unmeasured genotype combination; viability untested
YOR356W	triple	2.022315	3.349608	-0.5954182565212249	5.309831929206847	-2.8588398933410644	8.050385522842406	0.03125	0.0	8.407237800955771	unmeasured genotype combination; viability untested
YOR375C	triple	-0.42308015	0.2732743	-3.3837379693984984	1.5672230124473572	-2.8488292932510375	3.4749714136123657	0.03125	0.0	5.637380844354629	unmeasured genotype combination; viability untested
YOR381W	triple	1.0304797	1.5222796	-3.031198191642761	4.443502569198608	-4.25173864364624	6.4868015289306635	0.03125	0.0	9.106620466709137	unmeasured genotype combination; viability untested
YOR382W	triple	-0.42804796	0.8632189	-2.3830788493156434	2.878146874904632	-3.732652688026428	4.856412506103515	0.03125	0.0	6.925145459175109	unmeasured genotype combination; viability untested
YOR383C	triple	0.033252507	0.9486864	-2.647965693473816	2.9577248454093934	-3.967236649990082	4.317649531364441	0.03125	0.0	6.945288360118866	unmeasured genotype combination; viability untested
YOR385W	triple	0.08923304	1.2430676	-2.8875702381134034	3.6816936731338497	-3.1677632093429566	5.873011922836303	0.03125	0.0	7.805019521713256	unmeasured genotype combination; viability untested
YOR386W	triple	1.9894385	1.9296961	-1.7935647368431091	7.006028437614439	-2.4182740330696104	7.756490993499755	0.03125	0.0	9.487179100513456	unmeasured genotype combination; viability untested
YPL006W	triple	-0.08317397	2.1532645	-2.6274742484092712	2.7090330243110654	-2.4221699714660643	7.548741960525512	0.03125	0.0	7.653709602355956	unmeasured genotype combination; viability untested
YPL029W	triple	0.054929122	-0.2507906	-2.721746253967285	2.923914074897766	-5.407058143615723	4.4577826142311086	0.03125	0.0	7.755250543355942	unmeasured genotype combination; viability untested
YPL031C	triple	0.7919586	0.7547712	-1.2374537467956543	4.825907588005066	-3.4725114703178406	5.313060140609741	0.03125	0.0	7.42446647286415	unmeasured genotype combination; viability untested
YPL041C	triple	-0.5638819	0.87752163	-3.0005982518196106	2.6727615594863887	-4.154664885997772	5.229311776161194	0.03125	0.0	7.528668236732483	unmeasured genotype combination; viability untested
YPL054W	triple	1.0067232	2.1088693	-2.254269778728485	4.187450194358826	-2.2510363459587097	7.316782808303833	0.03125	0.0	8.004769563674927	unmeasured genotype combination; viability untested
YPL056C	triple	0.11473031	2.0169895	-2.1564048409461973	3.0598052382469176	-2.678692889213562	7.5237463951110835	0.03125	0.0	7.70932468175888	unmeasured genotype combination; viability untested
YPL059W	triple	-0.7827809	1.1978202	-3.9058428168296815	2.049273192882538	-2.1990185022354125	5.703881931304931	0.03125	0.0	6.929008221626281	unmeasured genotype combination; viability untested
YPL060W	triple	-0.46749878	1.2392299	-3.2557014346122743	2.766715097427367	-3.2745325803756713	5.594006919860839	0.03125	0.0	7.445478016138075	unmeasured genotype combination; viability untested
YPL081W	triple	0.84642506	0.7582749	-2.2785860657691956	3.9266523718833914	-3.6638188481330873	4.885068392753601	0.03125	0.0	7.377062839269638	unmeasured genotype combination; viability untested
YPL095C	triple	0.86414254	1.9453124	-3.4476922750473022	3.2164061188697812	-1.9322693347930908	6.738825511932373	0.03125	0.0	7.667596620321273	unmeasured genotype combination; viability untested
YPL099C	triple	1.1598299	0.7526423	-2.2102307438850404	5.539182543754578	-4.759180545806885	6.816565704345703	0.03125	0.0	9.662579768896101	unmeasured genotype combination; viability untested
YPL104W	triple	1.0069437	0.73771924	-1.9888363480567932	4.623302102088927	-3.850221300125122	4.7155691385269165	0.03125	0.0	7.588964444398879	unmeasured genotype combination; viability untested
YPL109C	triple	0.16536292	1.7574283	-3.0042261123657226	4.870609307289122	-4.148984563350678	6.745217180252074	0.03125	0.0	9.384518581628798	unmeasured genotype combination; viability untested
YPL119C	triple	2.748899	1.4086728	-1.390871286392212	8.408986496925353	-3.1023925065994264	9.587358045578002	0.03125	0.0	11.244804167747496	unmeasured genotype combination; viability untested
YPL127C	triple	0.17364019	-1.9464298	-2.280383288860321	2.3546272277832028	-5.080799102783203	0.7110422641038894	0.03125	0.0	5.213425941765308	unmeasured genotype combination; viability untested
YPL154C	triple	-0.6871342	1.4853235	-3.1478280305862425	1.9995853364467617	-1.7484098315238952	5.146952056884765	0.03125	0.0	6.0213876277208325	unmeasured genotype combination; viability untested
YPL167C	triple	1.3900411	1.6812493	-1.4232319355010987	6.865721559524534	-3.743872678279877	7.825706624984738	0.03125	0.0	9.929266399145124	unmeasured genotype combination; viability untested
YPL170W	triple	0.8944962	1.3351159	-2.364246428012848	5.39938004016876	-2.5951393127441404	5.114645290374756	0.03125	0.0	7.736705535650252	unmeasured genotype combination; viability untested
YPL182C	triple	1.385737	2.6765366	-1.5089872121810912	4.674910068511963	-4.151382839679718	8.051785469055176	0.03125	0.0	9.193532794713974	unmeasured genotype combination; viability untested
YPL184C	triple	1.6155955	3.3467956	-2.7159817934036257	6.737568330764769	-1.1729095458984373	8.82960467338562	0.03125	0.0	9.728032171726227	unmeasured genotype combination; viability untested
YPL201C	triple	1.9607729	0.8755182	-1.8973433017730712	5.591329050064086	-4.076686656475067	6.222725725173949	0.03125	0.0	8.894042366743086	unmeasured genotype combination; viability untested
YPL202C	triple	0.104269624	0.90052843	-3.123693609237671	3.181909644603729	-3.077895450592041	5.58872022628784	0.03125	0.0	7.4861094653606415	unmeasured genotype combination; viability untested
YPL215W	triple	1.6038377	3.0012403	-2.483874499797821	6.397807621955872	-1.4841592907905579	8.181684207916259	0.03125	0.0	9.273762810230256	unmeasured genotype combination; viability untested
YPL220W	triple	-0.23591071	-0.14368628	-3.31047101020813	3.4487363219261167	-4.046198832988739	3.2381983160972596	0.03125	0.0	7.021802240610123	unmeasured genotype combination; viability untested
YPL229W	triple	0.7572918	3.1314068	-1.6833249092102052	4.468865048885344	-2.1048111796379088	9.152658939361572	0.03125	0.0	8.704830038547517	unmeasured genotype combination; viability untested
YPL245W	triple	1.6031086	1.9320537	-1.9111990332603455	9.072092604637144	-3.0235912561416627	9.509316539764402	0.03125	0.0	11.758099716901777	unmeasured genotype combination; viability untested
YPL262W	triple	0.03310354	0.9359045	-2.870740067958832	3.631431412696838	-3.355345296859741	5.070720171928405	0.03125	0.0	7.464118474721908	unmeasured genotype combination; viability untested
YPL268W	triple	0.51033044	-0.031614102	-1.9851881504058837	3.2620017290115353	-6.008386564254761	5.824422216415405	0.03125	0.0	8.539999330043793	unmeasured genotype combination; viability untested
YPL272C	triple	0.55175745	2.1418047	-2.479983556270599	3.7525147199630733	-1.9418128967285155	5.903422880172729	0.03125	0.0	7.038867026567458	unmeasured genotype combination; viability untested
YPL274W	triple	1.1567609	0.7477481	-1.4141993284225465	4.668749427795409	-3.5881049394607545	5.692390298843383	0.03125	0.0	7.681721997261047	unmeasured genotype combination; viability untested
YPR001W	triple	-0.24164347	0.9926361	-2.3008878111839293	1.7393176853656767	-2.4031683206558228	4.578397238254546	0.03125	0.0	5.510885527729988	unmeasured genotype combination; viability untested
YPR013C	triple	-0.3739667	0.17477004	-3.6871655702590944	2.6687020421028134	-4.656229877471924	5.120180773735046	0.03125	0.0	8.066139131784439	unmeasured genotype combination; viability untested
YPR014C	triple	-0.15684445	1.7377115	-3.567323684692383	3.673703265190124	-2.062270152568817	5.203714108467102	0.03125	0.0	7.253505605459212	unmeasured genotype combination; viability untested
YPR021C	triple	0.24683644	2.3416615	-2.9651485800743105	3.744818019866943	-2.9856483697891236	9.370447158813475	0.03125	0.0	9.533031064271926	unmeasured genotype combination; viability untested
YPR027C	triple	-0.29259032	0.27986288	-4.230138051509857	3.287694573402404	-3.2833741426467897	5.87197823524475	0.03125	0.0	8.3365925014019	unmeasured genotype combination; viability untested
YPR037C	triple	-0.4149874	1.0935163	-3.0652324080467226	2.691454541683197	-3.653612458705902	4.135211515426636	0.03125	0.0	6.7727554619312285	unmeasured genotype combination; viability untested
YPR038W	triple	1.0042045	-0.19978563	-2.4168832898139954	4.216820180416107	-3.1914599180221557	4.371459913253784	0.03125	0.0	7.098311650753021	unmeasured genotype combination; viability untested
YPR039W	triple	-0.587175	-0.5352754	-3.285596466064453	2.6821934461593626	-3.256949949264526	4.357523798942565	0.03125	0.0	6.791131830215454	unmeasured genotype combination; viability untested
YPR047W	triple	1.7145816	0.6983435	-0.7911996960639953	4.696903991699218	-3.716461384296417	5.435290789604187	0.03125	0.0	7.319927930831909	unmeasured genotype combination; viability untested
YPR050C	triple	0.9895092	-0.101037234	-1.9284415125846863	4.257937049865722	-4.835420942306518	4.317808079719543	0.03125	0.0	7.669803792238234	unmeasured genotype combination; viability untested
YPR054W	triple	0.24613722	1.3932309	-2.090863573551178	2.7850672602653503	-2.754546570777893	5.6842424869537345	0.03125	0.0	6.657359945774077	unmeasured genotype combination; viability untested
YPR058W	triple	1.1028906	1.5857408	-2.1036705493927004	4.8921476840972895	-2.964550518989563	4.774416351318359	0.03125	0.0	7.367392551898956	unmeasured genotype combination; viability untested
YPR061C	triple	1.2484835	2.2243595	-2.4579553961753846	5.397915053367614	-2.206798422336578	7.813636255264281	0.03125	0.0	8.93815256357193	unmeasured genotype combination; viability untested
YPR087W	triple	1.5862751	-1.0189214	-1.3185204029083253	5.476514935493469	-7.293320655822754	5.026135873794556	0.03125	0.0	9.55724593400955	unmeasured genotype combination; viability untested
YPR091C	triple	1.8334416	2.9567003	-1.2193754076957704	4.704291033744812	-3.109396529197693	9.033166933059691	0.03125	0.0	9.033114951848983	unmeasured genotype combination; viability untested
YPR096C	triple	-1.0039847	1.1479123	-3.2348432183265685	1.5627007246017453	-2.4775432705879212	4.875419354438781	0.03125	0.0	6.075253283977508	unmeasured genotype combination; viability untested
YPR098C	triple	-0.8109281	0.83303726	-3.9456308007240297	2.9514215946197497	-4.200803899765015	6.031691598892212	0.03125	0.0	8.564773947000504	unmeasured genotype combination; viability untested
YPR101W	triple	1.045645	1.3432336	-2.8225280165672304	5.376000308990478	-2.570750391483307	6.802877712249755	0.03125	0.0	8.786078214645386	unmeasured genotype combination; viability untested
YPR109W	triple	0.39762604	0.7923212	-2.3942485213279725	4.12299630641937	-3.1650129556655884	6.252310705184937	0.03125	0.0	7.967284244298933	unmeasured genotype combination; viability untested
YPR127W	triple	1.4286118	3.167904	-1.739287269115448	6.749162173271179	-1.6098380208015441	8.258695220947265	0.03125	0.0	9.178491342067717	unmeasured genotype combination; viability untested
YPR138C	triple	1.3094809	1.1564763	-2.1610583305358886	5.639232039451598	-3.4222979307174684	5.96341643333435	0.03125	0.0	8.593002367019652	unmeasured genotype combination; viability untested
YPR149W	triple	-0.64875233	0.6556202	-2.951387906074524	2.695200514793395	-3.1827441692352294	5.548394107818603	0.03125	0.0	7.188863348960876	unmeasured genotype combination; viability untested
YPR166C	triple	-0.34800908	0.81785583	-3.8628438353538512	4.157759308815002	-1.781104862689972	4.414750957489013	0.03125	0.0	7.10822948217392	unmeasured genotype combination; viability untested
YPR189W	triple	0.59826064	-1.2640108	-2.5909708380699157	4.553681051731108	-5.679450798034668	3.132549679279327	0.03125	0.0	7.978326183557509	unmeasured genotype combination; viability untested
YPR196W	triple	0.1961031	0.18813258	-2.1300729274749757	3.625511395931243	-3.9596649527549745	4.1555118441581715	0.03125	0.0	6.9353805601596825	unmeasured genotype combination; viability untested
YPR197C	triple	0.5633515	-0.6084895	-2.4139994621276855	4.28267045021057	-4.300935554504394	2.7557016372680656	0.03125	0.0	6.876653552055357	unmeasured genotype combination; viability untested
YPR198W	triple	3.5838518	4.0188723	-0.36003179550170894	7.903668665885925	0.9097768217325211	8.29977478981018	0.03125	0.0	7.826849214732646	unmeasured genotype combination; viability untested
YAL037W	triple	1.8203216	1.8208466	-1.3964359402656554	6.576930999755859	-3.1947120904922484	8.386677932739257	0.0	0.0	9.77737848162651	unmeasured genotype combination; viability untested
YAL039C	triple	0.75979716	0.5898976	-1.5144892930984497	4.110289669036865	-2.9906888961791993	3.818549752235412	0.0	0.0	6.217008805274963	unmeasured genotype combination; viability untested
YAL044C	triple	0.24797341	0.47527096	-2.1669057488441466	2.8995355844497674	-3.6852043151855467	4.332082605361938	0.0	0.0	6.541864126920699	unmeasured genotype combination; viability untested
YAL049C	triple	0.60040295	1.734398	-2.524526059627533	4.371095657348633	-2.3306623339653014	4.756439304351806	0.0	0.0	6.991361677646637	unmeasured genotype combination; viability untested
YAL060W	triple	0.15101628	2.6693628	-1.5630953907966614	2.2015641570091247	-0.29627270102500913	7.544575691223144	0.0	0.0	5.802753970026969	unmeasured genotype combination; viability untested
YAL061W	triple	0.59229374	1.2394662	-1.9995167016983033	3.7310577750205978	-1.308814287185669	4.460075235366821	0.0	0.0	5.749731999635696	unmeasured genotype combination; viability untested
YAL062W	triple	0.10653611	0.759655	-2.2930068254470823	3.3581388235092158	-4.785318899154663	4.5585246801376345	0.0	0.0	7.497494614124298	unmeasured genotype combination; viability untested
YAL065C	triple	0.2131588	-0.17907873	-1.994839882850647	3.4409198999404906	-4.156223249435425	3.5480140566825855	0.0	0.0	6.569998544454574	unmeasured genotype combination; viability untested
YAR023C	triple	-0.16230938	0.14011556	-2.8019851803779603	2.0250198006629945	-3.833262097835541	4.653849434852599	0.0	0.0	6.657058256864547	unmeasured genotype combination; viability untested
YAR050W	triple	-0.07919687	1.6732404	-2.738707447052002	2.121932315826416	-1.7699555277824401	4.93997483253479	0.0	0.0	5.785285061597824	unmeasured genotype combination; viability untested
YBL003C	triple	0.9070455	-1.036809	-3.6261705636978148	6.384818601608275	-7.270234537124634	4.6511818170547485	0.0	0.0	10.966202759742735	unmeasured genotype combination; viability untested
YBL009W	triple	0.60115373	-0.022766784	-2.615189802646637	3.74893981218338	-4.688638973236084	5.352967596054076	0.0	0.0	8.202868092060088	unmeasured genotype combination; viability untested
YBL012C	triple	0.5193018	-0.10851816	-1.8251790404319763	3.5109515666961664	-3.4253010392189025	3.1232426166534424	0.0	0.0	5.942337131500244	unmeasured genotype combination; viability untested
YBL022C	triple	1.0439813	2.6767035	-2.928242039680481	6.055354523658751	-2.2018985629081724	8.372164058685302	0.0	0.0	9.778829592466353	unmeasured genotype combination; viability untested
YBL036C	triple	2.501307	2.8526652	-1.9491865038871765	7.138118624687194	-1.567584228515625	9.677528238296508	0.0	0.0	10.166208797693251	unmeasured genotype combination; viability untested
YBL045C	triple	-0.19787642	-0.8159788	-3.34003746509552	3.6974735379219053	-3.8483059287071226	1.8518454432487483	0.0	0.0	6.368831187486648	unmeasured genotype combination; viability untested
YBL057C	triple	-9.807944e-05	0.6491971	-1.8420087933540343	2.2895167231559754	-2.5964513540267946	3.573338067531586	0.0	0.0	5.150657469034195	unmeasured genotype combination; viability untested
YBL067C	triple	-0.17129739	-0.22452304	-3.3246058583259583	2.8183507084846493	-4.404098463058472	3.487349772453308	0.0	0.0	7.017202401161193	unmeasured genotype combination; viability untested
YBL090W	triple	0.66714877	1.1748341	-1.979416286945343	4.021516501903532	-2.2262364983558656	4.181916522979736	0.0	0.0	6.2045429050922385	unmeasured genotype combination; viability untested
YBR021W	triple	1.6034257	1.823582	-2.28993935585022	4.796874022483825	-2.3109608769416807	6.502776765823364	0.0	0.0	7.950275510549545	unmeasured genotype combination; viability untested
YBR034C	triple	0.64393044	1.6704773	-2.567119526863098	3.97746102809906	-2.5766889452934265	6.706435108184815	0.0	0.0	7.9138523042202	unmeasured genotype combination; viability untested
YBR037C	triple	-0.14597967	0.58432305	-3.261769711971283	2.508722519874572	-4.154115641117096	6.1745210647583	0.0	0.0	8.049564468860627	unmeasured genotype combination; viability untested
YBR046C	triple	-0.09489367	1.2220237	-2.7628129363059997	2.7309896349906917	-2.4992968916893004	4.713278782367705	0.0	0.0	6.353189122676849	unmeasured genotype combination; viability untested
YBR064W	triple	1.0908732	0.5409965	-2.124763238430023	4.202090513706207	-4.25684962272644	4.999262547492981	0.0	0.0	7.791482961177826	unmeasured genotype combination; viability untested
YBR068C	triple	0.40545282	-0.26803386	-2.6067856669425966	4.592908537387847	-3.451664853096008	4.516159892082214	0.0	0.0	7.583759474754332	unmeasured genotype combination; viability untested
YBR077C	triple	0.06982873	0.5678754	-2.0599684715270996	2.8966368317604063	-3.7107006072998048	5.816190481185912	0.0	0.0	7.241748195886611	unmeasured genotype combination; viability untested
YBR084W	triple	1.0306083	3.439336	-3.103991973400116	5.980768823623655	-1.1656518638134004	10.315831851959224	0.0	0.0	10.283122256398197	unmeasured genotype combination; viability untested
YBR104W	triple	1.7524061	3.073272	-1.5236924052238465	5.429993295669555	-0.6710935235023499	7.319735527038573	0.0	0.0	7.472257375717163	unmeasured genotype combination; viability untested
YBR106W	triple	0.42950028	0.3507696	-1.836716628074646	2.87237309217453	-4.155027949810028	4.344998693466186	0.0	0.0	6.6045581817626955	unmeasured genotype combination; viability untested
YBR113W	triple	1.119973	1.5528147	-1.397067928314209	4.059149980545044	-4.454417264461517	5.735121440887451	0.0	0.0	7.822878307104111	unmeasured genotype combination; viability untested
YBR138C	triple	0.40987784	1.812734	-2.1309617877006533	2.6978855133056636	-1.917272651195526	7.17249150276184	0.0	0.0	6.9593057274818415	unmeasured genotype combination; viability untested
YBR144C	triple	0.81272733	2.0968595	-3.0942362546920776	3.755718898773193	-1.7086071848869322	6.334699630737304	0.0	0.0	7.446630984544753	unmeasured genotype combination; viability untested
YBR145W	triple	0.25678343	1.9494979	-1.8531022906303405	2.56338300704956	-1.5940401792526244	7.211072158813477	0.0	0.0	6.610798817873	unmeasured genotype combination; viability untested
YBR146W	triple	0.8303863	0.9035583	-1.5065821051597594	5.444480156898498	-2.598899984359741	4.793513631820678	0.0	0.0	7.171737939119339	unmeasured genotype combination; viability untested
YBR151W	triple	0.017005995	0.85519207	-2.302713763713837	2.123608148097992	-2.532222032546997	4.410699391365051	0.0	0.0	5.684621667861938	unmeasured genotype combination; viability untested
YBR184W	triple	0.21113594	1.6565015	-2.99250910282135	2.6370319247245786	-2.7403504610061646	6.735014724731444	0.0	0.0	7.552453106641769	unmeasured genotype combination; viability untested
YBR187W	triple	0.67693454	1.1944647	-2.2394580602645875	4.024021708965299	-2.9486527323722838	5.743027925491333	0.0	0.0	7.477580213546752	unmeasured genotype combination; viability untested
YBR208C	triple	0.8441314	1.9808923	-2.19145747423172	4.06439733505249	-2.1186731100082397	5.807638788223266	0.0	0.0	7.091083353757858	unmeasured genotype combination; viability untested
YBR209W	triple	-0.38580042	1.047023	-3.6256545305252077	2.9945743203163144	-2.814940643310547	4.438999223709106	0.0	0.0	6.937084358930588	unmeasured genotype combination; viability untested
YBR214W	triple	0.3859507	0.024553597	-2.3327154397964476	5.258124566078186	-2.7906203269958496	4.931016731262207	0.0	0.0	7.656238532066345	unmeasured genotype combination; viability untested
YBR225W	triple	1.331753	1.0720241	-1.4151695251464844	5.6832129716873165	-2.709821677207947	5.8913175582885735	0.0	0.0	7.849760866165161	unmeasured genotype combination; viability untested
YBR241C	triple	1.6503947	2.3767197	-2.477767622470856	5.122533130645752	-1.3897583603858947	7.477544069290161	0.0	0.0	8.233801591396332	unmeasured genotype combination; viability untested
YBR251W	triple	-0.31541598	0.71777266	-3.2121480345726012	2.120699512958526	-2.9883793115615847	6.364210653305053	0.0	0.0	7.342718756198883	unmeasured genotype combination; viability untested
YBR261C	triple	0.51714516	0.77981144	-2.3888848185539246	2.951051378250122	-4.109735524654388	5.903162193298339	0.0	0.0	7.676416957378387	unmeasured genotype combination; viability untested
YBR262C	triple	0.65295833	1.8323392	-1.8810740947723388	3.3017262339591977	-2.0870993733406067	5.965633869171143	0.0	0.0	6.617766785621643	unmeasured genotype combination; viability untested
YBR280C	triple	0.68201524	1.3545043	-2.9447710514068604	4.110274052619934	-2.39515734910965	6.1264519691467285	0.0	0.0	7.788327211141586	unmeasured genotype combination; viability untested
YBR290W	triple	0.19342275	0.57052934	-2.6111546039581297	3.2688984990119927	-3.9730390191078184	7.636360931396483	0.0	0.0	8.744726526737212	unmeasured genotype combination; viability untested
YBR293W	triple	1.2385855	3.0556684	-1.651612603664398	5.357824873924254	-1.1683157920837401	7.6752356529235835	0.0	0.0	7.926494461297987	unmeasured genotype combination; viability untested
YBR300C	triple	1.3926775	0.43761295	-1.9006628274917603	5.383611178398132	-2.5361293077468874	5.749059915542602	0.0	0.0	7.78473161458969	unmeasured genotype combination; viability untested
YCL002C	triple	0.94516957	0.9362884	-2.2552135944366456	4.881284666061401	-3.0563995599746705	4.853087425231934	0.0	0.0	7.522992622852325	unmeasured genotype combination; viability untested
YCL025C	triple	0.30610862	0.4765892	-2.771306300163269	4.234627306461333	-4.023501002788544	3.818081498146057	0.0	0.0	7.4237580537796015	unmeasured genotype combination; viability untested
YCL057W	triple	0.63336873	1.3342354	-3.0312647223472595	4.62074270248413	-2.346534478664398	4.610904192924499	0.0	0.0	7.3047230482101435	unmeasured genotype combination; viability untested
YCL074W	triple	0.5184942	0.9044801	-2.6699066758155823	3.8613834738731385	-2.7850054264068604	3.501106595993042	0.0	0.0	6.408701086044312	unmeasured genotype combination; viability untested
YCR006C	triple	-0.008741766	0.52551275	-2.692291831970215	3.4101565361022947	-3.0319527864456175	4.291931009292602	0.0	0.0	6.713166081905365	unmeasured genotype combination; viability untested
YCR019W	triple	2.1573741	2.659336	-0.8249781489372253	5.661400485038757	-1.322399616241455	7.429228305816649	0.0	0.0	7.619003278017043	unmeasured genotype combination; viability untested
YCR020C	triple	-0.6586578	1.3990777	-3.441010761260986	3.3203790307044976	-3.1544629096984864	6.242390871047974	0.0	0.0	8.079121786355971	unmeasured genotype combination; viability untested
YCR022C	triple	-0.27480516	0.5193114	-2.1879430174827577	2.514785957336425	-4.506250715255737	5.18154683113098	0.0	0.0	7.19526326060295	unmeasured genotype combination; viability untested
YCR024C	triple	1.7092853	0.62611896	-0.9512035459280014	5.260244727134704	-2.7994208335876465	3.6733707308769223	0.0	0.0	6.342119918763636	unmeasured genotype combination; viability untested
YCR076C	triple	1.9819787	3.0074358	-1.4058149814605714	6.089979290962219	-2.6938792943954466	7.530440378189087	0.0	0.0	8.860056972503662	unmeasured genotype combination; viability untested
YCR079W	triple	1.1014179	0.88113517	-2.7066612601280213	6.185417652130127	-1.9930721998214722	5.135247993469238	0.0	0.0	8.010199552774429	unmeasured genotype combination; viability untested
YCR083W	triple	-0.25783122	0.8439044	-2.424436604976654	2.2027662515640256	-2.907687485218048	4.494115924835205	0.0	0.0	6.014503133296966	unmeasured genotype combination; viability untested
YCR098C	triple	0.7145648	1.5332099	-1.7230091214179992	3.809344077110289	-3.2062581062316893	5.95808572769165	0.0	0.0	7.348348516225814	unmeasured genotype combination; viability untested
YCR101C	triple	0.60151494	0.89300233	-2.575486958026886	4.127577805519104	-3.6037736535072327	3.852341961860656	0.0	0.0	7.0795901894569395	unmeasured genotype combination; viability untested
YCR102W-A	triple	0.87036586	1.5337572	-2.536557364463806	4.027935266494751	-2.5108310699462892	6.189452886581421	0.0	0.0	7.6323882937431335	unmeasured genotype combination; viability untested
YCR105W	triple	-0.02150011	1.1118828	-2.2537398815155028	2.087254750728607	-2.995266091823578	4.625886917114258	0.0	0.0	5.981073820590973	unmeasured genotype combination; viability untested
YCR107W	triple	2.573155	3.6459174	-1.34557763338089	7.035977745056152	0.2972494244575501	8.761933517456054	0.0	0.0	8.423119735717773	unmeasured genotype combination; viability untested
YDL010W	triple	1.3162152	0.79447114	-2.2328675031661986	5.477127647399902	-3.1030418157577513	4.847633337974547	0.0	0.0	7.8303351521492	unmeasured genotype combination; viability untested
YDL012C	triple	0.7919971	2.7988014	-2.3560580611228943	3.4556522130966183	-0.4354888260364532	6.728466653823852	0.0	0.0	6.487832877039908	unmeasured genotype combination; viability untested
YDL036C	triple	1.2437551	0.93081117	-1.3008187055587768	4.423868179321289	-3.907806599140167	5.674700689315796	0.0	0.0	7.6535970866680145	unmeasured genotype combination; viability untested
YDL037C	triple	0.018770844	0.14096648	-1.9521882772445678	2.518031740188598	-3.4139944076538087	5.767236328125	0.0	0.0	6.825725376605987	unmeasured genotype combination; viability untested
YDL039C	triple	0.061988324	-0.6729533	-1.957879900932312	2.6272964477539054	-4.676753759384155	2.800442159175873	0.0	0.0	6.031186133623123	unmeasured genotype combination; viability untested
YDL045W-A	triple	0.9832291	0.5530679	-2.588555645942688	4.773280143737792	-4.505488729476928	4.6846842765808105	0.0	0.0	8.276004397869109	unmeasured genotype combination; viability untested
YDL049C	triple	0.47575444	1.7647429	-2.150424098968506	3.373825478553772	-2.3525508403778077	5.66679368019104	0.0	0.0	6.771797049045563	unmeasured genotype combination; viability untested
YDL063C	triple	1.0463448	-1.0660706	-0.8467521756887436	5.381920623779297	-5.749331140518189	3.9596505284309385	0.0	0.0	7.968827234208584	unmeasured genotype combination; viability untested
YDL066W	triple	0.066353016	0.54061556	-2.617788553237915	2.560340631008148	-4.146018743515015	4.8192552566528315	0.0	0.0	7.071701592206955	unmeasured genotype combination; viability untested
YDL068W	triple	1.7254176	1.522914	-1.1095772504806518	5.163908529281616	-3.015666925907135	7.751937055587767	0.0	0.0	8.520544880628584	unmeasured genotype combination; viability untested
YDL100C	triple	0.48205155	0.41848332	-1.8221396684646607	3.7554508328437803	-3.1595982789993284	4.330466222763061	0.0	0.0	6.533827501535415	unmeasured genotype combination; viability untested
YDL134C	triple	-0.4087859	-0.34039235	-3.936730945110321	2.9267159700393677	-5.1860779285430905	3.229570508003235	0.0	0.0	7.639547675848007	unmeasured genotype combination; viability untested
YDL157C	triple	-0.096183695	1.0129173	-2.341097104549408	2.7713315725326524	-3.2883908271789553	6.090645456314086	0.0	0.0	7.2457324802875505	unmeasured genotype combination; viability untested
YDL168W	triple	0.50525874	1.4788697	-2.5772777438163756	3.106675052642822	-1.095777690410614	5.104205799102783	0.0	0.0	5.941968142986298	unmeasured genotype combination; viability untested
YDL174C	triple	-0.07119656	0.063642025	-1.7142302870750428	2.344269824028015	-3.3894605994224545	3.348877716064453	0.0	0.0	5.398419213294982	unmeasured genotype combination; viability untested
YDL175C	triple	0.9756037	1.0542976	-1.4331307768821717	4.392478656768798	-3.1235696196556093	5.844220685958862	0.0	0.0	7.39669986963272	unmeasured genotype combination; viability untested
YDL177C	triple	-0.05327204	-0.61041635	-2.342167091369629	3.4119539737701405	-4.003456342220306	4.114517354965209	0.0	0.0	6.936047381162643	unmeasured genotype combination; viability untested
YDL180W	triple	0.5644592	2.0586627	-3.1895493030548097	4.2143415927886965	-1.9108873367309571	5.8550865173339846	0.0	0.0	7.584932374954224	unmeasured genotype combination; viability untested
YDL188C	triple	0.614925	0.6233359	-1.5469420433044434	3.6444372296333314	-3.238642358779907	5.538273096084595	0.0	0.0	6.984147363901139	unmeasured genotype combination; viability untested
YDL201W	triple	1.1786492	2.8951197	-2.4074660539627075	6.96472201347351	-0.6790164649486541	6.5455101966857905	0.0	0.0	8.298357364535331	unmeasured genotype combination; viability untested
YDL206W	triple	0.6858488	1.5169646	-2.170999360084534	3.8248515367507925	-3.659477484226227	6.445912933349608	0.0	0.0	8.050620657205581	unmeasured genotype combination; viability untested
YDL216C	triple	0.77565134	1.7329636	-2.157577860355377	4.021883225440979	-2.503487300872803	6.383987712860106	0.0	0.0	7.5334680497646325	unmeasured genotype combination; viability untested
YDL219W	triple	0.8785297	0.5803956	-2.7305428266525267	4.251514196395874	-4.08560403585434	6.67380313873291	0.0	0.0	8.870732098817825	unmeasured genotype combination; viability untested
YDL242W	triple	0.81584877	-0.016211152	-2.467232644557953	4.930441999435424	-4.0140817046165465	4.168411302566528	0.0	0.0	7.790083825588226	unmeasured genotype combination; viability untested
YDR009W	triple	0.48659635	-0.12828396	-2.2766703367233276	3.965570890903473	-5.457441139221191	4.807490992546081	0.0	0.0	8.253586679697037	unmeasured genotype combination; viability untested
YDR017C	triple	0.046628207	3.01925	-3.319262981414795	2.4313100218772887	-2.5955569982528686	8.526768732070924	0.0	0.0	8.436449366807938	unmeasured genotype combination; viability untested
YDR022C	triple	0.2979585	0.74182546	-2.0752049326896667	2.623895239830017	-3.9145444512367247	5.981629657745361	0.0	0.0	7.297637140750885	unmeasured genotype combination; viability untested
YDR046C	triple	1.0621362	1.2919164	-2.7902180314064027	4.236274778842925	-3.6402201294898986	4.9191354513168335	0.0	0.0	7.79292419552803	unmeasured genotype combination; viability untested
YDR048C	triple	0.6348484	2.0585504	-2.5455198764801024	5.369960570335388	-2.81196471452713	6.870594501495359	0.0	0.0	8.799019831418988	unmeasured genotype combination; viability untested
YDR057W	triple	-0.5245955	-0.17498134	-2.9726240396499635	2.6743115782737727	-3.9359138369560243	4.251138365268707	0.0	0.0	6.9169939100742335	unmeasured genotype combination; viability untested
YDR058C	triple	1.5276426	1.9760927	-1.9111392736434936	4.921872329711913	-2.082722878456116	6.354853248596191	0.0	0.0	7.635293865203857	unmeasured genotype combination; viability untested
YDR066C	triple	-0.19588177	1.7810863	-2.2829164385795595	3.046459603309631	-1.5056506276130677	5.216684031486511	0.0	0.0	6.025855350494385	unmeasured genotype combination; viability untested
YDR070C	triple	0.6649965	1.9559774	-1.6841423392295838	3.963144171237945	-1.4213914752006531	6.903063154220581	0.0	0.0	6.985870569944382	unmeasured genotype combination; viability untested
YDR075W	triple	0.20685613	1.0227995	-2.2997119307518004	2.794220900535583	-2.548363649845123	4.444698917865752	0.0	0.0	6.043497699499129	unmeasured genotype combination; viability untested
YDR089W	triple	1.4639647	1.7365702	-1.7007725954055786	5.293184304237365	-4.200705873966217	7.19022545814514	0.0	0.0	9.192444115877151	unmeasured genotype combination; viability untested
YDR090C	triple	-0.43652815	0.5550517	-3.4631442070007323	1.9236966371536255	-4.037001287937164	6.796894550323486	0.0	0.0	8.110368341207504	unmeasured genotype combination; viability untested
YDR094W	triple	-0.1456511	1.8805006	-2.64782475233078	3.752341544628143	-1.667268681526184	4.793654084205627	0.0	0.0	6.430544531345367	unmeasured genotype combination; viability untested
YDR099W	triple	-0.15477668	-0.33686805	-3.023940360546112	2.2358411073684685	-3.7309372305870054	3.0070496559143054	0.0	0.0	5.9988841772079455	unmeasured genotype combination; viability untested
YDR112W	triple	0.7891288	0.40260333	-2.329848563671112	4.250306272506713	-3.6441906213760378	4.7776731014251705	0.0	0.0	7.501009279489518	unmeasured genotype combination; viability untested
YDR132C	triple	1.5626698	2.1672606	-1.4747000217437745	5.791162681579589	-4.160114002227783	7.785074567794799	0.0	0.0	9.605525636672972	unmeasured genotype combination; viability untested
YDR139C	triple	-0.38475028	0.73334706	-3.325677514076233	3.0534220814704893	-3.4686468720436094	4.213658261299133	0.0	0.0	7.030702364444732	unmeasured genotype combination; viability untested
YDR175C	triple	0.41325256	1.4729928	-2.0413010835647585	5.410248875617981	-3.2693320989608763	5.621532607078551	0.0	0.0	8.171207332611083	unmeasured genotype combination; viability untested
YDR204W	triple	-0.26616117	2.0451984	-3.2549355745315554	3.1616364836692803	-3.1481770038604737	5.940366649627685	0.0	0.0	7.752557855844497	unmeasured genotype combination; viability untested
YDR214W	triple	-0.17895539	0.1990411	-2.776178550720215	2.2282400369644164	-5.058886623382568	6.055016183853149	0.0	0.0	8.059160697460175	unmeasured genotype combination; viability untested
YDR220C	triple	0.10961899	1.2503393	-2.6683363556861877	3.428103756904602	-2.42079176902771	5.246285128593445	0.0	0.0	6.881758505105972	unmeasured genotype combination; viability untested
YDR226W	triple	0.9962897	0.72418404	-1.3773284673690795	3.883559727668762	-2.737450194358826	4.6560579299926745	0.0	0.0	6.327198159694671	unmeasured genotype combination; viability untested
YDR242W	triple	0.3946495	0.06794515	-1.858552050590515	3.439865803718567	-2.982267737388611	4.568618130683898	0.0	0.0	6.424651861190796	unmeasured genotype combination; viability untested
YDR248C	triple	0.022966325	1.4655316	-2.2359919905662538	2.3628737807273863	-1.7468829989433288	5.60811378955841	0.0	0.0	5.9769312798976895	unmeasured genotype combination; viability untested
YDR271C	triple	0.77050614	1.406634	-2.3290180563926697	3.862524938583374	-1.8448867797851562	4.726809453964234	0.0	0.0	6.381619614362717	unmeasured genotype combination; viability untested
YDR272W	triple	0.952302	1.5568197	-1.9367564797401429	3.974299371242523	-1.9576897740364074	6.008297395706175	0.0	0.0	6.938521510362625	unmeasured genotype combination; viability untested
YDR278C	triple	0.09542757	1.7358594	-2.08324648141861	3.0251527070999145	-2.800301766395569	5.6054680824279774	0.0	0.0	6.757084518671035	unmeasured genotype combination; viability untested
YDR281C	triple	0.27724364	1.577452	-2.0715014934539795	2.8238170385360712	-1.4719846963882446	5.195713448524475	0.0	0.0	5.781508338451385	unmeasured genotype combination; viability untested
YDR313C	triple	0.15860061	1.3240347	-2.2455183982849123	3.691402018070221	-3.0219408869743347	6.2468318939208975	0.0	0.0	7.602846598625183	unmeasured genotype combination; viability untested
YDR317W	triple	1.541903	2.2025928	-1.5256488084793092	5.542784738540649	-2.183712100982666	7.5450767993926995	0.0	0.0	8.398611223697662	unmeasured genotype combination; viability untested
YDR354W	triple	0.2525951	1.867841	-1.689260232448578	3.7717342019081106	-1.0709983348846435	5.629378366470337	0.0	0.0	6.080685567855834	unmeasured genotype combination; viability untested
YDR377W	triple	-0.014759459	0.7674083	-2.628403437137604	2.7769722104072567	-4.626451778411865	5.468144392967224	0.0	0.0	7.749985909461975	unmeasured genotype combination; viability untested
YDR380W	triple	0.6267813	1.61799	-1.8419764637947083	3.690722107887268	-1.4902821063995362	5.4682915687561024	0.0	0.0	6.245636123418807	unmeasured genotype combination; viability untested
YDR385W	triple	0.55710155	4.8479033	-3.058981382846832	4.40770320892334	-1.0265202045440673	9.955931520462036	0.0	0.0	9.224568158388138	unmeasured genotype combination; viability untested
YDR387C	triple	0.82405084	1.2631981	-2.9103896856307983	4.037635290622711	-3.0398447513580322	4.7218582153320305	0.0	0.0	7.354863971471786	unmeasured genotype combination; viability untested
YDR401W	triple	0.10724284	-0.32112753	-2.118213951587677	3.947969520092009	-5.45056562423706	5.453578472137451	0.0	0.0	8.4851637840271	unmeasured genotype combination; viability untested
YDR406W	triple	1.66837	0.42495787	-1.950780200958252	7.095611500740051	-2.7372771978378294	5.853662490844724	0.0	0.0	8.818665695190429	unmeasured genotype combination; viability untested
YDR420W	triple	0.052056193	0.42235547	-2.5049278855323793	2.6628032207489007	-4.816790401935577	3.9634355425834653	0.0	0.0	6.973978525400161	unmeasured genotype combination; viability untested
YDR423C	triple	0.15185013	0.7284256	-2.9217639446258543	3.2364171266555783	-2.852911686897278	5.362433099746704	0.0	0.0	7.1867629289627075	unmeasured genotype combination; viability untested
YDR424C	triple	-0.039660066	0.718727	-2.8278184056282045	3.1115345120429985	-4.148041832447052	5.837356805801391	0.0	0.0	7.9623757779598225	unmeasured genotype combination; viability untested
YDR426C	triple	0.408968	0.2521988	-2.9095792412757873	3.7843136310577377	-4.299278783798218	3.686773061752318	0.0	0.0	7.33997235894203	unmeasured genotype combination; viability untested
YDR430C	triple	0.6650828	-0.5289261	-2.463414120674133	3.003667283058166	-4.081754910945892	3.4546777725219715	0.0	0.0	6.501757043600081	unmeasured genotype combination; viability untested
YDR442W	triple	0.93772995	1.0372506	-2.3326326251029967	3.883219826221466	-3.180093502998352	5.519377565383909	0.0	0.0	7.457661759853361	unmeasured genotype combination; viability untested
YDR451C	triple	-0.1661066	2.5265973	-3.42374849319458	2.1659217596054074	-1.5369532823562622	8.75865125656128	0.0	0.0	7.942637395858764	unmeasured genotype combination; viability untested
YDR456W	triple	1.2773153	0.57160336	-1.8966650366783142	3.937889528274536	-3.8625255823135376	4.299916005134582	0.0	0.0	6.998498076200485	unmeasured genotype combination; viability untested
YDR457W	triple	0.61992943	2.431557	-2.5085405707359314	4.4544522047042845	-3.1155940175056456	8.158047771453857	0.0	0.0	9.11831728219986	unmeasured genotype combination; viability untested
YDR479C	triple	1.0221412	-0.11471254	-1.573904800415039	3.579711294174194	-4.989302349090576	4.41297297477722	0.0	0.0	7.277945709228515	unmeasured genotype combination; viability untested
YDR480W	triple	0.57274276	0.8024342	-2.536053478717804	3.426349699497223	-2.710357737541199	6.1959551811218265	0.0	0.0	7.434358048439027	unmeasured genotype combination; viability untested
YDR486C	triple	0.01619155	-1.0167453	-2.110362684726715	1.979924726486205	-3.518548822402954	2.2604356527328484	0.0	0.0	4.934635943174361	unmeasured genotype combination; viability untested
YDR508C	triple	1.8514907	0.42228362	-1.324821937084198	6.5050095796585055	-3.6203305602073668	6.588073348999021	0.0	0.0	9.019117712974547	unmeasured genotype combination; viability untested
YDR530C	triple	1.9597616	0.8908984	-2.0503896117210387	5.464468383789062	-2.789817452430725	5.45374116897583	0.0	0.0	7.8792083084583275	unmeasured genotype combination; viability untested
YDR534C	triple	-0.04994744	0.81216455	-2.2064643502235413	3.23523690700531	-4.4050075054168705	5.092255997657776	0.0	0.0	7.4694823801517485	unmeasured genotype combination; viability untested
YDR536W	triple	0.5074629	1.2773387	-1.9516147136688233	3.3554276227951045	-3.038141369819641	4.490271401405335	0.0	0.0	6.417727553844452	unmeasured genotype combination; viability untested
YEL008W	triple	0.59399796	1.1215172	-1.9400496006011962	3.4932875871658315	-4.243842458724975	5.127871942520141	0.0	0.0	7.402525794506072	unmeasured genotype combination; viability untested
YEL009C	triple	0.0104929805	1.849657	-3.2640535116195677	3.2315863251686094	-1.5819059491157532	6.258356094360351	0.0	0.0	7.16795094013214	unmeasured genotype combination; viability untested
YEL010W	triple	0.8650447	1.4705787	-2.801986849308014	4.396146440505982	-3.197732615470886	6.7259149074554445	0.0	0.0	8.560890406370163	unmeasured genotype combination; viability untested
YEL020C	triple	0.5888603	1.6296021	-2.083418810367584	2.9473648786544797	-2.7833521366119385	5.469641733169555	0.0	0.0	6.6418887794017785	unmeasured genotype combination; viability untested
YEL027W	triple	0.04159756	-0.42931128	-2.2368931889534	2.5802428007125853	-4.712090110778808	6.234119749069212	0.0	0.0	7.8816729247570025	unmeasured genotype combination; viability untested
YEL045C	triple	-0.31501782	1.9250343	-3.928504168987274	3.365611243247984	-1.091082751750946	6.222957611083983	0.0	0.0	7.304077887535094	unmeasured genotype combination; viability untested
YEL056W	triple	0.5485924	2.0157084	-2.1231585144996643	2.688153314590454	-1.1352376103401185	6.610863685607909	0.0	0.0	6.278706562519073	unmeasured genotype combination; viability untested
YEL063C	triple	0.19050336	0.68859905	-2.7239158511161805	2.645266115665436	-3.2901164531707763	6.486722683906551	0.0	0.0	7.573010551929472	unmeasured genotype combination; viability untested
YEL066W	triple	1.2169447	1.4322326	-1.974250364303589	4.568004131317139	-2.862330365180969	5.6584214687347405	0.0	0.0	7.531503164768219	unmeasured genotype combination; viability untested
YEL068C	triple	1.1704524	1.942842	-1.7665418982505798	5.33030490875244	-3.194440507888794	7.20041766166687	0.0	0.0	8.745852488279342	unmeasured genotype combination; viability untested
YER039C-A	triple	1.3753138	1.151053	-1.537654960155487	4.818531036376953	-3.16041042804718	5.5575481891632075	0.0	0.0	7.537072306871414	unmeasured genotype combination; viability untested
YER042W	triple	0.74422276	1.842468	-2.5030999064445494	4.390500450134277	-2.6982343912124636	7.774343204498291	0.0	0.0	8.683088976144791	unmeasured genotype combination; viability untested
YER044C	triple	0.44682738	0.73130816	-2.9579192757606507	4.3986629247665405	-3.0319045782089233	4.63537220954895	0.0	0.0	7.511929494142532	unmeasured genotype combination; viability untested
YER044C-A	triple	0.9092542	0.41975617	-2.149928855895996	4.423096871376036	-5.2553246974945065	6.631314611434936	0.0	0.0	9.229832518100737	unmeasured genotype combination; viability untested
YER049W	triple	2.1685274	2.3099337	-1.3422779828310012	5.67790915966034	-1.9954001665115357	7.1360684394836404	0.0	0.0	8.07582787424326	unmeasured genotype combination; viability untested
YER051W	triple	0.739311	1.6683288	-1.872288429737091	2.867385387420654	-2.5204478025436403	4.155176544189453	0.0	0.0	5.707649081945419	unmeasured genotype combination; viability untested
YER063W	triple	0.08905284	-0.08074595	-2.963890826702118	3.2736648440361025	-4.252559578418731	4.350328540802002	0.0	0.0	7.420221894979477	unmeasured genotype combination; viability untested
YER066W	triple	-0.18718156	1.5518868	-3.126373898983002	2.9381556153297423	-1.3540207028388977	5.158398842811584	0.0	0.0	6.288474529981613	unmeasured genotype combination; viability untested
YER067C-A	triple	0.81468534	-0.9249731	-1.091504380106926	3.611645638942718	-6.428943777084351	3.5220105171203606	0.0	0.0	7.327052156627178	unmeasured genotype combination; viability untested
YER078C	triple	0.28751028	1.6366841	-2.8433059096336364	3.561035335063934	-1.1992154717445374	6.340085554122924	0.0	0.0	6.971821135282516	unmeasured genotype combination; viability untested
YER091C	triple	0.8798004	2.219668	-2.478463923931122	5.232950139045715	-3.7659078240394592	8.593711233139038	0.0	0.0	10.035516560077667	unmeasured genotype combination; viability untested
YER098W	triple	0.2670138	1.6021992	-2.449253702163696	3.833551013469695	-3.774678027629852	6.84046058654785	0.0	0.0	8.448971664905546	unmeasured genotype combination; viability untested
YER124C	triple	0.2941754	1.5201356	-2.173629570007324	3.142325711250305	-2.0926778316497803	4.53938660621643	0.0	0.0	5.97400985956192	unmeasured genotype combination; viability untested
YER130C	triple	1.2168798	3.8955836	-1.5546855330467224	5.204744124412537	-1.2649137139320374	12.738104343414303	0.0	0.0	10.3812238574028	unmeasured genotype combination; viability untested
YER132C	triple	1.4469178	0.54465175	-1.60312876701355	4.256566035747528	-3.36835036277771	4.520689654350281	0.0	0.0	6.874367409944535	unmeasured genotype combination; viability untested
YER156C	triple	0.5744249	0.009843469	-1.9052260518074036	4.432626104354858	-3.646700882911682	3.843201208114623	0.0	0.0	6.9138771235942835	unmeasured genotype combination; viability untested
YER161C	triple	0.19920501	1.6954612	-3.0635351061820986	4.002264094352722	-3.0730169296264647	7.776580715179438	0.0	0.0	8.957698422670362	unmeasured genotype combination; viability untested
YER163C	triple	0.80779076	0.107043	-2.5451801896095274	4.766697144508361	-5.83464412689209	7.836011600494385	0.0	0.0	10.491266530752181	unmeasured genotype combination; viability untested
YER174C	triple	0.6860919	1.1733841	-1.98616224527359	3.5009732365608213	-2.55111825466156	6.034876346588133	0.0	0.0	7.036565041542052	unmeasured genotype combination; viability untested
YER177W	triple	-0.48162	0.3681031	-2.824903643131256	2.505537986755371	-3.7351640105247497	5.940397644042968	0.0	0.0	7.503001642227172	unmeasured genotype combination; viability untested
YER183C	triple	0.2676255	2.0383358	-2.4219780921936036	2.5867571234703064	-2.173759949207306	5.291023421287536	0.0	0.0	6.236759293079376	unmeasured genotype combination; viability untested
YFL040W	triple	1.3815336	1.1402205	-1.5008247256278993	4.532111406326293	-3.4385119676589966	5.113045692443848	0.0	0.0	7.2922468960285185	unmeasured genotype combination; viability untested
YFL052W	triple	0.30810308	0.20436159	-2.4993990778923036	3.501100158691406	-4.437927341461181	4.638578796386718	0.0	0.0	7.538502687215805	unmeasured genotype combination; viability untested
YFL053W	triple	0.09301023	0.8034898	-3.575855922698975	3.3024566769599915	-2.212095820903778	4.5460004806518555	0.0	0.0	6.8182044506073005	unmeasured genotype combination; viability untested
YFL055W	triple	1.3960079	0.61912405	-0.969028577208519	5.270809459686278	-3.030666375160217	4.5842085599899285	0.0	0.0	6.927356486022472	unmeasured genotype combination; viability untested
YFR012W	triple	-0.0011435747	1.337399	-2.757659602165222	2.8447146654129023	-1.2453434705734252	4.7552263021469106	0.0	0.0	5.80147202014923	unmeasured genotype combination; viability untested
YFR021W	triple	0.60211384	1.3082445	-2.5708181858062744	3.788904869556426	-2.187439966201782	8.1638153553009	0.0	0.0	8.35548918843269	unmeasured genotype combination; viability untested
YFR022W	triple	0.78641665	0.9320104	-2.23012912273407	3.7267514705657945	-3.3713248491287233	6.797398090362548	0.0	0.0	8.062801766395568	unmeasured genotype combination; viability untested
YFR034C	triple	-0.0931657	0.6041556	-2.7497783064842225	2.3120476365089417	-2.95683012008667	4.80747127532959	0.0	0.0	6.413063669204712	unmeasured genotype combination; viability untested
YFR041C	triple	-0.028404832	2.1378772	-3.109220004081726	3.488956975936889	-2.6883095502853394	7.181729459762572	0.0	0.0	8.234107995033263	unmeasured genotype combination; viability untested
YGL004C	triple	0.31392	1.0311975	-1.8814842581748963	3.8411674737930297	-2.0111132621765138	4.8345668554306025	0.0	0.0	6.284165924787521	unmeasured genotype combination; viability untested
YGL026C	triple	0.52098364	2.3310592	-2.308768963813782	4.121633863449096	-2.176460361480713	7.045385026931762	0.0	0.0	7.826124107837677	unmeasured genotype combination; viability untested
YGL028C	triple	-0.21110249	-0.3580413	-2.3068084478378297	2.156787252426147	-4.645087623596192	4.548062968254089	0.0	0.0	6.828373146057128	unmeasured genotype combination; viability untested
YGL039W	triple	1.0620644	1.1803423	-2.1667309403419495	4.171013510227202	-2.501588761806488	5.814315414428711	0.0	0.0	7.3268243134021755	unmeasured genotype combination; viability untested
YGL059W	triple	2.0955043	2.1668205	-2.069335401058197	6.960400032997131	-2.7631509065628053	8.861238145828246	0.0	0.0	10.327062243223189	unmeasured genotype combination; viability untested
YGL071W	triple	0.082877085	2.2387748	-2.010648500919342	3.1433869481086725	-2.668148946762085	6.234801626205444	0.0	0.0	7.028493010997773	unmeasured genotype combination; viability untested
YGL072C	triple	0.943063	0.6841556	-1.7217368602752685	3.391087996959686	-3.9957873940467836	6.948354005813598	0.0	0.0	8.028483128547668	unmeasured genotype combination; viability untested
YGL094C	triple	0.6761237	0.8117064	-2.4076013803482055	3.8191741943359374	-4.3529892563819885	5.560210227966308	0.0	0.0	8.06998752951622	unmeasured genotype combination; viability untested
YGL104C	triple	0.95345324	0.6433214	-1.3132558107376098	3.6425709247589113	-3.340615522861481	6.325619602203368	0.0	0.0	7.311030930280684	unmeasured genotype combination; viability untested
YGL114W	triple	0.8053092	1.446533	-2.5722126722335816	3.7970294356346117	-2.217185616493225	5.663614869117736	0.0	0.0	7.125021296739577	unmeasured genotype combination; viability untested
YGL118C	triple	-0.21858183	1.0039371	-3.6240320920944216	2.781764602661133	-2.6847216844558717	4.48301751613617	0.0	0.0	6.786767947673798	unmeasured genotype combination; viability untested
YGL126W	triple	0.257077	0.5417371	-2.1519378066062926	3.7040549993515004	-2.9803058385848997	4.018165147304535	0.0	0.0	6.427231895923613	unmeasured genotype combination; viability untested
YGL138C	triple	1.0429865	3.1053443	-1.6510150671005248	3.5544333338737486	-1.2543202877044677	10.070640468597412	0.0	0.0	8.265204578638077	unmeasured genotype combination; viability untested
YGL140C	triple	0.8078076	0.26128268	-2.7018518924713133	4.291191685199736	-3.431980001926422	5.68970592021942	0.0	0.0	8.057364749908444	unmeasured genotype combination; viability untested
YGL154C	triple	0.64443415	2.0789735	-2.1370041012763976	3.718156194686889	-2.3267866015434264	6.098437547683716	0.0	0.0	7.140192222595214	unmeasured genotype combination; viability untested
YGL159W	triple	0.40051466	1.5307083	-2.5203248023986817	3.1524651408195496	-1.9386093020439148	5.562297844886779	0.0	0.0	6.586848545074463	unmeasured genotype combination; viability untested
YGL162W	triple	-0.05828625	0.560253	-2.0750534296035767	2.3185280561447144	-4.628209352493286	3.944292914867401	0.0	0.0	6.483041876554489	unmeasured genotype combination; viability untested
YGL166W	triple	0.020947732	0.35524148	-2.632826054096222	2.937363135814666	-2.8745922088623046	4.316425156593323	0.0	0.0	6.3806032776832575	unmeasured genotype combination; viability untested
YGL170C	triple	0.36030078	1.2903596	-2.112840700149536	3.5502202630043027	-2.974752426147461	5.843558263778685	0.0	0.0	7.240685826539993	unmeasured genotype combination; viability untested
YGL177W	triple	-0.8277538	1.6980257	-3.5685742855072022	2.0160657763481136	-2.164833700656891	5.507184982299803	0.0	0.0	6.628329372406005	unmeasured genotype combination; viability untested
YGL199C	triple	0.3121712	0.5466578	-1.9844670295715332	3.0906061649322507	-3.507778787612915	5.535899353027343	0.0	0.0	7.059375667572021	unmeasured genotype combination; viability untested
YGL200C	triple	-0.17055827	0.5191732	-2.8801564812660216	2.6390033125877377	-5.851785612106323	4.865365529060363	0.0	0.0	8.118155467510224	unmeasured genotype combination; viability untested
YGL202W	triple	0.9559506	1.9533784	-1.5461665272712708	3.909795570373535	-2.4308302760124207	5.175755834579467	0.0	0.0	6.531274104118347	unmeasured genotype combination; viability untested
YGL218W	triple	0.57354856	0.30764443	-2.187830400466919	2.902334070205688	-2.2181970715522765	3.4348158001899716	0.0	0.0	5.371588671207428	unmeasured genotype combination; viability untested
YGL231C	triple	0.21475087	0.62865484	-2.2776280879974364	3.264719128608703	-3.0226131439208985	3.32802894115448	0.0	0.0	5.946494650840759	unmeasured genotype combination; viability untested
YGL240W	triple	0.5655342	1.4887458	-2.759522783756256	3.9127496004104607	-1.3785575032234192	5.18640456199646	0.0	0.0	6.618617224693297	unmeasured genotype combination; viability untested
YGR003W	triple	-0.3638397	0.31042552	-2.94891117811203	3.561673319339751	-4.014693152904511	4.53135735988617	0.0	0.0	7.5283175051212305	unmeasured genotype combination; viability untested
YGR031W	triple	1.1001358	1.3688173	-1.3682124614715576	3.2234862089157104	-1.4232271790504454	4.8707527875900265	0.0	0.0	5.442839318513871	unmeasured genotype combination; viability untested
YGR034W	triple	0.8944653	0.41472876	-2.7120819807052614	5.0136303186416615	-3.394247031211853	3.886991512775421	0.0	0.0	7.5034754216670985	unmeasured genotype combination; viability untested
YGR039W	triple	1.4289072	1.3242149	-1.4061779975891113	5.49232621192932	-2.533756959438324	7.6504027366638185	0.0	0.0	8.541331952810287	unmeasured genotype combination; viability untested
YGR049W	triple	0.63460803	0.8344109	-1.713025736808777	4.285121238231659	-2.8979899168014525	4.520401096343994	0.0	0.0	6.708268994092941	unmeasured genotype combination; viability untested
YGR057C	triple	1.0761836	1.8534135	-1.460345494747162	4.521519136428833	-1.6102310061454772	6.324994611740112	0.0	0.0	6.958545124530792	unmeasured genotype combination; viability untested
YGR068C	triple	0.44974983	1.283586	-1.7389294624328613	3.3846967697143553	-1.688946294784546	5.31554081439972	0.0	0.0	6.064056670665741	unmeasured genotype combination; viability untested
YGR087C	triple	0.6320826	1.4997793	-1.8537305474281311	3.6867513418197633	-1.3323665499687194	4.619557690620422	0.0	0.0	5.746203064918518	unmeasured genotype combination; viability untested
YGR088W	triple	0.8062806	1.8693216	-2.9716689705848696	5.8466759443283065	-2.833880805969238	8.323354959487915	0.0	0.0	9.987790340185164	unmeasured genotype combination; viability untested
YGR104C	triple	1.2674899	1.0364474	-1.992055928707123	5.4189833164215075	-3.8101500272750854	7.101771497726439	0.0	0.0	9.161480385065078	unmeasured genotype combination; viability untested
YGR110W	triple	1.2061923	0.47092697	-2.6647566080093386	5.435918140411377	-3.1059766530990602	4.593387985229492	0.0	0.0	7.900019693374634	unmeasured genotype combination; viability untested
YGR112W	triple	0.70058745	1.3545328	-1.979385781288147	3.6231781244277954	-2.264469492435455	5.423211002349853	0.0	0.0	6.645122200250626	unmeasured genotype combination; viability untested
YGR124W	triple	2.0702467	2.7399836	-1.1768290787935256	8.690811538696288	-2.286396026611328	10.197336626052856	0.0	0.0	11.175686635077	unmeasured genotype combination; viability untested
YGR146C	triple	0.24341618	1.6169753	-2.8180893540382383	4.090826654434204	-3.908125865459442	8.471459197998046	0.0	0.0	9.644250535964964	unmeasured genotype combination; viability untested
YGR171C	triple	0.24202408	1.1686239	-2.4228504061698914	4.094011104106903	-2.464598774909973	4.626795864105224	0.0	0.0	6.804128074645996	unmeasured genotype combination; viability untested
YGR203W	triple	0.68042433	1.4954572	-2.4013467669487	3.0222484946250914	-1.0151308298110961	5.187298345565796	0.0	0.0	5.813012218475341	unmeasured genotype combination; viability untested
YGR208W	triple	0.42353463	1.5942771	-2.608174955844879	2.414753794670105	-2.6879345059394835	5.913829278945922	0.0	0.0	6.812346267700195	unmeasured genotype combination; viability untested
YGR236C	triple	0.38753748	1.267686	-2.210111439228058	4.612715864181519	-2.6752249956130982	4.429987525939941	0.0	0.0	6.964019912481308	unmeasured genotype combination; viability untested
YGR237C	triple	0.7595772	-0.59546125	-1.9154626727104187	4.660190224647521	-4.548586511611939	3.843797743320465	0.0	0.0	7.484018576145171	unmeasured genotype combination; viability untested
YGR242W	triple	0.7830574	0.037160665	-2.105908954143524	4.233244323730468	-2.786830711364746	3.726208245754242	0.0	0.0	6.42609611749649	unmeasured genotype combination; viability untested
YGR257C	triple	0.7141312	1.1782377	-1.6822402238845826	5.5298104763030995	-3.8880731225013734	7.072326135635375	0.0	0.0	9.086224979162214	unmeasured genotype combination; viability untested
YGR259C	triple	0.8500099	0.9709181	-1.9250204682350158	4.02035665512085	-3.596732127666473	4.994304251670836	0.0	0.0	7.268206751346588	unmeasured genotype combination; viability untested
YGR263C	triple	0.6260912	1.2978175	-2.0930909276008607	4.638372349739073	-2.57907292842865	5.685794210433959	0.0	0.0	7.4981652081012715	unmeasured genotype combination; viability untested
YGR269W	triple	-0.0414979	0.6139945	-2.6542836666107177	2.420843362808227	-3.9978978991508485	6.46439583301544	0.0	0.0	7.768710380792617	unmeasured genotype combination; viability untested
YHL011C	triple	0.168216	0.54983884	-2.960794913768768	3.531410670280456	-4.9992440700531	4.021560955047607	0.0	0.0	7.756505304574965	unmeasured genotype combination; viability untested
YHL044W	triple	1.0490485	1.5802534	-2.114345681667328	3.807720959186554	-2.4437944650650025	6.4854676723480225	0.0	0.0	7.425664389133454	unmeasured genotype combination; viability untested
YHR016C	triple	0.09663111	-0.38336042	-3.333190083503723	3.7114197254180903	-3.830613839626312	2.6147915124893184	0.0	0.0	6.745007580518722	unmeasured genotype combination; viability untested
YHR029C	triple	1.8993269	1.2626718	-0.17169283032417298	4.273790383338929	-2.658262515068054	6.200697040557859	0.0	0.0	6.652221384644507	unmeasured genotype combination; viability untested
YHR075C	triple	1.1365982	1.1130197	-1.4395154953002929	4.072887563705444	-3.060631346702576	4.860060787200927	0.0	0.0	6.716547596454619	unmeasured genotype combination; viability untested
YHR086W	triple	0.64126337	1.7643268	-1.5416908740997315	3.234105789661407	-2.136320781707764	7.494876575469969	0.0	0.0	7.203497010469436	unmeasured genotype combination; viability untested
YHR109W	triple	0.41094297	2.9925084	-2.4141457080841064	3.6505918979644774	-1.2398604869842529	8.84228925704956	0.0	0.0	8.073443675041197	unmeasured genotype combination; viability untested
YHR137W	triple	1.37436	0.6677934	-1.1712351351976396	4.804048705101013	-3.0853581190109254	3.3021660566329953	0.0	0.0	6.181404007971286	unmeasured genotype combination; viability untested
YHR176W	triple	1.8814417	1.5413092	-1.0960720539093018	7.192295074462889	-3.1994454145431517	7.788725805282592	0.0	0.0	9.638269174098967	unmeasured genotype combination; viability untested
YHR177W	triple	2.4387875	0.34753215	-0.8734898060560226	6.5458289861679075	-5.775331115722656	7.034538221359252	0.0	0.0	10.11459406465292	unmeasured genotype combination; viability untested
YHR180W	triple	0.93643415	-0.30941394	-1.3628878235816955	4.143378007411957	-4.153667640686035	3.685508799552917	0.0	0.0	6.672721135616302	unmeasured genotype combination; viability untested
YHR183W	triple	1.3812017	0.50085413	-1.8154892802238465	4.936182332038879	-3.388651728630066	5.8260097026824935	0.0	0.0	7.983166521787643	unmeasured genotype combination; viability untested
YIL044C	triple	0.822062	1.5419847	-1.1474542021751404	3.0361170291900628	-2.417383074760437	7.837174463272094	0.0	0.0	7.219064384698867	unmeasured genotype combination; viability untested
YIL060W	triple	1.3357565	1.4404556	-1.440644109249115	4.476129078865051	-2.6170629262924194	6.628755807876587	0.0	0.0	7.581295961141586	unmeasured genotype combination; viability untested
YIL064W	triple	0.85416067	1.1314107	-2.271114766597748	3.580033934116363	-2.251126790046692	5.034972810745239	0.0	0.0	6.5686241507530205	unmeasured genotype combination; viability untested
YIL094C	triple	0.15511517	0.03928657	-2.582609403133392	3.6608746051788326	-3.388912796974182	4.4146506786346436	0.0	0.0	7.023523741960525	unmeasured genotype combination; viability untested
YIL125W	triple	0.6297804	2.1522725	-1.622867965698242	4.0614190101623535	-1.1009172677993775	5.432439184188842	0.0	0.0	6.108821713924408	unmeasured genotype combination; viability untested
YIL135C	triple	-0.46304783	0.23932621	-3.0620263814926147	2.3683768272399903	-3.9190624356269836	6.050354933738706	0.0	0.0	7.699910289049147	unmeasured genotype combination; viability untested
YIL160C	triple	0.6429607	0.9881835	-2.178405928611755	3.6920720696449276	-3.758090341091156	5.668927335739135	0.0	0.0	7.648747837543487	unmeasured genotype combination; viability untested
YIL173W	triple	0.29254484	0.4981729	-1.9623605728149414	3.3342136859893796	-2.435124707221985	4.303948283195495	0.0	0.0	6.0178236246109	unmeasured genotype combination; viability untested
YIR013C	triple	-0.69951886	0.3047837	-3.2695340275764466	2.9277788281440724	-4.796352863311768	3.825923931598663	0.0	0.0	7.409794825315474	unmeasured genotype combination; viability untested
YIR016W	triple	-0.11716674	0.8781696	-2.5073538541793825	2.4236456751823425	-3.602041721343994	5.2345898151397705	0.0	0.0	6.883815532922744	unmeasured genotype combination; viability untested
YIR027C	triple	1.3577923	1.5097365	-2.1423093557357786	4.965981578826903	-2.75306875705719	7.5605166912078845	0.0	0.0	8.710938191413877	unmeasured genotype combination; viability untested
YJL027C	triple	0.26383162	0.83034277	-3.016583967208862	3.731544756889342	-2.0531677484512327	4.526909446716308	0.0	0.0	6.6641029596328725	unmeasured genotype combination; viability untested
YJL043W	triple	1.2208526	0.9147967	-1.4810886621475219	4.782277393341064	-2.245678019523621	5.0670510768890376	0.0	0.0	6.788047575950622	unmeasured genotype combination; viability untested
YJL044C	triple	1.2989745	1.6722628	-2.4566720604896544	5.61616756916046	-3.1744166135787966	6.100108098983765	0.0	0.0	8.67368217110634	unmeasured genotype combination; viability untested
YJL046W	triple	0.6961112	1.3793356	-1.7641894698143004	3.0180344462394713	-3.3989041090011596	7.093711948394775	0.0	0.0	7.637419986724853	unmeasured genotype combination; viability untested
YJL053W	triple	0.1368767	1.1962681	-2.2209524750709533	2.1455352306365967	-2.8752525806427003	5.7622302055358885	0.0	0.0	6.50198524594307	unmeasured genotype combination; viability untested
YJL064W	triple	0.6090281	1.7440852	-2.016543114185333	4.766139793395996	-3.39430855512619	6.403211069107055	0.0	0.0	8.290101265907287	unmeasured genotype combination; viability untested
YJL066C	triple	0.632679	1.6232691	-2.171470069885254	4.983861076831816	-1.9646639823913574	5.970020103454589	0.0	0.0	7.545007616281508	unmeasured genotype combination; viability untested
YJL094C	triple	2.1243346	-0.0808799	-1.5932917833328246	8.275934672355652	-3.3729626178741454	4.92090811729431	0.0	0.0	9.081548595428465	unmeasured genotype combination; viability untested
YJL107C	triple	-0.008932263	0.23181349	-3.1329033970832825	3.2900051116943354	-3.8477288365364073	5.4913291931152335	0.0	0.0	7.88098326921463	unmeasured genotype combination; viability untested
YJL126W	triple	0.65527564	1.2861165	-1.8364444255828858	3.5410526514053338	-2.0932133316993715	3.5848515391349793	0.0	0.0	5.527780973911286	unmeasured genotype combination; viability untested
YJL140W	triple	0.9230727	3.4926312	-3.2306890368461607	6.070363306999204	-1.3025131225585938	10.103311729431152	0.0	0.0	10.353438597917556	unmeasured genotype combination; viability untested
YJL161W	triple	-0.26676363	1.6691394	-3.054896819591522	2.9953447818756103	-2.839872193336487	5.672847557067871	0.0	0.0	7.281480675935745	unmeasured genotype combination; viability untested
YJL166W	triple	0.47617513	1.1625597	-3.186309480667114	3.9422062635421744	-2.241243803501129	4.688169717788695	0.0	0.0	7.028964632749556	unmeasured genotype combination; viability untested
YJL190C	triple	0.09836724	0.849609	-3.5183842182159424	4.357428240776062	-2.3327070116996764	4.5953844547271725	0.0	0.0	7.401951962709427	unmeasured genotype combination; viability untested
YJL213W	triple	0.9683156	2.170346	-2.5742630124092103	4.53656485080719	-1.7020036935806275	5.022621822357178	0.0	0.0	6.917726689577103	unmeasured genotype combination; viability untested
YJL216C	triple	1.1151683	0.81275445	-1.9808044314384459	4.234230041503906	-4.211225175857544	5.077682471275329	0.0	0.0	7.751971060037613	unmeasured genotype combination; viability untested
YJL217W	triple	-0.028577581	1.5538629	-3.3925241589546205	4.287127351760864	-3.0176387786865235	6.459575414657593	0.0	0.0	8.578432852029799	unmeasured genotype combination; viability untested
YJR034W	triple	-0.12897156	0.9831804	-2.216409409046173	2.133473145961761	-3.851078760623932	4.986510801315307	0.0	0.0	6.593736058473587	unmeasured genotype combination; viability untested
YJR073C	triple	1.4440136	2.0437136	-2.8567795276641847	4.4368445634841915	-2.7943646907806396	6.0837305068969725	0.0	0.0	8.085859644412995	unmeasured genotype combination; viability untested
YJR079W	triple	0.6582365	0.7541983	-2.370500719547272	4.347148466110229	-3.2885398149490355	7.1208660125732415	0.0	0.0	8.563527506589889	unmeasured genotype combination; viability untested
YJR084W	triple	0.21052144	-0.09501128	-2.6090303897857665	2.7747877955436704	-3.732154107093811	3.490530824661255	0.0	0.0	6.303251558542252	unmeasured genotype combination; viability untested
YJR098C	triple	0.9016476	0.98552376	-1.6800219416618347	4.4588285923004145	-2.752025604248047	6.256992769241333	0.0	0.0	7.573934453725814	unmeasured genotype combination; viability untested
YJR107W	triple	0.7941746	1.8012229	-1.3153151988983154	4.524952983856201	-1.6676301598548888	5.576967811584472	0.0	0.0	6.542433077096939	unmeasured genotype combination; viability untested
YJR111C	triple	0.9758279	0.37271163	-2.0040836215019224	4.603514742851257	-4.656715679168701	5.859667921066284	0.0	0.0	8.561990982294082	unmeasured genotype combination; viability untested
YJR124C	triple	0.15303345	1.2084572	-2.016091048717499	2.665208160877228	-2.5452621936798097	4.777424478530883	0.0	0.0	6.00199294090271	unmeasured genotype combination; viability untested
YJR144W	triple	0.44012251	1.929795	-2.046687662601471	2.8039085030555726	-1.4235245347023011	4.890086054801941	0.0	0.0	5.582103377580642	unmeasured genotype combination; viability untested
YJR147W	triple	0.2716955	1.1275413	-2.9324005365371706	3.6122803807258608	-2.775722122192383	6.70366859436035	0.0	0.0	8.012035816907883	unmeasured genotype combination; viability untested
YJR154W	triple	0.6520331	1.6142046	-2.3640001893043516	3.3915167689323416	-1.6550381422042846	5.1635714054107655	0.0	0.0	6.287063252925872	unmeasured genotype combination; viability untested
YKL002W	triple	0.6308148	0.5270213	-2.5317705512046813	4.199732339382171	-2.7114138841629027	3.2869483470916747	0.0	0.0	6.364932560920716	unmeasured genotype combination; viability untested
YKL026C	triple	1.2137514	1.6061866	-1.8063284635543824	4.763939118385315	-3.232079029083252	6.456485748291015	0.0	0.0	8.129416179656982	unmeasured genotype combination; viability untested
YKL039W	triple	1.640998	1.3436636	-1.5723859548568726	5.146314978599548	-4.272258126735688	7.870158720016478	0.0	0.0	9.430558890104294	unmeasured genotype combination; viability untested
YKL062W	triple	0.20177928	1.6020252	-1.928006935119629	2.8777087211608885	-2.899430775642395	5.893865489959716	0.0	0.0	6.799505960941314	unmeasured genotype combination; viability untested
YKL068W	triple	0.5989657	0.7162877	-2.3702451586723328	4.341562557220459	-3.3985726833343506	4.671202778816222	0.0	0.0	7.390791589021683	unmeasured genotype combination; viability untested
YKL076C	triple	0.60537046	0.98641264	-2.247018849849701	4.433399724960325	-2.85290732383728	5.4073200702667235	0.0	0.0	7.470322984457015	unmeasured genotype combination; viability untested
YKL077W	triple	0.93865514	1.0441687	-2.586712825298309	4.965636944770813	-4.035478818416595	5.037830352783203	0.0	0.0	8.31282947063446	unmeasured genotype combination; viability untested
YKL085W	triple	0.7826716	2.2427304	-3.205161964893341	5.231348156929016	-1.3329359292984009	6.880265617370605	0.0	0.0	8.324855834245682	unmeasured genotype combination; viability untested
YKL090W	triple	0.2304109	1.623714	-2.490205717086792	4.050546395778656	-1.7743223428726196	7.305433511734007	0.0	0.0	7.810253983736037	unmeasured genotype combination; viability untested
YKL093W	triple	0.22842818	0.17783082	-2.961201477050781	3.0908439874649045	-3.5544976472854612	4.608332633972166	0.0	0.0	7.107437872886656	unmeasured genotype combination; viability untested
YKL094W	triple	0.2703986	0.8752418	-2.0119153261184692	2.890742766857147	-3.223045325279236	4.361309957504273	0.0	0.0	6.243506687879563	unmeasured genotype combination; viability untested
YKL097C	triple	1.062997	0.2627862	-0.8744453728199005	3.662061190605163	-3.124040591716766	4.718729162216186	0.0	0.0	6.189638158679008	unmeasured genotype combination; viability untested
YKL123W	triple	-0.063483655	0.31526864	-2.9159253239631653	1.9000213503837584	-3.9719733595848083	4.657844233512878	0.0	0.0	6.7228821337223055	unmeasured genotype combination; viability untested
YKL132C	triple	0.6259196	0.6226821	-1.4538037300109863	4.200497245788574	-2.5072367072105406	4.244048476219177	0.0	0.0	6.202793079614639	unmeasured genotype combination; viability untested
YKL134C	triple	-0.17252094	0.77412385	-2.4167569279670715	2.9094621419906614	-3.3384796142578126	4.301987278461455	0.0	0.0	6.483342981338501	unmeasured genotype combination; viability untested
YKL138C	triple	-0.18511021	-0.4898334	-3.083728218078613	2.9245792150497434	-3.7554088950157167	3.075532031059265	0.0	0.0	6.419624179601669	unmeasured genotype combination; viability untested
YKL149C	triple	1.9023483	1.7268455	-1.8521652579307557	4.9890770435333245	-2.3868052840232847	5.867287683486938	0.0	0.0	7.547667634487151	unmeasured genotype combination; viability untested
YKL190W	triple	1.2555699	1.1196983	-1.0523245960474015	3.37085645198822	-2.8046507120132445	5.595668125152588	0.0	0.0	6.411749942600727	unmeasured genotype combination; viability untested
YKL201C	triple	1.1976631	2.3031037	-2.254302370548248	6.2121680021286	-1.5559893488883971	10.011947202682494	0.0	0.0	10.01720346212387	unmeasured genotype combination; viability untested
YKL215C	triple	0.12240012	1.9105148	-3.698659086227417	4.626950764656066	-2.7535879135131838	5.39326958656311	0.0	0.0	8.236233675479887	unmeasured genotype combination; viability untested
YKR005C	triple	-0.007378176	0.558748	-3.781187093257904	2.201263320446014	-4.631379890441894	5.0381447792053216	0.0	0.0	7.825987541675568	unmeasured genotype combination; viability untested
YKR009C	triple	-0.46709996	0.1865164	-2.9209476709365845	2.7648210048675534	-4.2362918019294735	7.053500509262085	0.0	0.0	8.487780493497848	unmeasured genotype combination; viability untested
YKR026C	triple	0.07926379	1.4511456	-2.769831109046936	3.608972418308258	-1.4822362661361694	4.801075172424316	0.0	0.0	6.331057482957839	unmeasured genotype combination; viability untested
YKR033C	triple	-0.60140455	0.3542806	-3.1879942178726197	2.352168619632721	-2.5705990314483644	3.490297186374664	0.0	0.0	5.800529527664184	unmeasured genotype combination; viability untested
YKR039W	triple	0.71608305	0.5060496	-2.346551537513733	3.8788561344146726	-2.3661422610282896	3.3448166847229004	0.0	0.0	5.968183308839798	unmeasured genotype combination; viability untested
YKR041W	triple	0.14165507	0.31730142	-2.8364732027053834	3.5348327875137326	-3.1262845754623414	4.634971570968627	0.0	0.0	7.066281068325042	unmeasured genotype combination; viability untested
YKR043C	triple	0.6457568	1.5802839	-1.7423583149909974	4.921696138381957	-2.0809624195098877	5.049539089202881	0.0	0.0	6.897277981042862	unmeasured genotype combination; viability untested
YKR045C	triple	-0.6339751	1.1944995	-3.3721163272857666	1.9895546436309812	-1.9270424842834473	5.6525028228759755	0.0	0.0	6.470608139038085	unmeasured genotype combination; viability untested
YKR050W	triple	1.4629438	0.2697516	-1.9028268098831176	5.074267816543578	-4.241530430316925	4.989698886871337	0.0	0.0	8.104161971807478	unmeasured genotype combination; viability untested
YKR060W	triple	1.1435795	0.25168043	-2.266878938674927	3.8242642998695366	-5.8472168922424315	5.183720731735229	0.0	0.0	8.561040431261063	unmeasured genotype combination; viability untested
YKR069W	triple	1.0454894	1.6246567	-1.1029237270355225	5.024580121040343	-2.058283805847168	6.198639917373656	0.0	0.0	7.192213785648345	unmeasured genotype combination; viability untested
YKR080W	triple	-0.060402393	0.6450075	-2.8118646144866943	2.303321266174316	-2.132021689414978	3.548593938350677	0.0	0.0	5.397900754213333	unmeasured genotype combination; viability untested
YKR087C	triple	0.5270015	0.9058311	-2.2555606603622436	4.430563950538636	-1.7386396050453186	4.2865152835845945	0.0	0.0	6.3556397497653965	unmeasured genotype combination; viability untested
YKR088C	triple	0.6607666	2.821264	-3.1945282936096193	3.784024143218994	-1.0781115770339966	8.054653787612914	0.0	0.0	8.055658900737761	unmeasured genotype combination; viability untested
YKR091W	triple	-0.22750515	1.552134	-2.8331940531730653	1.9264601945877073	-3.2750596046447753	8.222213363647459	0.0	0.0	8.128463608026504	unmeasured genotype combination; viability untested
YLL006W	triple	0.41043454	0.62774765	-2.4402849674224854	3.5651242494583126	-5.911609172821045	7.391722536087033	0.0	0.0	9.654370462894438	unmeasured genotype combination; viability untested
YLL017W	triple	1.1552008	1.080154	-1.3304223895072937	4.270726263523101	-3.0456056356430055	4.7498703479766835	0.0	0.0	6.6983123183250415	unmeasured genotype combination; viability untested
YLL018C-A	triple	1.5237174	1.3075542	-1.5593807697296143	4.552024984359741	-1.6168620944023133	5.049878549575805	0.0	0.0	6.389073199033737	unmeasured genotype combination; viability untested
YLL061W	triple	0.5688465	0.8674755	-1.7343488812446595	3.014924347400665	-2.4510465621948243	5.152167272567748	0.0	0.0	6.176243531703948	unmeasured genotype combination; viability untested
YLR001C	triple	1.2139446	1.5510917	-2.059695291519165	4.20246422290802	-2.583959901332855	6.361448049545287	0.0	0.0	7.603783732652664	unmeasured genotype combination; viability untested
YLR027C	triple	1.1260796	1.944127	-1.6654511213302612	5.71113440990448	-2.5794618129730225	7.258743906021118	0.0	0.0	8.60739562511444	unmeasured genotype combination; viability untested
YLR063W	triple	0.28267753	0.49584275	-2.6234855532646177	2.910015273094177	-3.792495679855347	4.761384296417236	0.0	0.0	7.043690401315689	unmeasured genotype combination; viability untested
YLR069C	triple	0.5167501	1.9101906	-2.272839605808258	3.90544888973236	-3.1600558042526243	7.622012948989866	0.0	0.0	8.480178624391556	unmeasured genotype combination; viability untested
YLR072W	triple	0.20689425	0.29893237	-2.5847923159599304	3.4603730916976914	-3.5652483701705933	5.7549029827117915	0.0	0.0	7.682658380270003	unmeasured genotype combination; viability untested
YLR077W	triple	0.13427305	2.1337292	-3.8122401356697084	4.8925046682357785	-1.280108630657196	6.641824436187743	0.0	0.0	8.313338935375214	unmeasured genotype combination; viability untested
YLR083C	triple	0.9665499	0.9358665	-2.9823904752731325	4.655476450920105	-3.4977035522460938	6.143020009994506	0.0	0.0	8.639295244216918	unmeasured genotype combination; viability untested
YLR118C	triple	0.68366444	0.68293464	-2.0266888618469237	3.7827207803726193	-2.553656578063965	4.178709197044372	0.0	0.0	6.27088770866394	unmeasured genotype combination; viability untested
YLR122C	triple	0.009295844	2.0267515	-3.042514133453369	3.0012926936149595	-1.6817578434944154	7.022669792175292	0.0	0.0	7.374117231369018	unmeasured genotype combination; viability untested
YLR123C	triple	1.4254938	1.5598376	-1.386264729499817	5.1435731649398795	-2.3658360719680784	5.356662440299988	0.0	0.0	7.126168203353881	unmeasured genotype combination; viability untested
YLR172C	triple	0.88046443	1.6173034	-2.008360004425049	3.4076530456542966	-1.7309484958648682	5.976115322113037	0.0	0.0	6.561538434028625	unmeasured genotype combination; viability untested
YLR199C	triple	0.15102497	0.20090161	-1.86813086271286	2.431076169013977	-4.097209358215332	5.86361858844757	0.0	0.0	7.13001748919487	unmeasured genotype combination; viability untested
YLR202C	triple	-0.009068079	2.529111	-2.5259413003921507	3.950494980812072	-2.340302324295044	7.701201343536376	0.0	0.0	8.258969974517822	unmeasured genotype combination; viability untested
YLR204W	triple	0.6519625	0.49490762	-1.2113311767578125	2.957518076896667	-2.3498206973075866	3.4217175126075734	0.0	0.0	4.9701937317848195	unmeasured genotype combination; viability untested
YLR219W	triple	0.33227563	-1.1266018	-2.0876961827278135	3.3555103659629815	-6.879057741165161	4.317294049262999	0.0	0.0	8.319779169559478	unmeasured genotype combination; viability untested
YLR237W	triple	0.43465158	0.9206066	-2.057301700115204	3.8169584274291988	-2.5973605632781984	4.928196144104003	0.0	0.0	6.699908417463302	unmeasured genotype combination; viability untested
YLR246W	triple	0.41968715	1.0291306	-2.6098382115364074	4.13697279691696	-4.378350508213043	6.3788597106933596	0.0	0.0	8.752010613679886	unmeasured genotype combination; viability untested
YLR260W	triple	0.2534805	1.3548332	-2.0804424405097963	2.561773717403412	-2.8666588187217714	5.935457134246826	0.0	0.0	6.722166055440903	unmeasured genotype combination; viability untested
YLR285W	triple	0.40820736	2.7131705	-2.1569941639900208	3.456213891506195	-2.852667534351349	8.946206998825073	0.0	0.0	8.70604129433632	unmeasured genotype combination; viability untested
YLR304C	triple	-0.06709568	0.6028243	-3.6002733945846557	2.483672785758972	-4.138722944259643	5.007056856155395	0.0	0.0	7.614862990379333	unmeasured genotype combination; viability untested
YLR312W-A	triple	0.21253306	-1.3959739	-2.648688268661499	3.731946873664856	-5.601549434661865	2.2508020520210263	0.0	0.0	7.116493314504623	unmeasured genotype combination; viability untested
YLR343W	triple	0.5973167	0.98779577	-2.4769734740257263	3.7141023993492124	-4.496229207515716	4.806301689147949	0.0	0.0	7.746803385019302	unmeasured genotype combination; viability untested
YLR351C	triple	0.67186975	1.2769349	-2.9325279712677004	3.788682556152344	-4.144799423217774	5.094038343429565	0.0	0.0	7.980024147033692	unmeasured genotype combination; viability untested
YLR358C	triple	1.1659061	0.16418406	-1.7880668878555297	4.17953987121582	-3.697154664993286	4.5085434198379515	0.0	0.0	7.086652421951293	unmeasured genotype combination; viability untested
YLR367W	triple	0.12577814	0.6177689	-2.3490439772605898	2.1034392952919	-2.38720782995224	4.837757873535156	0.0	0.0	5.838724488019943	unmeasured genotype combination; viability untested
YLR382C	triple	1.4007514	2.3807893	-2.938438558578491	3.78220134973526	-3.7673413276672365	7.235131406784057	0.0	0.0	8.861556321382523	unmeasured genotype combination; viability untested
YLR401C	triple	0.40699044	1.7787579	-3.623967981338501	4.6313403129577635	-2.243812894821167	4.972402215003967	0.0	0.0	7.7357617020606995	unmeasured genotype combination; viability untested
YLR415C	triple	0.45108482	1.43911	-2.8286429166793825	3.3848011136054983	-1.5541456699371339	4.792340064048767	0.0	0.0	6.279964882135391	unmeasured genotype combination; viability untested
YLR432W	triple	0.65156776	2.4546525	-2.5373884201049806	3.2966558575630187	-0.7519574761390685	5.535240674018858	0.0	0.0	6.060621213912963	unmeasured genotype combination; viability untested
YLR446W	triple	0.0019179583	0.8357717	-2.7587326049804686	2.817777621746062	-3.399111771583557	4.624883079528808	0.0	0.0	6.800252538919448	unmeasured genotype combination; viability untested
YLR460C	triple	0.12496763	1.339524	-2.4847434759140015	3.1434297561645503	-2.518701601028442	6.12383975982666	0.0	0.0	7.135357296466827	unmeasured genotype combination; viability untested
YML004C	triple	0.5416893	0.111838534	-2.2681840777397158	2.5349292993545527	-4.169905912876129	2.4088247179985047	0.0	0.0	5.6909220039844515	unmeasured genotype combination; viability untested
YML007W	triple	-0.36007088	2.1670775	-2.959353303909302	1.9125597655773159	-3.1914921045303344	7.852759456634521	0.0	0.0	7.958082315325736	unmeasured genotype combination; viability untested
YML017W	triple	0.9692315	1.1539165	-2.938973104953766	4.501646423339844	-2.787534213066101	6.059300565719603	0.0	0.0	8.143727153539658	unmeasured genotype combination; viability untested
YML018C	triple	1.4949155	1.5964377	-1.6228967308998108	4.725277662277222	-4.32235153913498	6.309884452819823	0.0	0.0	8.490205192565917	unmeasured genotype combination; viability untested
YML035C	triple	0.85945535	0.888778	-2.4040584802627563	3.5277419090270996	-4.5272613048553465	6.946161079406738	0.0	0.0	8.70261138677597	unmeasured genotype combination; viability untested
YML042W	triple	0.76994884	1.934502	-1.752498745918274	4.259733772277832	-2.096632421016693	7.077041149139403	0.0	0.0	7.5929530441761015	unmeasured genotype combination; viability untested
YML050W	triple	0.051176712	-0.14478292	-2.420117998123169	3.3343702554702754	-3.8060234904289247	3.792773687839507	0.0	0.0	6.676642715930939	unmeasured genotype combination; viability untested
YML052W	triple	0.1331889	1.843492	-3.1295711636543273	3.023931610584258	-1.5276307344436646	5.15064480304718	0.0	0.0	6.415889155864715	unmeasured genotype combination; viability untested
YML054C	triple	-0.053559996	2.0642538	-3.016152226924896	3.818094539642334	-1.852041518688202	6.141791582107544	0.0	0.0	7.4140399336814875	unmeasured genotype combination; viability untested
YML055W	triple	-0.012583353	1.663131	-2.5617374658584593	2.4116241931915283	-2.3490926027297974	5.305660605430603	0.0	0.0	6.3140574336051944	unmeasured genotype combination; viability untested
YML057W	triple	0.83990204	0.3419017	-1.931091570854187	4.010987913608551	-2.8141991019248964	4.476609468460082	0.0	0.0	6.616444027423858	unmeasured genotype combination; viability untested
YML058W	triple	0.17970377	0.904481	-1.9719025015830993	2.876239717006683	-1.638995850086212	4.489080476760864	0.0	0.0	5.488109272718429	unmeasured genotype combination; viability untested
YML060W	triple	-0.09874255	0.857388	-2.092137801647186	1.7402822136878966	-4.3286786556243895	5.935956382751464	0.0	0.0	7.048527526855468	unmeasured genotype combination; viability untested
YML078W	triple	-0.1921937	1.4285164	-3.4872108697891235	2.6618795752525326	-1.9592291951179504	6.909096002578734	0.0	0.0	7.50870782136917	unmeasured genotype combination; viability untested
YML079W	triple	0.8903382	0.9678597	-1.9209014892578125	5.413369154930114	-2.4057111382484435	7.259236383438109	0.0	0.0	8.49960908293724	unmeasured genotype combination; viability untested
YML080W	triple	0.9929748	2.2329993	-2.4883331537246702	5.469738745689391	-2.0453943729400637	7.031248521804809	0.0	0.0	8.517357397079467	unmeasured genotype combination; viability untested
YML081W	triple	1.8373065	1.9250329	-1.2450672745704652	4.443517732620239	-2.0261919856071473	7.795042276382445	0.0	0.0	7.754909634590149	unmeasured genotype combination; viability untested
YML086C	triple	0.50489295	0.79387265	-2.0504646420478823	2.637427055835724	-2.174031138420105	4.189273905754089	0.0	0.0	5.5255983710289	unmeasured genotype combination; viability untested
YML099C	triple	1.7770793	1.5296206	-0.8501628369092942	5.2094397068023675	-2.505044400691986	6.183232736587524	0.0	0.0	7.373939840495586	unmeasured genotype combination; viability untested
YML101C	triple	0.3053096	0.44428384	-2.3573690533638	3.907060515880584	-2.119496202468872	4.0946880102157595	0.0	0.0	6.239306890964508	unmeasured genotype combination; viability untested
YML106W	triple	1.387271	0.85444653	-1.7451287031173706	4.964455556869506	-3.2297155141830443	4.972220063209532	0.0	0.0	7.455759918689726	unmeasured genotype combination; viability untested
YML110C	triple	0.035975367	1.6494697	-2.6302448391914366	3.5106122136116023	-1.3364369988441467	5.558744573593139	0.0	0.0	6.518019312620162	unmeasured genotype combination; viability untested
YML113W	triple	-0.5082468	-0.48812634	-3.102025735378265	2.287768542766571	-5.090772008895874	3.85594984292984	0.0	0.0	7.168258064985276	unmeasured genotype combination; viability untested
YML119W	triple	1.073154	2.6878366	-1.2106301665306092	3.5684961557388304	-1.2326990485191345	6.822967386245727	0.0	0.0	6.41739637851715	unmeasured genotype combination; viability untested
YMR009W	triple	1.0547719	1.112819	-1.6598627090454101	3.733536279201507	-2.9580052852630616	4.69883120059967	0.0	0.0	6.525117737054824	unmeasured genotype combination; viability untested
YMR069W	triple	0.3754092	0.64183825	-2.5535452723503114	3.335061693191528	-4.370776224136352	5.235506820678711	0.0	0.0	7.747445005178451	unmeasured genotype combination; viability untested
YMR084W	triple	0.24551994	1.0030543	-2.542161965370178	3.5260079860687252	-2.2973681688308716	5.283667612075805	0.0	0.0	6.82460286617279	unmeasured genotype combination; viability untested
YMR089C	triple	0.4742561	1.7449727	-2.0187795519828797	3.7991288065910336	-2.5914310216903687	7.564860820770264	0.0	0.0	7.987100100517273	unmeasured genotype combination; viability untested
YMR099C	triple	1.5072612	1.4025433	-1.765508782863617	4.388266634941101	-2.3530656576156614	5.991630268096923	0.0	0.0	7.249235671758652	unmeasured genotype combination; viability untested
YMR114C	triple	-0.04088773	1.22308	-2.5725513339042663	3.1361430644989	-3.1081610918045044	5.272412490844726	0.0	0.0	7.044633990526198	unmeasured genotype combination; viability untested
YMR127C	triple	0.9708651	-0.18073308	-1.7654531598091125	4.495492410659789	-4.33183650970459	7.329419088363647	0.0	0.0	8.96110058426857	unmeasured genotype combination; viability untested
YMR153W	triple	0.28763306	1.3219995	-1.8430596828460692	3.6501375913619993	-3.951668679714203	6.8516855239868155	0.0	0.0	8.148275738954544	unmeasured genotype combination; viability untested
YMR173W-A	triple	0.8721991	-0.3586955	-2.7106996417045592	4.325871396064758	-4.536787509918213	2.950964605808258	0.0	0.0	7.262161576747894	unmeasured genotype combination; viability untested
YMR182C	triple	0.22181684	0.082476094	-2.6213008642196653	2.463884782791138	-3.7756281018257143	3.441884875297546	0.0	0.0	6.1513493120670315	unmeasured genotype combination; viability untested
YMR188C	triple	-0.28527167	1.0039533	-3.677455723285675	2.3755680680274964	-4.174830722808838	5.304852318763732	0.0	0.0	7.766353416442871	unmeasured genotype combination; viability untested
YMR189W	triple	-0.28899702	-0.13862368	-2.62001576423645	2.856807446479796	-4.061701023578644	5.894367885589599	0.0	0.0	7.716446059942244	unmeasured genotype combination; viability untested
YMR194C-A	triple	0.73304987	0.7741547	-1.9610154747962951	3.7633954286575313	-3.4719682693481446	5.00324900150299	0.0	0.0	7.09981408715248	unmeasured genotype combination; viability untested
YMR199W	triple	1.0872841	1.289353	-3.0840436458587646	5.906403446197509	-2.530934751033783	5.416837120056152	0.0	0.0	8.469109481573105	unmeasured genotype combination; viability untested
YMR202W	triple	0.74383444	0.38057023	-2.1447488903999328	3.8553875803947446	-2.9563024044036865	4.8260619163513185	0.0	0.0	6.891250395774842	unmeasured genotype combination; viability untested
YMR207C	triple	0.9521021	1.2001574	-1.8993004202842712	3.4113888502120973	-4.036128580570221	6.925585556030273	0.0	0.0	8.136201703548432	unmeasured genotype combination; viability untested
YMR221C	triple	1.1841551	2.161588	-2.253139781951904	4.192787909507751	-2.3653190612792967	7.333517313003539	0.0	0.0	8.072382032871246	unmeasured genotype combination; viability untested
YMR223W	triple	0.35622573	0.88513327	-2.112290155887604	2.733442854881286	-2.3238911867141723	4.522037756443023	0.0	0.0	5.845830976963043	unmeasured genotype combination; viability untested
YMR228W	triple	1.3906114	1.3834053	-2.5365078926086424	4.892373776435852	-3.456660842895508	5.969135951995849	0.0	0.0	8.427339231967926	unmeasured genotype combination; viability untested
YMR234W	triple	-0.39891538	-0.19276847	-2.590772867202759	2.6215841531753536	-2.9932478189468386	3.2699171185493467	0.0	0.0	5.737760978937149	unmeasured genotype combination; viability untested
YMR241W	triple	0.092792615	1.2704654	-2.3285009264945984	2.663470721244811	-3.2211546182632445	5.465734958648681	0.0	0.0	6.839430612325668	unmeasured genotype combination; viability untested
YMR243C	triple	0.54384017	0.3302124	-2.0986783385276793	3.470009136199951	-3.3188690662384035	3.3492114543914795	0.0	0.0	6.118383997678757	unmeasured genotype combination; viability untested
YMR244C-A	triple	0.7522607	2.0359445	-2.088321566581726	3.9629115819931027	-2.503822410106659	6.439329576492309	0.0	0.0	7.4971925675868984	unmeasured genotype combination; viability untested
YMR244W	triple	-0.61680776	1.213983	-3.220272970199585	2.729375982284545	-2.2488237261772155	4.887752270698547	0.0	0.0	6.543112474679947	unmeasured genotype combination; viability untested
YMR262W	triple	0.44844794	1.7033523	-2.631693708896637	4.354830884933471	-1.1239426195621491	5.050941658020019	0.0	0.0	6.580704435706138	unmeasured genotype combination; viability untested
YMR267W	triple	0.36759195	0.814749	-2.750561535358429	3.265590238571167	-2.983961987495422	4.51491972208023	0.0	0.0	6.7575167417526245	unmeasured genotype combination; viability untested
YMR272C	triple	0.0244551	1.0710348	-2.5847992181777952	3.8905581593513485	-2.5864187121391295	6.030656623840331	0.0	0.0	7.546216356754302	unmeasured genotype combination; viability untested
YMR276W	triple	-0.16453351	1.6218562	-2.9831040263175965	1.9354210972785948	-1.6614510416984558	6.072988080978393	0.0	0.0	6.32648212313652	unmeasured genotype combination; viability untested
YMR286W	triple	-0.17236978	0.33177525	-3.1495936274528504	2.6329333782196045	-2.9996302127838135	4.925583457946777	0.0	0.0	6.8538703382015225	unmeasured genotype combination; viability untested
YNL001W	triple	0.16283351	0.29569477	-2.235308313369751	2.9419011831283557	-4.136234772205353	6.357033252716063	0.0	0.0	7.835238760709761	unmeasured genotype combination; viability untested
YNL022C	triple	0.77209806	2.7139661	-1.7319216012954712	3.4032325506210324	-2.5709462404251098	6.018270826339721	0.0	0.0	6.862185609340667	unmeasured genotype combination; viability untested
YNL025C	triple	-0.30147135	1.2402794	-2.028315079212189	2.246949076652527	-2.896279287338257	4.722250127792358	0.0	0.0	5.946896785497666	unmeasured genotype combination; viability untested
YNL035C	triple	0.16018976	1.5934044	-2.0043872952461244	2.834703874588012	-2.137109410762787	5.076851415634155	0.0	0.0	6.026525998115539	unmeasured genotype combination; viability untested
YNL043C	triple	0.9485494	-0.15312055	-1.2866414666175843	4.139108681678771	-3.6569275140762327	3.766731083393095	0.0	0.0	6.424704372882841	unmeasured genotype combination; viability untested
YNL046W	triple	0.65745157	1.6540837	-2.4188995361328125	3.34411209821701	-3.7289482593536376	7.782899713516233	0.0	0.0	8.637429803609848	unmeasured genotype combination; viability untested
YNL057W	triple	0.4372104	2.0372548	-1.7739859700202942	4.292794036865234	-4.398847007751465	7.335264778137207	0.0	0.0	8.900445896387101	unmeasured genotype combination; viability untested
YNL058C	triple	0.7696937	0.71374595	-2.062028908729553	3.889320623874664	-3.4732298374176027	5.548191499710082	0.0	0.0	7.486385434865951	unmeasured genotype combination; viability untested
YNL074C	triple	0.37583792	1.6163094	-3.2915533781051636	3.8116526842117304	-1.846558725833893	4.518028974533081	0.0	0.0	6.733896881341934	unmeasured genotype combination; viability untested
YNL082W	triple	1.1092339	1.1335262	-1.7427258968353272	6.797473025321957	-3.668942368030548	7.799968814849853	0.0	0.0	10.004555052518842	unmeasured genotype combination; viability untested
YNL087W	triple	0.2663384	0.84699154	-2.791623330116272	2.9328691363334647	-2.366493034362793	4.834981346130371	0.0	0.0	6.46298342347145	unmeasured genotype combination; viability untested
YNL091W	triple	1.4260237	1.16153	-1.7724230766296387	5.62217788696289	-3.58912273645401	5.772692489624022	0.0	0.0	8.37820809483528	unmeasured genotype combination; viability untested
YNL092W	triple	0.16384692	1.2551442	-2.041919243335724	3.9882424712181086	-2.7258448600769043	4.6779584884643555	0.0	0.0	6.716982531547546	unmeasured genotype combination; viability untested
YNL120C	triple	0.3443682	0.701493	-3.1904888272285463	4.8159786462783805	-3.9703759074211122	6.95725860595703	0.0	0.0	9.467050993442534	unmeasured genotype combination; viability untested
YNL128W	triple	0.25715387	0.50770557	-2.5036411762237547	3.4435220241546616	-3.60647794008255	4.422177815437316	0.0	0.0	6.987909477949141	unmeasured genotype combination; viability untested
YNL141W	triple	0.25272894	1.6670544	-3.829746401309967	4.2708087921142575	-3.375453233718872	5.928275394439697	0.0	0.0	8.702141910791397	unmeasured genotype combination; viability untested
YNL157W	triple	0.16104633	1.662848	-2.1641818642616273	2.7254390716552734	-3.8177854895591734	5.926398134231567	0.0	0.0	7.31690227985382	unmeasured genotype combination; viability untested
YNL160W	triple	0.86810327	0.6360875	-2.014584279060364	4.185670328140259	-3.9944371342658997	4.633627963066101	0.0	0.0	7.414159852266312	unmeasured genotype combination; viability untested
YNL167C	triple	0.5734936	2.553472	-2.0635881543159487	3.778817725181579	-2.960879862308502	9.623274278640746	0.0	0.0	9.213280010223388	unmeasured genotype combination; viability untested
YNL173C	triple	-0.26224515	1.9322462	-3.117285394668579	2.4628462433815	-2.9578830003738403	7.657119512557983	0.0	0.0	8.097567075490952	unmeasured genotype combination; viability untested
YNL213C	triple	-0.25471866	0.56046957	-2.847325551509857	2.078555977344512	-5.700456237792968	5.911187267303466	0.0	0.0	8.268762516975402	unmeasured genotype combination; viability untested
YNL214W	triple	1.4982302	0.8820048	-1.8608607053756714	5.474409818649292	-3.270393657684326	4.773103857040405	0.0	0.0	7.689384019374847	unmeasured genotype combination; viability untested
YNL218W	triple	1.5328643	2.8099146	-2.4763259410858156	6.897745513916015	-2.704619812965393	7.680107307434081	0.0	0.0	9.879399287700654	unmeasured genotype combination; viability untested
YNL223W	triple	0.59388816	2.091463	-2.195770490169525	2.6931118845939634	-1.6106037497520447	8.766468048095703	0.0	0.0	7.632977086305618	unmeasured genotype combination; viability untested
YNL231C	triple	0.410138	1.8548473	-2.1904233932495116	3.061715996265411	-2.4261953949928285	8.557865715026855	0.0	0.0	8.118100249767304	unmeasured genotype combination; viability untested
YNL237W	triple	0.14182514	0.8939291	-2.72081059217453	2.5494797825813293	-2.3165672540664675	5.544189119338989	0.0	0.0	6.565523374080658	unmeasured genotype combination; viability untested
YNL252C	triple	0.8356811	0.8478458	-1.5292888522148131	3.7368138194084164	-2.6749714970588685	6.896657419204711	0.0	0.0	7.418865793943405	unmeasured genotype combination; viability untested
YNL266W	triple	-0.04654763	-0.11503106	-2.7848223447799683	3.2742165327072144	-2.7666186571121214	3.8979286432266225	0.0	0.0	6.361793088912963	unmeasured genotype combination; viability untested
YNL270C	triple	1.1935296	1.2812488	-1.862547266483307	4.952822685241698	-2.1705708622932436	5.434570360183715	0.0	0.0	7.210255587100981	unmeasured genotype combination; viability untested
YNL281W	triple	-0.6621513	0.51469785	-2.8770175695419313	2.1976071357727034	-2.7558747291564942	4.9980346202850345	0.0	0.0	6.414267027378082	unmeasured genotype combination; viability untested
YNL296W	triple	0.93042946	1.0206105	-2.1536882638931276	3.3709433913230895	-2.325883674621582	4.479390478134155	0.0	0.0	6.164952903985977	unmeasured genotype combination; viability untested
YNL304W	triple	0.4870864	1.021062	-2.3584936380386354	3.5004419684410095	-1.7663143634796143	3.7571744561195373	0.0	0.0	5.691212213039398	unmeasured genotype combination; viability untested
YNL316C	triple	0.6904511	1.0489852	-2.4365060806274412	3.350488841533661	-3.043271231651306	5.44666781425476	0.0	0.0	7.138466984033585	unmeasured genotype combination; viability untested
YNL324W	triple	1.648675	0.6243699	-1.5869002938270569	4.773934292793274	-4.36187914609909	4.7599602222442625	0.0	0.0	7.741336977481842	unmeasured genotype combination; viability untested
YNL330C	triple	0.42272305	0.29886034	-3.4717482328414917	3.702480661869048	-3.2311113357543944	4.140537118911742	0.0	0.0	7.272938674688338	unmeasured genotype combination; viability untested
YNL332W	triple	0.3490821	0.65723276	-2.672209453582764	3.272302114963531	-2.919335198402405	4.879138374328612	0.0	0.0	6.871492570638656	unmeasured genotype combination; viability untested
YNR005C	triple	0.9629215	-0.00064335763	-1.8196035385131837	4.814526557922363	-5.458605194091797	5.287336254119872	0.0	0.0	8.690035772323608	unmeasured genotype combination; viability untested
YNR012W	triple	-0.20590115	1.314193	-3.4798046112060548	2.9113470196723936	-4.341068696975708	5.718091011047363	0.0	0.0	8.22515566945076	unmeasured genotype combination; viability untested
YNR014W	triple	0.7301359	1.4727278	-2.5331738352775575	2.8076762318611146	-2.814616584777832	4.610947561264037	0.0	0.0	6.383207106590271	unmeasured genotype combination; viability untested
YNR015W	triple	0.44101506	1.3752549	-2.3253773927688597	2.60925281047821	-3.0849408149719237	7.569802188873291	0.0	0.0	7.794686603546142	unmeasured genotype combination; viability untested
YNR029C	triple	0.54185104	1.4271076	-1.4778452038764953	2.9362590909004207	-2.073823928833008	5.526225137710571	0.0	0.0	6.007076680660248	unmeasured genotype combination; viability untested
YNR036C	triple	0.13018712	0.7826538	-3.009734845161438	3.4956178426742546	-3.722919058799744	5.545093512535095	0.0	0.0	7.886682629585266	unmeasured genotype combination; viability untested
YNR039C	triple	0.054474033	1.5522221	-2.741738259792328	2.690711224079132	-2.1561004519462585	4.232967638969421	0.0	0.0	5.91075878739357	unmeasured genotype combination; viability untested
YNR040W	triple	-0.24771899	1.8585161	-3.05284743309021	2.172687566280365	-2.1526766300201414	4.772055768966675	0.0	0.0	6.075133699178696	unmeasured genotype combination; viability untested
YNR062C	triple	0.22243635	0.9593606	-3.418101978302002	3.0560542345046997	-2.367222261428833	4.955474042892456	0.0	0.0	6.898426258563996	unmeasured genotype combination; viability untested
YNR070W	triple	0.8167814	0.8308492	-2.8418931126594544	5.895440769195556	-4.71603946685791	7.422852849960326	0.0	0.0	10.438113099336622	unmeasured genotype combination; viability untested
YNR073C	triple	0.91516864	0.8527473	-2.1907589435577393	3.8039776086807247	-4.147255277633667	4.881133008003235	0.0	0.0	7.511562418937682	unmeasured genotype combination; viability untested
YOL019W	triple	0.7546656	1.2732943	-1.5811309456825255	4.444718158245085	-3.815073525905609	4.993463754653931	0.0	0.0	7.417193192243575	unmeasured genotype combination; viability untested
YOL020W	triple	0.68314093	0.83102834	-2.180687165260315	5.544945669174194	-3.247377347946167	5.649969315528868	0.0	0.0	8.311489748954772	unmeasured genotype combination; viability untested
YOL029C	triple	0.22112283	0.57333565	-3.3290257334709166	4.0550917983055115	-2.104477512836456	4.536161708831786	0.0	0.0	7.012378376722335	unmeasured genotype combination; viability untested
YOL037C	triple	0.25524473	0.031769753	-3.0352302193641663	3.1741955518722533	-2.89313805103302	3.509353458881378	0.0	0.0	6.305958640575409	unmeasured genotype combination; viability untested
YOL046C	triple	0.869974	1.8080465	-1.8958128571510315	3.8233531951904296	-2.954206395149231	4.726631355285644	0.0	0.0	6.700001901388168	unmeasured genotype combination; viability untested
YOL049W	triple	0.12772983	0.4926306	-2.7400899171829223	3.4955034732818597	-2.9475337982177736	4.4262690305709835	0.0	0.0	6.80469810962677	unmeasured genotype combination; viability untested
YOL065C	triple	0.7904079	1.5307126	-1.542438006401062	3.357827353477478	-2.34494526386261	5.542106628417968	0.0	0.0	6.393658626079559	unmeasured genotype combination; viability untested
YOL103W	triple	0.909662	1.9393022	-1.5353708863258362	4.491847896575928	-1.8360065460205077	5.035352158546448	0.0	0.0	6.44928874373436	unmeasured genotype combination; viability untested
YOL108C	triple	0.25936654	1.2680541	-2.760272538661957	3.17336755990982	-3.496432662010193	6.715987491607665	0.0	0.0	8.073030126094817	unmeasured genotype combination; viability untested
YOL132W	triple	1.8347281	-0.5757722	-0.6937622517347335	5.3317839145660395	-4.584421384334564	3.63371160030365	0.0	0.0	7.121839575469493	unmeasured genotype combination; viability untested
YOL151W	triple	0.87741226	2.6731894	-2.228873348236084	4.605388689041136	-2.867409920692444	8.49118604660034	0.0	0.0	9.096429002285003	unmeasured genotype combination; viability untested
YOL153C	triple	0.960647	2.1206377	-1.5267235040664673	3.708152413368225	-0.9836274266242981	6.845170927047729	0.0	0.0	6.53183713555336	unmeasured genotype combination; viability untested
YOL155C	triple	1.3910168	0.40899315	-1.8282055020332337	5.05631444454193	-3.588241147994995	5.577993130683898	0.0	0.0	8.025377112627028	unmeasured genotype combination; viability untested
YOL159C	triple	1.4575546	1.4374938	-0.8985144257545471	4.517581343650818	-2.870203948020935	6.408226108551025	0.0	0.0	7.347262912988662	unmeasured genotype combination; viability untested
YOL162W	triple	1.289151	2.323979	-2.381897580623627	5.944901275634765	-1.3178945422172545	6.615573549270629	0.0	0.0	8.130133473873137	unmeasured genotype combination; viability untested
YOR007C	triple	1.0808127	0.6927658	-2.3467880129814147	4.243537497520446	-2.126239037513733	6.2871675491333	0.0	0.0	7.501866048574447	unmeasured genotype combination; viability untested
YOR008C	triple	0.13593537	0.26375684	-2.375617814064026	2.448879086971283	-3.645670199394226	4.111921262741088	0.0	0.0	6.2910441815853115	unmeasured genotype combination; viability untested
YOR013W	triple	0.24517722	0.64348817	-2.6055358171463014	4.233863520622253	-4.7258744716644285	5.828376579284668	0.0	0.0	8.696825194358826	unmeasured genotype combination; viability untested
YOR016C	triple	-0.31021076	0.464428	-2.9484017491340637	2.796080684661865	-3.3454669952392577	4.316134738922119	0.0	0.0	6.703042083978652	unmeasured genotype combination; viability untested
YOR031W	triple	0.3367436	0.45773643	-1.92646404504776	2.4688132405281067	-2.9173331260681152	3.7773793816566466	0.0	0.0	5.544994896650314	unmeasured genotype combination; viability untested
YOR036W	triple	0.21519716	-1.3766819	-3.1903220653533935	3.781764638423919	-4.491573190689087	2.0866746425628655	0.0	0.0	6.7751672685146325	unmeasured genotype combination; viability untested
YOR045W	triple	-0.121337995	0.7206625	-2.6304866313934325	2.9751295328140253	-3.108866238594055	5.016173171997069	0.0	0.0	6.865327787399291	unmeasured genotype combination; viability untested
YOR054C	triple	0.6373069	1.809844	-2.150867390632629	4.4174309253692625	-5.075979471206665	8.688901472091676	0.0	0.0	10.166589629650115	unmeasured genotype combination; viability untested
YOR059C	triple	0.8087747	0.90212333	-3.094067406654358	4.125159060955047	-3.55656840801239	5.737414503097534	0.0	0.0	8.256604689359664	unmeasured genotype combination; viability untested
YOR067C	triple	0.28222945	0.7080853	-2.5580280780792237	3.0247429490089415	-3.1923772573471068	6.583617115020751	0.0	0.0	7.679382699728012	unmeasured genotype combination; viability untested
YOR072W	triple	0.059105024	1.3985796	-2.68357595205307	3.3280250310897816	-1.979478669166565	5.353447484970093	0.0	0.0	6.672263568639755	unmeasured genotype combination; viability untested
YOR079C	triple	1.5177976	1.5989361	-1.8793634533882142	4.828449010848999	-3.360994112491608	5.091487455368042	0.0	0.0	7.580147016048431	unmeasured genotype combination; viability untested
YOR086C	triple	-0.47665673	2.1764133	-2.695810854434967	2.7703724026679986	-2.8456764817237854	6.676262521743775	0.0	0.0	7.494061130285263	unmeasured genotype combination; viability untested
YOR092W	triple	0.77005124	0.11179039	-2.560607933998108	4.924036884307861	-3.664697051048279	4.516169786453246	0.0	0.0	7.832755827903747	unmeasured genotype combination; viability untested
YOR093C	triple	0.9272917	1.0011712	-2.0192132234573363	4.023788475990295	-2.1962058305740357	4.9239589929580685	0.0	0.0	6.581583261489867	unmeasured genotype combination; viability untested
YOR130C	triple	0.58260906	1.4450614	-3.2033588171005247	3.8064870715141295	-2.6933422327041625	5.1597271919250485	0.0	0.0	7.431457656621933	unmeasured genotype combination; viability untested
YOR137C	triple	0.94344884	1.8876513	-1.914816677570343	4.717477321624754	-2.245450186729431	5.558019685745239	0.0	0.0	7.217881935834884	unmeasured genotype combination; viability untested
YOR140W	triple	0.764006	1.5270823	-1.8196814060211182	5.059178376197814	-3.3323833346366882	8.542611360549925	0.0	0.0	9.376927238702773	unmeasured genotype combination; viability untested
YOR147W	triple	0.335698	0.5739344	-2.464328944683075	3.1237679362297057	-3.62479704618454	5.005405330657958	0.0	0.0	7.109149628877639	unmeasured genotype combination; viability untested
YOR154W	triple	0.09232622	0.44885516	-3.5499575257301332	3.204139828681946	-2.2761332392692566	4.129899799823761	0.0	0.0	6.580065196752548	unmeasured genotype combination; viability untested
YOR161C	triple	0.14739566	1.8168904	-2.2748095750808717	2.9838244199752806	-2.5144150972366335	5.5598164081573485	0.0	0.0	6.666432750225067	unmeasured genotype combination; viability untested
YOR186W	triple	0.30049327	0.8472655	-2.595103216171265	2.7129896759986876	-2.204738426208496	4.760805511474609	0.0	0.0	6.136818414926529	unmeasured genotype combination; viability untested
YOR195W	triple	0.44330388	-0.051079556	-2.9470858812332152	4.497241711616516	-5.925468969345093	6.347276592254638	0.0	0.0	9.858536577224731	unmeasured genotype combination; viability untested
YOR199W	triple	0.075181454	1.2215729	-1.6969188690185546	3.879364776611328	-2.9804886102676393	5.91494288444519	0.0	0.0	7.235857570171356	unmeasured genotype combination; viability untested
YOR212W	triple	1.1613153	1.0707284	-2.1167991280555727	4.852507758140563	-4.301457643508911	5.245225262641906	0.0	0.0	8.257994896173477	unmeasured genotype combination; viability untested
YOR220W	triple	-0.6309819	1.0335894	-3.2080358386039736	2.134451842308044	-2.403971493244171	5.726441669464111	0.0	0.0	6.736450421810151	unmeasured genotype combination; viability untested
YOR225W	triple	-0.30497333	1.3893597	-2.8222600698471068	2.3487754940986627	-3.220458197593689	6.183130478858946	0.0	0.0	7.287312120199203	unmeasured genotype combination; viability untested
YOR229W	triple	0.056435533	1.8302921	-3.4346943736076354	3.2583995103836054	-1.4212407231330872	6.050959920883178	0.0	0.0	7.082647264003753	unmeasured genotype combination; viability untested
YOR247W	triple	-0.6620298	0.72946864	-4.108237242698669	1.735463774204254	-3.274423909187317	4.061908149719238	0.0	0.0	6.590016537904739	unmeasured genotype combination; viability untested
YOR267C	triple	0.8867845	0.4765649	-2.4024776935577394	4.43315179347992	-4.774075031280518	4.602365112304687	0.0	0.0	8.106034815311432	unmeasured genotype combination; viability untested
YOR269W	triple	0.5309232	2.4474783	-2.0136106252670287	5.350999760627746	-2.557702696323395	8.312892866134643	0.0	0.0	9.117602974176407	unmeasured genotype combination; viability untested
YOR283W	triple	0.39915353	0.4812336	-2.9656827092170714	3.228092873096466	-4.496275413036346	4.625542831420899	0.0	0.0	7.657796913385392	unmeasured genotype combination; viability untested
YOR288C	triple	0.34860754	-0.054874957	-2.744697856903076	3.500961768627166	-2.8512575030326843	4.279351425170899	0.0	0.0	6.688134276866913	unmeasured genotype combination; viability untested
YOR300W	triple	0.9496501	1.1144136	-3.7138383030891418	4.3519460439682	-3.2295272827148436	5.0984312057495105	0.0	0.0	8.196871417760848	unmeasured genotype combination; viability untested
YOR302W	triple	0.29076624	0.18698998	-2.0349352240562437	4.475879406929016	-2.4406336426734923	3.4778207063674915	0.0	0.0	6.214634490013122	unmeasured genotype combination; viability untested
YOR330C	triple	0.0044014826	0.93063307	-2.3189141511917115	2.550982797145843	-1.5088005423545838	3.612138867378235	0.0	0.0	4.995418179035187	unmeasured genotype combination; viability untested
YOR332W	triple	0.8750926	0.5671496	-2.421441984176636	5.5188636302948	-3.1861037015914917	6.651613092422484	0.0	0.0	8.889011204242706	unmeasured genotype combination; viability untested
YOR348C	triple	0.37109327	0.6235041	-2.7990554332733155	4.312550115585327	-3.2890137910842894	5.6185171604156485	0.0	0.0	8.00956825017929	unmeasured genotype combination; viability untested
YOR357C	triple	-0.28599986	0.18630826	-2.8442115783691406	2.90180526971817	-3.177025055885315	4.048275518417358	0.0	0.0	6.485658711194992	unmeasured genotype combination; viability untested
YOR364W	triple	0.43976635	0.42834294	-1.6748109817504884	2.6507994771003722	-3.5445363759994506	4.694809055328368	0.0	0.0	6.282477945089339	unmeasured genotype combination; viability untested
YOR365C	triple	0.097956955	0.7210648	-2.2192906737327576	2.713006031513214	-2.636999273300171	5.020707917213439	0.0	0.0	6.295001947879791	unmeasured genotype combination; viability untested
YOR374W	triple	1.7848651	2.2036562	-1.5230950951576232	4.672261261940002	-1.811036217212677	6.6246866226196275	0.0	0.0	7.315539598464965	unmeasured genotype combination; viability untested
YOR378W	triple	0.8495768	1.4705601	-2.7710684061050417	4.922605550289152	-3.0606095790863037	8.008906221389768	0.0	0.0	9.381594878435132	unmeasured genotype combination; viability untested
YPL003W	triple	0.9867817	0.13879012	-2.2941946268081663	5.094211387634276	-4.593359565734863	5.16184079647064	0.0	0.0	8.571803188323972	unmeasured genotype combination; viability untested
YPL008W	triple	0.6913161	0.9889731	-3.009164834022522	4.743080210685729	-3.138163423538208	6.009634923934937	0.0	0.0	8.450021696090698	unmeasured genotype combination; viability untested
YPL014W	triple	-0.10046308	1.5359203	-3.095656728744507	3.1935145974159225	-2.542163634300232	8.03001127243042	0.0	0.0	8.43067311644554	unmeasured genotype combination; viability untested
YPL027W	triple	1.0373459	1.1394196	-1.6203636050224304	3.795871269702911	-2.2690491795539858	5.427474236488342	0.0	0.0	6.5563791453838345	unmeasured genotype combination; viability untested
YPL032C	triple	1.3895848	1.4783413	-2.348180854320526	7.115335392951963	-4.527651166915893	8.536625957489012	0.0	0.0	11.263896685838697	unmeasured genotype combination; viability untested
YPL033C	triple	0.0630396	1.6802408	-2.2156596422195434	2.864969205856323	-2.402814733982086	5.3281293392181395	0.0	0.0	6.405786460638046	unmeasured genotype combination; viability untested
YPL040C	triple	0.41758162	1.3224007	-2.051349103450775	2.990874743461609	-3.6008737564086912	6.225962305068969	0.0	0.0	7.434529954195022	unmeasured genotype combination; viability untested
YPL049C	triple	-0.5860391	0.116020426	-3.5206568479537963	2.2565808057785035	-4.070541656017303	3.2707996368408203	0.0	0.0	6.559289473295212	unmeasured genotype combination; viability untested
YPL052W	triple	1.531786	-0.39027375	-1.4286233067512513	6.834316325187683	-4.597273063659668	5.281003260612487	0.0	0.0	9.070607978105546	unmeasured genotype combination; viability untested
YPL053C	triple	1.4656463	1.1183672	-1.8685596466064454	5.700500464439392	-4.081878745555878	4.744341599941253	0.0	0.0	8.197640228271483	unmeasured genotype combination; viability untested
YPL067C	triple	0.16719705	-0.006154835	-3.6677785158157348	4.2288104057312	-5.592217874526978	6.003221464157102	0.0	0.0	9.746014130115508	unmeasured genotype combination; viability untested
YPL073C	triple	0.98221284	1.4384322	-2.2880020141601562	3.935944533348083	-3.793924343585968	6.281878304481504	0.0	0.0	8.149874597787857	unmeasured genotype combination; viability untested
YPL092W	triple	0.5217211	1.2911292	-1.5157713770866394	3.183701944351196	-3.864102530479431	5.826611518859862	0.0	0.0	7.1950936853885645	unmeasured genotype combination; viability untested
YPL097W	triple	0.99019593	0.20710891	-1.9833316087722779	3.708716797828674	-2.9688178658485413	3.427622282505035	0.0	0.0	6.044244277477264	unmeasured genotype combination; viability untested
YPL110C	triple	1.2537382	0.11053461	-2.1416088223457335	4.944754719734192	-4.549603271484375	4.153388237953186	0.0	0.0	7.894677525758743	unmeasured genotype combination; viability untested
YPL113C	triple	0.32371387	1.0139896	-2.627177584171295	2.4843165159225458	-2.8494870901107787	6.473460340499877	0.0	0.0	7.217220765352248	unmeasured genotype combination; viability untested
YPL123C	triple	0.7934092	0.96155393	-2.229417788982391	4.359594333171843	-3.357285034656525	4.686718511581421	0.0	0.0	7.31650783419609	unmeasured genotype combination; viability untested
YPL125W	triple	-0.36593655	1.4066875	-3.0016990303993225	2.417402327060699	-3.846743881702423	7.090145254135131	0.0	0.0	8.177995246648788	unmeasured genotype combination; viability untested
YPL132W	triple	-0.2532826	2.2923734	-2.5703699469566343	2.9922846674919126	-3.297687816619873	7.054330635070801	0.0	0.0	7.95733653306961	unmeasured genotype combination; viability untested
YPL134C	triple	0.78129596	1.286845	-2.5346808671951293	4.48803550004959	-3.7403550505638123	6.850372457504273	0.0	0.0	8.806721937656402	unmeasured genotype combination; viability untested
YPL135W	triple	-0.017881796	0.023915343	-2.784513032436371	2.757115089893341	-3.891101658344269	3.4025692939758296	0.0	0.0	6.417649537324905	unmeasured genotype combination; viability untested
YPL136W	triple	-0.06172958	1.9494807	-2.6944416522979737	2.648759078979492	-2.9222780227661134	9.362932872772214	0.0	0.0	8.814205813407897	unmeasured genotype combination; viability untested
YPL162C	triple	-0.31764802	0.58544314	-2.639200711250305	3.185010516643524	-3.9490229249000546	4.596812844276428	0.0	0.0	7.1850234985351555	unmeasured genotype combination; viability untested
YPL171C	triple	0.5964055	1.3285849	-1.6721498489379882	3.6660829305648805	-1.488172137737274	4.674496793746948	0.0	0.0	5.750450855493545	unmeasured genotype combination; viability untested
YPL179W	triple	0.8447064	-0.14080544	-1.8373895287513733	4.835396242141722	-4.117466831207276	4.286101627349853	0.0	0.0	7.538177114725112	unmeasured genotype combination; viability untested
YPL183C	triple	0.11682026	0.33593833	-2.183490538597107	3.1870860815048214	-3.6925704717636108	4.616910719871519	0.0	0.0	6.840028905868529	unmeasured genotype combination; viability untested
YPL187W	triple	-0.31720847	-0.84654284	-2.6941633462905883	3.114302551746367	-4.633057594299316	3.8349017381668076	0.0	0.0	7.13821261525154	unmeasured genotype combination; viability untested
YPL224C	triple	-0.009225935	0.68588215	-2.4711848497390747	2.1105492830276487	-2.2601596236228945	3.073462331295013	0.0	0.0	4.957678043842315	unmeasured genotype combination; viability untested
YPL234C	triple	0.79195607	0.16279462	-2.522580349445343	3.7550398707389827	-4.230130386352539	3.8830755591392516	0.0	0.0	7.1954130828380585	unmeasured genotype combination; viability untested
YPL254W	triple	1.7182817	1.8369485	-1.5591820240020753	5.014212346076965	-3.1075078010559083	7.448433494567871	0.0	0.0	8.56466783285141	unmeasured genotype combination; viability untested
YPL258C	triple	0.8839867	1.9485201	-2.1749146461486815	4.809438347816466	-2.8836150407791137	8.209010887145995	0.0	0.0	9.03848946094513	unmeasured genotype combination; viability untested
YPL264C	triple	0.44997224	1.3531373	-2.4961499333381654	3.4141817927360534	-3.0909077644348146	6.286069250106811	0.0	0.0	7.643654370307923	unmeasured genotype combination; viability untested
YPL270W	triple	0.4615708	0.37545136	-3.330362284183502	4.555533218383789	-4.09277628660202	4.583975291252136	0.0	0.0	8.281323540210723	unmeasured genotype combination; viability untested
YPL273W	triple	-0.0009143539	1.6586078	-3.348827087879181	2.8593910694122315	-2.9277449369430544	7.205932283401489	0.0	0.0	8.170947688817979	unmeasured genotype combination; viability untested
YPR002W	triple	0.8013058	0.5953945	-1.6633472919464112	3.6351090312004084	-3.106081986427307	4.439840030670165	0.0	0.0	6.422189170122146	unmeasured genotype combination; viability untested
YPR009W	triple	0.28234807	0.52453613	-1.7317656993865966	2.89981163740158	-2.6459482431411745	5.254076099395752	0.0	0.0	6.2658008396625515	unmeasured genotype combination; viability untested
YPR015C	triple	-0.13738702	0.49939036	-2.5231647729873656	1.824751543998718	-3.8144004464149477	5.114781093597411	0.0	0.0	6.638548928499221	unmeasured genotype combination; viability untested
YPR040W	triple	0.85527074	0.47672296	-2.765637254714966	4.980898547172545	-4.217630422115326	4.8646375894546505	0.0	0.0	8.414401906728743	unmeasured genotype combination; viability untested
YPR052C	triple	0.29891318	-0.5431773	-2.904173707962036	3.0178350448608393	-5.740956449508667	3.6552758574485775	0.0	0.0	7.65912052989006	unmeasured genotype combination; viability untested
YPR067W	triple	0.063935585	-0.26959437	-1.8825188755989073	2.206418222188949	-4.593242514133453	3.403903865814209	0.0	0.0	6.043041738867759	unmeasured genotype combination; viability untested
YPR071W	triple	1.5516506	0.73300785	-1.6402994394302368	8.098860526084898	-4.581850957870484	8.09751543998718	0.0	0.0	11.2092631816864	unmeasured genotype combination; viability untested
YPR075C	triple	2.2695513	-0.80189526	-0.6810409873723984	5.9597350358963	-6.370562744140625	4.307149744033813	0.0	0.0	8.65924425572157	unmeasured genotype combination; viability untested
YPR078C	triple	0.17657466	1.277717	-3.2334044337272645	2.4106210231781007	-3.3408530712127686	6.416113805770872	0.0	0.0	7.700496166944504	unmeasured genotype combination; viability untested
YPR140W	triple	0.1137079	0.9852699	-2.649621880054474	4.06601938009262	-2.481008517742157	5.6216590881347654	0.0	0.0	7.4091544330120085	unmeasured genotype combination; viability untested
YPR151C	triple	0.19429374	0.6835602	-2.4453482389450074	3.0983583927154537	-3.957689368724823	4.568234634399413	0.0	0.0	7.034815317392349	unmeasured genotype combination; viability untested
YPR193C	triple	1.9548092	0.41503388	-1.6761874914169312	5.916238069534302	-2.2339946031570435	4.148850107192993	0.0	0.0	6.987635135650635	unmeasured genotype combination; viability untested
YPR199C	triple	0.43691215	2.02176	-1.9470731496810914	2.8724307298660277	-1.323819637298584	5.279628801345824	0.0	0.0	5.7114761590957634	unmeasured genotype combination; viability untested
YPR200C	triple	0.2439136	0.48333192	-2.420036232471466	3.7164459109306334	-3.1925806760787965	3.8045322775840753	0.0	0.0	6.566797548532486	unmeasured genotype combination; viability untested
YPR201W	triple	0.7842014	0.4755771	-2.3042627692222597	3.0570187330245973	-4.0227280259132385	3.9233271598815915	0.0	0.0	6.6536683440208435	unmeasured genotype combination; viability untested
