bacdive_id	gtdb_species	gtdb_genus	gtdb_phylum	gtdb_accession	ncbi_assembly_accession	embedded	tier	in_og2_metadata	r214_representative	genus_seen	n_trained_in_species	gram	shape	motility	spore	oxygen	temperature
12	Acetobacter cerevisiae	Acetobacter	Pseudomonadota	RS_GCF_001580535.1	GCF_001580535.1	True	genome_seen	False	True	True	1	negative	rod	no	no	aerobe	meso
19	Acetobacter oeni	Acetobacter	Pseudomonadota	RS_GCF_011516825.1	GCF_011516825.1	True	genome_seen	False	True	True	1	negative	rod	yes	no	aerobe	meso
21	Acetobacter senegalensis	Acetobacter	Pseudomonadota	RS_GCF_001580995.1	GCF_001580995.1	True	genome_seen	False	True	True	1	negative	coccus	yes	no	aerobe	meso
63	Saccharibacter floricola	Saccharibacter	Pseudomonadota	RS_GCF_000378165.1	GCF_000378165.1	True	genome_seen	False	True	True	1	negative	rod	no	no	aerobe	meso
72	Belnapia aquatica	Belnapia	Pseudomonadota	RS_GCF_030409335.1	GCF_030409335.1	True	genome_seen	True	False	True	1	negative	other	no	no	aerobe	meso
73	Roseomonas vinacea	Roseomonas	Pseudomonadota	RS_GCF_042433125.1	GCF_042433125.1	True	unseen	False	False	True	0	negative	rod	no	no	aerobe	meso
99	Acidaminococcus intestini	Acidaminococcus	Bacillota	RS_GCF_000425045.1	GCF_000425045.1	True	genome_seen	False	True	True	1	negative	coccus	no	no	anaerobe	meso
103	Succiniclasticum ruminis	Succiniclasticum	Bacillota	RS_GCF_900112895.1	GCF_900112895.1	True	genome_seen	False	True	True	1	negative	rod	no	no	anaerobe	meso
105	Succinispira mobilis	Succinispira	Bacillota	RS_GCF_000384135.1	GCF_000384135.1	True	genome_seen	False	True	True	1	negative	other	yes	no	anaerobe	meso
135	Terriglobus saanensis	Terriglobus	Acidobacteriota	RS_GCF_000179915.2	GCF_000179915.2	False	genome_seen	False	True	True	1	negative	rod	no	no	aerobe	meso
136	Edaphobacter rosea	Edaphobacter	Acidobacteriota	RS_GCF_900188085.1	GCF_900188085.1	False	genome_seen	False	True	True	1	negative	rod	no	no	aerobe	meso
137	Edaphobacter pectinivorans	Edaphobacter	Acidobacteriota	RS_GCF_900114625.1	GCF_900114625.1	False	genome_seen	False	True	True	1	negative	rod	no	no	aerobe	meso
138	Edaphobacter aggregans_B	Edaphobacter	Acidobacteriota	RS_GCF_025685565.1	GCF_025685565.1	False	genome_seen	True	False	True	1	negative	rod	no	no	aerobe	meso
139	Granulicella paludicola	Granulicella	Acidobacteriota	RS_GCF_025685545.1	GCF_025685545.1	False	genome_seen	True	False	True	1	negative	rod	no	no	aerobe	meso
144	Actinobaculum suis	Actinobaculum	Actinomycetota	RS_GCF_900102025.1	GCF_900102025.1	True	genome_seen	False	True	True	1	positive	rod	no	no	anaerobe	meso
161	Pauljensenia meyeri	Pauljensenia	Actinomycetota	RS_GCF_900105015.1	GCF_900105015.1	True	genome_seen	False	True	True	1	positive	rod	no	no	anaerobe	meso
167	Winkia neuii	Winkia	Actinomycetota	RS_GCF_000420405.1	GCF_000420405.1	True	genome_seen	False	True	True	1	positive	rod	no	no	facultative	meso
206	Mobiluncus mulieris	Mobiluncus	Actinomycetota	RS_GCF_000160615.1	GCF_000160615.1	True	genome_seen	False	True	True	1	negative	rod	yes	no	anaerobe	meso
222	Aerococcus urinaeequi	Aerococcus	Bacillota	RS_GCF_001543205.1	GCF_001543205.1	True	genome_seen	False	True	True	1	positive	coccus	no	no	facultative	meso
224	Aerococcus sanguinicola	Aerococcus	Bacillota	RS_GCF_001543145.1	GCF_001543145.1	True	genome_seen	False	True	True	1	positive	coccus	no	no	facultative	meso
235	Ignavigranum ruoffiae	Ignavigranum	Bacillota	RS_GCF_900110675.1	GCF_900110675.1	True	genome_seen	False	True	True	1	positive	coccus	no	no	facultative	meso
271	Pseudaeromonas sharmana	Pseudaeromonas	Pseudomonadota	RS_GCF_042649925.1	GCF_042649925.1	True	unseen	False	False	True	0	negative	rod	yes	no	facultative	meso
283	Aeromonas fluvialis	Aeromonas	Pseudomonadota	RS_GCF_000819885.1	GCF_000819885.1	True	genome_seen	False	True	True	1	negative	rod	yes	no	facultative	meso
285	Aeromonas taiwanensis	Aeromonas	Pseudomonadota	RS_GCF_000820165.1	GCF_000820165.1	True	genome_seen	False	True	True	1	negative	rod	yes	no	facultative	meso
286	Aeromonas sanarellii	Aeromonas	Pseudomonadota	RS_GCF_000820085.1	GCF_000820085.1	True	genome_seen	False	True	True	1	negative	rod	yes	no	facultative	meso
296	Oceanimonas denitrificans	Oceanimonas	Pseudomonadota	RS_GCF_002237365.1	GCF_002237365.1	True	genome_seen	False	True	True	1	negative	rod	yes	no	facultative	meso
355	Oligella urethralis	Oligella	Pseudomonadota	RS_GCF_000372065.1	GCF_000372065.1	True	genome_seen	False	True	True	1	negative	rod	no	no	aerobe	meso
360	Pigmentiphaga daeguensis	Pigmentiphaga	Pseudomonadota	RS_GCF_039523035.1	GCF_039523035.1	True	species_seen	False	False	True	1	negative	rod	no	no	aerobe	meso
361	Pigmentiphaga litoralis	Pigmentiphaga	Pseudomonadota	RS_GCF_014651835.1	GCF_014651835.1	True	genome_seen	False	True	True	1	negative	rod	no	no	facultative	meso
363	Allopusillimonas soli	Allopusillimonas	Pseudomonadota	RS_GCF_004153445.1	GCF_004153445.1	True	genome_seen	False	True	True	1	negative	rod	yes	no	aerobe	meso
364	Allopusillimonas ginsengisoli	Allopusillimonas	Pseudomonadota	RS_GCF_004153455.1	GCF_004153455.1	True	genome_seen	False	True	True	1	negative	rod	yes	no	aerobe	meso
377	Bordetella avium	Bordetella	Pseudomonadota	RS_GCF_900445835.1	GCF_900445835.1	True	genome_seen	False	True	True	1	negative	rod	yes	no	aerobe	meso
384	Advenella mimigardefordensis	Advenella	Pseudomonadota	RS_GCF_000521505.1	GCF_000521505.1	True	genome_seen	False	True	True	1	negative	other	yes	no	aerobe	meso
394	Alloalcanivorax dieselolei	Alloalcanivorax	Pseudomonadota	RS_GCF_014644575.1	GCF_014644575.1	True	species_seen	False	False	True	1	negative	rod	yes	no	aerobe	meso
428	Alicyclobacillus sacchari	Alicyclobacillus	Bacillota	RS_GCF_004366795.1	GCF_004366795.1	True	genome_seen	False	True	True	1	positive	rod	yes	yes	aerobe	thermo
429	Alicyclobacillus_A contaminans	Alicyclobacillus_A	Bacillota	RS_GCF_000429525.1	GCF_000429525.1	True	genome_seen	False	True	True	1	positive	rod	yes	yes	aerobe	thermo
430	Alicyclobacillus fastidiosus	Alicyclobacillus	Bacillota	RS_GCF_026651875.1	GCF_026651875.1	True	genome_seen	True	False	True	1	positive	rod	no	yes	aerobe	meso
431	Alicyclobacillus_G kakegawensis	Alicyclobacillus_G	Bacillota	RS_GCF_001552655.1	GCF_001552655.1	True	genome_seen	False	True	True	1	positive	rod	yes	yes	aerobe	thermo
432	Alicyclobacillus_H macrosporangiidus	Alicyclobacillus_H	Bacillota	RS_GCF_900116805.1	GCF_900116805.1	True	genome_seen	False	True	True	1	positive	rod	yes	yes	aerobe	thermo
433	Alicyclobacillus_G shizuokensis	Alicyclobacillus_G	Bacillota	RS_GCF_001552255.1	GCF_001552255.1	True	genome_seen	False	True	True	1	positive	rod	yes	yes	aerobe	thermo
434	Effusibacillus pohliae	Effusibacillus	Bacillota	RS_GCF_000376225.1	GCF_000376225.1	True	genome_seen	False	True	True	1	positive	rod	no	yes	aerobe	thermo
435	Alicyclobacillus_B ferrooxydans	Alicyclobacillus_B	Bacillota	RS_GCF_001399675.1	GCF_001399675.1	True	genome_seen	False	True	True	1	positive	other	no	yes	aerobe	meso
437	Fluctibacter halophilus	Fluctibacter	Pseudomonadota	RS_GCF_020687825.1	GCF_020687825.1	True	genome_seen	False	True	True	1	negative	rod	yes	no	aerobe	meso
438	Aestuariibacter salexigens	Aestuariibacter	Pseudomonadota	RS_GCF_000429145.1	GCF_000429145.1	True	genome_seen	False	True	True	1	negative	rod	yes	no	aerobe	meso
451	Glaciecola pallidula	Glaciecola	Pseudomonadota	RS_GCF_000428905.1	GCF_000428905.1	True	genome_seen	False	True	True	1	negative	rod	yes	no	facultative	psychro
455	Marinimicrobium koreense	Marinimicrobium	Pseudomonadota	RS_GCF_003762925.1	GCF_003762925.1	True	genome_seen	False	True	True	1	negative	rod	yes	no	aerobe	meso
456	Marinimicrobium agarilyticum	Marinimicrobium	Pseudomonadota	RS_GCF_000423345.1	GCF_000423345.1	True	genome_seen	False	True	True	1	negative	rod	yes	no	aerobe	meso
468	Microbulbifer epialgicus	Microbulbifer	Pseudomonadota	RS_GCF_041447265.1	GCF_041447265.1	True	unseen	False	False	True	0	negative	other	no	no	aerobe	meso
471	Alteromonas chungwhensis	Alteromonas	Pseudomonadota	RS_GCF_000378185.1	GCF_000378185.1	True	genome_seen	False	True	True	1	negative	rod	yes	no	aerobe	meso
482	Marinobacter algicola	Marinobacter	Pseudomonadota	RS_GCF_000170835.1	GCF_000170835.1	True	genome_seen	False	True	True	1	negative	rod	yes	no	aerobe	meso
486	Marinobacter maritimus	Marinobacter	Pseudomonadota	RS_GCF_007671675.1	GCF_007671675.1	True	genome_seen	False	True	True	1	negative	rod	yes	no	aerobe	meso
490	Marinobacter goseongensis	Marinobacter	Pseudomonadota	RS_GCF_023156235.1	GCF_023156235.1	True	genome_seen	False	True	True	1	negative	rod	no	no	aerobe	meso
491	Marinobacter santoriniensis	Marinobacter	Pseudomonadota	RS_GCF_000347775.1	GCF_000347775.1	True	genome_seen	False	True	True	1	negative	rod	yes	no	facultative	meso
492	Marinobacter oulmenensis	Marinobacter	Pseudomonadota	RS_GCF_014201735.1	GCF_014201735.1	True	genome_seen	False	True	True	1	negative	rod	yes	no	aerobe	meso
493	Marinobacter adhaerens	Marinobacter	Pseudomonadota	RS_GCF_000166295.1	GCF_000166295.1	True	genome_seen	False	True	True	1	negative	rod	yes	no	aerobe	meso
501	Anaerolinea thermophila	Anaerolinea	Chloroflexota	RS_GCF_000199675.1	GCF_000199675.1	False	genome_seen	False	True	True	1	negative	other	no	no	anaerobe	thermo
503	Leptolinea tardivitalis	Leptolinea	Chloroflexota	RS_GCF_001050275.1	GCF_001050275.1	False	genome_seen	False	True	True	1	negative	other	no	no	anaerobe	meso
504	Levilinea saccharolytica	Levilinea	Chloroflexota	RS_GCF_001306035.1	GCF_001306035.1	False	genome_seen	False	True	True	1	negative	other	no	no	anaerobe	meso
506	Ornatilinea apprima	Ornatilinea	Chloroflexota	RS_GCF_001306115.1	GCF_001306115.1	False	genome_seen	False	True	True	1	negative	other	no	no	anaerobe	meso
512	Hydrogenobacter thermophilus	Hydrogenobacter	Aquificota	RS_GCF_000010785.1	GCF_000010785.1	False	genome_seen	False	True	True	1	negative	rod	no	no	aerobe	thermo
531	Martelella mediterranea	Martelella	Pseudomonadota	RS_GCF_002043005.1	GCF_002043005.1	True	genome_seen	False	True	True	1	negative	rod	no	no	aerobe	meso
532	Aureimonas altamirensis	Aureimonas	Pseudomonadota	RS_GCF_001463885.1	GCF_001463885.1	True	genome_seen	False	True	True	1	negative	rod	no	no	aerobe	meso
545	Alkalibacillus filiformis	Alkalibacillus	Bacillota	RS_GCF_030814115.1	GCF_030814115.1	True	genome_seen	True	False	True	1	positive	rod	no	yes	aerobe	meso
546	Alkalibacillus salilacus	Alkalibacillus	Bacillota	RS_GCF_030812915.1	GCF_030812915.1	True	genome_seen	True	False	True	1	positive	rod	yes	yes	aerobe	meso
547	Alkalibacillus silvisoli	Alkalibacillus	Bacillota	RS_GCF_039521975.1	GCF_039521975.1	True	unseen	False	False	True	0	positive	rod	yes	yes	aerobe	meso
549	Alkalibacillus flavidus	Alkalibacillus	Bacillota	RS_GCF_040545925.1	GCF_040545925.1	True	unseen	False	False	True	0	positive	rod	yes	yes	aerobe	meso
556	Anoxybacteroides tepidamans	Anoxybacteroides	Bacillota	RS_GCF_014201465.1	GCF_014201465.1	True	genome_seen	False	True	True	1	positive	rod	yes	yes	aerobe	thermo
560	Anoxybacteroides amylolyticum	Anoxybacteroides	Bacillota	RS_GCF_001634285.1	GCF_001634285.1	True	genome_seen	False	True	True	1	positive	rod	yes	yes	facultative	thermo
577	Domibacillus aminovorans	Domibacillus	Bacillota	RS_GCF_001643235.1	GCF_001643235.1	True	genome_seen	False	True	True	1	positive	rod	yes	no	aerobe	meso
599	Schinkia azotoformans	Schinkia	Bacillota	RS_GCF_000307855.1	GCF_000307855.1	True	genome_seen	False	True	True	1	positive	rod	yes	yes	aerobe	meso
602	Pseudobacillus badius	Pseudobacillus	Bacillota	RS_GCF_001591605.1	GCF_001591605.1	True	genome_seen	False	True	True	1	positive	rod	yes	yes	aerobe	meso
622	Bacillus_A tropicus	Bacillus_A	Bacillota	GB_GCA_918183835.1	GCA_918183835.1	True	species_seen	False	False	True	1	positive	rod	yes	yes	facultative	meso
624	Bacillus_A cereus	Bacillus_A	Bacillota	RS_GCF_000007825.1	GCF_000007825.1	True	genome_seen	False	True	True	4	positive	rod	yes	yes	facultative	meso
675	Cytobacillus firmus	Cytobacillus	Bacillota	RS_GCF_001591465.1	GCF_001591465.1	True	genome_seen	False	True	True	1	positive	rod	yes	yes	aerobe	meso
678	Priestia flexa	Priestia	Bacillota	RS_GCF_001591565.1	GCF_001591565.1	True	genome_seen	False	True	True	1	positive	rod	yes	yes	aerobe	meso
683	Lederbergia lenta	Lederbergia	Bacillota	RS_GCF_001591545.1	GCF_001591545.1	True	genome_seen	False	True	True	1	positive	rod	yes	yes	aerobe	meso
689	Bacillus licheniformis	Bacillus	Bacillota	RS_GCF_000011645.1	GCF_000011645.1	True	genome_seen	False	True	True	1	positive	rod	yes	yes	facultative	meso
733	Priestia megaterium	Priestia	Bacillota	RS_GCF_000832985.1	GCF_000832985.1	True	genome_seen	False	True	True	1	positive	rod	no	yes	aerobe	meso
745	Bacillus_A mycoides	Bacillus_A	Bacillota	RS_GCF_000832605.1	GCF_000832605.1	True	genome_seen	False	True	True	1	positive	rod	no	yes	aerobe	meso
752	Bacillus sp002998085	Bacillus	Bacillota	RS_GCF_029478105.1	GCF_029478105.1	True	unseen	False	False	True	0	positive	rod	yes	yes	aerobe	meso
782	Hydrogenibacillus schlegelii	Hydrogenibacillus	Bacillota	RS_GCF_001653195.1	GCF_001653195.1	True	genome_seen	False	True	True	1	negative	rod	no	yes	facultative	thermo
830	Paenibacillus_S xerothermodurans	Paenibacillus_S	Bacillota	RS_GCF_002220865.2	GCF_002220865.2	True	genome_seen	False	True	True	1	positive	rod	yes	yes	facultative	meso
1069	Bacillus_BD benzoevorans	Bacillus_BD	Bacillota	RS_GCF_014207535.1	GCF_014207535.1	True	genome_seen	False	True	True	1	positive	rod	yes	yes	facultative	meso
1077	Bacillus atrophaeus	Bacillus	Bacillota	RS_GCF_001584335.1	GCF_001584335.1	True	genome_seen	False	True	True	1	positive	rod	yes	yes	aerobe	meso
1093	Bacillus mojavensis	Bacillus	Bacillota	RS_GCF_031316635.1	GCF_031316635.1	True	species_seen	False	False	True	1	positive	rod	yes	yes	aerobe	meso
1127	Shouchella clausii	Shouchella	Bacillota	RS_GCF_002250115.1	GCF_002250115.1	True	genome_seen	False	True	True	1	positive	rod	yes	yes	aerobe	meso
1135	Alkalicoccobacillus gibsonii	Alkalicoccobacillus	Bacillota	RS_GCF_028610635.1	GCF_028610635.1	True	species_seen	False	False	True	1	positive	rod	yes	yes	aerobe	meso
1150	Bacillus vallismortis	Bacillus	Bacillota	RS_GCF_004116955.1	GCF_004116955.1	True	genome_seen	False	True	True	1	positive	rod	yes	yes	facultative	meso
1151	Bacillus_A pseudomycoides	Bacillus_A	Bacillota	RS_GCF_000161455.1	GCF_000161455.1	True	genome_seen	False	True	True	1	positive	rod	no	yes	facultative	meso
1154	Bacillus_CH horti	Bacillus_CH	Bacillota	RS_GCF_030813115.1	GCF_030813115.1	True	genome_seen	True	False	True	1	negative	rod	yes	yes	aerobe	meso
1172	Bacillus subtilis	Bacillus	Bacillota	RS_GCF_905315035.2	GCF_905315035.2	True	species_seen	False	False	True	1	positive	rod	yes	yes	facultative	meso
1193	Bacillus spizizenii	Bacillus	Bacillota	RS_GCF_000227465.1	GCF_000227465.1	True	genome_seen	False	True	True	1	positive	rod	yes	yes	aerobe	meso
1194	Robertmurraya siralis	Robertmurraya	Bacillota	RS_GCF_005502275.1	GCF_005502275.1	True	genome_seen	False	True	True	1	positive	rod	yes	yes	aerobe	meso
1199	Halalkalibacterium halodurans	Halalkalibacterium	Bacillota	RS_GCF_001274915.2	GCF_001274915.2	True	species_seen	False	False	True	1	positive	rod	yes	yes	aerobe	meso
1201	Bacillus sonorensis	Bacillus	Bacillota	RS_GCF_001592005.1	GCF_001592005.1	True	genome_seen	False	True	True	1	positive	rod	yes	yes	facultative	meso
1203	Bacillus_I endophytica	Bacillus_I	Bacillota	RS_GCF_900115845.1	GCF_900115845.1	True	genome_seen	False	True	True	1	positive	rod	no	yes	aerobe	meso
1205	Fictibacillus barbaricus	Fictibacillus	Bacillota	RS_GCF_014635025.1	GCF_014635025.1	True	genome_seen	False	True	True	1	positive	rod	no	yes	aerobe	meso
1216	Neobacillus novalis	Neobacillus	Bacillota	RS_GCF_001591805.1	GCF_001591805.1	True	genome_seen	False	True	True	1	positive	rod	yes	yes	facultative	meso
1222	Bacillus_AT mannanilyticus	Bacillus_AT	Bacillota	RS_GCF_000615945.1	GCF_000615945.1	True	genome_seen	False	True	True	1	positive	rod	yes	yes	aerobe	meso
1224	Rossellomorea marisflavi	Rossellomorea	Bacillota	RS_GCF_001274775.1	GCF_001274775.1	True	genome_seen	False	True	True	1	positive	rod	yes	yes	aerobe	meso
1225	Rossellomorea aquimaris	Rossellomorea	Bacillota	RS_GCF_001648555.1	GCF_001648555.1	True	genome_seen	False	True	True	1	positive	rod	yes	yes	aerobe	meso
1228	Metabacillus litoralis	Metabacillus	Bacillota	RS_GCF_007994985.1	GCF_007994985.1	True	genome_seen	False	True	True	1	positive	rod	yes	yes	aerobe	meso
1229	Guptibacillus hwajinpoensis	Guptibacillus	Bacillota	RS_GCF_001039475.1	GCF_001039475.1	True	genome_seen	False	True	True	1	positive	rod	yes	yes	anaerobe	meso
1233	Bacillus_P indicus	Bacillus_P	Bacillota	RS_GCF_000708755.2	GCF_000708755.2	True	genome_seen	False	True	True	1	positive	rod	no	yes	aerobe	meso
1234	Shouchella patagoniensis	Shouchella	Bacillota	RS_GCF_002019705.1	GCF_002019705.1	True	genome_seen	False	True	True	1	positive	rod	no	yes	aerobe	meso
1235	Alkalicoccus saliphilus	Alkalicoccus	Bacillota	RS_GCF_003044065.1	GCF_003044065.1	True	genome_seen	False	True	True	1	positive	coccus	no	no	aerobe	meso
1237	Fictibacillus arsenicus	Fictibacillus	Bacillota	RS_GCF_001999465.1	GCF_001999465.1	True	genome_seen	False	True	True	1	positive	rod	yes	yes	aerobe	meso
1240	Halalkalibacter wakoensis	Halalkalibacter	Bacillota	RS_GCF_000513095.1	GCF_000513095.1	True	genome_seen	False	True	True	1	positive	rod	yes	yes	aerobe	meso
1241	Halalkalibacter hemicellulosilyticus	Halalkalibacter	Bacillota	RS_GCF_000513115.1	GCF_000513115.1	True	genome_seen	False	True	True	1	positive	rod	yes	yes	aerobe	meso
1243	Metabacillus niabensis	Metabacillus	Bacillota	RS_GCF_030813165.1	GCF_030813165.1	True	species_seen	False	False	True	1	positive	rod	yes	yes	facultative	meso
1244	Bacillus_AG koreensis	Bacillus_AG	Bacillota	RS_GCF_001274935.1	GCF_001274935.1	True	genome_seen	False	True	True	1	positive	rod	yes	yes	aerobe	meso
1247	Weizmannia ginsengihumi	Weizmannia	Bacillota	RS_GCF_011008565.1	GCF_011008565.1	True	genome_seen	False	True	True	1	positive	rod	no	yes	aerobe	meso
1249	Neobacillus pocheonensis	Neobacillus	Bacillota	GB_GCA_023702235.1	GCA_023702235.1	True	genome_seen	False	True	True	1	positive	rod	no	yes	aerobe	meso
1254	Alteribacter aurantiacus	Alteribacter	Bacillota	RS_GCF_000429705.1	GCF_000429705.1	True	genome_seen	False	True	True	1	positive	rod	no	yes	aerobe	meso
1255	Mesobacillus selenatarsenatis	Mesobacillus	Bacillota	RS_GCF_000813125.1	GCF_000813125.1	True	genome_seen	False	True	True	1	positive	rod	yes	yes	facultative	meso
1257	Margalitia shackletonii	Margalitia	Bacillota	RS_GCF_001420715.1	GCF_001420715.1	True	genome_seen	False	True	True	1	positive	rod	yes	yes	aerobe	meso
1258	Rossellomorea vietnamensis	Rossellomorea	Bacillota	RS_GCF_001591825.1	GCF_001591825.1	True	genome_seen	False	True	True	1	positive	rod	yes	yes	aerobe	meso
1260	Bacillus_CB alveayuensis	Bacillus_CB	Bacillota	RS_GCF_030812955.1	GCF_030812955.1	True	genome_seen	True	False	True	1	positive	rod	yes	yes	aerobe	thermo
1262	Halalkalibacter okhensis	Halalkalibacter	Bacillota	RS_GCF_000787375.1	GCF_000787375.1	True	genome_seen	False	True	True	1	positive	rod	yes	no	aerobe	meso
1264	Bacillus safensis	Bacillus	Bacillota	RS_GCF_000691165.1	GCF_000691165.1	True	genome_seen	False	True	True	1	positive	rod	yes	yes	facultative	meso
1271	Peribacillus butanolivorans	Peribacillus	Bacillota	RS_GCF_001273755.1	GCF_001273755.1	True	genome_seen	False	True	True	1	positive	rod	yes	yes	aerobe	meso
1273	Shouchella oshimensis	Shouchella	Bacillota	RS_GCF_004375095.1	GCF_004375095.1	True	species_seen	False	False	True	1	positive	rod	yes	yes	aerobe	meso
1275	Lysinibacillus agricola	Lysinibacillus	Bacillota	RS_GCF_001278875.1	GCF_001278875.1	True	species_seen	False	False	True	1	positive	rod	yes	yes	aerobe	meso
1276	Salibacterium qingdaonense	Salibacterium	Bacillota	RS_GCF_900114715.1	GCF_900114715.1	True	genome_seen	False	True	True	1	positive	rod	no	no	aerobe	meso
1279	Paraperibacillus kribbensis	Paraperibacillus	Bacillota	RS_GCF_000430765.1	GCF_000430765.1	True	genome_seen	False	True	True	1	positive	rod	yes	yes	aerobe	meso
1281	Solibacillus cecembensis	Solibacillus	Bacillota	GB_GCA_001439635.1	GCA_001439635.1	True	genome_seen	True	True	True	1	positive	rod	yes	yes	aerobe	meso
1284	Salibacterium aidingense	Salibacterium	Bacillota	RS_GCF_000429685.1	GCF_000429685.1	True	genome_seen	False	True	True	1	positive	rod	yes	yes	aerobe	meso
1285	Fictibacillus_C solisalsi	Fictibacillus_C	Bacillota	RS_GCF_900103485.1	GCF_900103485.1	True	genome_seen	False	True	True	1	positive	rod	yes	yes	facultative	meso
1286	Weizmannia acidiproducens	Weizmannia	Bacillota	RS_GCF_000374345.1	GCF_000374345.1	True	genome_seen	False	True	True	1	positive	rod	yes	yes	aerobe	meso
1294	Alkalihalobacillus trypoxylicola	Alkalihalobacillus	Bacillota	RS_GCF_001590785.1	GCF_001590785.1	True	genome_seen	False	True	True	1	positive	rod	no	yes	aerobe	meso
1297	Cytobacillus horneckiae	Cytobacillus	Bacillota	RS_GCF_002835735.1	GCF_002835735.1	True	genome_seen	False	True	True	1	positive	rod	yes	yes	aerobe	meso
1299	Bacillus_CF chungangensis	Bacillus_CF	Bacillota	RS_GCF_030812995.1	GCF_030812995.1	True	genome_seen	True	False	True	1	positive	rod	yes	yes	aerobe	meso
1300	Alkalihalophilus marmarensis	Alkalihalophilus	Bacillota	RS_GCF_000474275.2	GCF_000474275.2	True	genome_seen	False	True	True	1	positive	rod	yes	yes	aerobe	meso
1303	Cytobacillus oceanisediminis	Cytobacillus	Bacillota	RS_GCF_007830235.1	GCF_007830235.1	True	genome_seen	False	True	True	1	positive	rod	yes	yes	aerobe	meso
1304	Fictibacillus nanhaiensis	Fictibacillus	Bacillota	RS_GCF_017052515.1	GCF_017052515.1	True	genome_seen	False	True	True	1	positive	rod	yes	yes	aerobe	meso
1305	Shouchella hunanensis	Shouchella	Bacillota	RS_GCF_028735875.1	GCF_028735875.1	True	species_seen	False	False	True	1	positive	rod	yes	yes	aerobe	meso
1317	Alteribacillus_A iranensis	Alteribacillus_A	Bacillota	RS_GCF_900113025.1	GCF_900113025.1	True	genome_seen	False	True	True	1	positive	rod	yes	yes	aerobe	meso
1318	Cytobacillus kochii	Cytobacillus	Bacillota	RS_GCF_030812975.1	GCF_030812975.1	True	species_seen	False	False	True	1	positive	rod	yes	yes	aerobe	meso
1324	Caldibacillus debilis	Caldibacillus	Bacillota	RS_GCF_000383875.1	GCF_000383875.1	True	genome_seen	False	True	True	1	negative	rod	yes	yes	aerobe	thermo
1325	Cerasibacillus quisquiliarum	Cerasibacillus	Bacillota	RS_GCF_014202495.1	GCF_014202495.1	True	genome_seen	False	True	True	1	positive	rod	yes	yes	aerobe	thermo
1327	Halobacillus halophilus	Halobacillus	Bacillota	RS_GCF_000284515.1	GCF_000284515.1	True	genome_seen	False	True	True	1	positive	rod	yes	yes	aerobe	meso
1348	Halobacillus dabanensis	Halobacillus	Bacillota	RS_GCF_900114165.1	GCF_900114165.1	True	genome_seen	False	True	True	1	positive	rod	yes	yes	facultative	meso
1352	Halobacillus faecis	Halobacillus	Bacillota	RS_GCF_007991335.1	GCF_007991335.1	True	genome_seen	False	True	True	1	positive	rod	no	yes	aerobe	meso
1354	Halobacillus_A seohaensis	Halobacillus_A	Bacillota	RS_GCF_042663045.1	GCF_042663045.1	True	unseen	False	False	True	0	positive	rod	yes	yes	aerobe	meso
1355	Halobacillus alkaliphilus	Halobacillus	Bacillota	RS_GCF_900113125.1	GCF_900113125.1	True	genome_seen	False	True	True	1	positive	coccus	no	yes	aerobe	meso
1357	Halolactibacillus halophilus	Halolactibacillus	Bacillota	RS_GCF_900115605.1	GCF_900115605.1	True	genome_seen	False	True	True	1	positive	rod	yes	no	facultative	meso
1358	Halolactibacillus miurensis	Halolactibacillus	Bacillota	RS_GCF_900116255.1	GCF_900116255.1	True	genome_seen	False	True	True	1	positive	rod	yes	no	facultative	meso
1359	Lentibacillus salicampi	Lentibacillus	Bacillota	RS_GCF_004565465.1	GCF_004565465.1	True	genome_seen	False	True	True	1	positive	rod	yes	yes	aerobe	meso
1363	Lentibacillus kapialis	Lentibacillus	Bacillota	RS_GCF_014646635.1	GCF_014646635.1	True	genome_seen	False	True	True	1	positive	rod	no	yes	aerobe	meso
1365	Lentibacillus salinarum	Lentibacillus	Bacillota	RS_GCF_042679865.1	GCF_042679865.1	True	unseen	False	False	True	0	positive	rod	yes	yes	facultative	meso
1367	Lentibacillus jeotgali	Lentibacillus	Bacillota	RS_GCF_000224785.1	GCF_000224785.1	True	genome_seen	False	True	True	1	positive	rod	no	yes	aerobe	meso
1368	Lentibacillus persicus	Lentibacillus	Bacillota	RS_GCF_900112705.1	GCF_900112705.1	True	genome_seen	False	True	True	1	positive	rod	yes	yes	facultative	meso
1370	Marinococcus halotolerans	Marinococcus	Bacillota	RS_GCF_000420725.1	GCF_000420725.1	True	genome_seen	False	True	True	1	positive	coccus	yes	no	aerobe	meso
1371	Marinococcus luteus	Marinococcus	Bacillota	RS_GCF_900106595.1	GCF_900106595.1	True	genome_seen	False	True	True	1	positive	coccus	yes	no	aerobe	meso
1376	Oceanobacillus profundus	Oceanobacillus	Bacillota	RS_GCF_003515705.1	GCF_003515705.1	True	genome_seen	False	True	True	1	positive	rod	yes	yes	aerobe	meso
1378	Oceanobacillus_B kapialis	Oceanobacillus_B	Bacillota	RS_GCF_042685265.1	GCF_042685265.1	True	unseen	False	False	True	0	positive	rod	yes	yes	aerobe	meso
1380	Oceanobacillus neutriphilus	Oceanobacillus	Bacillota	RS_GCF_014645515.1	GCF_014645515.1	True	genome_seen	False	True	True	1	positive	rod	yes	yes	aerobe	meso
1381	Ornithinibacillus bavariensis	Ornithinibacillus	Bacillota	RS_GCF_050433565.1	GCF_050433565.1	True	species_seen	False	False	True	1	positive	rod	yes	yes	aerobe	meso
1382	Ornithinibacillus californiensis	Ornithinibacillus	Bacillota	RS_GCF_001038485.1	GCF_001038485.1	True	genome_seen	False	True	True	1	positive	rod	yes	yes	aerobe	meso
1385	Paraliobacillus_A quinghaiensis	Paraliobacillus_A	Bacillota	RS_GCF_003426025.1	GCF_003426025.1	True	genome_seen	False	True	True	1	positive	rod	yes	yes	aerobe	meso
1386	Pontibacillus chungwhensis	Pontibacillus	Bacillota	RS_GCF_000770675.1	GCF_000770675.1	True	genome_seen	False	True	True	1	positive	rod	yes	yes	aerobe	meso
1387	Pontibacillus marinus	Pontibacillus	Bacillota	RS_GCF_000425225.1	GCF_000425225.1	True	genome_seen	False	True	True	1	positive	rod	yes	yes	aerobe	meso
1389	Pontibacillus litoralis	Pontibacillus	Bacillota	RS_GCF_000775615.1	GCF_000775615.1	True	genome_seen	False	True	True	1	positive	rod	yes	yes	facultative	meso
1391	Thalassobacillus devorans	Thalassobacillus	Bacillota	RS_GCF_011761345.1	GCF_011761345.1	True	genome_seen	False	True	True	1	positive	rod	yes	yes	aerobe	meso
1392	Thalassobacillus cyri	Thalassobacillus	Bacillota	RS_GCF_900107755.1	GCF_900107755.1	True	genome_seen	False	True	True	1	positive	rod	yes	yes	aerobe	meso
1393	Thalassobacillus pellis	Thalassobacillus	Bacillota	RS_GCF_016908295.1	GCF_016908295.1	True	genome_seen	False	True	True	1	positive	rod	yes	yes	aerobe	meso
1398	Ureibacillus suwonensis	Ureibacillus	Bacillota	RS_GCF_042655065.1	GCF_042655065.1	True	unseen	False	False	True	0	negative	rod	yes	yes	aerobe	thermo
1402	Vulcanibacillus modesticaldus	Vulcanibacillus	Bacillota	RS_GCF_001730235.1	GCF_001730235.1	True	genome_seen	False	True	True	1	positive	rod	no	yes	anaerobe	thermo
1403	Amphibacillus xylanus	Amphibacillus	Bacillota	RS_GCF_000307165.1	GCF_000307165.1	True	genome_seen	False	True	True	1	positive	rod	no	yes	facultative	meso
1407	Amphibacillus_C jilinensis	Amphibacillus_C	Bacillota	RS_GCF_000306965.1	GCF_000306965.1	True	genome_seen	False	True	True	1	positive	rod	yes	yes	facultative	meso
1409	Falsibacillus pallidus	Falsibacillus	Bacillota	RS_GCF_003350505.1	GCF_003350505.1	True	genome_seen	False	True	True	1	positive	rod	yes	yes	aerobe	meso
1419	Geobacillus stearothermophilus	Geobacillus	Bacillota	RS_GCF_030369615.1	GCF_030369615.1	True	species_seen	False	False	True	2	positive	rod	yes	yes	facultative	thermo
1437	Geobacillus thermoleovorans	Geobacillus	Bacillota	RS_GCF_005160065.1	GCF_005160065.1	True	species_seen	False	False	True	1	positive	rod	no	yes	aerobe	thermo
1438	Parageobacillus thermantarcticus	Parageobacillus	Bacillota	RS_GCF_900111865.1	GCF_900111865.1	True	genome_seen	False	True	True	1	positive	rod	yes	yes	aerobe	thermo
1459	Gracilibacillus dipsosauri	Gracilibacillus	Bacillota	RS_GCF_003176895.1	GCF_003176895.1	True	genome_seen	False	True	True	1	positive	rod	yes	yes	aerobe	meso
1460	Gracilibacillus halotolerans	Gracilibacillus	Bacillota	RS_GCF_014206945.1	GCF_014206945.1	True	genome_seen	False	True	True	1	positive	rod	yes	yes	aerobe	thermo
1463	Gracilibacillus halophilus	Gracilibacillus	Bacillota	RS_GCF_000359605.1	GCF_000359605.1	True	genome_seen	False	True	True	1	positive	rod	yes	yes	aerobe	thermo
1464	Gracilibacillus lacisalsi	Gracilibacillus	Bacillota	RS_GCF_000377765.1	GCF_000377765.1	True	genome_seen	False	True	True	1	positive	rod	yes	yes	aerobe	meso
1468	Gracilibacillus kekensis	Gracilibacillus	Bacillota	RS_GCF_900143085.1	GCF_900143085.1	True	genome_seen	False	True	True	1	positive	rod	yes	yes	aerobe	meso
1474	Virgibacillus pantothenticus	Virgibacillus	Bacillota	RS_GCF_018075365.1	GCF_018075365.1	True	genome_seen	False	True	True	1	positive	rod	yes	yes	facultative	meso
1476	Virgibacillus salexigens	Virgibacillus	Bacillota	RS_GCF_014905415.1	GCF_014905415.1	True	genome_seen	False	True	True	1	positive	rod	yes	yes	aerobe	meso
1481	Virgibacillus_F necropolis	Virgibacillus_F	Bacillota	RS_GCF_002224365.1	GCF_002224365.1	True	genome_seen	False	True	True	1	positive	rod	yes	yes	aerobe	meso
1483	Tigheibacillus halophilus	Tigheibacillus	Bacillota	RS_GCF_042683165.1	GCF_042683165.1	True	unseen	False	False	False	0	positive	rod	yes	yes	aerobe	meso
1488	Lentibacillus kekensis	Lentibacillus	Bacillota	RS_GCF_042654125.1	GCF_042654125.1	True	unseen	False	False	True	0	positive	rod	yes	yes	aerobe	meso
1489	Virgibacillus_O sediminis	Virgibacillus_O	Bacillota	RS_GCF_042643265.1	GCF_042643265.1	True	unseen	False	False	False	0	positive	rod	yes	yes	aerobe	meso
1493	Lentibacillus subterraneus	Lentibacillus	Bacillota	RS_GCF_900110695.1	GCF_900110695.1	True	genome_seen	False	True	True	1	positive	rod	yes	yes	aerobe	meso
1495	Lentibacillus litoralis	Lentibacillus	Bacillota	RS_GCF_017873675.1	GCF_017873675.1	True	genome_seen	False	True	True	1	positive	rod	yes	yes	aerobe	meso
1498	Caldalkalibacillus uzonensis	Caldalkalibacillus	Bacillota	RS_GCF_030814135.1	GCF_030814135.1	True	genome_seen	True	False	True	1	positive	rod	yes	yes	aerobe	thermo
1513	Jeotgalibacillus salarius	Jeotgalibacillus	Bacillota	RS_GCF_004405125.1	GCF_004405125.1	True	genome_seen	False	True	True	1	positive	rod	yes	yes	aerobe	meso
1514	Jeotgalibacillus soli	Jeotgalibacillus	Bacillota	RS_GCF_000829435.1	GCF_000829435.1	True	genome_seen	False	True	True	1	positive	rod	yes	yes	aerobe	meso
1515	Ornithinibacillus globulus	Ornithinibacillus	Bacillota	RS_GCF_000482485.1	GCF_000482485.1	True	genome_seen	False	True	True	1	positive	rod	yes	yes	aerobe	meso
1517	Terribacillus saccharophilus	Terribacillus	Bacillota	RS_GCF_002884435.1	GCF_002884435.1	True	species_seen	False	False	True	1	positive	rod	yes	yes	aerobe	meso
1532	Lysinibacillus sphaericus	Lysinibacillus	Bacillota	RS_GCF_002982115.1	GCF_002982115.1	True	genome_seen	False	True	True	1	positive	rod	yes	yes	aerobe	meso
1537	Lysinibacillus_B odysseyi	Lysinibacillus_B	Bacillota	RS_GCF_001591965.1	GCF_001591965.1	True	genome_seen	False	True	True	1	positive	rod	yes	yes	aerobe	meso
1538	Lysinibacillus boronitolerans	Lysinibacillus	Bacillota	RS_GCF_000772935.1	GCF_000772935.1	True	genome_seen	False	True	True	1	positive	rod	yes	yes	aerobe	meso
1539	Lysinibacillus parviboronicapiens	Lysinibacillus	Bacillota	RS_GCF_003049575.1	GCF_003049575.1	True	genome_seen	False	True	True	1	positive	rod	yes	yes	aerobe	meso
1540	Lysinibacillus xylanilyticus	Lysinibacillus	Bacillota	RS_GCF_001183605.1	GCF_001183605.1	True	genome_seen	False	True	True	1	positive	rod	yes	yes	aerobe	meso
1544	Piscibacillus salipiscarius	Piscibacillus	Bacillota	RS_GCF_001311865.1	GCF_001311865.1	True	genome_seen	True	True	True	1	positive	rod	yes	yes	aerobe	meso
1546	Salirhabdus euzebyi	Salirhabdus	Bacillota	RS_GCF_014207435.1	GCF_014207435.1	True	genome_seen	False	True	True	1	positive	rod	yes	yes	aerobe	meso
1547	Aquisalibacillus elongatus	Aquisalibacillus	Bacillota	RS_GCF_003843875.1	GCF_003843875.1	True	genome_seen	False	True	True	1	positive	rod	no	no	aerobe	meso
1548	Salsuginibacillus kocurii	Salsuginibacillus	Bacillota	RS_GCF_000377705.1	GCF_000377705.1	True	genome_seen	False	True	True	1	positive	rod	yes	yes	aerobe	meso
1553	Tumebacillus permanentifrigoris	Tumebacillus	Bacillota	RS_GCF_003148565.1	GCF_003148565.1	True	genome_seen	False	True	True	1	positive	rod	no	yes	aerobe	meso
1555	Sediminibacillus halophilus	Sediminibacillus	Bacillota	RS_GCF_900103695.1	GCF_900103695.1	True	genome_seen	False	True	True	1	positive	rod	yes	no	facultative	meso
1556	Sediminibacillus albus	Sediminibacillus	Bacillota	RS_GCF_900101125.1	GCF_900101125.1	True	genome_seen	False	True	True	1	positive	rod	yes	yes	aerobe	meso
1558	Anaerobacillus arseniciselenatis	Anaerobacillus	Bacillota	RS_GCF_001865995.1	GCF_001865995.1	True	genome_seen	False	True	True	1	positive	rod	no	yes	anaerobe	meso
1566	Psychrobacillus psychrodurans	Psychrobacillus	Bacillota	RS_GCF_027563345.1	GCF_027563345.1	True	species_seen	False	False	True	1	positive	rod	yes	yes	aerobe	meso
1568	Psychrobacillus psychrotolerans	Psychrobacillus	Bacillota	RS_GCF_900115805.1	GCF_900115805.1	True	genome_seen	False	True	True	1	positive	rod	yes	yes	aerobe	meso
1569	Streptohalobacillus salinus	Streptohalobacillus	Bacillota	RS_GCF_003201605.1	GCF_003201605.1	True	genome_seen	False	True	True	1	positive	rod	yes	no	facultative	meso
1570	Natribacillus halophilus	Natribacillus	Bacillota	RS_GCF_900100185.1	GCF_900100185.1	True	genome_seen	False	True	True	1	positive	rod	yes	yes	aerobe	meso
1571	Salisediminibacterium halotolerans	Salisediminibacterium	Bacillota	RS_GCF_003814815.1	GCF_003814815.1	True	genome_seen	False	True	True	1	positive	rod	no	no	facultative	meso
1572	Alteribacillus persepolensis	Alteribacillus	Bacillota	RS_GCF_900099605.1	GCF_900099605.1	True	genome_seen	False	True	True	1	positive	rod	yes	yes	aerobe	meso
1573	Alteribacillus bidgolensis	Alteribacillus	Bacillota	RS_GCF_002886255.1	GCF_002886255.1	True	genome_seen	False	True	True	1	positive	rod	no	yes	aerobe	meso
1607	Phocaeicola plebeius	Phocaeicola	Bacteroidota	RS_GCF_000187895.1	GCF_000187895.1	True	genome_seen	False	True	True	1	negative	rod	no	no	anaerobe	meso
1608	Phocaeicola coprocola	Phocaeicola	Bacteroidota	RS_GCF_000154845.1	GCF_000154845.1	True	genome_seen	False	True	True	1	negative	rod	no	no	anaerobe	meso
1609	Bacteroides intestinalis	Bacteroides	Bacteroidota	RS_GCF_000172175.1	GCF_000172175.1	True	genome_seen	False	True	True	1	negative	rod	no	no	anaerobe	meso
1610	Bacteroides finegoldii	Bacteroides	Bacteroidota	GB_GCA_030295565.1	GCA_030295565.1	True	species_seen	False	False	True	1	negative	rod	no	no	anaerobe	meso
1611	Phocaeicola massiliensis	Phocaeicola	Bacteroidota	RS_GCF_000382445.1	GCF_000382445.1	True	genome_seen	False	True	True	1	negative	rod	no	no	anaerobe	meso
1612	Phocaeicola dorei	Phocaeicola	Bacteroidota	RS_GCF_013009555.1	GCF_013009555.1	True	genome_seen	False	True	True	1	negative	rod	no	no	anaerobe	meso
1613	Bacteroides_E coprosuis	Bacteroides_E	Bacteroidota	GB_GCA_000212915.1	GCA_000212915.1	True	genome_seen	False	True	True	1	negative	rod	no	no	anaerobe	meso
1621	Bacteroides_E propionicifaciens	Bacteroides_E	Bacteroidota	RS_GCF_000375405.1	GCF_000375405.1	True	genome_seen	False	True	True	1	negative	rod	no	no	anaerobe	meso
1623	Bacteroides cellulosilyticus	Bacteroides	Bacteroidota	RS_GCF_028539415.1	GCF_028539415.1	True	species_seen	False	False	True	1	negative	rod	no	no	anaerobe	meso
1624	Bacteroides graminisolvens	Bacteroides	Bacteroidota	RS_GCF_000428125.1	GCF_000428125.1	True	genome_seen	False	True	True	1	negative	rod	no	no	anaerobe	meso
1625	Phocaeicola paurosaccharolyticus	Phocaeicola	Bacteroidota	RS_GCF_000613805.1	GCF_000613805.1	True	genome_seen	False	True	True	1	negative	rod	no	no	anaerobe	meso
1626	Bacteroides xylanisolvens	Bacteroides	Bacteroidota	RS_GCF_000210075.1	GCF_000210075.1	True	genome_seen	False	True	True	1	negative	rod	no	no	anaerobe	meso
1628	Bacteroides clarus	Bacteroides	Bacteroidota	RS_GCF_900129655.1	GCF_900129655.1	True	genome_seen	False	True	True	1	negative	rod	no	no	anaerobe	meso
1629	Bacteroides fluxus	Bacteroides	Bacteroidota	RS_GCF_000195635.1	GCF_000195635.1	True	genome_seen	False	True	True	1	negative	rod	no	no	anaerobe	meso
1630	Bacteroides oleiciplenus	Bacteroides	Bacteroidota	RS_GCF_000315485.1	GCF_000315485.1	True	genome_seen	False	True	True	1	negative	rod	no	no	anaerobe	meso
1631	Bacteroides faecis	Bacteroides	Bacteroidota	RS_GCF_900106755.1	GCF_900106755.1	True	genome_seen	False	True	True	1	negative	rod	no	no	anaerobe	meso
1674	Camelimonas lactis	Camelimonas	Pseudomonadota	RS_GCF_004342915.1	GCF_004342915.1	True	genome_seen	False	True	True	1	negative	rod	no	no	aerobe	meso
1723	Bifidobacterium ruminantium	Bifidobacterium	Actinomycetota	RS_GCF_000770925.1	GCF_000770925.1	True	genome_seen	False	True	True	1	positive	rod	no	no	anaerobe	meso
1726	Bifidobacterium merycicum	Bifidobacterium	Actinomycetota	RS_GCF_900129045.1	GCF_900129045.1	True	genome_seen	False	True	True	1	positive	rod	no	no	anaerobe	meso
1739	Bifidobacterium bombi	Bifidobacterium	Actinomycetota	RS_GCF_000737845.1	GCF_000737845.1	True	genome_seen	False	True	True	1	positive	rod	no	no	anaerobe	meso
1748	Bifidobacterium adolescentis	Bifidobacterium	Actinomycetota	RS_GCF_000771705.1	GCF_000771705.1	True	species_seen	False	False	True	1	positive	rod	no	no	anaerobe	meso
1765	Scardovia wiggsiae	Scardovia	Actinomycetota	RS_GCF_051045985.1	GCF_051045985.1	True	species_seen	False	False	True	1	positive	other	no	no	anaerobe	meso
1774	Georgenia thermotolerans	Georgenia	Actinomycetota	RS_GCF_009193185.1	GCF_009193185.1	True	genome_seen	False	True	True	1	positive	rod	yes	no	facultative	meso
1861	Brevibacterium sanguinis	Brevibacterium	Actinomycetota	RS_GCF_039529075.1	GCF_039529075.1	True	species_seen	False	False	True	1	positive	rod	no	no	aerobe	meso
1863	Brevibacterium aurantiacum	Brevibacterium	Actinomycetota	RS_GCF_900169065.1	GCF_900169065.1	True	genome_seen	False	True	True	1	positive	rod	no	no	aerobe	meso
1865	Brevibacterium samyangense	Brevibacterium	Actinomycetota	RS_GCF_039529845.1	GCF_039529845.1	True	unseen	False	False	True	0	positive	other	yes	yes	aerobe	meso
1867	Brevibacterium marinum	Brevibacterium	Actinomycetota	RS_GCF_011927955.1	GCF_011927955.1	True	genome_seen	False	True	True	1	positive	rod	no	no	aerobe	meso
1868	Brevibacterium album	Brevibacterium	Actinomycetota	RS_GCF_000426445.1	GCF_000426445.1	True	genome_seen	False	True	True	1	positive	rod	yes	no	aerobe	meso
1887	Brucella oryzae	Brucella	Pseudomonadota	RS_GCF_041929965.1	GCF_041929965.1	True	species_seen	False	False	True	1	negative	rod	yes	no	aerobe	meso
1890	Brucella cytisi	Brucella	Pseudomonadota	RS_GCF_041930165.1	GCF_041930165.1	True	species_seen	False	False	True	1	negative	rod	yes	no	aerobe	meso
1893	Brucella haematophila	Brucella	Pseudomonadota	RS_GCF_005938105.1	GCF_005938105.1	True	genome_seen	False	True	True	1	negative	rod	no	no	aerobe	meso
1896	Brucella pituitosa	Brucella	Pseudomonadota	RS_GCF_003049685.1	GCF_003049685.1	True	genome_seen	False	True	True	1	negative	rod	yes	no	aerobe	meso
1900	Pseudochrobactrum saccharolyticum	Pseudochrobactrum	Pseudomonadota	RS_GCF_008801715.1	GCF_008801715.1	True	genome_seen	False	True	True	1	negative	rod	no	no	aerobe	meso
1901	Pseudochrobactrum asaccharolyticum	Pseudochrobactrum	Pseudomonadota	RS_GCF_003314995.1	GCF_003314995.1	True	genome_seen	False	True	True	1	negative	rod	no	no	aerobe	meso
1944	Paraburkholderia tropica	Paraburkholderia	Pseudomonadota	RS_GCF_900109265.1	GCF_900109265.1	True	genome_seen	False	True	True	1	negative	rod	yes	no	aerobe	meso
1968	Paraburkholderia terrae	Paraburkholderia	Pseudomonadota	RS_GCF_002902925.1	GCF_002902925.1	True	genome_seen	False	True	True	1	negative	rod	yes	no	aerobe	meso
1973	Paraburkholderia silvatlantica	Paraburkholderia	Pseudomonadota	RS_GCF_042659005.1	GCF_042659005.1	True	species_seen	False	False	True	1	negative	rod	yes	no	aerobe	meso
1983	Burkholderia arboris	Burkholderia	Pseudomonadota	RS_GCF_902499125.1	GCF_902499125.1	True	genome_seen	False	True	True	1	negative	rod	yes	no	aerobe	meso
1990	Burkholderia lata	Burkholderia	Pseudomonadota	RS_GCF_000012945.1	GCF_000012945.1	True	genome_seen	False	True	True	1	negative	rod	no	no	aerobe	meso
1991	Paraburkholderia oxyphila	Paraburkholderia	Pseudomonadota	RS_GCF_000685075.1	GCF_000685075.1	True	genome_seen	False	True	True	1	negative	rod	no	no	aerobe	meso
2056	Pandoraea norimbergensis	Pandoraea	Pseudomonadota	RS_GCF_001465545.3	GCF_001465545.3	True	genome_seen	False	True	True	1	negative	rod	yes	no	aerobe	meso
2057	Pandoraea sputorum	Pandoraea	Pseudomonadota	RS_GCF_000814845.2	GCF_000814845.2	True	genome_seen	False	True	True	1	negative	rod	yes	no	aerobe	meso
2058	Pandoraea pulmonicola	Pandoraea	Pseudomonadota	RS_GCF_000815105.2	GCF_000815105.2	True	genome_seen	False	True	True	1	negative	rod	yes	no	aerobe	meso
2059	Pandoraea apista	Pandoraea	Pseudomonadota	RS_GCF_001465595.2	GCF_001465595.2	True	genome_seen	False	True	True	1	negative	rod	yes	no	aerobe	meso
2060	Pandoraea pnomenusa	Pandoraea	Pseudomonadota	RS_GCF_000767615.3	GCF_000767615.3	True	genome_seen	False	True	True	1	negative	rod	yes	no	aerobe	meso
2132	Campylobacter_D insulaenigrae	Campylobacter_D	Campylobacterota	RS_GCF_000816185.1	GCF_000816185.1	False	genome_seen	False	True	True	1	negative	rod	yes	no	facultative	meso
2138	Campylobacter_B hominis	Campylobacter_B	Campylobacterota	RS_GCF_019930945.1	GCF_019930945.1	False	species_seen	False	False	True	1	negative	rod	no	no	anaerobe	meso
2141	Campylobacter_D volucris	Campylobacter_D	Campylobacterota	RS_GCF_008245045.1	GCF_008245045.1	False	genome_seen	False	True	True	1	negative	rod	yes	no	facultative	meso
2243	Alkalibacterium kapii	Alkalibacterium	Bacillota	RS_GCF_007988865.1	GCF_007988865.1	True	genome_seen	False	True	True	1	positive	rod	yes	no	facultative	meso
2250	Atopococcus tabaci	Atopococcus	Bacillota	RS_GCF_000429585.1	GCF_000429585.1	True	genome_seen	False	True	True	1	positive	coccus	no	no	aerobe	meso
2278	Marinilactibacillus piezotolerans	Marinilactibacillus	Bacillota	RS_GCF_900114235.1	GCF_900114235.1	True	genome_seen	False	True	True	1	positive	rod	no	no	facultative	meso
2312	Brevundimonas kwangchunensis	Brevundimonas	Pseudomonadota	RS_GCF_039523815.1	GCF_039523815.1	True	unseen	False	False	True	0	negative	rod	yes	no	aerobe	meso
2343	Phenylobacterium koreense	Phenylobacterium	Pseudomonadota	RS_GCF_040545335.1	GCF_040545335.1	True	unseen	False	False	True	0	negative	rod	no	no	aerobe	meso
2376	Cellulomonas oligotrophica	Cellulomonas	Actinomycetota	RS_GCF_013409875.1	GCF_013409875.1	True	genome_seen	False	True	True	1	positive	rod	yes	no	aerobe	meso
2456	Pararheinheimera texasensis	Pararheinheimera	Pseudomonadota	RS_GCF_000711985.1	GCF_000711985.1	True	genome_seen	False	True	True	1	negative	rod	yes	no	anaerobe	meso
2460	Alishewanella aquimaris	Alishewanella	Pseudomonadota	RS_GCF_020531985.1	GCF_020531985.1	True	genome_seen	False	True	True	1	negative	rod	yes	no	aerobe	meso
2462	Pararheinheimera tangshanensis	Pararheinheimera	Pseudomonadota	RS_GCF_014645135.1	GCF_014645135.1	True	genome_seen	False	True	True	1	negative	rod	yes	no	aerobe	meso
2472	Thiorhodococcus mannitoliphagus	Thiorhodococcus	Pseudomonadota	RS_GCF_010915725.1	GCF_010915725.1	True	genome_seen	False	True	True	1	negative	coccus	yes	no	anaerobe	meso
2515	Tepidimicrobium xylanilyticum	Tepidimicrobium	Bacillota	RS_GCF_900106765.1	GCF_900106765.1	True	genome_seen	False	True	True	1	positive	rod	yes	yes	anaerobe	thermo
2523	Caloramator australicus	Caloramator	Bacillota	RS_GCF_000297115.1	GCF_000297115.1	True	genome_seen	False	True	True	1	positive	rod	yes	no	anaerobe	thermo
2537	Gottschalkia acidurici	Gottschalkia	Bacillota	RS_GCF_000299355.1	GCF_000299355.1	True	genome_seen	False	True	True	1	positive	rod	yes	yes	anaerobe	meso
2543	Clostridium_S felsineum	Clostridium_S	Bacillota	RS_GCF_002006235.2	GCF_002006235.2	True	species_seen	False	False	True	1	positive	rod	no	no	anaerobe	meso
2548	Clostridium beijerinckii	Clostridium	Bacillota	RS_GCF_018223745.1	GCF_018223745.1	True	genome_seen	False	True	True	1	positive	rod	yes	yes	anaerobe	meso
2559	Paraclostridium bifermentans	Paraclostridium	Bacillota	RS_GCF_019916025.1	GCF_019916025.1	True	genome_seen	False	True	True	1	positive	rod	yes	yes	anaerobe	meso
2564	Clostridium_X cadaveris	Clostridium_X	Bacillota	RS_GCF_039521325.1	GCF_039521325.1	True	species_seen	False	False	True	1	positive	rod	yes	yes	anaerobe	meso
2568	Clostridium_K cellulovorans	Clostridium_K	Bacillota	RS_GCF_000145275.1	GCF_000145275.1	True	genome_seen	False	True	True	1	negative	other	no	yes	anaerobe	meso
2582	Clostridioides difficile	Clostridioides	Bacillota	RS_GCF_001077535.1	GCF_001077535.1	True	genome_seen	False	True	True	1	positive	rod	no	yes	anaerobe	meso
2601	Hathewaya histolytica	Hathewaya	Bacillota	RS_GCF_901482605.1	GCF_901482605.1	True	genome_seen	False	True	True	1	positive	rod	yes	yes	anaerobe	meso
2613	Hathewaya limosa	Hathewaya	Bacillota	RS_GCF_030815255.1	GCF_030815255.1	True	species_seen	False	False	True	1	positive	rod	yes	yes	anaerobe	meso
2621	Faecalicatena_A orotica	Faecalicatena_A	Bacillota	RS_GCF_040545875.1	GCF_040545875.1	True	species_seen	False	False	True	1	positive	rod	yes	yes	anaerobe	meso
2646	Chakrabartyella propionicum	Chakrabartyella	Bacillota	RS_GCF_001561955.1	GCF_001561955.1	True	genome_seen	False	True	True	1	positive	rod	yes	yes	anaerobe	meso
2648	Hathewaya proteolytica	Hathewaya	Bacillota	RS_GCF_900142225.1	GCF_900142225.1	True	genome_seen	False	True	True	1	positive	rod	no	yes	anaerobe	meso
2650	Gottschalkia_A purinilytica	Gottschalkia_A	Bacillota	RS_GCF_001190785.1	GCF_001190785.1	True	genome_seen	False	True	True	1	positive	rod	yes	yes	anaerobe	meso
2666	Paraclostridium sordellii	Paraclostridium	Bacillota	RS_GCF_000953675.1	GCF_000953675.1	True	genome_seen	False	True	True	1	positive	rod	no	yes	anaerobe	meso
2710	Clostridium_F sporogenes	Clostridium_F	Bacillota	RS_GCF_001020205.1	GCF_001020205.1	True	genome_seen	False	True	True	1	positive	rod	no	yes	anaerobe	meso
2738	Clostridium_B tyrobutyricum	Clostridium_B	Bacillota	RS_GCF_000359585.1	GCF_000359585.1	True	genome_seen	False	True	True	1	positive	rod	no	yes	anaerobe	meso
2741	Peptoclostridium litorale	Peptoclostridium	Bacillota	RS_GCF_900141635.1	GCF_900141635.1	True	genome_seen	False	True	True	1	negative	other	yes	yes	anaerobe	meso
2748	Clostridium_AP scindens	Clostridium_AP	Bacillota	RS_GCF_004295125.1	GCF_004295125.1	True	genome_seen	False	True	True	1	positive	rod	no	no	anaerobe	meso
2760	Ruminiclostridium cellulolyticum	Ruminiclostridium	Bacillota	RS_GCF_000022065.1	GCF_000022065.1	True	genome_seen	False	True	True	1	positive	rod	yes	yes	anaerobe	meso
2765	Chakrabartyella neopropionicum	Chakrabartyella	Bacillota	RS_GCF_001571775.1	GCF_001571775.1	True	genome_seen	False	True	True	1	negative	rod	yes	yes	anaerobe	meso
2776	Clostridium_AD estertheticum	Clostridium_AD	Bacillota	RS_GCF_001877035.1	GCF_001877035.1	True	genome_seen	False	True	True	1	positive	rod	no	yes	anaerobe	psychro
2783	Clostridium_AK pascui	Clostridium_AK	Bacillota	RS_GCF_016908015.1	GCF_016908015.1	True	genome_seen	False	True	True	1	positive	rod	no	yes	anaerobe	meso
2811	Extibacter hylemonae	Extibacter	Bacillota	RS_GCF_008281175.1	GCF_008281175.1	True	genome_seen	False	True	True	1	positive	rod	no	yes	anaerobe	meso
2817	Clostridium_AM carboxidivorans	Clostridium_AM	Bacillota	RS_GCF_001038625.1	GCF_001038625.1	True	genome_seen	False	True	True	1	positive	rod	yes	yes	anaerobe	meso
2820	Clostridium_H thermopalmarium	Clostridium_H	Bacillota	RS_GCF_001593985.1	GCF_001593985.1	True	species_seen	False	False	True	1	positive	rod	no	yes	anaerobe	meso
2831	Clostridium_AO lundense	Clostridium_AO	Bacillota	RS_GCF_000619945.1	GCF_000619945.1	True	genome_seen	False	True	True	1	positive	rod	no	yes	anaerobe	meso
2833	Clostridium_AM aciditolerans	Clostridium_AM	Bacillota	RS_GCF_016316925.1	GCF_016316925.1	True	genome_seen	False	True	True	1	positive	rod	yes	yes	anaerobe	meso
2836	Clostridium_AM drakei	Clostridium_AM	Bacillota	RS_GCF_000633595.2	GCF_000633595.2	True	genome_seen	False	True	True	1	negative	rod	yes	yes	anaerobe	meso
2841	Lachnoclostridium phytofermentans	Lachnoclostridium	Bacillota	RS_GCF_000018685.1	GCF_000018685.1	True	genome_seen	False	True	True	1	negative	rod	yes	yes	anaerobe	meso
2842	Clostridium_H ganghwense	Clostridium_H	Bacillota	RS_GCF_026735165.1	GCF_026735165.1	True	genome_seen	True	False	True	1	negative	rod	yes	no	anaerobe	meso
2846	Clostridium_H aestuarii	Clostridium_H	Bacillota	RS_GCF_026735135.1	GCF_026735135.1	True	genome_seen	True	False	True	1	negative	rod	yes	yes	anaerobe	meso
2848	Ruminiclostridium sufflavum	Ruminiclostridium	Bacillota	RS_GCF_003208175.1	GCF_003208175.1	True	genome_seen	False	True	True	1	negative	rod	yes	yes	anaerobe	meso
2850	Clostridium_AA amylolyticum	Clostridium_AA	Bacillota	RS_GCF_900142075.1	GCF_900142075.1	True	genome_seen	False	True	True	1	positive	rod	yes	yes	anaerobe	meso
2851	Clostridium_AD tagluense	Clostridium_AD	Bacillota	RS_GCF_003865095.1	GCF_003865095.1	True	genome_seen	False	True	True	1	positive	rod	yes	yes	anaerobe	meso
2854	Thermoclostridium_A caenicola	Thermoclostridium_A	Bacillota	RS_GCF_900142095.1	GCF_900142095.1	True	genome_seen	False	True	True	1	negative	rod	yes	yes	anaerobe	thermo
2867	Geosporobacter subterraneus	Geosporobacter	Bacillota	RS_GCF_900142145.1	GCF_900142145.1	True	genome_seen	False	True	True	1	positive	rod	no	yes	anaerobe	meso
2868	Anaerosporobacter mobilis	Anaerosporobacter	Bacillota	RS_GCF_900142955.1	GCF_900142955.1	True	genome_seen	False	True	True	1	positive	rod	yes	yes	anaerobe	meso
2869	Clostridiisalibacter paucivorans	Clostridiisalibacter	Bacillota	RS_GCF_000620125.1	GCF_000620125.1	True	genome_seen	False	True	True	1	positive	rod	yes	yes	anaerobe	meso
2870	Lutispora thermophila	Lutispora	Bacillota	RS_GCF_900142105.1	GCF_900142105.1	True	genome_seen	False	True	True	1	positive	rod	yes	yes	anaerobe	thermo
2871	Butyricicoccus pullicaecorum	Butyricicoccus	Bacillota	RS_GCF_900167005.1	GCF_900167005.1	True	genome_seen	False	True	True	1	positive	coccus	no	no	anaerobe	meso
2872	Proteiniclasticum ruminis	Proteiniclasticum	Bacillota	RS_GCF_000701905.1	GCF_000701905.1	True	genome_seen	False	True	True	1	negative	rod	no	no	anaerobe	meso
2873	Sporosalibacterium faouarense	Sporosalibacterium	Bacillota	RS_GCF_016765695.1	GCF_016765695.1	True	genome_seen	False	True	True	1	positive	other	yes	yes	anaerobe	meso
2883	Thalassotalea_D agarivorans	Thalassotalea_D	Pseudomonadota	RS_GCF_030295955.1	GCF_030295955.1	True	species_seen	False	False	True	1	negative	rod	no	no	aerobe	meso
2903	Paenacidovorax caeni	Paenacidovorax	Pseudomonadota	RS_GCF_001298675.1	GCF_001298675.1	True	genome_seen	False	True	True	1	negative	rod	yes	no	facultative	meso
2936	Comamonas odontotermitis	Comamonas	Pseudomonadota	RS_GCF_042748965.1	GCF_042748965.1	True	species_seen	False	False	True	1	negative	rod	yes	no	aerobe	meso
2937	Comamonas composti	Comamonas	Pseudomonadota	RS_GCF_000429845.1	GCF_000429845.1	True	genome_seen	False	True	True	1	negative	rod	yes	no	aerobe	meso
2979	Ottowia thiooxydans	Ottowia	Pseudomonadota	RS_GCF_000422885.1	GCF_000422885.1	True	genome_seen	False	True	True	1	negative	rod	no	no	facultative	meso
2982	Polaromonas naphthalenivorans	Polaromonas	Pseudomonadota	RS_GCF_000015505.1	GCF_000015505.1	True	genome_seen	False	True	True	1	negative	coccus	no	no	aerobe	meso
2984	Polaromonas jejuensis	Polaromonas	Pseudomonadota	RS_GCF_042656865.1	GCF_042656865.1	True	species_seen	False	False	True	1	negative	rod	no	no	aerobe	meso
3015	Variovorax dokdonensis	Variovorax	Pseudomonadota	RS_GCF_042675585.1	GCF_042675585.1	True	species_seen	False	False	True	1	negative	rod	yes	no	aerobe	meso
3016	Variovorax soli	Variovorax	Pseudomonadota	RS_GCF_042657085.1	GCF_042657085.1	True	species_seen	False	False	True	1	negative	rod	yes	no	aerobe	meso
3017	Variovorax boronicumulans	Variovorax	Pseudomonadota	RS_GCF_001591345.1	GCF_001591345.1	True	genome_seen	False	True	True	1	negative	rod	yes	no	aerobe	meso
3020	Xenophilus aerolatus	Xenophilus	Pseudomonadota	GB_GCA_029968055.1	GCA_029968055.1	True	genome_seen	True	False	True	1	negative	rod	yes	no	aerobe	meso
3021	Tepidicella xavieri	Tepidicella	Pseudomonadota	RS_GCF_004363315.1	GCF_004363315.1	True	genome_seen	False	True	True	1	negative	rod	yes	no	aerobe	thermo
3050	Collinsella tanakaei	Collinsella	Actinomycetota	RS_GCF_000225705.1	GCF_000225705.1	True	genome_seen	False	True	True	1	positive	rod	no	no	anaerobe	meso
3053	Cryptobacterium curtum	Cryptobacterium	Actinomycetota	RS_GCF_000023845.1	GCF_000023845.1	True	genome_seen	False	True	True	1	positive	rod	no	no	anaerobe	meso
3062	Parafannyhessea umbonata	Parafannyhessea	Actinomycetota	RS_GCF_900105025.1	GCF_900105025.1	True	genome_seen	False	True	True	1	positive	rod	no	no	anaerobe	meso
3064	Slackia exigua	Slackia	Actinomycetota	RS_GCF_000162875.1	GCF_000162875.1	True	genome_seen	False	True	True	1	positive	rod	no	no	anaerobe	meso
3065	Slackia faecicanis	Slackia	Actinomycetota	RS_GCF_003725295.1	GCF_003725295.1	True	genome_seen	False	True	True	1	positive	rod	no	no	anaerobe	meso
3067	Slackia equolifaciens	Slackia	Actinomycetota	RS_GCF_003725995.1	GCF_003725995.1	True	genome_seen	False	True	True	1	positive	rod	no	no	anaerobe	meso
3068	Slackia piriformis	Slackia	Actinomycetota	RS_GCF_000296445.1	GCF_000296445.1	True	genome_seen	False	True	True	1	positive	rod	no	no	anaerobe	meso
3073	Adlercreutzia equolifaciens	Adlercreutzia	Actinomycetota	RS_GCF_000478885.1	GCF_000478885.1	True	genome_seen	False	True	True	1	positive	other	no	no	anaerobe	meso
3075	Gordonibacter pamelaeae	Gordonibacter	Actinomycetota	RS_GCF_042665095.1	GCF_042665095.1	True	species_seen	False	False	True	1	positive	other	yes	no	anaerobe	meso
3077	Adlercreutzia caecimuris	Adlercreutzia	Actinomycetota	RS_GCF_000403355.2	GCF_000403355.2	True	genome_seen	False	True	True	1	positive	rod	no	no	anaerobe	meso
3153	Corynebacterium diphtheriae	Corynebacterium	Actinomycetota	RS_GCF_001457455.1	GCF_001457455.1	True	genome_seen	False	True	True	1	positive	rod	no	no	aerobe	meso
3161	Corynebacterium argentoratense	Corynebacterium	Actinomycetota	RS_GCF_000590555.1	GCF_000590555.1	True	genome_seen	False	True	True	1	positive	rod	no	no	facultative	meso
3163	Corynebacterium mucifaciens	Corynebacterium	Actinomycetota	RS_GCF_012396315.1	GCF_012396315.1	True	genome_seen	False	True	True	1	positive	rod	no	no	aerobe	meso
3172	Corynebacterium propinquum	Corynebacterium	Actinomycetota	RS_GCF_000375525.1	GCF_000375525.1	True	genome_seen	False	True	True	1	positive	rod	no	no	aerobe	meso
3180	Corynebacterium falsenii	Corynebacterium	Actinomycetota	RS_GCF_020099275.1	GCF_020099275.1	True	genome_seen	False	True	True	1	positive	rod	no	no	facultative	meso
3183	Corynebacterium confusum	Corynebacterium	Actinomycetota	RS_GCF_030408715.1	GCF_030408715.1	True	genome_seen	True	False	True	1	positive	rod	no	no	facultative	meso
3184	Corynebacterium kroppenstedtii	Corynebacterium	Actinomycetota	RS_GCF_000023145.1	GCF_000023145.1	True	genome_seen	False	True	True	1	positive	rod	no	no	facultative	meso
3190	Corynebacterium freneyi	Corynebacterium	Actinomycetota	RS_GCF_030408835.1	GCF_030408835.1	True	species_seen	False	False	True	1	positive	rod	no	no	aerobe	meso
3208	Corynebacterium terpenotabidum	Corynebacterium	Actinomycetota	RS_GCF_000418365.1	GCF_000418365.1	True	genome_seen	False	True	True	1	positive	rod	no	no	aerobe	meso
3212	Corynebacterium sphenisci	Corynebacterium	Actinomycetota	RS_GCF_001941505.1	GCF_001941505.1	True	genome_seen	False	True	True	1	positive	rod	no	no	facultative	meso
3213	Corynebacterium atypicum	Corynebacterium	Actinomycetota	RS_GCF_000732945.1	GCF_000732945.1	True	genome_seen	False	True	True	1	positive	rod	no	no	facultative	meso
3215	Corynebacterium suicordis	Corynebacterium	Actinomycetota	RS_GCF_015351405.1	GCF_015351405.1	True	genome_seen	False	True	True	1	positive	rod	no	no	facultative	meso
3227	Corynebacterium hansenii	Corynebacterium	Actinomycetota	RS_GCF_030408795.1	GCF_030408795.1	True	genome_seen	True	False	True	2	positive	rod	no	no	aerobe	meso
3228	Corynebacterium sputi	Corynebacterium	Actinomycetota	RS_GCF_000427865.1	GCF_000427865.1	True	genome_seen	False	True	True	1	positive	rod	no	no	facultative	meso
3229	Corynebacterium ulceribovis	Corynebacterium	Actinomycetota	RS_GCF_000372445.1	GCF_000372445.1	True	genome_seen	False	True	True	1	positive	coccus	no	no	facultative	meso
3234	Corynebacterium maris	Corynebacterium	Actinomycetota	RS_GCF_000442645.1	GCF_000442645.1	True	genome_seen	False	True	True	1	positive	other	no	no	aerobe	meso
3235	Corynebacterium doosanense	Corynebacterium	Actinomycetota	RS_GCF_000767055.1	GCF_000767055.1	True	genome_seen	False	True	True	1	positive	rod	no	no	aerobe	meso
3238	Corynebacterium pilbarense	Corynebacterium	Actinomycetota	RS_GCF_026930265.1	GCF_026930265.1	True	unseen	False	False	True	0	positive	rod	no	no	facultative	meso
3239	Corynebacterium canis	Corynebacterium	Actinomycetota	RS_GCF_030408595.1	GCF_030408595.1	True	species_seen	False	False	True	1	positive	rod	no	no	facultative	meso
3766	Arcicella aurantiaca	Arcicella	Bacteroidota	RS_GCF_003148625.1	GCF_003148625.1	True	genome_seen	False	True	True	1	negative	rod	no	no	aerobe	meso
3783	Emticicia oligotrophica	Emticicia	Bacteroidota	RS_GCF_000263195.1	GCF_000263195.1	True	genome_seen	True	True	True	1	negative	rod	no	no	aerobe	meso
3804	Hymenobacter psychrotolerans	Hymenobacter	Bacteroidota	RS_GCF_900142395.1	GCF_900142395.1	True	genome_seen	False	True	True	1	negative	rod	no	no	aerobe	meso
3810	Hymenobacter daecheongensis	Hymenobacter	Bacteroidota	RS_GCF_900141805.1	GCF_900141805.1	True	genome_seen	False	True	True	1	negative	rod	no	no	aerobe	meso
3822	Spirosoma panaciterrae	Spirosoma	Bacteroidota	RS_GCF_000374025.1	GCF_000374025.1	True	genome_seen	False	True	True	1	negative	rod	no	no	aerobe	meso
3829	Pontibacter roseus	Pontibacter	Bacteroidota	RS_GCF_000373265.1	GCF_000373265.1	True	genome_seen	False	True	True	1	negative	rod	no	no	aerobe	meso
3834	Rudanella lutea	Rudanella	Bacteroidota	RS_GCF_000383955.1	GCF_000383955.1	True	genome_seen	False	True	True	1	negative	rod	no	no	aerobe	meso
3837	Pseudarcicella hirudinis	Pseudarcicella	Bacteroidota	RS_GCF_900115665.1	GCF_900115665.1	True	genome_seen	False	True	True	1	negative	rod	no	no	aerobe	meso
3845	Deferribacter autotrophicus	Deferribacter	Chrysiogenota	RS_GCF_008362905.1	GCF_008362905.1	False	genome_seen	False	True	True	1	negative	rod	yes	no	anaerobe	thermo
3846	Calditerrivibrio nitroreducens	Calditerrivibrio	Chrysiogenota	RS_GCF_000183405.1	GCF_000183405.1	False	genome_seen	False	True	True	1	negative	other	yes	no	anaerobe	thermo
3855	Deinococcus geothermalis	Deinococcus	Deinococcota	RS_GCF_000196275.1	GCF_000196275.1	False	genome_seen	False	True	True	1	positive	coccus	no	no	aerobe	thermo
3882	Deinococcus aquaticus	Deinococcus	Deinococcota	RS_GCF_039544915.1	GCF_039544915.1	False	species_seen	False	False	True	1	negative	rod	no	no	aerobe	meso
3885	Deinococcus ficus	Deinococcus	Deinococcota	RS_GCF_003444775.1	GCF_003444775.1	False	genome_seen	False	True	True	1	positive	rod	no	no	aerobe	meso
3886	Deinococcus yunweiensis	Deinococcus	Deinococcota	RS_GCF_046774955.1	GCF_046774955.1	False	unseen	False	False	True	0	negative	rod	no	no	aerobe	meso
3890	Deinococcus_C roseus	Deinococcus_C	Deinococcota	RS_GCF_014646895.1	GCF_014646895.1	False	genome_seen	False	True	True	1	positive	rod	no	no	aerobe	meso
3891	Deinococcus aquatilis	Deinococcus	Deinococcota	RS_GCF_000378445.1	GCF_000378445.1	False	genome_seen	False	True	True	1	positive	rod	no	no	aerobe	meso
3893	Deinococcus gobiensis	Deinococcus	Deinococcota	RS_GCF_000252445.1	GCF_000252445.1	False	genome_seen	False	True	True	1	positive	coccus	no	no	facultative	meso
3900	Deinococcus grandis	Deinococcus	Deinococcota	RS_GCF_014647175.1	GCF_014647175.1	False	species_seen	False	False	True	1	positive	coccus	no	no	aerobe	meso
3901	Deinobacterium chartae	Deinobacterium	Deinococcota	RS_GCF_014202645.1	GCF_014202645.1	False	genome_seen	False	True	True	1	negative	rod	no	no	aerobe	meso
3915	Brachybacterium phenoliresistens	Brachybacterium	Actinomycetota	RS_GCF_039530785.1	GCF_039530785.1	True	species_seen	False	False	True	1	positive	other	no	no	facultative	meso
3919	Devriesea agamarum	Devriesea	Actinomycetota	RS_GCF_900070355.1	GCF_900070355.1	True	genome_seen	False	True	True	1	positive	rod	no	yes	facultative	meso
3920	Helcobacillus massiliensis	Helcobacillus	Actinomycetota	RS_GCF_014191425.1	GCF_014191425.1	True	genome_seen	False	True	True	1	positive	rod	no	no	aerobe	meso
3931	Yimella lutea	Yimella	Actinomycetota	RS_GCF_006715095.1	GCF_006715095.1	True	genome_seen	False	True	True	1	positive	coccus	no	no	aerobe	meso
3935	Barrientosiimonas humi	Barrientosiimonas	Actinomycetota	RS_GCF_006716095.1	GCF_006716095.1	True	genome_seen	False	True	True	1	positive	coccus	no	no	aerobe	meso
3946	Desulfatibacillum aliphaticivorans	Desulfatibacillum	Desulfobacterota	RS_GCF_000429905.1	GCF_000429905.1	False	genome_seen	False	True	True	1	negative	rod	no	no	anaerobe	meso
3947	Desulfatibacillum alkenivorans	Desulfatibacillum	Desulfobacterota	RS_GCF_900142135.1	GCF_900142135.1	False	genome_seen	False	True	True	1	negative	rod	no	no	anaerobe	meso
3997	Desulfoluna spongiiphila	Desulfoluna	Desulfobacterota	RS_GCF_900101345.1	GCF_900101345.1	False	genome_seen	False	True	True	1	negative	rod	no	no	anaerobe	meso
4015	Desulfogranum japonicum	Desulfogranum	Desulfobacterota	RS_GCF_000429945.1	GCF_000429945.1	False	genome_seen	False	True	True	1	negative	rod	yes	no	anaerobe	meso
4043	Desulfohalobium retbaense	Desulfohalobium	Desulfobacterota	RS_GCF_000024325.1	GCF_000024325.1	False	genome_seen	False	True	True	1	negative	rod	yes	no	anaerobe	meso
4147	Maridesulfovibrio bastinii	Maridesulfovibrio	Desulfobacterota	RS_GCF_000429985.1	GCF_000429985.1	False	genome_seen	False	True	True	1	negative	other	yes	no	anaerobe	meso
4150	Oleidesulfovibrio alaskensis	Oleidesulfovibrio	Desulfobacterota	RS_GCF_000482745.1	GCF_000482745.1	False	genome_seen	False	True	True	1	negative	other	yes	no	anaerobe	meso
4157	Maridesulfovibrio frigidus	Maridesulfovibrio	Desulfobacterota	RS_GCF_000711735.1	GCF_000711735.1	False	genome_seen	False	True	True	1	negative	rod	yes	no	anaerobe	meso
4158	Maridesulfovibrio ferrireducens	Maridesulfovibrio	Desulfobacterota	RS_GCF_900101105.1	GCF_900101105.1	False	genome_seen	False	True	True	1	negative	rod	yes	no	anaerobe	meso
4164	Pseudodesulfovibrio tunisiensis	Pseudodesulfovibrio	Desulfobacterota	RS_GCF_022809775.1	GCF_022809775.1	False	genome_seen	False	True	True	1	negative	rod	yes	no	anaerobe	meso
4167	Halodesulfovibrio psychrotolerans	Halodesulfovibrio	Desulfobacterota	RS_GCF_013340305.1	GCF_013340305.1	False	genome_seen	False	True	True	1	negative	other	yes	no	anaerobe	meso
4178	Desulfobaculum xiamenense	Desulfobaculum	Desulfobacterota	RS_GCF_011927665.1	GCF_011927665.1	False	genome_seen	False	True	True	1	negative	rod	yes	no	anaerobe	meso
4239	Dictyoglomus thermophilum	Dictyoglomus	Dictyoglomota	RS_GCF_000020965.1	GCF_000020965.1	False	genome_seen	False	True	True	1	negative	rod	no	no	anaerobe	thermo
4258	Dietzia kunjamensis	Dietzia	Actinomycetota	RS_GCF_003610395.1	GCF_003610395.1	True	species_seen	False	False	True	1	positive	other	no	no	aerobe	meso
4260	Dietzia natronolimnaea	Dietzia	Actinomycetota	RS_GCF_039531545.1	GCF_039531545.1	True	species_seen	False	False	True	1	positive	rod	no	no	aerobe	meso
4300	Thiohalospira halophila	Thiohalospira	Pseudomonadota	RS_GCF_900112605.1	GCF_900112605.1	True	genome_seen	False	True	True	1	negative	rod	yes	no	aerobe	meso
4301	Aquisalimonas asiatica	Aquisalimonas	Pseudomonadota	RS_GCF_900110585.1	GCF_900110585.1	True	genome_seen	False	True	True	1	negative	rod	yes	no	facultative	meso
4358	Klebsiella aerogenes	Klebsiella	Pseudomonadota	RS_GCF_000215745.1	GCF_000215745.1	True	genome_seen	False	True	True	1	negative	rod	yes	no	facultative	meso
4373	Enterobacter cloacae	Enterobacter	Pseudomonadota	RS_GCF_000025565.1	GCF_000025565.1	True	genome_seen	False	True	True	1	negative	rod	yes	no	facultative	meso
4383	Kosakonia arachidis	Kosakonia	Pseudomonadota	RS_GCF_900116535.1	GCF_900116535.1	True	genome_seen	False	True	True	1	negative	rod	yes	no	aerobe	meso
4404	Erwinia piriflorinigrans	Erwinia	Pseudomonadota	RS_GCF_001050515.1	GCF_001050515.1	True	genome_seen	False	True	True	1	negative	rod	yes	no	facultative	meso
5009	Pantoea deleyi	Pantoea	Pseudomonadota	RS_GCF_022647325.1	GCF_022647325.1	True	genome_seen	False	True	True	1	negative	rod	yes	no	facultative	meso
5010	Pantoea eucalypti	Pantoea	Pseudomonadota	RS_GCF_009646115.1	GCF_009646115.1	True	genome_seen	False	True	True	1	negative	rod	yes	no	facultative	meso
5012	Mixta calida	Mixta	Pseudomonadota	RS_GCF_002953215.1	GCF_002953215.1	True	genome_seen	False	True	True	1	negative	other	yes	no	facultative	meso
5017	Pantoea allii	Pantoea	Pseudomonadota	RS_GCF_002307475.1	GCF_002307475.1	True	genome_seen	False	True	True	1	negative	rod	yes	no	facultative	meso
5107	Salmonella enterica	Salmonella	Pseudomonadota	RS_GCF_000743055.1	GCF_000743055.1	True	species_seen	False	False	True	1	negative	rod	yes	no	facultative	meso
5168	Serratia nematodiphila	Serratia	Pseudomonadota	RS_GCF_000738675.1	GCF_000738675.1	True	genome_seen	False	True	True	1	negative	rod	yes	no	aerobe	meso
5180	Tatumella morbirosei	Tatumella	Pseudomonadota	RS_GCF_000757425.2	GCF_000757425.2	True	genome_seen	False	True	True	1	negative	rod	no	no	facultative	meso
5211	Yersinia enterocolitica	Yersinia	Pseudomonadota	RS_GCF_900635745.1	GCF_900635745.1	True	species_seen	False	False	True	1	negative	rod	yes	no	facultative	meso
5252	Catellicoccus marimammalium	Catellicoccus	Bacillota	RS_GCF_965139335.1	GCF_965139335.1	True	species_seen	False	False	True	1	positive	coccus	no	no	facultative	meso
5258	Tetragenococcus koreensis	Tetragenococcus	Bacillota	RS_GCF_003795145.1	GCF_003795145.1	True	genome_seen	False	True	True	1	positive	coccus	no	no	facultative	meso
5259	Tetragenococcus osmophilus	Tetragenococcus	Bacillota	RS_GCF_003795125.1	GCF_003795125.1	True	genome_seen	False	True	True	1	positive	coccus	no	no	facultative	meso
5278	Enterococcus_B durans	Enterococcus_B	Bacillota	RS_GCF_001544215.1	GCF_001544215.1	True	genome_seen	False	True	True	1	positive	coccus	no	no	facultative	meso
5342	Enterococcus_G italicus	Enterococcus_G	Bacillota	RS_GCF_000185365.1	GCF_000185365.1	True	genome_seen	False	True	True	1	positive	coccus	no	no	facultative	meso
5362	Enterococcus_B lactis	Enterococcus_B	Bacillota	RS_GCF_015904215.1	GCF_015904215.1	True	species_seen	False	False	True	1	positive	coccus	no	no	facultative	meso
5372	Erysipelothrix inopinata	Erysipelothrix	Bacillota_I	RS_GCF_014396165.1	GCF_014396165.1	False	genome_seen	False	True	True	1	positive	rod	no	no	facultative	meso
5376	Sharpea azabuensis	Sharpea	Bacillota_I	RS_GCF_000702165.1	GCF_000702165.1	False	genome_seen	False	True	True	1	positive	rod	no	no	anaerobe	meso
5396	Erythrobacter dokdonensis	Erythrobacter	Pseudomonadota	RS_GCF_001677335.1	GCF_001677335.1	True	genome_seen	False	True	True	1	negative	other	no	no	aerobe	meso
5415	Peptoclostridium_A acidaminophilum	Peptoclostridium_A	Bacillota	RS_GCF_000597865.1	GCF_000597865.1	True	genome_seen	False	True	True	1	positive	other	yes	no	anaerobe	meso
5416	Andreesenia angusta	Andreesenia	Bacillota	RS_GCF_001855385.1	GCF_001855385.1	True	genome_seen	False	True	True	1	positive	rod	no	no	anaerobe	meso
5417	Holdemanella biformis	Holdemanella	Bacillota_I	RS_GCF_000156655.1	GCF_000156655.1	False	genome_seen	False	True	True	1	positive	coccus	no	no	anaerobe	meso
5422	Faecalicatena contorta	Faecalicatena	Bacillota	RS_GCF_039521745.1	GCF_039521745.1	True	species_seen	False	False	True	1	positive	rod	no	no	anaerobe	meso
5453	Alkalibaculum bacchi	Alkalibaculum	Bacillota	RS_GCF_003317055.1	GCF_003317055.1	True	genome_seen	False	True	True	1	negative	rod	yes	no	anaerobe	meso
5480	Algibacter lectus	Algibacter	Bacteroidota	RS_GCF_900112395.1	GCF_900112395.1	True	genome_seen	False	True	True	1	negative	rod	yes	no	facultative	meso
5505	Dokdonia donghaensis	Dokdonia	Bacteroidota	RS_GCF_001653755.1	GCF_001653755.1	True	genome_seen	False	True	True	1	negative	rod	no	no	aerobe	meso
5509	Epilithonimonas tenax	Epilithonimonas	Bacteroidota	RS_GCF_000428485.1	GCF_000428485.1	True	genome_seen	False	True	True	1	negative	rod	no	no	aerobe	meso
5545	Flavobacterium suncheonense	Flavobacterium	Bacteroidota	RS_GCF_000430025.1	GCF_000430025.1	True	genome_seen	False	True	True	1	negative	rod	no	no	aerobe	meso
5546	Flavobacterium daejeonense	Flavobacterium	Bacteroidota	RS_GCF_000425425.1	GCF_000425425.1	True	genome_seen	False	True	True	1	negative	rod	no	no	aerobe	meso
5547	Flavobacterium granuli	Flavobacterium	Bacteroidota	RS_GCF_900129705.1	GCF_900129705.1	True	genome_seen	False	True	True	1	negative	rod	no	no	aerobe	meso
5557	Flavobacterium antarcticum	Flavobacterium	Bacteroidota	RS_GCF_000419685.1	GCF_000419685.1	True	genome_seen	False	True	True	1	negative	rod	no	no	aerobe	meso
5558	Flavobacterium saliperosum	Flavobacterium	Bacteroidota	RS_GCF_900100625.1	GCF_900100625.1	True	genome_seen	False	True	True	1	negative	rod	no	no	aerobe	meso
5559	Flavobacterium soli	Flavobacterium	Bacteroidota	RS_GCF_000422705.1	GCF_000422705.1	True	genome_seen	False	True	True	1	negative	rod	no	no	aerobe	meso
5560	Flavobacterium weaverense	Flavobacterium	Bacteroidota	RS_GCF_003688495.1	GCF_003688495.1	True	genome_seen	False	True	True	1	negative	rod	no	no	aerobe	meso
5561	Flavobacterium segetis	Flavobacterium	Bacteroidota	RS_GCF_900129575.1	GCF_900129575.1	True	genome_seen	False	True	True	1	negative	rod	no	no	aerobe	meso
5564	Flavobacterium terrae	Flavobacterium	Bacteroidota	RS_GCF_900142035.1	GCF_900142035.1	True	genome_seen	False	True	True	1	negative	rod	no	no	aerobe	meso
5580	Flavobacterium haoranii	Flavobacterium	Bacteroidota	RS_GCF_009363055.1	GCF_009363055.1	True	genome_seen	False	True	True	1	negative	rod	no	no	aerobe	meso
5585	Flavobacterium araucananum	Flavobacterium	Bacteroidota	RS_GCF_002222055.1	GCF_002222055.1	True	genome_seen	False	True	True	1	negative	rod	yes	no	aerobe	meso
5586	Flavobacterium chilense	Flavobacterium	Bacteroidota	RS_GCF_001602525.1	GCF_001602525.1	True	genome_seen	False	True	True	1	negative	rod	yes	no	aerobe	meso
5590	Gaetbulibacter saemankumensis	Gaetbulibacter	Bacteroidota	RS_GCF_000425645.1	GCF_000425645.1	True	genome_seen	False	True	True	1	negative	rod	yes	no	aerobe	meso
5592	Aquimarina brevivitae	Aquimarina	Bacteroidota	RS_GCF_004216895.1	GCF_004216895.1	True	genome_seen	False	True	True	1	negative	rod	yes	no	aerobe	meso
5600	Gillisia limnaea	Gillisia	Bacteroidota	RS_GCF_000243235.1	GCF_000243235.1	True	genome_seen	False	True	True	1	negative	rod	no	no	aerobe	meso
5604	Maribacter sedimenticola	Maribacter	Bacteroidota	RS_GCF_900188415.1	GCF_900188415.1	True	genome_seen	False	True	True	1	negative	rod	no	no	aerobe	meso
5605	Maribacter orientalis	Maribacter	Bacteroidota	RS_GCF_900109345.1	GCF_900109345.1	True	genome_seen	False	True	True	1	negative	rod	no	no	aerobe	meso
5607	Maribacter ulvicola	Maribacter	Bacteroidota	RS_GCF_900155985.1	GCF_900155985.1	True	genome_seen	False	True	True	1	negative	rod	no	no	aerobe	meso
5612	Maribacter forsetii	Maribacter	Bacteroidota	RS_GCF_000744105.1	GCF_000744105.1	True	genome_seen	False	True	True	1	negative	rod	yes	no	aerobe	meso
5616	Mesonia algae	Mesonia	Bacteroidota	RS_GCF_003253545.1	GCF_003253545.1	True	genome_seen	False	True	True	1	negative	rod	no	no	aerobe	meso
5623	Flavobacterium marinum_A	Flavobacterium	Bacteroidota	RS_GCF_900109075.1	GCF_900109075.1	True	genome_seen	False	True	True	1	negative	rod	no	no	aerobe	meso
5624	Flavobacterium phaeum	Flavobacterium	Bacteroidota	RS_GCF_900099675.1	GCF_900099675.1	True	genome_seen	False	True	True	1	negative	rod	no	no	aerobe	meso
5627	Polaribacter dokdonensis	Polaribacter	Bacteroidota	RS_GCF_024362345.1	GCF_024362345.1	True	genome_seen	False	True	True	1	negative	rod	no	no	aerobe	meso
5634	Riemerella columbipharyngis	Riemerella	Bacteroidota	RS_GCF_900101995.1	GCF_900101995.1	True	genome_seen	False	True	True	1	negative	rod	no	no	facultative	meso
5636	Robiginitalea biformata	Robiginitalea	Bacteroidota	RS_GCF_000024125.1	GCF_000024125.1	True	genome_seen	False	True	True	1	negative	rod	no	no	aerobe	meso
5638	Robiginitalea myxolifaciens	Robiginitalea	Bacteroidota	RS_GCF_900115205.1	GCF_900115205.1	True	genome_seen	False	True	True	1	negative	rod	no	no	aerobe	meso
5640	Salegentibacter flavus	Salegentibacter	Bacteroidota	RS_GCF_900115145.1	GCF_900115145.1	True	genome_seen	False	True	True	1	negative	rod	no	no	aerobe	meso
5641	Salegentibacter holothuriorum	Salegentibacter	Bacteroidota	RS_GCF_900168045.1	GCF_900168045.1	True	genome_seen	False	True	True	1	negative	rod	no	no	aerobe	meso
5643	Salegentibacter agarivorans	Salegentibacter	Bacteroidota	RS_GCF_900113135.1	GCF_900113135.1	True	genome_seen	False	True	True	1	negative	rod	yes	no	aerobe	meso
5668	Chryseobacterium defluvii	Chryseobacterium	Bacteroidota	RS_GCF_003634775.1	GCF_003634775.1	True	genome_seen	False	True	True	1	negative	rod	no	no	aerobe	meso
5669	Chryseobacterium taeanense	Chryseobacterium	Bacteroidota	RS_GCF_900099685.1	GCF_900099685.1	True	genome_seen	False	True	True	1	negative	rod	no	no	aerobe	meso
5677	Chryseobacterium daecheongense	Chryseobacterium	Bacteroidota	RS_GCF_003729955.1	GCF_003729955.1	True	genome_seen	False	True	True	1	negative	rod	no	no	aerobe	meso
5680	Chryseobacterium taichungense	Chryseobacterium	Bacteroidota	RS_GCF_900109935.1	GCF_900109935.1	True	genome_seen	False	True	True	1	negative	rod	no	no	aerobe	meso
5681	Epilithonimonas caeni	Epilithonimonas	Bacteroidota	RS_GCF_000426465.1	GCF_000426465.1	True	genome_seen	False	True	True	1	negative	rod	no	no	aerobe	meso
5682	Chryseobacterium wanjuense	Chryseobacterium	Bacteroidota	RS_GCF_900111495.1	GCF_900111495.1	True	genome_seen	False	True	True	1	negative	rod	no	no	aerobe	meso
5683	Chryseobacterium soldanellicola	Chryseobacterium	Bacteroidota	RS_GCF_900100115.1	GCF_900100115.1	True	genome_seen	False	True	True	1	negative	rod	no	no	aerobe	meso
5686	Chryseobacterium oranimense	Chryseobacterium	Bacteroidota	RS_GCF_900129755.1	GCF_900129755.1	True	genome_seen	False	True	True	1	negative	rod	no	no	aerobe	meso
5688	Chryseobacterium gregarium	Chryseobacterium	Bacteroidota	RS_GCF_000430845.1	GCF_000430845.1	True	genome_seen	False	True	True	1	negative	rod	no	no	aerobe	meso
5689	Chryseobacterium daeguense	Chryseobacterium	Bacteroidota	RS_GCF_000430825.1	GCF_000430825.1	True	genome_seen	False	True	True	1	negative	rod	no	no	aerobe	meso
5693	Chryseobacterium luteum	Chryseobacterium	Bacteroidota	RS_GCF_000737785.1	GCF_000737785.1	True	genome_seen	False	True	True	1	negative	rod	no	no	aerobe	meso
5698	Chryseobacterium gambrini	Chryseobacterium	Bacteroidota	RS_GCF_900156825.1	GCF_900156825.1	True	genome_seen	False	True	True	1	negative	rod	no	no	aerobe	meso
5700	Epilithonimonas pallida	Epilithonimonas	Bacteroidota	RS_GCF_900182975.1	GCF_900182975.1	True	species_seen	False	False	True	1	negative	rod	no	no	aerobe	meso
5701	Chryseobacterium ureilyticum	Chryseobacterium	Bacteroidota	RS_GCF_900156735.1	GCF_900156735.1	True	genome_seen	False	True	True	1	negative	rod	no	no	aerobe	meso
5708	Kaistella treverensis	Kaistella	Bacteroidota	RS_GCF_900114045.1	GCF_900114045.1	True	genome_seen	False	True	True	1	negative	rod	no	no	aerobe	meso
5709	Chryseobacterium culicis	Chryseobacterium	Bacteroidota	RS_GCF_900108365.1	GCF_900108365.1	True	genome_seen	False	True	True	1	negative	rod	no	no	aerobe	meso
5711	Kaistella chaponensis	Kaistella	Bacteroidota	RS_GCF_900156725.1	GCF_900156725.1	True	genome_seen	False	True	True	1	negative	rod	no	no	aerobe	meso
5714	Algorimicrobium argentinense	Algorimicrobium	Bacteroidota	RS_GCF_000224335.1	GCF_000224335.1	True	genome_seen	False	True	True	1	negative	rod	no	no	aerobe	meso
5718	Christiangramia portivictoriae	Christiangramia	Bacteroidota	RS_GCF_000423045.1	GCF_000423045.1	True	genome_seen	False	True	True	1	negative	rod	yes	no	aerobe	meso
5722	Mariniflexile fucanivorans	Mariniflexile	Bacteroidota	RS_GCF_004341235.1	GCF_004341235.1	True	genome_seen	False	True	True	1	negative	rod	yes	no	aerobe	meso
5723	Nonlabens dokdonensis	Nonlabens	Bacteroidota	RS_GCF_000332115.1	GCF_000332115.1	True	genome_seen	False	True	True	1	negative	rod	no	no	aerobe	meso
5724	Nonlabens xylanidelens	Nonlabens	Bacteroidota	RS_GCF_002934445.1	GCF_002934445.1	True	genome_seen	False	True	True	1	negative	rod	no	no	aerobe	meso
5727	Olleya aquimaris	Olleya	Bacteroidota	RS_GCF_003259525.1	GCF_003259525.1	True	genome_seen	False	True	True	1	negative	rod	yes	no	aerobe	meso
5728	Jejuia pallidilutea	Jejuia	Bacteroidota	RS_GCF_002973595.1	GCF_002973595.1	True	genome_seen	False	True	True	1	negative	rod	no	no	aerobe	meso
5729	Zeaxanthinibacter enoshimensis	Zeaxanthinibacter	Bacteroidota	RS_GCF_004362865.1	GCF_004362865.1	True	genome_seen	False	True	True	1	negative	rod	yes	no	aerobe	meso
5730	Eudoraea adriatica	Eudoraea	Bacteroidota	RS_GCF_000382125.1	GCF_000382125.1	True	genome_seen	False	True	True	1	negative	rod	no	no	aerobe	meso
5731	Zunongwangia profunda	Zunongwangia	Bacteroidota	RS_GCF_000023465.1	GCF_000023465.1	True	genome_seen	False	True	True	1	negative	rod	no	no	aerobe	meso
5732	Galbibacter orientalis	Galbibacter	Bacteroidota	RS_GCF_000260115.1	GCF_000260115.1	True	genome_seen	False	True	True	1	negative	rod	no	no	aerobe	meso
5733	Salinimicrobium catena	Salinimicrobium	Bacteroidota	RS_GCF_900102915.1	GCF_900102915.1	True	genome_seen	False	True	True	1	negative	rod	no	no	aerobe	meso
5735	Salinimicrobium terrae	Salinimicrobium	Bacteroidota	RS_GCF_000424665.1	GCF_000424665.1	True	genome_seen	False	True	True	1	negative	rod	no	no	aerobe	meso
5738	Kriegella aquimaris	Kriegella	Bacteroidota	RS_GCF_900103215.1	GCF_900103215.1	True	genome_seen	False	True	True	1	negative	rod	yes	no	aerobe	meso
5745	Pricia antarctica	Pricia	Bacteroidota	RS_GCF_900101815.1	GCF_900101815.1	True	genome_seen	False	True	True	1	negative	rod	no	no	aerobe	meso
5746	Imtechella halotolerans	Imtechella	Bacteroidota	RS_GCF_028743515.2	GCF_028743515.2	True	species_seen	False	False	True	1	negative	rod	no	no	aerobe	meso
5754	Fangia hongkongensis	Fangia	Pseudomonadota	RS_GCF_000379445.1	GCF_000379445.1	True	genome_seen	False	True	True	1	negative	rod	no	no	aerobe	meso
5784	Psychrilyobacter atlanticus	Psychrilyobacter	Fusobacteriota	RS_GCF_000426625.1	GCF_000426625.1	False	genome_seen	False	True	True	1	negative	rod	no	no	anaerobe	meso
5803	Geomonas bemidjiensis	Geomonas	Desulfobacterota	RS_GCF_000020725.1	GCF_000020725.1	False	genome_seen	False	True	True	1	negative	rod	no	no	anaerobe	meso
5806	Geotalea toluenoxydans	Geotalea	Desulfobacterota	RS_GCF_001311985.1	GCF_001311985.1	False	genome_seen	False	True	True	1	negative	rod	no	no	anaerobe	meso
5826	Modestobacter roseus	Modestobacter	Actinomycetota	RS_GCF_007994135.1	GCF_007994135.1	True	genome_seen	False	True	True	1	positive	rod	yes	no	aerobe	meso
5848	Stackebrandtia nassauensis	Stackebrandtia	Actinomycetota	RS_GCF_000024545.1	GCF_000024545.1	True	genome_seen	False	True	True	1	positive	rod	no	no	aerobe	meso
5851	Hahella ganghwensis	Hahella	Pseudomonadota	RS_GCF_000376785.1	GCF_000376785.1	True	genome_seen	False	True	True	1	negative	rod	yes	no	aerobe	meso
5852	Halospina denitrificans	Halospina	Pseudomonadota	RS_GCF_004364635.1	GCF_004364635.1	True	genome_seen	False	True	True	1	negative	rod	no	no	facultative	meso
5993	Fuchsiella alkaliacetigena	Fuchsiella	Bacillota	RS_GCF_023227765.1	GCF_023227765.1	True	genome_seen	False	True	True	1	negative	rod	yes	yes	anaerobe	meso
6001	Chromohalobacter nigrandesensis	Chromohalobacter	Pseudomonadota	RS_GCF_023061285.1	GCF_023061285.1	True	genome_seen	False	True	True	1	negative	rod	yes	no	aerobe	meso
6039	Vreelandella sulfidaeris	Vreelandella	Pseudomonadota	GB_GCA_007182875.1	GCA_007182875.1	True	genome_seen	False	True	True	1	negative	rod	yes	no	facultative	meso
6047	Halomonas koreensis	Halomonas	Pseudomonadota	RS_GCF_031451675.1	GCF_031451675.1	True	unseen	False	False	True	0	negative	rod	yes	no	aerobe	meso
6050	Vreelandella janggokensis	Vreelandella	Pseudomonadota	RS_GCF_031451615.1	GCF_031451615.1	True	species_seen	False	False	True	1	negative	rod	yes	no	aerobe	meso
6054	Halomonas gudaonensis	Halomonas	Pseudomonadota	RS_GCF_900100195.1	GCF_900100195.1	True	genome_seen	False	True	True	1	negative	rod	yes	no	aerobe	meso
6060	Halomonas korlensis	Halomonas	Pseudomonadota	RS_GCF_900116705.1	GCF_900116705.1	True	genome_seen	False	True	True	1	negative	rod	no	no	facultative	meso
6063	Modicisalibacter ilicicola	Modicisalibacter	Pseudomonadota	RS_GCF_900128925.1	GCF_900128925.1	True	genome_seen	False	True	True	1	negative	rod	yes	no	aerobe	meso
6067	Halomonas cerina	Halomonas	Pseudomonadota	RS_GCF_014192215.1	GCF_014192215.1	True	genome_seen	False	True	True	1	negative	rod	no	no	aerobe	meso
6068	Halomonas nitroreducens	Halomonas	Pseudomonadota	RS_GCF_003966155.1	GCF_003966155.1	True	genome_seen	False	True	True	1	negative	rod	no	no	facultative	meso
6070	Modicisalibacter luteus	Modicisalibacter	Pseudomonadota	RS_GCF_000378505.1	GCF_000378505.1	True	genome_seen	False	True	True	1	negative	rod	yes	no	aerobe	meso
6072	Vreelandella zhanjiangensis	Vreelandella	Pseudomonadota	RS_GCF_000377665.1	GCF_000377665.1	True	genome_seen	False	True	True	1	negative	rod	yes	no	aerobe	meso
6073	Vreelandella hamiltonii	Vreelandella	Pseudomonadota	RS_GCF_014651775.1	GCF_014651775.1	True	genome_seen	False	True	True	1	negative	rod	yes	no	aerobe	meso
6075	Vreelandella stevensii	Vreelandella	Pseudomonadota	RS_GCF_000275725.1	GCF_000275725.1	True	genome_seen	False	True	True	1	negative	rod	yes	no	aerobe	meso
6076	Vreelandella titanicae	Vreelandella	Pseudomonadota	RS_GCF_000336575.1	GCF_000336575.1	True	genome_seen	False	True	True	1	negative	rod	yes	no	aerobe	meso
6077	Vreelandella vilamensis	Vreelandella	Pseudomonadota	RS_GCF_031451755.1	GCF_031451755.1	True	unseen	False	False	True	0	negative	rod	yes	no	aerobe	meso
6084	Kushneria aurantia	Kushneria	Pseudomonadota	RS_GCF_000382245.1	GCF_000382245.1	True	genome_seen	False	True	True	1	negative	rod	yes	no	aerobe	meso
6110	Helicobacter heilmannii	Helicobacter	Campylobacterota	RS_GCF_001283005.1	GCF_001283005.1	False	species_seen	False	False	True	1	negative	other	yes	no	facultative	meso
6112	Sulfuricurvum kujiense	Sulfuricurvum	Campylobacterota	RS_GCF_000183725.1	GCF_000183725.1	False	genome_seen	False	True	True	1	negative	rod	yes	no	anaerobe	meso
6117	Sulfurovum lithotrophicum	Sulfurovum	Campylobacterota	RS_GCF_000987835.1	GCF_000987835.1	False	genome_seen	False	True	True	1	negative	other	no	no	anaerobe	meso
6168	Devosia subaequoris	Devosia	Pseudomonadota	RS_GCF_014197055.1	GCF_014197055.1	True	genome_seen	False	True	True	1	negative	rod	yes	no	aerobe	meso
6169	Devosia geojensis	Devosia	Pseudomonadota	RS_GCF_000969415.1	GCF_000969415.1	True	genome_seen	False	True	True	1	negative	rod	yes	no	aerobe	meso
6170	Devosia chinhatensis	Devosia	Pseudomonadota	RS_GCF_000969445.1	GCF_000969445.1	True	genome_seen	False	True	True	1	negative	rod	yes	no	aerobe	meso
6171	Devosia yakushimensis	Devosia	Pseudomonadota	RS_GCF_030159855.1	GCF_030159855.1	True	genome_seen	True	False	True	1	negative	rod	yes	no	aerobe	meso
6197	Cucumibacter marinus	Cucumibacter	Pseudomonadota	RS_GCF_000429865.1	GCF_000429865.1	True	genome_seen	False	True	True	1	negative	rod	yes	no	aerobe	meso
6199	Hirschia baltica	Hirschia	Pseudomonadota	RS_GCF_000023785.1	GCF_000023785.1	True	genome_seen	False	True	True	1	negative	rod	yes	no	aerobe	meso
6222	Henriciella litoralis	Henriciella	Pseudomonadota	RS_GCF_002088935.1	GCF_002088935.1	True	genome_seen	False	True	True	1	negative	rod	yes	no	aerobe	meso
6224	Robiginitomaculum antarcticum	Robiginitomaculum	Pseudomonadota	RS_GCF_000365025.1	GCF_000365025.1	True	genome_seen	False	True	True	1	negative	rod	no	no	aerobe	meso
6232	Idiomarina ramblicola	Idiomarina	Pseudomonadota	RS_GCF_003987255.1	GCF_003987255.1	True	genome_seen	False	True	True	1	negative	rod	yes	no	aerobe	meso
6235	Pseudidiomarina taiwanensis	Pseudidiomarina	Pseudomonadota	RS_GCF_003987435.1	GCF_003987435.1	True	genome_seen	False	True	True	1	negative	rod	no	no	aerobe	meso
6237	Pseudidiomarina sediminum	Pseudidiomarina	Pseudomonadota	RS_GCF_000423165.1	GCF_000423165.1	True	genome_seen	False	True	True	1	negative	rod	no	no	facultative	meso
6238	Aliidiomarina maris	Aliidiomarina	Pseudomonadota	RS_GCF_003987335.1	GCF_003987335.1	True	genome_seen	False	True	True	1	negative	rod	yes	no	aerobe	meso
6263	Marihabitans melonis	Marihabitans	Actinomycetota	RS_GCF_020567375.1	GCF_020567375.1	True	genome_seen	False	True	True	1	positive	coccus	no	no	aerobe	meso
6265	Janibacter anophelis	Janibacter	Actinomycetota	RS_GCF_001570945.1	GCF_001570945.1	True	genome_seen	False	True	True	1	positive	coccus	no	no	aerobe	meso
6271	Knoellia aerolata	Knoellia	Actinomycetota	RS_GCF_000768695.1	GCF_000768695.1	True	genome_seen	False	True	True	1	positive	other	no	no	aerobe	meso
6272	Knoellia flava	Knoellia	Actinomycetota	RS_GCF_000768675.1	GCF_000768675.1	True	genome_seen	False	True	True	1	positive	rod	no	no	aerobe	meso
6283	Ornithinicoccus marinus	Ornithinicoccus	Actinomycetota	RS_GCF_008386315.1	GCF_008386315.1	True	genome_seen	False	True	True	1	positive	coccus	no	no	aerobe	meso
6284	Ornithinicoccus profundi	Ornithinicoccus	Actinomycetota	RS_GCF_008001015.1	GCF_008001015.1	True	genome_seen	False	True	True	1	positive	coccus	no	no	aerobe	meso
6289	Terrabacter terrigena	Terrabacter	Actinomycetota	RS_GCF_042676085.1	GCF_042676085.1	True	unseen	False	False	True	0	positive	rod	no	no	aerobe	meso
6302	Lapillicoccus jejuensis	Lapillicoccus	Actinomycetota	RS_GCF_006715055.1	GCF_006715055.1	True	genome_seen	False	True	True	1	positive	coccus	no	no	aerobe	meso
6304	Pedococcus ginsenosidimutans	Pedococcus	Actinomycetota	RS_GCF_039544395.1	GCF_039544395.1	True	unseen	False	False	True	0	positive	coccus	no	no	aerobe	meso
6305	Pedococcus dokdonensis	Pedococcus	Actinomycetota	RS_GCF_900104525.1	GCF_900104525.1	True	genome_seen	False	True	True	1	positive	coccus	no	no	aerobe	meso
6306	Pedococcus bigeumensis	Pedococcus	Actinomycetota	RS_GCF_039531795.1	GCF_039531795.1	True	unseen	False	False	True	0	positive	coccus	no	no	aerobe	meso
6310	Marihabitans asiaticum	Marihabitans	Actinomycetota	RS_GCF_007828725.1	GCF_007828725.1	True	genome_seen	False	True	True	1	positive	other	no	no	aerobe	meso
6311	Fodinibacter luteus	Fodinibacter	Actinomycetota	RS_GCF_039541575.1	GCF_039541575.1	True	unseen	False	False	True	0	positive	rod	no	no	aerobe	meso
6312	Fodinibacter aureus	Fodinibacter	Actinomycetota	RS_GCF_009858245.1	GCF_009858245.1	True	genome_seen	False	True	True	1	positive	rod	no	no	aerobe	meso
6313	Aquipuribacter hungaricus	Aquipuribacter	Actinomycetota	RS_GCF_042663885.1	GCF_042663885.1	True	unseen	False	False	False	0	positive	rod	no	no	aerobe	meso
6329	Quadrisphaera granulorum	Quadrisphaera	Actinomycetota	RS_GCF_003149145.1	GCF_003149145.1	True	genome_seen	False	True	True	1	positive	coccus	no	no	aerobe	meso
6340	Anaerostipes butyraticus	Anaerostipes	Bacillota	RS_GCF_016586355.1	GCF_016586355.1	True	genome_seen	False	True	True	1	positive	rod	no	yes	anaerobe	meso
6354	Dorea formicigenerans	Dorea	Bacillota	RS_GCF_025150245.1	GCF_025150245.1	True	genome_seen	False	True	True	1	positive	rod	no	no	anaerobe	meso
6356	Hespellia stercorisuis	Hespellia	Bacillota	RS_GCF_900142165.1	GCF_900142165.1	True	genome_seen	False	True	True	1	positive	rod	no	no	anaerobe	meso
6373	Moryella indoligenes	Moryella	Bacillota	RS_GCF_030812885.1	GCF_030812885.1	True	species_seen	False	False	True	1	positive	rod	no	no	anaerobe	meso
6395	Pediococcus claussenii	Pediococcus	Bacillota	RS_GCF_000237995.1	GCF_000237995.1	True	genome_seen	False	True	True	1	positive	coccus	no	no	facultative	meso
6396	Pediococcus cellicola	Pediococcus	Bacillota	RS_GCF_001438655.1	GCF_001438655.1	True	genome_seen	False	True	True	1	positive	coccus	no	no	facultative	meso
6412	Lactobacillus amylovorus	Lactobacillus	Bacillota	RS_GCF_001437365.1	GCF_001437365.1	True	species_seen	False	False	True	1	positive	rod	no	no	facultative	meso
6559	Lacticaseibacillus casei	Lacticaseibacillus	Bacillota	RS_GCF_000829055.1	GCF_000829055.1	True	genome_seen	False	True	True	1	positive	rod	no	no	facultative	meso
6596	Secundilactobacillus paracollinoides	Secundilactobacillus	Bacillota	RS_GCF_001311135.1	GCF_001311135.1	True	genome_seen	False	True	True	1	positive	rod	no	no	facultative	meso
6612	Ligilactobacillus saerimneri	Ligilactobacillus	Bacillota	RS_GCF_000423265.1	GCF_000423265.1	True	genome_seen	False	True	True	1	positive	rod	no	no	anaerobe	meso
6615	Lactobacillus kalixensis	Lactobacillus	Bacillota	RS_GCF_001434335.1	GCF_001434335.1	True	genome_seen	False	True	True	1	positive	rod	no	no	anaerobe	meso
6619	Lactobacillus ultunensis	Lactobacillus	Bacillota	RS_GCF_001436305.1	GCF_001436305.1	True	genome_seen	False	True	True	1	positive	rod	no	no	anaerobe	meso
6627	Lactobacillus kitasatonis	Lactobacillus	Bacillota	RS_GCF_000615285.1	GCF_000615285.1	True	genome_seen	False	True	True	1	positive	rod	no	no	facultative	meso
6629	Lactiplantibacillus plantarum	Lactiplantibacillus	Bacillota	RS_GCF_014131735.1	GCF_014131735.1	True	genome_seen	False	True	True	1	positive	rod	no	yes	facultative	meso
6636	Lapidilactobacillus concavus	Lapidilactobacillus	Bacillota	RS_GCF_001435835.1	GCF_001435835.1	True	genome_seen	False	True	True	1	positive	rod	no	no	facultative	meso
6642	Loigolactobacillus backii	Loigolactobacillus	Bacillota	RS_GCF_003946275.1	GCF_003946275.1	True	genome_seen	False	True	True	1	positive	rod	no	no	facultative	meso
6669	Limosilactobacillus secaliphilus	Limosilactobacillus	Bacillota	RS_GCF_001437055.1	GCF_001437055.1	True	genome_seen	False	True	True	1	positive	rod	no	no	facultative	meso
6672	Liquorilactobacillus hordei	Liquorilactobacillus	Bacillota	RS_GCF_019443985.1	GCF_019443985.1	True	genome_seen	False	True	True	1	positive	rod	no	yes	facultative	meso
6691	Liquorilactobacillus aquaticus	Liquorilactobacillus	Bacillota	RS_GCF_001436755.1	GCF_001436755.1	True	genome_seen	False	True	True	1	positive	rod	yes	no	facultative	meso
6695	Levilactobacillus paucivorans	Levilactobacillus	Bacillota	RS_GCF_001437125.1	GCF_001437125.1	True	genome_seen	False	True	True	1	positive	rod	no	no	anaerobe	meso
6697	Secundilactobacillus odoratitofui	Secundilactobacillus	Bacillota	RS_GCF_001434895.1	GCF_001434895.1	True	genome_seen	False	True	True	1	positive	rod	no	no	facultative	meso
6700	Lactobacillus gigeriorum	Lactobacillus	Bacillota	RS_GCF_000296855.1	GCF_000296855.1	True	genome_seen	False	True	True	1	positive	rod	no	no	facultative	meso
6701	Lacticaseibacillus saniviri	Lacticaseibacillus	Bacillota	RS_GCF_001311785.1	GCF_001311785.1	True	genome_seen	False	True	True	1	positive	rod	no	no	facultative	meso
6702	Lentilactobacillus senioris	Lentilactobacillus	Bacillota	RS_GCF_001436555.1	GCF_001436555.1	True	genome_seen	False	True	True	1	positive	rod	no	no	facultative	meso
6703	Lacticaseibacillus nasuensis	Lacticaseibacillus	Bacillota	RS_GCF_001434705.1	GCF_001434705.1	True	genome_seen	False	True	True	1	positive	rod	no	no	facultative	meso
6704	Lacticaseibacillus brantae	Lacticaseibacillus	Bacillota	RS_GCF_001436115.1	GCF_001436115.1	True	genome_seen	False	True	True	1	positive	rod	no	no	facultative	meso
6705	Lactobacillus hominis	Lactobacillus	Bacillota	RS_GCF_000296835.1	GCF_000296835.1	True	genome_seen	False	True	True	1	positive	rod	no	no	facultative	meso
6840	Leuconostoc palmae	Leuconostoc	Bacillota	RS_GCF_019656075.1	GCF_019656075.1	True	genome_seen	False	True	True	1	positive	coccus	no	no	facultative	meso
6841	Leuconostoc miyukkimchii	Leuconostoc	Bacillota	RS_GCF_019656055.1	GCF_019656055.1	True	genome_seen	False	True	True	1	positive	other	no	no	facultative	meso
6842	Leuconostoc suionicum	Leuconostoc	Bacillota	RS_GCF_001891125.1	GCF_001891125.1	True	genome_seen	False	True	True	1	positive	coccus	no	no	facultative	meso
6858	Periweissella ghanensis	Periweissella	Bacillota	RS_GCF_918814755.1	GCF_918814755.1	True	genome_seen	False	True	True	1	positive	rod	no	no	facultative	meso
6859	Periweissella fabaria	Periweissella	Bacillota	RS_GCF_918814575.1	GCF_918814575.1	True	genome_seen	False	True	True	1	positive	coccus	no	no	facultative	meso
7141	Neomegalonema perideroedes	Neomegalonema	Pseudomonadota	RS_GCF_000374145.1	GCF_000374145.1	True	genome_seen	False	True	True	1	negative	rod	no	no	aerobe	meso
7175	Methylobacterium hispanicum	Methylobacterium	Pseudomonadota	RS_GCF_022179285.1	GCF_022179285.1	True	genome_seen	False	True	True	1	negative	rod	yes	no	aerobe	meso
7176	Methylobacterium aquaticum	Methylobacterium	Pseudomonadota	RS_GCF_001043915.1	GCF_001043915.1	True	genome_seen	False	True	True	1	negative	rod	yes	no	aerobe	meso
7178	Methylobacterium variabile	Methylobacterium	Pseudomonadota	RS_GCF_001043975.1	GCF_001043975.1	True	genome_seen	False	True	True	1	negative	rod	yes	no	aerobe	meso
7179	Methylobacterium isbiliense	Methylobacterium	Pseudomonadota	RS_GCF_022179325.1	GCF_022179325.1	True	genome_seen	False	True	True	1	negative	rod	yes	no	aerobe	meso
7180	Methylobacterium adhaesivum	Methylobacterium	Pseudomonadota	RS_GCF_022179065.1	GCF_022179065.1	True	genome_seen	False	True	True	1	negative	rod	yes	no	aerobe	meso
7181	Methylobacterium fujisawaense	Methylobacterium	Pseudomonadota	RS_GCF_000757795.1	GCF_000757795.1	True	species_seen	False	False	True	1	negative	rod	yes	no	aerobe	meso
7203	Microvirga aerilata	Microvirga	Pseudomonadota	RS_GCF_016743775.1	GCF_016743775.1	True	genome_seen	False	True	True	1	negative	rod	no	no	aerobe	meso
7204	Microvirga aerophila	Microvirga	Pseudomonadota	RS_GCF_003332305.1	GCF_003332305.1	True	genome_seen	False	True	True	1	negative	rod	no	no	aerobe	meso
7205	Methylohalobius crimeensis	Methylohalobius	Pseudomonadota	RS_GCF_000421465.1	GCF_000421465.1	True	genome_seen	False	True	True	1	negative	rod	yes	yes	aerobe	meso
7216	Methylocystis heyeri	Methylocystis	Pseudomonadota	RS_GCF_004802635.2	GCF_004802635.2	True	genome_seen	False	True	True	1	negative	rod	no	no	aerobe	meso
7219	Methylocystis bryophila	Methylocystis	Pseudomonadota	RS_GCF_027925445.1	GCF_027925445.1	True	species_seen	False	False	True	1	negative	coccus	no	no	aerobe	meso
7227	Pleomorphomonas koreensis	Pleomorphomonas	Pseudomonadota	RS_GCF_000425185.1	GCF_000425185.1	True	genome_seen	False	True	True	1	negative	rod	no	no	aerobe	meso
7229	Methylopila zhihuaiae	Methylopila	Pseudomonadota	RS_GCF_004103825.1	GCF_004103825.1	True	genome_seen	False	True	True	1	negative	coccus	yes	no	aerobe	meso
7240	Methylophilus glucosoxydans	Methylophilus	Pseudomonadota	RS_GCF_042676145.1	GCF_042676145.1	True	species_seen	False	False	True	1	negative	rod	yes	no	aerobe	meso
7243	Methylophilus luteus	Methylophilus	Pseudomonadota	RS_GCF_042676265.1	GCF_042676265.1	True	unseen	False	False	True	0	negative	rod	no	yes	aerobe	meso
7257	Agrococcus versicolor	Agrococcus	Actinomycetota	RS_GCF_039531815.1	GCF_039531815.1	True	unseen	False	False	True	0	positive	other	no	no	aerobe	meso
7258	Agrococcus jejuensis	Agrococcus	Actinomycetota	RS_GCF_900099705.1	GCF_900099705.1	True	genome_seen	False	True	True	1	positive	rod	no	no	aerobe	meso
7324	Curtobacterium ammoniigenes	Curtobacterium	Actinomycetota	RS_GCF_001571045.1	GCF_001571045.1	True	genome_seen	False	True	True	1	positive	rod	no	no	aerobe	meso
7328	Parafrigoribacterium mesophilum	Parafrigoribacterium	Actinomycetota	RS_GCF_039652555.1	GCF_039652555.1	True	unseen	False	False	False	0	positive	rod	yes	no	aerobe	meso
7329	Gulosibacter molinativorax	Gulosibacter	Actinomycetota	RS_GCF_003010915.2	GCF_003010915.2	True	species_seen	False	False	True	1	positive	rod	no	no	aerobe	meso
7344	Microterricola pindariensis	Microterricola	Actinomycetota	RS_GCF_002936985.1	GCF_002936985.1	True	genome_seen	False	True	True	1	positive	rod	yes	no	aerobe	meso
7345	Pseudolysinimonas kribbensis	Pseudolysinimonas	Actinomycetota	RS_GCF_039531715.1	GCF_039531715.1	True	species_seen	False	False	True	1	positive	rod	yes	no	aerobe	meso
7349	Leucobacter albus	Leucobacter	Actinomycetota	RS_GCF_039528015.1	GCF_039528015.1	True	unseen	False	False	True	0	positive	rod	no	no	aerobe	meso
7351	Leucobacter iarius	Leucobacter	Actinomycetota	RS_GCF_039530105.1	GCF_039530105.1	True	species_seen	False	False	True	1	positive	rod	no	no	aerobe	meso
7354	Leucobacter tardus	Leucobacter	Actinomycetota	RS_GCF_039531835.1	GCF_039531835.1	True	species_seen	False	False	True	1	positive	rod	no	no	aerobe	meso
7419	Microbacterium hydrocarbonoxydans	Microbacterium	Actinomycetota	RS_GCF_900105205.1	GCF_900105205.1	True	genome_seen	False	True	True	1	positive	rod	yes	no	aerobe	meso
7420	Microbacterium oleivorans	Microbacterium	Actinomycetota	RS_GCF_001552475.1	GCF_001552475.1	True	genome_seen	False	True	True	1	positive	rod	no	no	aerobe	meso
7423	Microbacterium halotolerans	Microbacterium	Actinomycetota	RS_GCF_003569805.1	GCF_003569805.1	True	genome_seen	False	True	True	1	positive	rod	no	no	aerobe	meso
7424	Microbacterium ulmi	Microbacterium	Actinomycetota	RS_GCF_011759705.1	GCF_011759705.1	True	genome_seen	False	True	True	1	positive	rod	no	no	aerobe	meso
7425	Microbacterium natoriense	Microbacterium	Actinomycetota	RS_GCF_039527915.1	GCF_039527915.1	True	species_seen	False	False	True	1	positive	rod	no	no	aerobe	meso
7427	Microbacterium paludicola	Microbacterium	Actinomycetota	RS_GCF_039529675.1	GCF_039529675.1	True	species_seen	False	False	True	1	positive	rod	no	no	aerobe	meso
7439	Microbacterium aquimaris	Microbacterium	Actinomycetota	RS_GCF_034531275.1	GCF_034531275.1	True	species_seen	False	False	True	1	positive	rod	no	no	aerobe	meso
7444	Microbacterium profundi	Microbacterium	Actinomycetota	RS_GCF_000763375.1	GCF_000763375.1	True	genome_seen	False	True	True	1	positive	rod	no	no	aerobe	meso
7445	Microbacterium binotii	Microbacterium	Actinomycetota	RS_GCF_039532115.1	GCF_039532115.1	True	species_seen	False	False	True	1	positive	rod	no	no	aerobe	meso
7447	Microbacterium insulae	Microbacterium	Actinomycetota	RS_GCF_042677065.1	GCF_042677065.1	True	unseen	False	False	True	0	positive	coccus	no	no	aerobe	meso
7452	Microbacterium azadirachtae	Microbacterium	Actinomycetota	RS_GCF_000956545.1	GCF_000956545.1	True	genome_seen	False	True	True	1	positive	rod	yes	no	aerobe	meso
7455	Microbacterium ginsengiterrae	Microbacterium	Actinomycetota	RS_GCF_014205075.1	GCF_014205075.1	True	genome_seen	False	True	True	1	positive	rod	no	yes	aerobe	meso
7464	Microbacterium amylolyticum	Microbacterium	Actinomycetota	RS_GCF_011046975.1	GCF_011046975.1	True	genome_seen	False	True	True	1	positive	rod	no	no	aerobe	meso
7471	Mycetocola_B reblochoni	Mycetocola_B	Actinomycetota	RS_GCF_003667525.1	GCF_003667525.1	True	species_seen	False	False	True	1	positive	rod	no	no	aerobe	meso
7475	Pseudoclavibacter helvolus	Pseudoclavibacter	Actinomycetota	RS_GCF_014191305.1	GCF_014191305.1	True	genome_seen	False	True	True	1	positive	rod	no	no	aerobe	meso
7478	Gulosibacter bifidus	Gulosibacter	Actinomycetota	RS_GCF_001570925.1	GCF_001570925.1	True	genome_seen	False	True	True	1	positive	rod	no	no	aerobe	meso
7480	Pseudoclavibacter chungangensis	Pseudoclavibacter	Actinomycetota	RS_GCF_013410545.1	GCF_013410545.1	True	genome_seen	False	True	True	1	positive	rod	no	no	aerobe	meso
7481	Pseudoclavibacter_A caeni	Pseudoclavibacter_A	Actinomycetota	RS_GCF_008831125.1	GCF_008831125.1	True	genome_seen	False	True	True	1	positive	rod	no	no	aerobe	meso
7489	Rhodoglobus xinjiangensis	Rhodoglobus	Actinomycetota	RS_GCF_014645015.1	GCF_014645015.1	True	genome_seen	False	True	True	1	positive	rod	no	no	aerobe	meso
7497	Labedella gwakjiensis	Labedella	Actinomycetota	RS_GCF_003014675.1	GCF_003014675.1	True	genome_seen	False	True	True	1	positive	rod	no	no	aerobe	meso
7503	Frondihabitans peucedani	Frondihabitans	Actinomycetota	RS_GCF_039537585.1	GCF_039537585.1	True	unseen	False	False	True	0	positive	rod	no	no	aerobe	meso
7505	Cryobacterium superstes	Cryobacterium	Actinomycetota	RS_GCF_000421145.1	GCF_000421145.1	True	genome_seen	False	True	True	1	positive	rod	yes	no	aerobe	meso
7506	Microcella frigidaquae	Microcella	Actinomycetota	RS_GCF_014200395.1	GCF_014200395.1	True	genome_seen	False	True	True	1	positive	rod	yes	no	aerobe	meso
7507	Marisediminicola antarctica	Marisediminicola	Actinomycetota	RS_GCF_009930795.1	GCF_009930795.1	True	genome_seen	False	True	True	1	positive	rod	yes	no	aerobe	meso
7509	Herbiconiux ginsengi	Herbiconiux	Actinomycetota	RS_GCF_900107435.1	GCF_900107435.1	True	genome_seen	False	True	True	1	positive	rod	no	no	aerobe	meso
7512	Herbiconiux flava	Herbiconiux	Actinomycetota	RS_GCF_013409865.1	GCF_013409865.1	True	genome_seen	False	True	True	1	positive	rod	no	no	aerobe	meso
7514	Compostimonas suwonensis	Compostimonas	Actinomycetota	RS_GCF_002797855.1	GCF_002797855.1	True	genome_seen	False	True	True	1	positive	rod	no	no	aerobe	meso
7515	Gryllotalpicola ginsengisoli	Gryllotalpicola	Actinomycetota	RS_GCF_000419445.1	GCF_000419445.1	True	genome_seen	False	True	True	1	positive	rod	no	no	aerobe	meso
7604	Arthrobacter_D parietis	Arthrobacter_D	Actinomycetota	RS_GCF_039530425.1	GCF_039530425.1	True	species_seen	False	False	True	1	positive	coccus	no	no	aerobe	meso
7605	Arthrobacter_D pigmenti	Arthrobacter_D	Actinomycetota	RS_GCF_011927905.1	GCF_011927905.1	True	genome_seen	False	True	True	1	positive	coccus	no	no	aerobe	meso
7607	Arthrobacter_D tumbae	Arthrobacter_D	Actinomycetota	RS_GCF_016907495.1	GCF_016907495.1	True	genome_seen	False	True	True	1	positive	coccus	no	no	aerobe	meso
7610	Paeniglutamicibacter gangotriensis	Paeniglutamicibacter	Actinomycetota	RS_GCF_000348945.1	GCF_000348945.1	True	genome_seen	False	True	True	1	positive	rod	no	no	aerobe	meso
7612	Specibacter stackebrandtii	Specibacter	Actinomycetota	RS_GCF_017876675.1	GCF_017876675.1	True	genome_seen	False	True	True	1	positive	rod	no	no	aerobe	meso
7623	Specibacter psychrochitiniphilus	Specibacter	Actinomycetota	RS_GCF_003185915.1	GCF_003185915.1	True	genome_seen	False	True	True	1	positive	rod	yes	no	aerobe	meso
7634	Citricoccus zhacaiensis	Citricoccus	Actinomycetota	RS_GCF_014645315.1	GCF_014645315.1	True	genome_seen	False	True	True	1	positive	other	no	no	aerobe	meso
7657	Kocuria marina	Kocuria	Actinomycetota	RS_GCF_014652975.1	GCF_014652975.1	True	genome_seen	False	True	True	1	positive	coccus	no	no	aerobe	meso
7660	Kocuria aegyptia	Kocuria	Actinomycetota	RS_GCF_039530085.1	GCF_039530085.1	True	unseen	False	False	True	0	positive	coccus	no	no	aerobe	meso
7661	Rothia halotolerans	Rothia	Actinomycetota	RS_GCF_004136635.1	GCF_004136635.1	True	genome_seen	False	True	True	1	positive	coccus	no	no	aerobe	meso
7760	Micrococcus luteus	Micrococcus	Actinomycetota	RS_GCF_014138885.1	GCF_014138885.1	True	species_seen	False	False	True	1	positive	coccus	no	no	aerobe	meso
7761	Micrococcus cohnii	Micrococcus	Actinomycetota	RS_GCF_014205175.1	GCF_014205175.1	True	genome_seen	False	True	True	1	positive	coccus	no	no	aerobe	meso
7762	Nesterenkonia halobia	Nesterenkonia	Actinomycetota	RS_GCF_039536005.1	GCF_039536005.1	True	species_seen	False	False	True	1	positive	coccus	no	no	aerobe	meso
7768	Nesterenkonia aethiopica	Nesterenkonia	Actinomycetota	RS_GCF_039534665.1	GCF_039534665.1	True	species_seen	False	False	True	1	positive	rod	no	no	aerobe	meso
7770	Nesterenkonia flava	Nesterenkonia	Actinomycetota	RS_GCF_039530125.1	GCF_039530125.1	True	unseen	False	False	True	0	positive	rod	no	no	aerobe	meso
7784	Zhihengliuella halotolerans	Zhihengliuella	Actinomycetota	RS_GCF_004217565.1	GCF_004217565.1	True	genome_seen	False	True	True	1	positive	rod	no	no	aerobe	meso
7787	Yaniella halotolerans	Yaniella	Actinomycetota	RS_GCF_000420805.1	GCF_000420805.1	True	genome_seen	False	True	True	1	positive	coccus	no	no	aerobe	meso
7792	Auritidibacter ignavus	Auritidibacter	Actinomycetota	RS_GCF_003703835.1	GCF_003703835.1	True	genome_seen	False	True	True	1	positive	rod	yes	no	aerobe	meso
7795	Actinocatenispora thailandica	Actinocatenispora	Actinomycetota	RS_GCF_016865425.1	GCF_016865425.1	True	genome_seen	False	True	True	1	positive	rod	no	yes	aerobe	meso
7856	Catellatospora bangladeshensis	Catellatospora	Actinomycetota	RS_GCF_016862575.1	GCF_016862575.1	True	genome_seen	False	True	True	1	positive	rod	no	yes	aerobe	meso
7857	Catellatospora citrea	Catellatospora	Actinomycetota	RS_GCF_039528055.1	GCF_039528055.1	True	species_seen	False	False	True	1	positive	rod	no	yes	aerobe	meso
7858	Catellatospora coxensis	Catellatospora	Actinomycetota	RS_GCF_016862635.1	GCF_016862635.1	True	genome_seen	False	True	True	1	positive	rod	no	yes	aerobe	meso
7982	Micromonospora eburnea	Micromonospora	Actinomycetota	RS_GCF_900090225.1	GCF_900090225.1	True	genome_seen	False	True	True	1	positive	rod	no	yes	aerobe	meso
8025	Polymorphospora rubra	Polymorphospora	Actinomycetota	RS_GCF_018324255.1	GCF_018324255.1	True	genome_seen	False	True	True	1	positive	rod	no	yes	aerobe	meso
8031	Micromonospora sediminimaris	Micromonospora	Actinomycetota	RS_GCF_016863575.1	GCF_016863575.1	True	species_seen	False	False	True	1	positive	rod	no	yes	aerobe	meso
8050	Phytohabitans suffuscus	Phytohabitans	Actinomycetota	RS_GCF_011764565.1	GCF_011764565.1	True	genome_seen	False	True	True	1	positive	rod	no	yes	aerobe	meso
8175	Moraxella porci	Moraxella	Pseudomonadota	RS_GCF_002014855.1	GCF_002014855.1	True	genome_seen	False	True	True	1	negative	coccus	no	no	aerobe	meso
8208	Psychrobacter lutiphocae	Psychrobacter	Pseudomonadota	RS_GCF_000382145.1	GCF_000382145.1	True	genome_seen	False	True	True	1	negative	other	no	no	aerobe	meso
8213	Moritella dasanensis	Moritella	Pseudomonadota	RS_GCF_000276805.1	GCF_000276805.1	True	genome_seen	False	True	True	1	negative	rod	yes	no	aerobe	psychro
8347	Mycobacterium iranicum	Mycobacterium	Actinomycetota	RS_GCF_002101705.1	GCF_002101705.1	True	genome_seen	False	True	True	1	positive	other	no	no	facultative	meso
8519	Mycobacterium boenickei	Mycobacterium	Actinomycetota	RS_GCF_010731295.1	GCF_010731295.1	True	genome_seen	False	True	True	1	positive	rod	no	no	aerobe	meso
8520	Mycobacterium neworleansense	Mycobacterium	Actinomycetota	RS_GCF_001245615.1	GCF_001245615.1	True	genome_seen	False	True	True	1	positive	rod	no	no	aerobe	meso
8521	Mycobacterium brisbanense	Mycobacterium	Actinomycetota	RS_GCF_001570425.1	GCF_001570425.1	True	genome_seen	False	True	True	1	positive	rod	no	no	aerobe	meso
8522	Mycobacterium psychrotolerans	Mycobacterium	Actinomycetota	RS_GCF_010729305.1	GCF_010729305.1	True	genome_seen	False	True	True	1	positive	rod	no	no	aerobe	meso
8538	Mycobacterium paraseoulense	Mycobacterium	Actinomycetota	RS_GCF_010731655.1	GCF_010731655.1	True	genome_seen	False	True	True	1	positive	rod	no	no	aerobe	meso
8593	Hoyosella subflava	Hoyosella	Actinomycetota	RS_GCF_000214175.1	GCF_000214175.1	True	genome_seen	False	True	True	1	positive	coccus	no	no	aerobe	meso
10173	Nakamurella multipartita	Nakamurella	Actinomycetota	RS_GCF_000024365.1	GCF_000024365.1	True	genome_seen	False	True	True	1	positive	coccus	no	no	aerobe	meso
10174	Nakamurella lactea	Nakamurella	Actinomycetota	RS_GCF_000426645.1	GCF_000426645.1	True	genome_seen	False	True	True	1	positive	rod	no	no	aerobe	meso
10423	Nitratifractor salsuginis	Nitratifractor	Campylobacterota	RS_GCF_000186245.1	GCF_000186245.1	False	genome_seen	False	True	True	1	negative	rod	no	no	facultative	meso
10424	Nitratiruptor tergarcus	Nitratiruptor	Campylobacterota	RS_GCF_027946175.1	GCF_027946175.1	False	species_seen	False	False	True	1	negative	rod	no	no	facultative	thermo
10428	Caminibacter mediatlanticus	Caminibacter	Campylobacterota	RS_GCF_005843985.1	GCF_005843985.1	False	genome_seen	False	True	True	1	negative	rod	yes	no	anaerobe	thermo
10430	Nautilia profundicola	Nautilia	Campylobacterota	RS_GCF_000021725.1	GCF_000021725.1	False	genome_seen	False	True	True	1	negative	rod	yes	no	anaerobe	meso
10500	Andreprevotia lacus	Andreprevotia	Pseudomonadota	RS_GCF_900176275.1	GCF_900176275.1	True	genome_seen	False	True	True	1	negative	rod	yes	no	aerobe	meso
10510	Vogesella mureinivorans	Vogesella	Pseudomonadota	RS_GCF_007644035.1	GCF_007644035.1	True	genome_seen	False	True	True	1	negative	rod	yes	no	anaerobe	meso
10511	Aquitalea magnusonii	Aquitalea	Pseudomonadota	RS_GCF_003202035.1	GCF_003202035.1	True	genome_seen	False	True	True	1	negative	rod	yes	no	facultative	meso
10520	Leeia oryzae	Leeia	Pseudomonadota	RS_GCF_000376945.1	GCF_000376945.1	True	genome_seen	False	True	True	1	negative	rod	yes	no	aerobe	meso
10523	Chitinilyticum aquatile	Chitinilyticum	Pseudomonadota	RS_GCF_000430805.1	GCF_000430805.1	True	genome_seen	False	True	True	1	negative	rod	yes	no	facultative	meso
10524	Chitinilyticum litopenaei	Chitinilyticum	Pseudomonadota	RS_GCF_000428145.1	GCF_000428145.1	True	genome_seen	False	True	True	1	negative	rod	yes	no	facultative	meso
10525	Paludibacterium yongneupense	Paludibacterium	Pseudomonadota	RS_GCF_000422925.1	GCF_000422925.1	True	genome_seen	False	True	True	1	negative	rod	yes	no	facultative	meso
10526	Pseudogulbenkiania subflava	Pseudogulbenkiania	Pseudomonadota	RS_GCF_900177275.1	GCF_900177275.1	True	genome_seen	False	True	True	1	negative	rod	yes	no	aerobe	meso
10540	Thermodesulfovibrio aggregans	Thermodesulfovibrio	Nitrospirota	RS_GCF_001514535.1	GCF_001514535.1	False	genome_seen	False	True	True	1	negative	rod	no	no	anaerobe	thermo
10541	Thermodesulfovibrio thiophilus	Thermodesulfovibrio	Nitrospirota	RS_GCF_000423865.1	GCF_000423865.1	False	genome_seen	False	True	True	1	negative	rod	no	no	anaerobe	thermo
10542	Gordonia bronchialis	Gordonia	Actinomycetota	RS_GCF_000024785.1	GCF_000024785.1	True	genome_seen	False	True	True	1	positive	rod	no	no	aerobe	meso
10548	Gordonia terrae	Gordonia	Actinomycetota	RS_GCF_001698225.1	GCF_001698225.1	True	genome_seen	False	True	True	1	positive	rod	no	no	aerobe	meso
10613	Gordonia araii	Gordonia	Actinomycetota	RS_GCF_000241265.1	GCF_000241265.1	True	genome_seen	False	True	True	1	positive	rod	no	yes	aerobe	meso
10620	Jongsikchunia kroppenstedtii	Jongsikchunia	Actinomycetota	RS_GCF_000380485.1	GCF_000380485.1	True	genome_seen	False	True	True	1	positive	rod	no	no	aerobe	meso
10623	Gordonia neofelifaecis	Gordonia	Actinomycetota	RS_GCF_000192435.1	GCF_000192435.1	True	genome_seen	False	True	True	1	positive	rod	no	no	aerobe	meso
10626	Millisia brevis	Millisia	Actinomycetota	RS_GCF_001552615.1	GCF_001552615.1	True	genome_seen	False	True	True	1	positive	rod	no	no	aerobe	meso
10679	Nocardia otitidiscaviarum	Nocardia	Actinomycetota	RS_GCF_000308635.1	GCF_000308635.1	True	genome_seen	False	True	True	1	positive	rod	no	no	aerobe	meso
10773	Nocardia tenerifensis	Nocardia	Actinomycetota	RS_GCF_000308715.1	GCF_000308715.1	True	genome_seen	False	True	True	1	positive	rod	no	no	aerobe	meso
10775	Nocardia asiatica	Nocardia	Actinomycetota	RS_GCF_000308415.1	GCF_000308415.1	True	genome_seen	False	True	True	1	positive	other	no	yes	aerobe	meso
10797	Nocardia xishanensis	Nocardia	Actinomycetota	RS_GCF_001613365.1	GCF_001613365.1	True	genome_seen	False	True	True	1	positive	other	no	no	aerobe	meso
10806	Nocardia exalbida	Nocardia	Actinomycetota	RS_GCF_000308575.1	GCF_000308575.1	True	genome_seen	False	True	True	1	positive	rod	no	yes	aerobe	meso
10808	Nocardia jejuensis	Nocardia	Actinomycetota	RS_GCF_001613145.1	GCF_001613145.1	True	genome_seen	False	True	True	1	positive	rod	no	yes	aerobe	meso
10810	Nocardia ninae	Nocardia	Actinomycetota	RS_GCF_007990755.1	GCF_007990755.1	True	genome_seen	False	True	True	1	positive	rod	no	yes	aerobe	meso
10813	Nocardia altamirensis	Nocardia	Actinomycetota	RS_GCF_001612685.1	GCF_001612685.1	True	genome_seen	False	True	True	1	positive	rod	no	yes	aerobe	meso
10816	Nocardia amamiensis	Nocardia	Actinomycetota	RS_GCF_001612745.1	GCF_001612745.1	True	genome_seen	False	True	True	1	positive	rod	no	yes	aerobe	meso
10818	Nocardia acidivorans	Nocardia	Actinomycetota	RS_GCF_001625085.1	GCF_001625085.1	True	genome_seen	False	True	True	1	positive	rod	no	yes	aerobe	meso
10825	Nocardia callitridis	Nocardia	Actinomycetota	RS_GCF_039543305.1	GCF_039543305.1	True	unseen	False	False	True	0	positive	other	no	yes	aerobe	meso
10826	Nocardia mikamii	Nocardia	Actinomycetota	RS_GCF_001613505.1	GCF_001613505.1	True	genome_seen	False	True	True	1	positive	rod	no	yes	aerobe	meso
10830	Nocardia goodfellowii	Nocardia	Actinomycetota	RS_GCF_017875645.1	GCF_017875645.1	True	genome_seen	False	True	True	1	positive	rod	no	yes	aerobe	meso
10991	Rhodococcus_F globerula	Rhodococcus_F	Actinomycetota	RS_GCF_001894805.1	GCF_001894805.1	True	genome_seen	False	True	True	1	positive	rod	no	yes	aerobe	meso
11024	Rhodococcus zopfii	Rhodococcus	Actinomycetota	RS_GCF_001895025.1	GCF_001895025.1	True	genome_seen	False	True	True	1	positive	rod	no	no	aerobe	meso
11027	Rhodococcus_F koreensis	Rhodococcus_F	Actinomycetota	RS_GCF_900105905.1	GCF_900105905.1	True	genome_seen	False	True	True	1	positive	rod	no	no	aerobe	meso
11043	Aldersonia kunmingensis	Aldersonia	Actinomycetota	RS_GCF_001646865.1	GCF_001646865.1	True	genome_seen	False	True	True	1	positive	coccus	no	no	aerobe	meso
11044	Rhodococcus_F opacus	Rhodococcus_F	Actinomycetota	RS_GCF_000260815.1	GCF_000260815.1	True	species_seen	False	False	True	1	positive	rod	no	yes	aerobe	meso
11045	Rhodococcoides kyotonense	Rhodococcoides	Actinomycetota	RS_GCF_900188125.1	GCF_900188125.1	True	genome_seen	False	True	True	1	positive	rod	no	no	aerobe	meso
11047	Rhodococcus_F qingshengii	Rhodococcus_F	Actinomycetota	RS_GCF_002893965.1	GCF_002893965.1	True	species_seen	False	False	True	1	positive	other	no	no	aerobe	meso
11061	Aeromicrobium panaciterrae	Aeromicrobium	Actinomycetota	RS_GCF_039537165.1	GCF_039537165.1	True	unseen	False	False	True	0	positive	rod	no	no	aerobe	meso
11063	Aeromicrobium tamlense	Aeromicrobium	Actinomycetota	RS_GCF_013408555.1	GCF_013408555.1	True	genome_seen	False	True	True	1	positive	rod	no	no	aerobe	meso
11064	Aeromicrobium flavum	Aeromicrobium	Actinomycetota	RS_GCF_007992115.1	GCF_007992115.1	True	genome_seen	False	True	True	1	positive	rod	no	yes	facultative	meso
11066	Aeromicrobium halocynthiae	Aeromicrobium	Actinomycetota	RS_GCF_039531385.1	GCF_039531385.1	True	unseen	False	False	True	0	positive	rod	no	no	aerobe	meso
11081	Kribbella catacumbae	Kribbella	Actinomycetota	RS_GCF_000372465.1	GCF_000372465.1	True	genome_seen	False	True	True	1	positive	rod	no	yes	aerobe	meso
11082	Kribbella sancticallisti	Kribbella	Actinomycetota	RS_GCF_039530625.1	GCF_039530625.1	True	unseen	False	False	True	0	positive	rod	no	yes	aerobe	meso
11086	Marmoricola aequoreus	Marmoricola	Actinomycetota	RS_GCF_000720335.1	GCF_000720335.1	True	genome_seen	False	True	True	1	positive	coccus	no	no	aerobe	meso
11087	Marmoricola_A marmoribigeumensis	Marmoricola_A	Actinomycetota	RS_GCF_031458325.1	GCF_031458325.1	True	unseen	False	False	True	0	positive	coccus	yes	no	aerobe	meso
11112	Nocardioides oleivorans	Nocardioides	Actinomycetota	RS_GCF_004137255.1	GCF_004137255.1	True	genome_seen	False	True	True	1	positive	rod	no	no	aerobe	meso
11113	Nocardioides kribbensis	Nocardioides	Actinomycetota	RS_GCF_015070375.1	GCF_015070375.1	True	genome_seen	False	True	True	1	positive	rod	no	yes	aerobe	meso
11115	Nocardioides ganghwensis	Nocardioides	Actinomycetota	RS_GCF_004137235.1	GCF_004137235.1	True	species_seen	False	False	True	1	positive	rod	no	no	aerobe	meso
11119	Nocardioides ginsengisoli	Nocardioides	Actinomycetota	RS_GCF_039537225.1	GCF_039537225.1	True	unseen	False	False	True	0	positive	rod	no	no	aerobe	meso
11120	Nocardioides insulae	Nocardioides	Actinomycetota	RS_GCF_000422825.1	GCF_000422825.1	True	genome_seen	False	True	True	1	positive	rod	no	no	aerobe	meso
11126	Nocardioides marinus	Nocardioides	Actinomycetota	RS_GCF_013408145.1	GCF_013408145.1	True	genome_seen	False	True	True	1	positive	rod	no	no	aerobe	meso
11130	Nocardioides terrigena	Nocardioides	Actinomycetota	RS_GCF_003047265.1	GCF_003047265.1	True	genome_seen	False	True	True	1	positive	rod	no	no	aerobe	meso
11131	Nocardioides daphniae	Nocardioides	Actinomycetota	RS_GCF_004777465.1	GCF_004777465.1	True	genome_seen	False	True	True	1	positive	rod	no	no	aerobe	meso
11132	Nocardioides hwasunensis	Nocardioides	Actinomycetota	RS_GCF_039530905.1	GCF_039530905.1	True	species_seen	False	False	True	1	positive	rod	no	no	aerobe	meso
11133	Nocardioides hankookensis	Nocardioides	Actinomycetota	RS_GCF_042658885.1	GCF_042658885.1	True	unseen	False	False	True	0	positive	rod	no	no	aerobe	meso
11140	Nocardioides agariphilus	Nocardioides	Actinomycetota	RS_GCF_015352445.1	GCF_015352445.1	True	genome_seen	False	True	True	1	positive	other	yes	no	aerobe	meso
11141	Nocardioides bigeumensis	Nocardioides	Actinomycetota	RS_GCF_039531755.1	GCF_039531755.1	True	unseen	False	False	True	0	positive	other	yes	no	aerobe	meso
11142	Nocardioides koreensis	Nocardioides	Actinomycetota	RS_GCF_039531775.1	GCF_039531775.1	True	unseen	False	False	True	0	positive	rod	yes	no	aerobe	meso
11143	Nocardioides dokdonensis	Nocardioides	Actinomycetota	RS_GCF_001653335.1	GCF_001653335.1	True	genome_seen	False	True	True	1	positive	rod	no	no	aerobe	meso
11144	Nocardioides sediminis	Nocardioides	Actinomycetota	RS_GCF_003047295.1	GCF_003047295.1	True	genome_seen	False	True	True	1	positive	rod	yes	no	aerobe	meso
11145	Nocardioides caeni	Nocardioides	Actinomycetota	RS_GCF_004912195.1	GCF_004912195.1	True	genome_seen	False	True	True	1	positive	rod	no	no	aerobe	meso
11147	Nocardioides panacisoli	Nocardioides	Actinomycetota	RS_GCF_039537325.1	GCF_039537325.1	True	unseen	False	False	True	0	positive	rod	no	no	aerobe	meso
11148	Nocardioides daedukensis	Nocardioides	Actinomycetota	RS_GCF_013408415.1	GCF_013408415.1	True	genome_seen	False	True	True	1	positive	rod	no	no	aerobe	meso
11157	Nocardioides lianchengensis	Nocardioides	Actinomycetota	RS_GCF_900101465.1	GCF_900101465.1	True	genome_seen	False	True	True	1	positive	rod	no	no	aerobe	meso
11159	Actinopolymorpha rutila	Actinopolymorpha	Actinomycetota	RS_GCF_013407855.1	GCF_013407855.1	True	genome_seen	False	True	True	1	positive	rod	no	no	aerobe	meso
11215	Nocardiopsis aegyptia	Nocardiopsis	Actinomycetota	RS_GCF_013410755.1	GCF_013410755.1	True	genome_seen	False	True	True	1	positive	rod	no	yes	aerobe	meso
11217	Nocardiopsis salina	Nocardiopsis	Actinomycetota	RS_GCF_000341025.1	GCF_000341025.1	True	genome_seen	False	True	True	1	positive	rod	no	yes	aerobe	meso
11218	Nocardiopsis_C gilva	Nocardiopsis_C	Actinomycetota	RS_GCF_002263495.1	GCF_002263495.1	True	genome_seen	False	True	True	1	positive	rod	no	yes	aerobe	meso
11221	Nocardiopsis_C rhodophaea	Nocardiopsis_C	Actinomycetota	RS_GCF_039530945.1	GCF_039530945.1	True	unseen	False	False	True	0	positive	rod	no	yes	aerobe	meso
11222	Nocardiopsis_A chromatogenes	Nocardiopsis_A	Actinomycetota	RS_GCF_000341185.1	GCF_000341185.1	True	genome_seen	False	True	True	1	positive	rod	no	yes	aerobe	meso
11231	Streptomonospora halophila	Streptomonospora	Actinomycetota	RS_GCF_039531585.1	GCF_039531585.1	True	unseen	False	False	True	0	positive	rod	no	yes	aerobe	meso
11236	Nocardiopsis kunsanensis	Nocardiopsis	Actinomycetota	RS_GCF_014651735.1	GCF_014651735.1	True	species_seen	False	False	True	1	positive	rod	no	yes	aerobe	meso
11256	Thermobifida fusca	Thermobifida	Actinomycetota	RS_GCF_001592045.1	GCF_001592045.1	True	genome_seen	False	True	True	1	positive	rod	no	yes	aerobe	thermo
11262	Haloactinospora alba	Haloactinospora	Actinomycetota	RS_GCF_006717075.1	GCF_006717075.1	True	genome_seen	False	True	True	1	positive	rod	no	yes	aerobe	meso
11264	Murinocardiopsis flavida	Murinocardiopsis	Actinomycetota	RS_GCF_003014485.1	GCF_003014485.1	True	genome_seen	False	True	True	1	positive	rod	no	no	aerobe	meso
11272	Marinomonas polaris	Marinomonas	Pseudomonadota	RS_GCF_900129155.1	GCF_900129155.1	True	genome_seen	False	True	True	1	negative	rod	yes	no	aerobe	meso
11274	Marinomonas pontica	Marinomonas	Pseudomonadota	RS_GCF_026191375.1	GCF_026191375.1	True	genome_seen	True	False	True	1	negative	rod	yes	no	aerobe	meso
11277	Marinospirillum celere	Marinospirillum	Pseudomonadota	RS_GCF_900112235.1	GCF_900112235.1	True	genome_seen	False	True	True	1	negative	other	yes	no	aerobe	meso
11279	Marinospirillum insulare	Marinospirillum	Pseudomonadota	RS_GCF_000686905.1	GCF_000686905.1	True	genome_seen	False	True	True	1	negative	coccus	yes	no	aerobe	meso
11282	Neptunomonas japonica	Neptunomonas	Pseudomonadota	RS_GCF_000422765.1	GCF_000422765.1	True	genome_seen	False	True	True	1	negative	rod	yes	no	facultative	meso
11284	Nitrincola lacisaponensis	Nitrincola	Pseudomonadota	RS_GCF_000691225.1	GCF_000691225.1	True	genome_seen	False	True	True	1	negative	rod	yes	no	aerobe	meso
11303	Oxalicibacterium arsenicoxydans	Oxalicibacterium	Pseudomonadota	GB_GCA_000026125.1	GCA_000026125.1	True	genome_seen	False	True	True	1	negative	rod	yes	no	aerobe	meso
11307	Oxalicibacterium glaciei	Oxalicibacterium	Pseudomonadota	RS_GCF_042664955.1	GCF_042664955.1	True	unseen	False	False	True	0	negative	rod	yes	no	aerobe	meso
11324	Telluria alkalitolerans	Telluria	Pseudomonadota	RS_GCF_000427785.1	GCF_000427785.1	True	genome_seen	False	True	True	1	negative	rod	yes	no	aerobe	meso
11332	Telluria haematophila	Telluria	Pseudomonadota	RS_GCF_042647645.1	GCF_042647645.1	True	species_seen	False	False	True	1	negative	rod	no	no	aerobe	meso
11333	Telluria varians	Telluria	Pseudomonadota	RS_GCF_042660405.1	GCF_042660405.1	True	unseen	False	False	True	0	negative	rod	no	no	aerobe	meso
11342	Rugamonas namucuonensis	Rugamonas	Pseudomonadota	RS_GCF_900116645.1	GCF_900116645.1	True	genome_seen	False	True	True	1	negative	rod	yes	no	aerobe	meso
11365	Herbaspirillum hiltneri	Herbaspirillum	Pseudomonadota	RS_GCF_001267925.1	GCF_001267925.1	True	genome_seen	False	True	True	1	negative	rod	yes	no	aerobe	meso
11372	Noviherbaspirillum_A soli	Noviherbaspirillum_A	Pseudomonadota	RS_GCF_015352955.1	GCF_015352955.1	True	genome_seen	False	True	True	1	negative	rod	yes	no	aerobe	meso
11380	Aneurinibacillus aneurinilyticus	Aneurinibacillus	Bacillota	RS_GCF_000466385.1	GCF_000466385.1	True	genome_seen	False	True	True	1	positive	rod	yes	yes	aerobe	meso
11398	Aneurinibacillus thermoaerophilus	Aneurinibacillus	Bacillota	RS_GCF_900099925.1	GCF_900099925.1	True	genome_seen	False	True	True	1	positive	rod	yes	yes	aerobe	thermo
11401	Aneurinibacillus_B terranovensis	Aneurinibacillus_B	Bacillota	RS_GCF_000430625.1	GCF_000430625.1	True	genome_seen	False	True	True	1	positive	rod	yes	yes	facultative	meso
11402	Brevibacillus brevis	Brevibacillus	Bacillota	RS_GCF_900637055.1	GCF_900637055.1	True	genome_seen	False	True	True	1	positive	rod	yes	yes	aerobe	meso
11416	Brevibacillus agri	Brevibacillus	Bacillota	RS_GCF_004117055.1	GCF_004117055.1	True	genome_seen	False	True	True	1	positive	rod	yes	yes	aerobe	meso
11423	Brevibacillus choshinensis	Brevibacillus	Bacillota	RS_GCF_001420695.1	GCF_001420695.1	True	genome_seen	False	True	True	1	positive	rod	yes	yes	aerobe	meso
11425	Brevibacillus centrosporus	Brevibacillus	Bacillota	RS_GCF_003710815.1	GCF_003710815.1	True	genome_seen	False	True	True	1	positive	rod	yes	yes	aerobe	meso
11439	Brevibacillus panacihumi	Brevibacillus	Bacillota	RS_GCF_003710985.1	GCF_003710985.1	True	genome_seen	False	True	True	1	positive	rod	yes	yes	aerobe	meso
11441	Brevibacillus aydinogluensis	Brevibacillus	Bacillota	RS_GCF_031954365.1	GCF_031954365.1	True	species_seen	False	False	True	1	positive	rod	yes	yes	aerobe	thermo
11443	Cohnella hongkongensis	Cohnella	Bacillota	RS_GCF_042654645.1	GCF_042654645.1	True	unseen	False	False	True	0	positive	rod	no	yes	aerobe	meso
11445	Cohnella ginsengisoli	Cohnella	Bacillota	RS_GCF_029525555.1	GCF_029525555.1	True	genome_seen	True	False	True	1	positive	rod	yes	yes	aerobe	meso
11446	Cohnella yongneupensis	Cohnella	Bacillota	RS_GCF_042655785.1	GCF_042655785.1	True	unseen	False	False	True	0	positive	rod	yes	yes	aerobe	meso
11448	Cohnella laeviribosi	Cohnella	Bacillota	RS_GCF_000378425.1	GCF_000378425.1	True	genome_seen	False	True	True	1	positive	rod	no	yes	aerobe	thermo
11449	Cohnella panacarvi	Cohnella	Bacillota	RS_GCF_000515335.1	GCF_000515335.1	True	genome_seen	False	True	True	1	positive	rod	no	yes	aerobe	meso
11451	Cohnella luojiensis	Cohnella	Bacillota	RS_GCF_004564235.1	GCF_004564235.1	True	genome_seen	False	True	True	1	positive	rod	yes	yes	aerobe	meso
11452	Cohnella thailandensis	Cohnella	Bacillota	RS_GCF_014212135.1	GCF_014212135.1	True	genome_seen	False	True	True	1	positive	rod	yes	yes	facultative	meso
11453	Cohnella xylanilytica	Cohnella	Bacillota	RS_GCF_014212175.1	GCF_014212175.1	True	genome_seen	False	True	True	1	positive	rod	yes	yes	facultative	meso
11456	Cohnella boryungensis	Cohnella	Bacillota	RS_GCF_042651945.1	GCF_042651945.1	True	unseen	False	False	True	0	positive	rod	yes	yes	aerobe	meso
11457	Cohnella cellulosilytica	Cohnella	Bacillota	RS_GCF_042663505.1	GCF_042663505.1	True	unseen	False	False	True	0	positive	rod	yes	yes	aerobe	meso
11502	Paenibacillus_B thiaminolyticus	Paenibacillus_B	Bacillota	RS_GCF_007066085.1	GCF_007066085.1	True	genome_seen	False	True	True	1	positive	rod	yes	yes	facultative	meso
11504	Paenibacillus_AQ durus_B	Paenibacillus_AQ	Bacillota	RS_GCF_000993825.1	GCF_000993825.1	True	genome_seen	False	True	True	1	positive	rod	yes	yes	facultative	meso
11509	Paenibacillus_T curdlanolyticus	Paenibacillus_T	Bacillota	RS_GCF_000179615.1	GCF_000179615.1	True	genome_seen	False	True	True	1	positive	rod	no	yes	aerobe	meso
11513	Paenibacillus_G ehimensis	Paenibacillus_G	Bacillota	RS_GCF_004000785.1	GCF_004000785.1	True	genome_seen	False	True	True	1	positive	rod	yes	yes	facultative	meso
11514	Paenibacillus_F chitinolyticus	Paenibacillus_F	Bacillota	RS_GCF_000739915.1	GCF_000739915.1	True	genome_seen	False	True	True	1	positive	rod	no	yes	facultative	meso
11515	Paenibacillus_B apiarius	Paenibacillus_B	Bacillota	RS_GCF_026794045.1	GCF_026794045.1	True	species_seen	False	False	True	1	positive	rod	yes	yes	facultative	meso
11545	Paenibacillus_AQ chibensis	Paenibacillus_AQ	Bacillota	RS_GCF_004001045.1	GCF_004001045.1	True	genome_seen	False	True	True	1	positive	rod	yes	yes	facultative	meso
11559	Paenibacillus_AQ graminis	Paenibacillus_AQ	Bacillota	RS_GCF_000758705.1	GCF_000758705.1	True	genome_seen	False	True	True	1	positive	rod	yes	yes	facultative	meso
11584	Pristimantibacillus alkaliterrae	Pristimantibacillus	Bacillota	RS_GCF_021532375.1	GCF_021532375.1	True	genome_seen	False	True	True	1	positive	rod	yes	yes	aerobe	meso
11586	Paenibacillus xylanilyticus	Paenibacillus	Bacillota	RS_GCF_013359935.1	GCF_013359935.1	True	genome_seen	False	True	True	1	positive	rod	yes	yes	facultative	meso
11588	Paenibacillus_AQ favisporus	Paenibacillus_AQ	Bacillota	RS_GCF_040545415.1	GCF_040545415.1	True	species_seen	False	False	True	1	positive	rod	yes	yes	facultative	meso
11589	Paenibacillus_Z phyllosphaerae	Paenibacillus_Z	Bacillota	RS_GCF_014192105.1	GCF_014192105.1	True	genome_seen	False	True	True	1	negative	rod	yes	yes	facultative	meso
11590	Pristimantibacillus glycanilyticus	Pristimantibacillus	Bacillota	RS_GCF_004000805.1	GCF_004000805.1	True	genome_seen	False	True	True	1	positive	rod	yes	yes	aerobe	meso
11591	Paenibacillus_H larvae	Paenibacillus_H	Bacillota	RS_GCF_002007765.1	GCF_002007765.1	True	species_seen	False	False	True	1	positive	rod	yes	yes	facultative	meso
11599	Paenibacillus_B assamensis	Paenibacillus_B	Bacillota	RS_GCF_000422445.1	GCF_000422445.1	True	genome_seen	False	True	True	1	positive	rod	yes	yes	aerobe	meso
11601	Paenibacillus_AQ wynnii	Paenibacillus_AQ	Bacillota	RS_GCF_000757885.1	GCF_000757885.1	True	genome_seen	False	True	True	1	negative	rod	yes	yes	facultative	meso
11603	Paenibacillus_AB ginsengarvi	Paenibacillus_AB	Bacillota	RS_GCF_003626695.1	GCF_003626695.1	True	genome_seen	False	True	True	1	positive	rod	no	yes	aerobe	meso
11604	Paenibacillus_B taiwanensis	Paenibacillus_B	Bacillota	RS_GCF_000425125.1	GCF_000425125.1	True	genome_seen	False	True	True	1	positive	rod	yes	yes	facultative	meso
11607	Paenibacillus_G elgii	Paenibacillus_G	Bacillota	RS_GCF_004000865.1	GCF_004000865.1	True	genome_seen	False	True	True	1	positive	rod	yes	yes	facultative	meso
11608	Paenibacillus_AB hodogayensis	Paenibacillus_AB	Bacillota	RS_GCF_039536325.1	GCF_039536325.1	True	unseen	False	False	True	0	positive	rod	yes	yes	aerobe	meso
11610	Paenibacillus_O pasadenensis	Paenibacillus_O	Bacillota	RS_GCF_000422485.1	GCF_000422485.1	True	genome_seen	False	True	True	1	positive	rod	yes	yes	aerobe	meso
11624	Paenibacillus_I tarimensis	Paenibacillus_I	Bacillota	RS_GCF_021532315.1	GCF_021532315.1	True	genome_seen	False	True	True	1	positive	rod	yes	yes	aerobe	meso
11625	Fontibacillus fonticola	Fontibacillus	Bacillota	RS_GCF_000381905.1	GCF_000381905.1	True	genome_seen	False	True	True	1	positive	rod	yes	yes	facultative	meso
11626	Paenibacillus taichungensis	Paenibacillus	Bacillota	RS_GCF_013359905.1	GCF_013359905.1	True	genome_seen	False	True	True	1	positive	rod	yes	yes	facultative	meso
11628	Paenibacillus_AQ forsythiae	Paenibacillus_AQ	Bacillota	RS_GCF_031954385.1	GCF_031954385.1	True	species_seen	False	False	True	1	positive	rod	yes	yes	facultative	meso
11632	Paenibacillus_G ginsengihumi	Paenibacillus_G	Bacillota	RS_GCF_000380965.1	GCF_000380965.1	True	genome_seen	False	True	True	1	positive	rod	yes	yes	aerobe	meso
11635	Pristimantibacillus harenae	Pristimantibacillus	Bacillota	RS_GCF_000422465.1	GCF_000422465.1	True	genome_seen	False	True	True	1	positive	rod	yes	yes	aerobe	meso
11643	Paenibacillus_G filicis	Paenibacillus_G	Bacillota	RS_GCF_038070315.1	GCF_038070315.1	True	unseen	False	False	True	0	positive	rod	yes	yes	aerobe	meso
11644	Paenibacillus_D pinihumi	Paenibacillus_D	Bacillota	RS_GCF_000422505.1	GCF_000422505.1	True	genome_seen	False	True	True	1	positive	rod	yes	yes	aerobe	meso
11645	Paenibacillus_E aestuarii	Paenibacillus_E	Bacillota	RS_GCF_027789125.1	GCF_027789125.1	True	genome_seen	True	False	True	1	positive	rod	yes	yes	aerobe	meso
11647	Saccharibacillus hunanensis	Saccharibacillus	Bacillota	RS_GCF_014645615.1	GCF_014645615.1	True	genome_seen	False	True	True	1	positive	rod	yes	yes	aerobe	meso
11649	Pristimantibacillus prosopidis	Pristimantibacillus	Bacillota	RS_GCF_003337375.1	GCF_003337375.1	True	genome_seen	False	True	True	1	positive	rod	yes	yes	aerobe	meso
11666	Thermobacillus xylanilyticus	Thermobacillus	Bacillota	RS_GCF_000227705.2	GCF_000227705.2	True	species_seen	False	False	True	1	negative	rod	no	yes	aerobe	thermo
11668	Saccharibacillus kuerlensis	Saccharibacillus	Bacillota	RS_GCF_000378145.1	GCF_000378145.1	True	genome_seen	False	True	True	1	positive	rod	yes	yes	aerobe	meso
11765	Desulfitobacterium hafniense	Desulfitobacterium	Bacillota	RS_GCF_000021925.1	GCF_000021925.1	True	genome_seen	False	True	True	1	negative	rod	yes	yes	anaerobe	meso
11780	Desulfosporosinus hippei	Desulfosporosinus	Bacillota	RS_GCF_900100785.1	GCF_900100785.1	True	genome_seen	False	True	True	1	negative	rod	yes	yes	anaerobe	meso
11828	Desulfotomaculum nigrificans	Desulfotomaculum	Bacillota	RS_GCF_000214435.1	GCF_000214435.1	True	species_seen	False	False	True	1	positive	rod	yes	yes	anaerobe	thermo
11831	Desulfotruncus alcoholivorax	Desulfotruncus	Bacillota	RS_GCF_000430885.1	GCF_000430885.1	True	genome_seen	False	True	True	1	positive	rod	yes	yes	anaerobe	thermo
11832	Desulfotomaculum hydrothermale	Desulfotomaculum	Bacillota	RS_GCF_000315365.1	GCF_000315365.1	True	genome_seen	False	True	True	1	negative	rod	yes	no	anaerobe	thermo
11835	Pelotomaculum_C schinkii	Pelotomaculum_C	Bacillota	RS_GCF_004369205.1	GCF_004369205.1	True	genome_seen	False	True	True	1	positive	rod	no	yes	anaerobe	meso
11836	Pelotomaculum_B propionicicum	Pelotomaculum_B	Bacillota	RS_GCF_004369225.1	GCF_004369225.1	True	genome_seen	False	True	True	1	positive	rod	no	yes	anaerobe	meso
11840	Desulfurispora thermophila	Desulfurispora	Bacillota	RS_GCF_000376385.1	GCF_000376385.1	True	genome_seen	False	True	True	1	positive	rod	yes	yes	anaerobe	thermo
11851	Tepidibacter formicigenes	Tepidibacter	Bacillota	RS_GCF_900142235.1	GCF_900142235.1	True	genome_seen	False	True	True	1	positive	rod	yes	yes	anaerobe	thermo
11852	Anaerosphaera aminiphila	Anaerosphaera	Bacillota	RS_GCF_900129925.1	GCF_900129925.1	True	genome_seen	False	True	True	1	positive	coccus	no	yes	anaerobe	meso
11866	Aerobium aerolatum	Aerobium	Pseudomonadota	RS_GCF_900113935.1	GCF_900113935.1	True	genome_seen	False	True	True	1	negative	rod	yes	no	aerobe	meso
11868	Hoeflea alexandrii	Hoeflea	Pseudomonadota	RS_GCF_024105735.1	GCF_024105735.1	True	genome_seen	False	True	True	1	negative	rod	yes	no	aerobe	meso
11894	Neomesorhizobium albiziae	Neomesorhizobium	Pseudomonadota	RS_GCF_900114255.1	GCF_900114255.1	True	genome_seen	False	True	True	1	negative	rod	yes	no	aerobe	meso
11897	Chelativorans multitrophicus	Chelativorans	Pseudomonadota	RS_GCF_011317445.1	GCF_011317445.1	True	genome_seen	False	True	True	1	negative	rod	no	no	aerobe	meso
11908	Methylophaga lonarensis	Methylophaga	Pseudomonadota	RS_GCF_000349205.1	GCF_000349205.1	True	genome_seen	False	True	True	1	negative	rod	yes	no	aerobe	meso
11909	Sulfurivirga caldicuralii	Sulfurivirga	Pseudomonadota	RS_GCF_900141795.1	GCF_900141795.1	True	genome_seen	False	True	True	1	negative	rod	yes	no	facultative	thermo
11931	Thiomicrorhabdus arctica	Thiomicrorhabdus	Pseudomonadota	RS_GCF_000381085.1	GCF_000381085.1	True	genome_seen	False	True	True	1	negative	rod	yes	no	aerobe	psychro
11933	Hydrogenovibrio halophilus	Hydrogenovibrio	Pseudomonadota	RS_GCF_000384235.1	GCF_000384235.1	True	genome_seen	False	True	True	1	negative	other	yes	no	facultative	meso
11942	Rhodopirellula baltica	Rhodopirellula	Planctomycetota	RS_GCF_000196115.1	GCF_000196115.1	False	genome_seen	False	True	True	1	negative	other	no	no	aerobe	meso
11965	Planococcus donghaensis	Planococcus	Bacillota	RS_GCF_001687665.2	GCF_001687665.2	True	genome_seen	False	True	True	1	positive	coccus	yes	no	aerobe	meso
11966	Planococcus plakortidis	Planococcus	Bacillota	RS_GCF_045115855.1	GCF_045115855.1	True	species_seen	False	False	True	1	positive	coccus	yes	no	aerobe	meso
11967	Planococcus halocryophilus	Planococcus	Bacillota	RS_GCF_001687585.2	GCF_001687585.2	True	genome_seen	False	True	True	1	positive	coccus	yes	no	aerobe	meso
11972	Planococcus stackebrandtii	Planococcus	Bacillota	RS_GCF_030814955.1	GCF_030814955.1	True	genome_seen	True	False	True	1	positive	coccus	yes	no	aerobe	meso
11974	Planococcus glaciei	Planococcus	Bacillota	RS_GCF_900099655.1	GCF_900099655.1	True	genome_seen	False	True	True	1	positive	rod	yes	no	aerobe	meso
11994	Sporosarcina aquimarina	Sporosarcina	Bacillota	RS_GCF_033253705.1	GCF_033253705.1	True	unseen	False	False	True	0	positive	rod	yes	yes	aerobe	meso
11996	Sporosarcina koreensis	Sporosarcina	Bacillota	RS_GCF_042655825.1	GCF_042655825.1	True	unseen	False	False	True	0	positive	rod	yes	yes	aerobe	meso
11998	Paenisporosarcina antarctica	Paenisporosarcina	Bacillota	RS_GCF_004367585.1	GCF_004367585.1	True	genome_seen	False	True	True	1	positive	rod	no	yes	facultative	meso
12001	Sporosarcina contaminans	Sporosarcina	Bacillota	RS_GCF_042679045.1	GCF_042679045.1	True	unseen	False	False	True	0	positive	rod	yes	yes	aerobe	meso
12009	Bhargavaea beijingensis	Bhargavaea	Bacillota	RS_GCF_900101985.1	GCF_900101985.1	True	genome_seen	False	True	True	1	positive	coccus	no	no	aerobe	meso
12010	Bhargavaea ginsengi	Bhargavaea	Bacillota	RS_GCF_900109165.1	GCF_900109165.1	True	genome_seen	False	True	True	1	positive	rod	no	no	aerobe	meso
12011	Bhargavaea cecembensis	Bhargavaea	Bacillota	RS_GCF_000348905.1	GCF_000348905.1	True	genome_seen	False	True	True	1	positive	rod	no	no	aerobe	meso
12496	Paludibacter propionicigenes	Paludibacter	Bacteroidota	RS_GCF_000183135.1	GCF_000183135.1	True	genome_seen	False	True	True	1	negative	rod	no	no	anaerobe	meso
12498	Parabacteroides johnsonii	Parabacteroides	Bacteroidota	RS_GCF_025151045.1	GCF_025151045.1	True	genome_seen	False	True	True	1	negative	rod	no	no	anaerobe	meso
12501	Parabacteroides gordonii	Parabacteroides	Bacteroidota	RS_GCF_000969825.1	GCF_000969825.1	True	genome_seen	False	True	True	1	negative	rod	no	no	anaerobe	meso
12503	Petrimonas sulfuriphila	Petrimonas	Bacteroidota	RS_GCF_051201015.1	GCF_051201015.1	True	species_seen	False	False	True	1	negative	rod	no	no	anaerobe	meso
12514	Proteiniphilum acetatigenes	Proteiniphilum	Bacteroidota	RS_GCF_000380985.1	GCF_000380985.1	True	genome_seen	False	True	True	1	negative	rod	yes	no	anaerobe	meso
12518	Barnesiella viscericola	Barnesiella	Bacteroidota	RS_GCF_000512915.1	GCF_000512915.1	True	genome_seen	False	True	True	1	negative	rod	no	no	anaerobe	meso
12519	Barnesiella intestinihominis	Barnesiella	Bacteroidota	RS_GCF_000296465.1	GCF_000296465.1	True	genome_seen	False	True	True	1	negative	rod	no	no	anaerobe	meso
12522	Butyricimonas synergistica	Butyricimonas	Bacteroidota	RS_GCF_000379665.1	GCF_000379665.1	True	genome_seen	False	True	True	1	negative	rod	no	no	anaerobe	meso
12523	Butyricimonas virosa	Butyricimonas	Bacteroidota	RS_GCF_025148635.1	GCF_025148635.1	True	genome_seen	False	True	True	1	negative	rod	no	no	anaerobe	meso
12524	Macellibacteroides fermentans	Macellibacteroides	Bacteroidota	RS_GCF_013409575.1	GCF_013409575.1	True	genome_seen	False	True	True	1	positive	rod	no	no	anaerobe	meso
12538	Prevotella salivae	Prevotella	Bacteroidota	RS_GCF_000185845.1	GCF_000185845.1	True	genome_seen	False	True	True	1	negative	rod	no	no	anaerobe	meso
12539	Prevotella shahii	Prevotella	Bacteroidota	RS_GCF_000613445.1	GCF_000613445.1	True	genome_seen	False	True	True	1	negative	rod	no	no	anaerobe	meso
12540	Prevotella multiformis	Prevotella	Bacteroidota	RS_GCF_000191065.1	GCF_000191065.1	True	genome_seen	False	True	True	1	negative	rod	no	no	anaerobe	meso
12543	Prevotella multisaccharivorax	Prevotella	Bacteroidota	RS_GCF_000218235.1	GCF_000218235.1	True	genome_seen	False	True	True	1	negative	coccus	no	no	anaerobe	meso
12544	Prevotella bergensis	Prevotella	Bacteroidota	RS_GCF_000160535.1	GCF_000160535.1	True	genome_seen	False	True	True	1	negative	rod	no	no	anaerobe	meso
12547	Prevotella copri	Prevotella	Bacteroidota	RS_GCF_025151535.1	GCF_025151535.1	True	genome_seen	False	True	True	1	negative	rod	no	no	anaerobe	meso
12548	Prevotella stercorea	Prevotella	Bacteroidota	RS_GCF_000235885.1	GCF_000235885.1	True	genome_seen	False	True	True	1	negative	rod	no	no	anaerobe	meso
12555	Prevotella nanceiensis	Prevotella	Bacteroidota	RS_GCF_000379965.1	GCF_000379965.1	True	genome_seen	False	True	True	1	negative	rod	no	no	anaerobe	meso
12556	Prevotella timonensis	Prevotella	Bacteroidota	RS_GCF_000455445.1	GCF_000455445.1	True	genome_seen	False	True	True	1	negative	rod	no	no	anaerobe	meso
12558	Prevotella paludivivens	Prevotella	Bacteroidota	RS_GCF_000373185.1	GCF_000373185.1	True	genome_seen	False	True	True	1	negative	rod	no	no	anaerobe	meso
12560	Prevotella histicola	Prevotella	Bacteroidota	GB_GCA_047796335.1	GCA_047796335.1	True	species_seen	False	False	True	1	negative	rod	no	no	anaerobe	meso
12562	Prevotella amnii	Prevotella	Bacteroidota	RS_GCF_000378745.1	GCF_000378745.1	True	genome_seen	False	True	True	1	negative	rod	no	no	anaerobe	meso
12563	Prevotella falsenii	Prevotella	Bacteroidota	RS_GCF_000613945.1	GCF_000613945.1	True	genome_seen	False	True	True	1	negative	rod	no	no	anaerobe	meso
12565	Prevotella dentasini	Prevotella	Bacteroidota	RS_GCF_000614065.1	GCF_000614065.1	True	genome_seen	False	True	True	1	negative	rod	no	no	anaerobe	meso
12566	Prevotella saccharolytica	Prevotella	Bacteroidota	RS_GCF_000614205.1	GCF_000614205.1	True	genome_seen	False	True	True	1	negative	rod	no	no	anaerobe	meso
12569	Paraprevotella clara	Paraprevotella	Bacteroidota	RS_GCF_000233955.1	GCF_000233955.1	True	genome_seen	False	True	True	1	negative	rod	no	no	anaerobe	meso
12570	Paraprevotella xylaniphila	Paraprevotella	Bacteroidota	RS_GCF_000205165.1	GCF_000205165.1	True	genome_seen	False	True	True	1	negative	other	no	no	anaerobe	meso
12581	Cellulosimicrobium funkei	Cellulosimicrobium	Actinomycetota	RS_GCF_004519295.1	GCF_004519295.1	True	genome_seen	False	True	True	1	positive	rod	yes	no	aerobe	meso
12582	Cellulosimicrobium terreum	Cellulosimicrobium	Actinomycetota	GB_GCA_014803435.1	GCA_014803435.1	True	genome_seen	False	True	True	1	positive	coccus	no	no	aerobe	meso
12587	Isoptericola nanjingensis	Isoptericola	Actinomycetota	RS_GCF_050311635.1	GCF_050311635.1	True	species_seen	False	False	True	1	positive	other	no	no	aerobe	meso
12589	Myceligenerans crystallogenes	Myceligenerans	Actinomycetota	RS_GCF_039529775.1	GCF_039529775.1	True	unseen	False	False	True	0	positive	rod	no	yes	aerobe	meso
12609	Xylanimonas ulmi	Xylanimonas	Actinomycetota	RS_GCF_004216535.1	GCF_004216535.1	True	genome_seen	False	True	True	1	positive	rod	no	no	aerobe	meso
12620	Granulicoccus phenolivorans	Granulicoccus	Actinomycetota	RS_GCF_000423085.1	GCF_000423085.1	True	genome_seen	False	True	True	1	positive	coccus	no	no	facultative	meso
12626	Microlunatus ginsengisoli	Microlunatus	Actinomycetota	RS_GCF_039537205.1	GCF_039537205.1	True	unseen	False	False	True	0	positive	coccus	no	no	aerobe	meso
12627	Microlunatus panaciterrae	Microlunatus	Actinomycetota	RS_GCF_016907535.1	GCF_016907535.1	True	genome_seen	False	True	True	1	positive	coccus	no	no	aerobe	meso
12628	Microlunatus aurantiacus	Microlunatus	Actinomycetota	RS_GCF_039536605.1	GCF_039536605.1	True	unseen	False	False	True	0	positive	coccus	no	no	aerobe	meso
12645	Cutibacterium granulosum	Cutibacterium	Actinomycetota	RS_GCF_900186975.1	GCF_900186975.1	True	genome_seen	False	True	True	1	positive	other	no	no	anaerobe	meso
12659	Propionibacterium acidifaciens	Propionibacterium	Actinomycetota	RS_GCF_000426605.1	GCF_000426605.1	True	genome_seen	False	True	True	1	positive	rod	no	no	anaerobe	meso
12668	Arachnia oleiagri	Arachnia	Actinomycetota	RS_GCF_900103275.1	GCF_900103275.1	True	genome_seen	False	True	True	1	positive	rod	no	no	facultative	meso
12672	Auraticoccus monumenti	Auraticoccus	Actinomycetota	RS_GCF_900101785.1	GCF_900101785.1	True	genome_seen	False	True	True	1	positive	coccus	no	no	aerobe	meso
12674	Naumannella halotolerans	Naumannella	Actinomycetota	RS_GCF_004364645.1	GCF_004364645.1	True	genome_seen	False	True	True	1	positive	coccus	no	no	aerobe	meso
12686	Pseudoalteromonas tetraodonis	Pseudoalteromonas	Pseudomonadota	RS_GCF_002310835.1	GCF_002310835.1	True	genome_seen	False	True	True	1	negative	rod	yes	no	aerobe	meso
12690	Pseudoalteromonas distincta	Pseudoalteromonas	Pseudomonadota	RS_GCF_000803085.1	GCF_000803085.1	True	species_seen	False	False	True	1	negative	rod	yes	no	aerobe	meso
12699	Pseudoalteromonas aliena	Pseudoalteromonas	Pseudomonadota	RS_GCF_014905615.1	GCF_014905615.1	True	genome_seen	False	True	True	1	negative	rod	yes	no	aerobe	meso
12701	Pseudoalteromonas arctica	Pseudoalteromonas	Pseudomonadota	RS_GCF_000238395.3	GCF_000238395.3	True	genome_seen	False	True	True	1	negative	rod	yes	no	aerobe	psychro
12851	Aquipseudomonas fluorescens	Aquipseudomonas	Pseudomonadota	RS_GCF_900215245.1	GCF_900215245.1	True	genome_seen	False	True	True	1	negative	rod	yes	no	aerobe	meso
12966	Metapseudomonas furukawaii	Metapseudomonas	Pseudomonadota	RS_GCF_002355475.1	GCF_002355475.1	True	genome_seen	False	True	True	1	negative	rod	yes	no	aerobe	meso
13065	Aquipseudomonas synxantha	Aquipseudomonas	Pseudomonadota	RS_GCF_900105675.1	GCF_900105675.1	True	genome_seen	False	True	True	1	negative	rod	yes	no	aerobe	meso
13092	Aquipseudomonas lurida	Aquipseudomonas	Pseudomonadota	RS_GCF_002563895.1	GCF_002563895.1	True	genome_seen	False	True	True	1	negative	rod	yes	no	aerobe	meso
13105	Chryseomonas oryzihabitans	Chryseomonas	Pseudomonadota	RS_GCF_900102665.1	GCF_900102665.1	True	species_seen	False	False	True	1	negative	rod	yes	no	aerobe	meso
13114	Aquipseudomonas lutea	Aquipseudomonas	Pseudomonadota	RS_GCF_000759445.1	GCF_000759445.1	True	genome_seen	False	True	True	1	negative	rod	yes	yes	aerobe	meso
13115	Aquipseudomonas argentinensis	Aquipseudomonas	Pseudomonadota	RS_GCF_900113905.1	GCF_900113905.1	True	genome_seen	False	True	True	1	negative	rod	yes	no	aerobe	meso
13130	Aquipseudomonas peli	Aquipseudomonas	Pseudomonadota	RS_GCF_900099645.1	GCF_900099645.1	True	genome_seen	False	True	True	1	negative	rod	yes	no	aerobe	meso
13131	Aquipseudomonas borbori	Aquipseudomonas	Pseudomonadota	RS_GCF_900115555.1	GCF_900115555.1	True	genome_seen	False	True	True	1	negative	rod	yes	no	aerobe	meso
13138	Aquipseudomonas mohnii	Aquipseudomonas	Pseudomonadota	RS_GCF_900105115.1	GCF_900105115.1	True	genome_seen	False	True	True	1	negative	rod	yes	no	aerobe	meso
13139	Aquipseudomonas reinekei	Aquipseudomonas	Pseudomonadota	RS_GCF_001945365.1	GCF_001945365.1	True	genome_seen	False	True	True	1	negative	rod	yes	no	aerobe	meso
13140	Aquipseudomonas marginalis	Aquipseudomonas	Pseudomonadota	RS_GCF_007858175.1	GCF_007858175.1	True	species_seen	False	False	True	1	negative	rod	yes	no	aerobe	meso
13157	Aquipseudomonas moorei	Aquipseudomonas	Pseudomonadota	RS_GCF_008801475.1	GCF_008801475.1	True	genome_seen	False	True	True	1	negative	rod	yes	no	aerobe	meso
13161	Aquipseudomonas guineae	Aquipseudomonas	Pseudomonadota	RS_GCF_900113745.1	GCF_900113745.1	True	genome_seen	False	True	True	1	negative	rod	yes	no	aerobe	psychro
13163	Chryseomonas duriflava	Chryseomonas	Pseudomonadota	RS_GCF_007830155.1	GCF_007830155.1	True	genome_seen	False	True	True	1	negative	rod	no	no	aerobe	meso
13164	Pseudomonas panipatensis	Pseudomonas	Pseudomonadota	RS_GCF_900099785.1	GCF_900099785.1	True	genome_seen	False	True	True	1	negative	rod	yes	no	aerobe	meso
13172	Aquipseudomonas cuatrocienegasensis	Aquipseudomonas	Pseudomonadota	RS_GCF_900110925.1	GCF_900110925.1	True	genome_seen	False	True	True	1	negative	rod	yes	no	aerobe	meso
13173	Halopseudomonas xinjiangensis	Halopseudomonas	Pseudomonadota	RS_GCF_900104945.1	GCF_900104945.1	True	genome_seen	False	True	True	1	negative	rod	yes	no	aerobe	meso
13175	Denitrificimonas caeni	Denitrificimonas	Pseudomonadota	RS_GCF_000421765.1	GCF_000421765.1	True	genome_seen	False	True	True	1	negative	rod	yes	no	anaerobe	meso
13176	Halopseudomonas pelagia	Halopseudomonas	Pseudomonadota	RS_GCF_000410875.1	GCF_000410875.1	True	genome_seen	False	True	True	1	negative	rod	yes	no	aerobe	meso
13180	Aquipseudomonas taiwanensis	Aquipseudomonas	Pseudomonadota	RS_GCF_000425785.1	GCF_000425785.1	True	genome_seen	False	True	True	1	negative	rod	yes	no	aerobe	meso
13215	Amycolatopsis orientalis	Amycolatopsis	Actinomycetota	RS_GCF_000478275.1	GCF_000478275.1	True	genome_seen	False	True	True	1	positive	rod	no	yes	aerobe	meso
13235	Amycolatopsis_E sacchari	Amycolatopsis_E	Actinomycetota	RS_GCF_900114035.1	GCF_900114035.1	True	genome_seen	False	True	True	1	positive	rod	no	no	aerobe	meso
13238	Amycolatopsis tolypomycina	Amycolatopsis	Actinomycetota	RS_GCF_900105945.1	GCF_900105945.1	True	genome_seen	False	True	True	1	positive	rod	no	no	facultative	meso
13258	Amycolatopsis minnesotensis	Amycolatopsis	Actinomycetota	RS_GCF_039529815.1	GCF_039529815.1	True	unseen	False	False	True	0	positive	rod	no	yes	aerobe	meso
13259	Amycolatopsis nigrescens	Amycolatopsis	Actinomycetota	RS_GCF_000384315.1	GCF_000384315.1	True	genome_seen	False	True	True	1	positive	rod	no	yes	aerobe	meso
13261	Amycolatopsis halotolerans	Amycolatopsis	Actinomycetota	RS_GCF_042652525.1	GCF_042652525.1	True	unseen	False	False	True	0	positive	rod	no	yes	aerobe	meso
13263	Amycolatopsis_E taiwanensis	Amycolatopsis_E	Actinomycetota	RS_GCF_000519205.1	GCF_000519205.1	True	genome_seen	False	True	True	1	positive	rod	no	yes	aerobe	meso
13264	Amycolatopsis regifaucium	Amycolatopsis	Actinomycetota	RS_GCF_001613935.1	GCF_001613935.1	True	genome_seen	False	True	True	1	positive	rod	no	yes	aerobe	meso
13288	Crossiella cryophila	Crossiella	Actinomycetota	RS_GCF_014204915.1	GCF_014204915.1	True	genome_seen	False	True	True	1	positive	other	no	yes	aerobe	meso
13296	Kutzneria buriramensis	Kutzneria	Actinomycetota	RS_GCF_043575855.1	GCF_043575855.1	True	species_seen	False	False	True	1	positive	rod	no	yes	aerobe	meso
13304	Lentzea fradiae	Lentzea	Actinomycetota	RS_GCF_900100955.1	GCF_900100955.1	True	genome_seen	False	True	True	1	positive	rod	no	yes	aerobe	meso
13398	Pseudonocardia ailaonensis	Pseudonocardia	Actinomycetota	RS_GCF_039531635.1	GCF_039531635.1	True	unseen	False	False	True	0	positive	rod	no	yes	aerobe	meso
13399	Pseudonocardia alni	Pseudonocardia	Actinomycetota	RS_GCF_039530145.1	GCF_039530145.1	True	species_seen	False	False	True	1	positive	rod	no	yes	aerobe	meso
13405	Pseudonocardia adelaidensis	Pseudonocardia	Actinomycetota	RS_GCF_039543345.1	GCF_039543345.1	True	unseen	False	False	True	0	positive	rod	no	yes	aerobe	meso
13436	Saccharomonospora_A marina	Saccharomonospora_A	Actinomycetota	RS_GCF_000244955.1	GCF_000244955.1	True	genome_seen	False	True	True	1	positive	rod	no	yes	aerobe	meso
13465	Saccharopolyspora cebuensis	Saccharopolyspora	Actinomycetota	RS_GCF_039542665.1	GCF_039542665.1	True	unseen	False	False	True	0	positive	rod	no	yes	aerobe	meso
13470	Saccharopolyspora kobensis	Saccharopolyspora	Actinomycetota	RS_GCF_900112555.1	GCF_900112555.1	True	species_seen	False	False	True	1	positive	rod	no	yes	aerobe	meso
13485	Actinosynnema algeriense	Actinosynnema	Actinomycetota	RS_GCF_016907655.1	GCF_016907655.1	True	genome_seen	False	True	True	1	positive	rod	no	yes	aerobe	meso
13487	Actinosynnema hoggarensis	Actinosynnema	Actinomycetota	RS_GCF_042678885.1	GCF_042678885.1	True	unseen	False	False	True	0	positive	rod	no	yes	aerobe	meso
13490	Actinosynnema violaceirubrum	Actinosynnema	Actinomycetota	RS_GCF_014203755.1	GCF_014203755.1	True	genome_seen	False	True	True	1	positive	rod	no	yes	aerobe	meso
13508	Goodfellowiella coeruleoviolacea	Goodfellowiella	Actinomycetota	RS_GCF_024171785.1	GCF_024171785.1	True	genome_seen	False	True	True	1	positive	rod	no	yes	aerobe	meso
13515	Haloechinothrix alba	Haloechinothrix	Actinomycetota	RS_GCF_900188115.1	GCF_900188115.1	True	genome_seen	False	True	True	1	positive	rod	no	no	aerobe	meso
13516	Yuhushiella arida	Yuhushiella	Actinomycetota	RS_GCF_900115565.1	GCF_900115565.1	True	genome_seen	False	True	True	1	positive	rod	no	no	aerobe	meso
13564	Kaistia granuli	Kaistia	Pseudomonadota	RS_GCF_000380505.1	GCF_000380505.1	True	genome_seen	False	True	True	1	negative	rod	no	no	aerobe	meso
13584	Agrobacterium radiobacter	Agrobacterium	Pseudomonadota	GB_GCA_900455815.1	GCA_900455815.1	True	species_seen	False	False	True	1	negative	rod	yes	no	aerobe	meso
13630	Allorhizobium daejeonense	Allorhizobium	Pseudomonadota	RS_GCF_014280875.1	GCF_014280875.1	True	genome_seen	False	True	True	1	negative	rod	yes	no	aerobe	meso
13633	Rhizobium pisi	Rhizobium	Pseudomonadota	RS_GCF_003985135.1	GCF_003985135.1	True	species_seen	False	False	True	1	negative	rod	yes	no	aerobe	meso
13635	Rhizobium multihospitium	Rhizobium	Pseudomonadota	RS_GCF_900094585.1	GCF_900094585.1	True	genome_seen	False	True	True	1	negative	rod	yes	no	aerobe	meso
13638	Neorhizobium alkalisoli	Neorhizobium	Pseudomonadota	RS_GCF_002968635.1	GCF_002968635.1	True	genome_seen	False	True	True	1	negative	rod	yes	no	aerobe	meso
13639	Rhizobium tubonense	Rhizobium	Pseudomonadota	RS_GCF_003240585.1	GCF_003240585.1	True	genome_seen	False	True	True	1	negative	rod	yes	no	aerobe	meso
13641	Ectorhizobium borbori	Ectorhizobium	Pseudomonadota	RS_GCF_014196535.1	GCF_014196535.1	True	genome_seen	False	True	True	1	negative	rod	yes	no	aerobe	meso
13648	Allorhizobium halophytocola	Allorhizobium	Pseudomonadota	RS_GCF_017873095.1	GCF_017873095.1	True	genome_seen	False	True	True	1	negative	rod	yes	no	aerobe	meso
13652	Meinhardsimonia xiamenensis	Meinhardsimonia	Pseudomonadota	RS_GCF_900102905.1	GCF_900102905.1	True	genome_seen	False	True	True	1	negative	rod	yes	no	aerobe	thermo
13655	Wagnerdoeblera nectariphila	Wagnerdoeblera	Pseudomonadota	RS_GCF_000429765.1	GCF_000429765.1	True	genome_seen	False	True	True	1	negative	rod	no	no	aerobe	meso
13657	Gemmobacter caeni	Gemmobacter	Pseudomonadota	RS_GCF_003054195.1	GCF_003054195.1	True	genome_seen	False	True	True	1	negative	rod	no	no	facultative	meso
13670	Leisingera aquimarina	Leisingera	Pseudomonadota	RS_GCF_000473165.1	GCF_000473165.1	True	genome_seen	False	True	True	1	negative	other	yes	no	aerobe	meso
13672	Loktanella salsilacus	Loktanella	Pseudomonadota	RS_GCF_900114485.1	GCF_900114485.1	True	genome_seen	False	True	True	1	negative	rod	no	no	aerobe	meso
13673	Yoonia vestfoldensis	Yoonia	Pseudomonadota	RS_GCF_000382265.1	GCF_000382265.1	True	genome_seen	False	True	True	1	negative	rod	no	no	aerobe	meso
13678	Limimaricola pyoseonensis	Limimaricola	Pseudomonadota	RS_GCF_900102015.1	GCF_900102015.1	True	genome_seen	False	True	True	1	negative	rod	yes	no	aerobe	meso
13684	Sulfitobacter indolifex	Sulfitobacter	Pseudomonadota	RS_GCF_022788655.1	GCF_022788655.1	True	genome_seen	False	True	True	1	negative	rod	no	no	aerobe	meso
13685	Oceanicola granulosus	Oceanicola	Pseudomonadota	RS_GCF_000153305.1	GCF_000153305.1	True	genome_seen	False	True	True	1	negative	rod	no	no	aerobe	meso
13687	Pseudooceanicola batsensis	Pseudooceanicola	Pseudomonadota	RS_GCF_000152725.1	GCF_000152725.1	True	genome_seen	False	True	True	1	negative	rod	no	no	aerobe	meso
13688	Pseudooceanicola nanhaiensis	Pseudooceanicola	Pseudomonadota	RS_GCF_000688295.1	GCF_000688295.1	True	genome_seen	False	True	True	1	negative	rod	no	no	aerobe	meso
13728	Paracoccus saliphilus	Paracoccus	Pseudomonadota	RS_GCF_028553805.1	GCF_028553805.1	True	genome_seen	True	False	True	2	negative	coccus	no	no	aerobe	meso
13736	Pseudovibrio ascidiaceicola	Pseudovibrio	Pseudomonadota	RS_GCF_900114245.1	GCF_900114245.1	True	genome_seen	False	True	True	1	negative	rod	yes	no	aerobe	meso
13747	Rhodovulum marinum	Rhodovulum	Pseudomonadota	RS_GCF_004343075.1	GCF_004343075.1	True	genome_seen	False	True	True	1	negative	other	no	no	anaerobe	meso
13756	Oceanicola antarcticus_A	Oceanicola	Pseudomonadota	RS_GCF_900172355.1	GCF_900172355.1	True	genome_seen	False	True	True	1	negative	rod	yes	no	facultative	meso
13777	Rubellimicrobium mesophilum	Rubellimicrobium	Pseudomonadota	RS_GCF_000600335.2	GCF_000600335.2	True	genome_seen	False	True	True	1	negative	rod	yes	no	aerobe	meso
13778	Rubellimicrobium aerolatum	Rubellimicrobium	Pseudomonadota	RS_GCF_017872975.1	GCF_017872975.1	True	genome_seen	False	True	True	1	negative	rod	no	no	aerobe	meso
13787	Epibacterium scottomollicae	Epibacterium	Pseudomonadota	RS_GCF_003003215.1	GCF_003003215.1	True	genome_seen	False	True	True	1	negative	other	yes	no	aerobe	meso
13795	Sulfitobacter dubius	Sulfitobacter	Pseudomonadota	RS_GCF_900113435.1	GCF_900113435.1	True	genome_seen	False	True	True	1	negative	rod	yes	no	aerobe	meso
13796	Sulfitobacter delicatus	Sulfitobacter	Pseudomonadota	RS_GCF_900102535.1	GCF_900102535.1	True	genome_seen	False	True	True	1	negative	rod	no	no	aerobe	meso
13825	Cereibacter_A johrii	Cereibacter_A	Pseudomonadota	RS_GCF_001720585.1	GCF_001720585.1	True	genome_seen	False	True	True	1	negative	other	yes	yes	anaerobe	meso
13826	Palleronia marisminoris	Palleronia	Pseudomonadota	RS_GCF_900172315.1	GCF_900172315.1	True	genome_seen	False	True	True	1	negative	rod	no	no	aerobe	meso
13829	Roseibacterium elongatum	Roseibacterium	Pseudomonadota	RS_GCF_000590925.1	GCF_000590925.1	True	genome_seen	False	True	True	1	negative	rod	no	no	aerobe	meso
13835	Roseibium marinum	Roseibium	Pseudomonadota	RS_GCF_002906165.1	GCF_002906165.1	True	genome_seen	False	True	True	1	negative	rod	yes	no	aerobe	meso
13839	Wenxinia marina	Wenxinia	Pseudomonadota	RS_GCF_000379485.1	GCF_000379485.1	True	genome_seen	False	True	True	1	negative	other	no	no	aerobe	meso
13840	Tranquillimonas alkanivorans	Tranquillimonas	Pseudomonadota	RS_GCF_900115595.1	GCF_900115595.1	True	genome_seen	False	True	True	1	negative	rod	no	no	aerobe	meso
13844	Albimonas donghaensis	Albimonas	Pseudomonadota	RS_GCF_900106695.1	GCF_900106695.1	True	genome_seen	False	True	True	1	negative	rod	no	no	aerobe	meso
13847	Shimia_E litoralis	Shimia_E	Pseudomonadota	RS_GCF_005518135.1	GCF_005518135.1	True	genome_seen	False	True	True	1	negative	coccus	no	no	aerobe	meso
13849	Sediminimonas qiaohouensis	Sediminimonas	Pseudomonadota	RS_GCF_000423645.1	GCF_000423645.1	True	genome_seen	False	True	True	1	negative	rod	no	no	aerobe	meso
13853	Roseinatronobacter ekhonensis	Roseinatronobacter	Pseudomonadota	RS_GCF_900499075.1	GCF_900499075.1	True	genome_seen	False	True	True	1	negative	rod	no	no	aerobe	meso
13855	Celeribacter neptunius	Celeribacter	Pseudomonadota	RS_GCF_900113955.1	GCF_900113955.1	True	genome_seen	False	True	True	1	negative	rod	yes	no	facultative	meso
13879	Rhodoligotrophos appendicifer	Rhodoligotrophos	Pseudomonadota	RS_GCF_007474605.1	GCF_007474605.1	True	genome_seen	False	True	True	1	negative	coccus	no	no	facultative	meso
13889	Azonexus hydrophilus	Azonexus	Pseudomonadota	RS_GCF_000429605.1	GCF_000429605.1	True	genome_seen	False	True	True	1	negative	rod	yes	no	facultative	meso
13893	Proximibacter restrictus	Proximibacter	Pseudomonadota	RS_GCF_016858125.1	GCF_016858125.1	True	genome_seen	False	True	True	1	negative	rod	yes	no	aerobe	meso
13902	Shinella granuli	Shinella	Pseudomonadota	RS_GCF_004341885.1	GCF_004341885.1	True	genome_seen	False	True	True	1	negative	rod	yes	no	aerobe	meso
13904	Shinella kummerowiae	Shinella	Pseudomonadota	RS_GCF_009827055.1	GCF_009827055.1	True	genome_seen	False	True	True	1	negative	rod	yes	no	aerobe	meso
13905	Shinella yambaruensis	Shinella	Pseudomonadota	RS_GCF_022899355.1	GCF_022899355.1	True	genome_seen	False	True	True	1	negative	rod	no	no	aerobe	meso
13931	Denitratisoma oestradiolicum	Denitratisoma	Pseudomonadota	RS_GCF_902813185.1	GCF_902813185.1	True	genome_seen	False	True	True	1	negative	rod	yes	no	aerobe	meso
13946	Nisaea denitrificans	Nisaea	Pseudomonadota	RS_GCF_000426505.1	GCF_000426505.1	True	genome_seen	False	True	True	1	negative	rod	yes	no	aerobe	meso
13947	Nisaea nitritireducens	Nisaea	Pseudomonadota	RS_GCF_014904795.1	GCF_014904795.1	True	genome_seen	False	True	True	1	negative	rod	yes	no	aerobe	meso
14025	Tistlia consotensis	Tistlia	Pseudomonadota	RS_GCF_900177295.1	GCF_900177295.1	True	genome_seen	False	True	True	1	negative	rod	no	no	aerobe	meso
14026	Phaeovibrio sulfidiphilus	Phaeovibrio	Pseudomonadota	RS_GCF_014861485.1	GCF_014861485.1	True	genome_seen	False	True	True	1	negative	rod	yes	yes	anaerobe	meso
14030	Alistipes finegoldii	Alistipes	Bacteroidota	RS_GCF_000265365.1	GCF_000265365.1	True	genome_seen	False	True	True	1	negative	rod	no	no	anaerobe	meso
14031	Alistipes onderdonkii	Alistipes	Bacteroidota	RS_GCF_025145285.1	GCF_025145285.1	True	genome_seen	False	True	True	1	negative	rod	no	no	anaerobe	meso
14032	Alistipes shahii	Alistipes	Bacteroidota	RS_GCF_025145845.1	GCF_025145845.1	True	genome_seen	False	True	True	1	negative	rod	no	no	anaerobe	meso
14036	Rubrobacter_B xylanophilus	Rubrobacter_B	Actinomycetota	RS_GCF_000014185.1	GCF_000014185.1	True	genome_seen	False	True	True	1	positive	rod	no	no	aerobe	thermo
14050	Segniliparus rotundus	Segniliparus	Actinomycetota	RS_GCF_000092825.1	GCF_000092825.1	True	genome_seen	False	True	True	1	positive	rod	no	no	aerobe	meso
14052	Segniliparus rugosus	Segniliparus	Actinomycetota	RS_GCF_000185725.2	GCF_000185725.2	True	genome_seen	False	True	True	1	positive	rod	no	no	aerobe	meso
14073	Shewanella gaetbuli	Shewanella	Pseudomonadota	RS_GCF_023284065.1	GCF_023284065.1	True	genome_seen	False	True	True	1	negative	rod	yes	no	facultative	meso
14074	Shewanella sediminis	Shewanella	Pseudomonadota	RS_GCF_000018025.1	GCF_000018025.1	True	genome_seen	False	True	True	1	negative	rod	yes	no	facultative	psychro
14075	Shewanella kaireitica	Shewanella	Pseudomonadota	RS_GCF_023284045.1	GCF_023284045.1	True	genome_seen	False	True	True	1	negative	rod	yes	no	facultative	meso
14076	Shewanella abyssi	Shewanella	Pseudomonadota	RS_GCF_023284025.1	GCF_023284025.1	True	genome_seen	False	True	True	1	negative	rod	yes	no	facultative	psychro
14077	Shewanella surugensis	Shewanella	Pseudomonadota	RS_GCF_023284005.1	GCF_023284005.1	True	genome_seen	False	True	True	1	negative	rod	yes	no	aerobe	psychro
14078	Shewanella halifaxensis	Shewanella	Pseudomonadota	RS_GCF_000019185.1	GCF_000019185.1	True	genome_seen	False	True	True	1	negative	rod	yes	no	aerobe	psychro
14080	Shewanella canadensis	Shewanella	Pseudomonadota	RS_GCF_003966225.1	GCF_003966225.1	True	genome_seen	False	True	True	1	negative	rod	yes	no	aerobe	psychro
14081	Shewanella atlantica	Shewanella	Pseudomonadota	RS_GCF_003966265.1	GCF_003966265.1	True	genome_seen	False	True	True	1	negative	rod	yes	no	aerobe	psychro
14084	Shewanella xiamenensis	Shewanella	Pseudomonadota	RS_GCF_014647135.1	GCF_014647135.1	True	genome_seen	False	True	True	1	negative	rod	yes	no	facultative	meso
14088	Solirubrobacter soli	Solirubrobacter	Actinomycetota	RS_GCF_000423665.1	GCF_000423665.1	True	genome_seen	True	True	True	1	positive	rod	no	no	aerobe	meso
14090	Sphaerobacter thermophilus	Sphaerobacter	Chloroflexota	RS_GCF_000024985.1	GCF_000024985.1	False	genome_seen	False	True	True	1	positive	coccus	no	no	aerobe	thermo
14091	Olivibacter sitiensis	Olivibacter	Bacteroidota	RS_GCF_000427965.1	GCF_000427965.1	True	genome_seen	False	True	True	1	negative	rod	no	no	aerobe	meso
14099	Pedobacter caeni	Pedobacter	Bacteroidota	RS_GCF_900129215.1	GCF_900129215.1	True	genome_seen	False	True	True	1	negative	rod	no	no	aerobe	meso
14100	Pedobacter terrae	Pedobacter	Bacteroidota	RS_GCF_900100705.1	GCF_900100705.1	True	genome_seen	False	True	True	1	negative	rod	no	no	aerobe	meso
14101	Pedobacter suwonensis	Pedobacter	Bacteroidota	RS_GCF_900111825.1	GCF_900111825.1	True	genome_seen	False	True	True	1	negative	rod	no	no	aerobe	meso
14110	Pedobacter alluvionis	Pedobacter	Bacteroidota	RS_GCF_003664035.1	GCF_003664035.1	True	genome_seen	False	True	True	1	negative	rod	no	no	aerobe	meso
14111	Pedobacter nyackensis	Pedobacter	Bacteroidota	RS_GCF_900176505.1	GCF_900176505.1	True	genome_seen	False	True	True	1	negative	rod	no	no	aerobe	meso
14112	Pedobacter borealis	Pedobacter	Bacteroidota	RS_GCF_000708285.2	GCF_000708285.2	True	genome_seen	False	True	True	1	negative	rod	no	no	aerobe	meso
14114	Daejeonella oryzae	Daejeonella	Bacteroidota	RS_GCF_000422945.1	GCF_000422945.1	True	genome_seen	False	True	True	1	negative	rod	no	no	aerobe	meso
14128	Sphingobacterium allocomposti	Sphingobacterium	Bacteroidota	RS_GCF_008124885.1	GCF_008124885.1	True	genome_seen	False	True	True	1	negative	rod	no	no	aerobe	meso
14129	Sphingobacterium wenxiniae	Sphingobacterium	Bacteroidota	RS_GCF_900116225.1	GCF_900116225.1	True	genome_seen	False	True	True	1	negative	rod	no	no	aerobe	meso
14130	Sphingobacterium alimentarium	Sphingobacterium	Bacteroidota	RS_GCF_004342685.1	GCF_004342685.1	True	genome_seen	False	True	True	1	negative	rod	no	no	aerobe	meso
14131	Sphingobacterium lactis	Sphingobacterium	Bacteroidota	RS_GCF_011046555.1	GCF_011046555.1	True	genome_seen	False	True	True	1	negative	rod	no	no	aerobe	meso
14133	Mucilaginibacter gracilis	Mucilaginibacter	Bacteroidota	RS_GCF_003633615.1	GCF_003633615.1	True	genome_seen	False	True	True	1	negative	rod	no	no	facultative	meso
14134	Mucilaginibacter paludis	Mucilaginibacter	Bacteroidota	RS_GCF_000166195.2	GCF_000166195.2	True	genome_seen	False	True	True	1	negative	rod	no	no	facultative	meso
14135	Mucilaginibacter oryzae	Mucilaginibacter	Bacteroidota	RS_GCF_003148845.1	GCF_003148845.1	True	genome_seen	False	True	True	1	negative	rod	no	no	aerobe	meso
14136	Parapedobacter composti	Parapedobacter	Bacteroidota	RS_GCF_900112315.1	GCF_900112315.1	True	genome_seen	False	True	True	1	negative	rod	no	no	aerobe	meso
14137	Parapedobacter luteus	Parapedobacter	Bacteroidota	RS_GCF_900168055.1	GCF_900168055.1	True	genome_seen	False	True	True	1	negative	rod	no	no	aerobe	meso
14140	Solitalea koreensis	Solitalea	Bacteroidota	RS_GCF_900182575.1	GCF_900182575.1	True	genome_seen	False	True	True	1	negative	rod	yes	no	aerobe	meso
14162	Novosphingobium mathurense	Novosphingobium	Pseudomonadota	RS_GCF_900168325.1	GCF_900168325.1	True	genome_seen	False	True	True	1	negative	rod	yes	no	aerobe	meso
14163	Novosphingobium panipatense	Novosphingobium	Pseudomonadota	RS_GCF_900182875.1	GCF_900182875.1	True	species_seen	False	False	True	1	negative	rod	no	no	aerobe	meso
14164	Novosphingobium acidiphilum	Novosphingobium	Pseudomonadota	RS_GCF_000429005.1	GCF_000429005.1	True	genome_seen	False	True	True	1	negative	rod	yes	no	aerobe	meso
14166	Novosphingobium soli	Novosphingobium	Pseudomonadota	RS_GCF_042683865.1	GCF_042683865.1	True	unseen	False	False	True	0	negative	rod	yes	no	facultative	meso
14167	Sandarakinorhabdus limnophila_A	Sandarakinorhabdus	Pseudomonadota	RS_GCF_945882885.1	GCF_945882885.1	True	unseen	False	False	True	0	negative	rod	no	no	aerobe	meso
14190	Sphingobium ummariense	Sphingobium	Pseudomonadota	RS_GCF_000447205.1	GCF_000447205.1	True	genome_seen	False	True	True	1	negative	rod	no	no	aerobe	meso
14192	Sphingobium lactosutens	Sphingobium	Pseudomonadota	RS_GCF_000445105.1	GCF_000445105.1	True	genome_seen	False	True	True	1	negative	rod	no	no	aerobe	meso
14194	Sphingobium scionense	Sphingobium	Pseudomonadota	RS_GCF_014197035.1	GCF_014197035.1	True	genome_seen	False	True	True	1	negative	rod	no	no	aerobe	meso
14195	Sphingobium quisquiliarum	Sphingobium	Pseudomonadota	RS_GCF_000445065.1	GCF_000445065.1	True	genome_seen	False	True	True	1	negative	rod	no	no	aerobe	meso
14196	Sphingobium faniae	Sphingobium	Pseudomonadota	GB_GCA_900100475.1	GCA_900100475.1	True	genome_seen	False	True	True	1	negative	rod	no	no	aerobe	meso
14240	Sphingomonas oligophenolica	Sphingomonas	Pseudomonadota	RS_GCF_039522915.1	GCF_039522915.1	True	unseen	False	False	True	0	negative	rod	no	no	aerobe	meso
14241	Sphingomonas phyllosphaerae	Sphingomonas	Pseudomonadota	RS_GCF_000427645.1	GCF_000427645.1	True	genome_seen	False	True	True	1	negative	rod	yes	no	aerobe	meso
14243	Sphingomonas abaci	Sphingomonas	Pseudomonadota	RS_GCF_014199625.1	GCF_014199625.1	True	genome_seen	False	True	True	1	negative	rod	no	no	aerobe	meso
14248	Sphingomonas molluscorum	Sphingomonas	Pseudomonadota	RS_GCF_039522995.1	GCF_039522995.1	True	unseen	False	False	True	0	negative	rod	no	no	aerobe	meso
14253	Sphingomicrobium kaistense	Sphingomicrobium	Pseudomonadota	RS_GCF_011927725.1	GCF_011927725.1	True	genome_seen	False	True	True	1	negative	rod	no	no	aerobe	meso
14262	Rhizorhabdus histidinilytica	Rhizorhabdus	Pseudomonadota	RS_GCF_900167915.1	GCF_900167915.1	True	genome_seen	False	True	True	1	negative	rod	yes	no	aerobe	meso
14263	Sphingomonas glacialis	Sphingomonas	Pseudomonadota	RS_GCF_014653575.1	GCF_014653575.1	True	genome_seen	False	True	True	1	negative	rod	no	no	aerobe	psychro
14271	Allosphingosinicella indica	Allosphingosinicella	Pseudomonadota	RS_GCF_900177405.1	GCF_900177405.1	True	genome_seen	False	True	True	1	negative	rod	no	no	aerobe	meso
14282	Parasphingorhabdus litoris	Parasphingorhabdus	Pseudomonadota	RS_GCF_020906275.1	GCF_020906275.1	True	genome_seen	False	True	True	1	negative	rod	yes	no	aerobe	meso
14283	Parasphingorhabdus marina	Parasphingorhabdus	Pseudomonadota	RS_GCF_900128895.1	GCF_900128895.1	True	genome_seen	False	True	True	1	negative	rod	yes	no	aerobe	meso
14285	Sphingopyxis soli	Sphingopyxis	Pseudomonadota	RS_GCF_018682675.1	GCF_018682675.1	True	genome_seen	False	True	True	1	negative	rod	yes	no	aerobe	meso
14295	Sphingosinicella soli	Sphingosinicella	Pseudomonadota	RS_GCF_014199685.1	GCF_014199685.1	True	genome_seen	False	True	True	1	negative	rod	yes	no	aerobe	meso
14297	Sphingomonas pacifica	Sphingomonas	Pseudomonadota	RS_GCF_004361835.1	GCF_004361835.1	True	genome_seen	False	True	True	1	negative	rod	yes	no	aerobe	meso
14298	Sphingomicrobium lutaoense	Sphingomicrobium	Pseudomonadota	RS_GCF_014195685.1	GCF_014195685.1	True	genome_seen	False	True	True	1	negative	rod	no	no	aerobe	meso
14299	Parasphingopyxis lamellibrachiae	Parasphingopyxis	Pseudomonadota	RS_GCF_003385775.1	GCF_003385775.1	True	genome_seen	False	True	True	1	negative	rod	yes	no	aerobe	meso
14324	Gracilinema caldarium	Gracilinema	Spirochaetota	RS_GCF_000219725.1	GCF_000219725.1	False	genome_seen	False	True	True	1	negative	other	yes	no	anaerobe	thermo
14405	Sporolactobacillus putidus	Sporolactobacillus	Bacillota	RS_GCF_014647035.1	GCF_014647035.1	True	genome_seen	False	True	True	1	positive	rod	yes	yes	anaerobe	meso
14409	Sinobaca qinghaiensis	Sinobaca	Bacillota	RS_GCF_003610495.1	GCF_003610495.1	True	genome_seen	False	True	True	1	positive	coccus	yes	no	aerobe	meso
14415	Jeotgalicoccus aerolatus	Jeotgalicoccus	Bacillota	RS_GCF_014635205.1	GCF_014635205.1	True	genome_seen	False	True	True	1	positive	coccus	no	no	aerobe	meso
14416	Jeotgalicoccus coquinae	Jeotgalicoccus	Bacillota	RS_GCF_014207425.1	GCF_014207425.1	True	genome_seen	False	True	True	1	positive	coccus	no	no	aerobe	meso
14430	Salinicoccus jeotgali	Salinicoccus	Bacillota	RS_GCF_039538805.1	GCF_039538805.1	True	unseen	False	False	True	0	positive	coccus	no	no	aerobe	meso
14431	Salinicoccus luteus	Salinicoccus	Bacillota	RS_GCF_000712035.1	GCF_000712035.1	True	genome_seen	False	True	True	1	positive	coccus	no	no	aerobe	meso
14432	Salinicoccus siamensis	Salinicoccus	Bacillota	RS_GCF_042429615.1	GCF_042429615.1	True	unseen	False	False	True	0	positive	coccus	no	no	aerobe	meso
14437	Salinicoccus albus	Salinicoccus	Bacillota	RS_GCF_000385175.1	GCF_000385175.1	True	genome_seen	False	True	True	1	positive	coccus	no	no	aerobe	meso
14438	Salinicoccus carnicancri	Salinicoccus	Bacillota	RS_GCF_000330705.1	GCF_000330705.1	True	genome_seen	False	True	True	1	positive	coccus	no	no	aerobe	meso
14506	Staphylococcus capitis	Staphylococcus	Bacillota	RS_GCF_040739495.1	GCF_040739495.1	True	species_seen	False	False	True	1	positive	coccus	no	no	aerobe	meso
14681	Nosocomiicoccus ampullae	Nosocomiicoccus	Bacillota	RS_GCF_019357495.1	GCF_019357495.1	True	genome_seen	False	True	True	1	positive	coccus	no	no	aerobe	meso
14740	Streptococcus oralis	Streptococcus	Bacillota	RS_GCF_900637025.1	GCF_900637025.1	True	genome_seen	False	True	True	1	positive	coccus	no	no	facultative	meso
14787	Streptococcus uberis	Streptococcus	Bacillota	RS_GCF_900475595.1	GCF_900475595.1	True	genome_seen	False	True	True	1	positive	coccus	no	no	facultative	meso
14818	Streptococcus pluranimalium	Streptococcus	Bacillota	RS_GCF_965137375.1	GCF_965137375.1	True	species_seen	False	False	True	1	positive	coccus	no	no	facultative	meso
14823	Streptococcus halichoeri	Streptococcus	Bacillota	RS_GCF_009870755.1	GCF_009870755.1	True	genome_seen	False	True	True	1	positive	coccus	no	no	facultative	meso
14835	Streptococcus marimammalium	Streptococcus	Bacillota	RS_GCF_000380045.1	GCF_000380045.1	True	genome_seen	False	True	True	1	positive	coccus	no	no	facultative	meso
14844	Streptococcus merionis	Streptococcus	Bacillota	RS_GCF_000380085.1	GCF_000380085.1	True	genome_seen	False	True	True	1	positive	coccus	no	no	facultative	meso
14845	Streptococcus porci	Streptococcus	Bacillota	RS_GCF_000423765.1	GCF_000423765.1	True	genome_seen	False	True	True	1	positive	coccus	no	no	facultative	meso
14849	Streptococcus oralis_E	Streptococcus	Bacillota	GB_GCA_000344275.1	GCA_000344275.1	True	genome_seen	False	True	True	1	positive	coccus	no	no	facultative	meso
14879	Phaeacidiphilus oryzae	Phaeacidiphilus	Actinomycetota	RS_GCF_000744815.1	GCF_000744815.1	True	genome_seen	False	True	True	1	positive	rod	no	yes	aerobe	meso
15206	Streptomyces microflavus	Streptomyces	Actinomycetota	RS_GCF_000385945.1	GCF_000385945.1	True	species_seen	False	False	True	1	positive	rod	no	yes	aerobe	meso
15293	Streptomyces hiroshimensis	Streptomyces	Actinomycetota	RS_GCF_014650335.1	GCF_014650335.1	True	genome_seen	False	True	True	1	positive	rod	no	yes	aerobe	meso
15393	Streptomyces mashuensis	Streptomyces	Actinomycetota	RS_GCF_014654785.1	GCF_014654785.1	True	genome_seen	False	True	True	1	positive	other	no	yes	aerobe	meso
15586	Streptomyces scabiei	Streptomyces	Actinomycetota	RS_GCF_051172975.1	GCF_051172975.1	True	species_seen	False	False	True	1	positive	rod	no	yes	aerobe	meso
16024	Streptomyces heilongjiangensis	Streptomyces	Actinomycetota	RS_GCF_028401405.1	GCF_028401405.1	True	species_seen	False	False	True	1	positive	rod	no	yes	aerobe	meso
16142	Streptomyces abikoensis	Streptomyces	Actinomycetota	RS_GCF_014648775.1	GCF_014648775.1	True	genome_seen	False	True	True	1	positive	rod	no	yes	aerobe	meso
16145	Streptomyces luteosporeus	Streptomyces	Actinomycetota	RS_GCF_039532865.1	GCF_039532865.1	True	unseen	False	False	True	0	positive	rod	no	yes	aerobe	meso
16158	Streptomyces eurocidicus	Streptomyces	Actinomycetota	RS_GCF_002891295.1	GCF_002891295.1	True	genome_seen	False	True	True	1	positive	rod	no	yes	aerobe	meso
16163	Streptomyces mobaraensis	Streptomyces	Actinomycetota	RS_GCF_017916255.1	GCF_017916255.1	True	genome_seen	False	True	True	1	positive	other	no	yes	aerobe	meso
16179	Streptomyces decoyicus	Streptomyces	Actinomycetota	RS_GCF_019880305.1	GCF_019880305.1	True	genome_seen	False	True	True	1	positive	rod	no	yes	aerobe	meso
16220	Streptomyces morookaensis	Streptomyces	Actinomycetota	RS_GCF_013030945.1	GCF_013030945.1	True	genome_seen	False	True	True	1	positive	other	no	yes	aerobe	meso
16326	Streptomyces angustmyceticus	Streptomyces	Actinomycetota	RS_GCF_019933235.1	GCF_019933235.1	True	genome_seen	False	True	True	1	positive	other	no	yes	aerobe	meso
16340	Streptomyces cellulosae	Streptomyces	Actinomycetota	RS_GCF_039524715.1	GCF_039524715.1	True	species_seen	False	False	True	1	positive	rod	no	yes	aerobe	thermo
16395	Streptomyces sodiiphilus	Streptomyces	Actinomycetota	RS_GCF_039529215.1	GCF_039529215.1	True	unseen	False	False	True	0	positive	rod	no	yes	aerobe	meso
16401	Embleya scabrispora	Embleya	Actinomycetota	RS_GCF_000372745.1	GCF_000372745.1	True	genome_seen	False	True	True	1	positive	rod	no	yes	aerobe	meso
16403	Streptomyces drozdowiczii	Streptomyces	Actinomycetota	RS_GCF_039534625.1	GCF_039534625.1	True	species_seen	False	False	True	1	positive	rod	no	yes	aerobe	meso
16408	Streptomyces carpaticus	Streptomyces	Actinomycetota	RS_GCF_039529885.1	GCF_039529885.1	True	species_seen	False	False	True	1	positive	rod	no	yes	aerobe	meso
16429	Actinacidiphila guanduensis	Actinacidiphila	Actinomycetota	RS_GCF_900103985.1	GCF_900103985.1	True	genome_seen	False	True	True	1	positive	rod	no	yes	aerobe	meso
16430	Actinacidiphila paucisporea	Actinacidiphila	Actinomycetota	RS_GCF_900142575.1	GCF_900142575.1	True	genome_seen	False	True	True	1	positive	rod	no	yes	aerobe	meso
16431	Actinacidiphila rubida	Actinacidiphila	Actinomycetota	RS_GCF_900110255.1	GCF_900110255.1	True	genome_seen	False	True	True	1	positive	rod	no	yes	aerobe	meso
16432	Actinacidiphila yanglinensis	Actinacidiphila	Actinomycetota	RS_GCF_900107965.1	GCF_900107965.1	True	genome_seen	False	True	True	1	positive	rod	no	yes	aerobe	meso
16435	Streptomyces synnematoformans	Streptomyces	Actinomycetota	RS_GCF_039531005.1	GCF_039531005.1	True	species_seen	False	False	True	1	positive	rod	no	yes	aerobe	meso
16458	Streptomyces axinellae	Streptomyces	Actinomycetota	RS_GCF_039532135.1	GCF_039532135.1	True	unseen	False	False	True	0	positive	rod	no	yes	aerobe	meso
16526	Sphaerimonospora mesophila	Sphaerimonospora	Actinomycetota	GB_GCA_001552515.1	GCA_001552515.1	True	genome_seen	False	True	True	1	positive	rod	no	yes	aerobe	meso
16563	Nonomuraea bangladeshensis	Nonomuraea	Actinomycetota	RS_GCF_039529455.1	GCF_039529455.1	True	unseen	False	False	True	0	positive	rod	no	yes	aerobe	meso
16564	Nonomuraea coxensis	Nonomuraea	Actinomycetota	RS_GCF_019397265.1	GCF_019397265.1	True	genome_seen	False	True	True	1	positive	rod	no	yes	aerobe	meso
16573	Nonomuraea jabiensis	Nonomuraea	Actinomycetota	RS_GCF_014204795.1	GCF_014204795.1	True	genome_seen	False	True	True	1	positive	other	no	yes	aerobe	meso
16583	Planotetraspora thailandica	Planotetraspora	Actinomycetota	RS_GCF_016863335.1	GCF_016863335.1	True	genome_seen	False	True	True	1	positive	rod	no	yes	aerobe	meso
16584	Planotetraspora kaengkrachanensis	Planotetraspora	Actinomycetota	RS_GCF_016862895.1	GCF_016862895.1	True	genome_seen	False	True	True	1	positive	other	no	yes	aerobe	meso
16585	Planotetraspora phitsanulokensis	Planotetraspora	Actinomycetota	RS_GCF_016863295.1	GCF_016863295.1	True	genome_seen	False	True	True	1	positive	other	no	yes	aerobe	meso
16638	Succinatimonas hippei	Succinatimonas	Pseudomonadota	RS_GCF_000188195.1	GCF_000188195.1	True	genome_seen	False	True	True	1	negative	rod	no	no	anaerobe	meso
16679	Desulfosoma caldarium	Desulfosoma	Desulfobacterota	RS_GCF_003751385.1	GCF_003751385.1	False	genome_seen	False	True	True	1	negative	rod	yes	no	anaerobe	thermo
16698	Fervidicola ferrireducens	Fervidicola	Bacillota	RS_GCF_001562425.1	GCF_001562425.1	True	genome_seen	False	True	True	1	negative	rod	yes	no	anaerobe	thermo
16711	Meiothermus hypogaeus	Meiothermus	Deinococcota	RS_GCF_003574035.1	GCF_003574035.1	False	genome_seen	False	True	True	1	negative	rod	no	no	aerobe	thermo
16732	Thermus islandicus	Thermus	Deinococcota	RS_GCF_000421625.1	GCF_000421625.1	False	genome_seen	False	True	True	1	negative	rod	no	no	aerobe	thermo
16790	Ammonifex thiophilus	Ammonifex	Bacillota	RS_GCF_003368535.1	GCF_003368535.1	True	genome_seen	False	True	True	1	positive	rod	yes	yes	anaerobe	thermo
16798	Tepidanaerobacter syntrophicus	Tepidanaerobacter	Bacillota	RS_GCF_001485475.2	GCF_001485475.2	True	genome_seen	False	True	True	1	negative	rod	no	no	anaerobe	thermo
16822	Neomoorella humiferrea	Neomoorella	Bacillota	RS_GCF_002995755.1	GCF_002995755.1	True	genome_seen	False	True	True	1	positive	rod	yes	yes	anaerobe	thermo
16848	Thermoanaerobacter pseudethanolicus	Thermoanaerobacter	Bacillota	RS_GCF_000019085.1	GCF_000019085.1	True	genome_seen	False	True	True	1	positive	rod	yes	yes	anaerobe	thermo
16849	Desulfovirgula thermocuniculi	Desulfovirgula	Bacillota	RS_GCF_000429345.1	GCF_000429345.1	True	genome_seen	False	True	True	1	positive	rod	yes	yes	anaerobe	thermo
16851	Caldanaerobius fijiensis	Caldanaerobius	Bacillota	RS_GCF_900129075.1	GCF_900129075.1	True	genome_seen	False	True	True	1	negative	rod	yes	yes	anaerobe	thermo
16889	Thermodesulfatator indicus	Thermodesulfatator	Desulfobacterota	RS_GCF_000217795.1	GCF_000217795.1	False	genome_seen	False	True	True	1	negative	rod	yes	no	anaerobe	thermo
16897	Thermosulfurimonas dismutans	Thermosulfurimonas	Desulfobacterota	RS_GCF_001652585.1	GCF_001652585.1	False	genome_seen	False	True	True	1	negative	other	yes	no	anaerobe	thermo
16902	Fervidicola acetigignens	Fervidicola	Bacillota	RS_GCF_900142995.1	GCF_900142995.1	True	genome_seen	False	True	True	1	negative	rod	no	no	anaerobe	thermo
16913	Actinocorallia longicatena	Actinocorallia	Actinomycetota	RS_GCF_039534125.1	GCF_039534125.1	True	unseen	False	False	True	0	positive	rod	no	no	aerobe	meso
16931	Spirillospora luteofluorescens	Spirillospora	Actinomycetota	RS_GCF_013409365.1	GCF_013409365.1	True	genome_seen	False	True	True	1	positive	rod	no	yes	aerobe	meso
16963	Spirillospora verrucosospora	Spirillospora	Actinomycetota	RS_GCF_039540335.1	GCF_039540335.1	True	unseen	False	False	True	0	positive	rod	no	yes	aerobe	meso
16966	Spirillospora formosensis	Spirillospora	Actinomycetota	RS_GCF_001552155.1	GCF_001552155.1	True	genome_seen	False	True	True	1	positive	rod	no	yes	aerobe	meso
16970	Spirillospora viridilutea	Spirillospora	Actinomycetota	RS_GCF_001552235.1	GCF_001552235.1	True	species_seen	False	False	True	1	positive	rod	no	no	aerobe	thermo
16986	Spirillospora kijaniata	Spirillospora	Actinomycetota	RS_GCF_014138665.1	GCF_014138665.1	True	species_seen	False	False	True	1	positive	rod	no	yes	aerobe	meso
16995	Actinomadura_C alba	Actinomadura_C	Actinomycetota	RS_GCF_039530285.1	GCF_039530285.1	True	species_seen	False	False	True	1	positive	rod	no	yes	aerobe	meso
16999	Spirillospora flavalba	Spirillospora	Actinomycetota	RS_GCF_000374305.1	GCF_000374305.1	True	genome_seen	False	True	True	1	positive	rod	no	yes	aerobe	meso
17001	Actinomadura_E scrupuli	Actinomadura_E	Actinomycetota	RS_GCF_050971785.1	GCF_050971785.1	True	unseen	False	False	True	0	positive	rod	no	no	aerobe	meso
17012	Actinoallomurus purpureus	Actinoallomurus	Actinomycetota	RS_GCF_024055795.1	GCF_024055795.1	True	genome_seen	False	True	True	1	positive	rod	no	yes	aerobe	meso
17033	Fervidobacterium nodosum	Fervidobacterium	Thermotogota	RS_GCF_000017545.1	GCF_000017545.1	False	genome_seen	False	True	True	1	negative	rod	yes	no	anaerobe	thermo
17071	Kosmotoga olearia	Kosmotoga	Thermotogota	RS_GCF_000023325.1	GCF_000023325.1	False	genome_seen	False	True	True	1	negative	rod	no	no	anaerobe	thermo
17106	Tsukamurella pseudospumae	Tsukamurella	Actinomycetota	RS_GCF_001575205.1	GCF_001575205.1	True	genome_seen	False	True	True	1	positive	rod	no	no	aerobe	meso
17124	Dialister succinatiphilus	Dialister	Bacillota	RS_GCF_000242435.1	GCF_000242435.1	True	genome_seen	False	True	True	1	negative	coccus	no	no	anaerobe	meso
17126	Megamonas funiformis	Megamonas	Bacillota	RS_GCF_010669225.1	GCF_010669225.1	True	genome_seen	False	True	True	1	negative	rod	no	no	anaerobe	meso
17131	Megasphaera_A paucivorans	Megasphaera_A	Bacillota	RS_GCF_900103535.1	GCF_900103535.1	True	genome_seen	False	True	True	1	negative	coccus	no	no	anaerobe	meso
17146	Pectinatus haikarae	Pectinatus	Bacillota	RS_GCF_030813505.1	GCF_030813505.1	True	species_seen	False	False	True	1	negative	rod	yes	no	anaerobe	meso
17147	Pectinatus brassicae	Pectinatus	Bacillota	RS_GCF_014201835.1	GCF_014201835.1	True	genome_seen	False	True	True	1	negative	rod	yes	no	anaerobe	meso
17166	Selenomonas_C bovis	Selenomonas_C	Bacillota	RS_GCF_000381005.1	GCF_000381005.1	True	genome_seen	False	True	True	1	negative	rod	yes	no	anaerobe	meso
17167	Thermosinus carboxydivorans	Thermosinus	Bacillota	RS_GCF_000169155.1	GCF_000169155.1	True	genome_seen	False	True	True	1	negative	rod	yes	no	anaerobe	thermo
17177	Veillonella montpellierensis	Veillonella	Bacillota	RS_GCF_000426745.1	GCF_000426745.1	True	genome_seen	False	True	True	1	negative	coccus	no	no	anaerobe	meso
17178	Veillonella rogosae	Veillonella	Bacillota	RS_GCF_002959775.1	GCF_002959775.1	True	genome_seen	False	True	True	1	negative	coccus	no	no	anaerobe	meso
17179	Veillonella denticariosi	Veillonella	Bacillota	RS_GCF_002959855.1	GCF_002959855.1	True	genome_seen	False	True	True	1	negative	coccus	no	no	anaerobe	meso
17212	Persicirhabdus sediminis	Persicirhabdus	Verrucomicrobiota	RS_GCF_016595495.1	GCF_016595495.1	False	genome_seen	False	True	True	1	negative	rod	no	no	aerobe	meso
17226	Photobacterium halotolerans	Photobacterium	Pseudomonadota	RS_GCF_000425165.1	GCF_000425165.1	True	genome_seen	False	True	True	1	negative	rod	yes	no	facultative	meso
17245	Salinivibrio proteolyticus	Salinivibrio	Pseudomonadota	RS_GCF_001996165.1	GCF_001996165.1	True	genome_seen	False	True	True	1	negative	rod	yes	no	facultative	meso
17246	Salinivibrio siamensis	Salinivibrio	Pseudomonadota	RS_GCF_001996005.1	GCF_001996005.1	True	genome_seen	False	True	True	1	negative	rod	yes	no	anaerobe	meso
17299	Vibrio gallicus	Vibrio	Pseudomonadota	RS_GCF_024346875.1	GCF_024346875.1	True	genome_seen	True	True	True	1	negative	rod	no	no	aerobe	meso
17342	Vibrio rarus	Vibrio	Pseudomonadota	RS_GCF_024347075.1	GCF_024347075.1	True	genome_seen	True	True	True	1	negative	rod	no	no	facultative	meso
17355	Vibrio atypicus	Vibrio	Pseudomonadota	RS_GCF_009811315.1	GCF_009811315.1	True	genome_seen	False	True	True	1	negative	rod	yes	no	facultative	meso
17377	Williamsia muralis	Williamsia	Actinomycetota	RS_GCF_003096955.1	GCF_003096955.1	True	species_seen	False	False	True	1	positive	other	no	yes	aerobe	meso
17403	Ancylobacter polymorphus	Ancylobacter	Pseudomonadota	RS_GCF_030813495.1	GCF_030813495.1	True	genome_seen	True	False	True	1	negative	rod	no	no	aerobe	meso
17407	Ancylobacter oerskovii	Ancylobacter	Pseudomonadota	RS_GCF_018390555.1	GCF_018390555.1	True	genome_seen	False	True	True	1	negative	coccus	no	no	aerobe	meso
17413	Labrys okinawensis	Labrys	Pseudomonadota	RS_GCF_047345005.1	GCF_047345005.1	True	unseen	False	False	True	0	negative	rod	yes	no	aerobe	meso
17442	Pseudoxanthobacter soli	Pseudoxanthobacter	Pseudomonadota	RS_GCF_900148505.1	GCF_900148505.1	True	genome_seen	False	True	True	1	negative	rod	yes	no	aerobe	meso
17444	Arenimonas donghaensis	Arenimonas	Pseudomonadota	RS_GCF_000743535.1	GCF_000743535.1	True	genome_seen	False	True	True	1	negative	rod	yes	no	aerobe	meso
17445	Arenimonas composti	Arenimonas	Pseudomonadota	RS_GCF_000426365.1	GCF_000426365.1	True	genome_seen	False	True	True	1	negative	rod	yes	no	aerobe	meso
17448	Arenimonas oryziterrae	Arenimonas	Pseudomonadota	RS_GCF_000420545.1	GCF_000420545.1	True	genome_seen	False	True	True	1	negative	rod	no	no	aerobe	meso
17450	Dokdonella koreensis	Dokdonella	Pseudomonadota	RS_GCF_001632775.1	GCF_001632775.1	True	genome_seen	False	True	True	1	negative	rod	yes	no	aerobe	meso
17451	Dokdonella_A ginsengisoli	Dokdonella_A	Pseudomonadota	RS_GCF_042652785.1	GCF_042652785.1	True	unseen	False	False	True	0	negative	rod	no	no	aerobe	meso
17455	Dyella_A ginsengisoli	Dyella_A	Pseudomonadota	RS_GCF_044904665.1	GCF_044904665.1	True	unseen	False	False	True	0	negative	rod	yes	no	aerobe	meso
17458	Dyella_D terrae	Dyella_D	Pseudomonadota	RS_GCF_004322705.1	GCF_004322705.1	True	genome_seen	False	True	True	1	negative	rod	yes	no	aerobe	meso
17461	Frateuria_A terrea	Frateuria_A	Pseudomonadota	RS_GCF_900115705.1	GCF_900115705.1	True	genome_seen	False	True	True	1	negative	rod	yes	no	aerobe	meso
17463	Luteibacter rhizovicinus	Luteibacter	Pseudomonadota	RS_GCF_001887595.1	GCF_001887595.1	True	genome_seen	False	True	True	1	negative	rod	yes	no	aerobe	meso
17469	Luteimonas aquatica	Luteimonas	Pseudomonadota	RS_GCF_022662575.1	GCF_022662575.1	True	genome_seen	False	True	True	1	negative	rod	no	no	aerobe	meso
17470	Luteimonas marina	Luteimonas	Pseudomonadota	RS_GCF_007859325.1	GCF_007859325.1	True	genome_seen	False	True	True	1	negative	rod	no	no	aerobe	meso
17473	Luteimonas terricola	Luteimonas	Pseudomonadota	RS_GCF_004352845.1	GCF_004352845.1	True	genome_seen	False	True	True	1	negative	rod	no	no	aerobe	psychro
17484	Aerolutibacter daejeonensis	Aerolutibacter	Pseudomonadota	RS_GCF_000768355.1	GCF_000768355.1	True	genome_seen	False	True	True	1	negative	rod	no	no	aerobe	meso
17486	Noviluteimonas dokdonensis	Noviluteimonas	Pseudomonadota	RS_GCF_000770795.1	GCF_000770795.1	True	genome_seen	False	True	True	1	negative	rod	no	no	aerobe	meso
17497	Luteimonas panaciterrae	Luteimonas	Pseudomonadota	RS_GCF_020511115.1	GCF_020511115.1	True	genome_seen	False	True	True	1	negative	rod	no	no	aerobe	meso
17499	Cognatilysobacter xinjiangensis	Cognatilysobacter	Pseudomonadota	RS_GCF_014651995.1	GCF_014651995.1	True	genome_seen	False	True	True	1	negative	rod	no	no	aerobe	meso
17500	Aerolutibacter ruishenii	Aerolutibacter	Pseudomonadota	RS_GCF_007830115.1	GCF_007830115.1	True	genome_seen	False	True	True	1	negative	rod	yes	no	aerobe	meso
17504	Pseudoxanthomonas_A mexicana	Pseudoxanthomonas_A	Pseudomonadota	RS_GCF_010093385.1	GCF_010093385.1	True	genome_seen	False	True	True	1	negative	rod	yes	no	aerobe	meso
17505	Pseudoxanthomonas_A japonensis	Pseudoxanthomonas_A	Pseudomonadota	RS_GCF_010093445.1	GCF_010093445.1	True	genome_seen	False	True	True	1	negative	rod	yes	no	aerobe	meso
17506	Pseudoxanthomonas suwonensis	Pseudoxanthomonas	Pseudomonadota	RS_GCF_010093235.1	GCF_010093235.1	True	genome_seen	False	True	True	1	negative	rod	yes	no	aerobe	meso
17508	Pseudoxanthomonas daejeonensis	Pseudoxanthomonas	Pseudomonadota	RS_GCF_010093205.1	GCF_010093205.1	True	genome_seen	False	True	True	1	negative	rod	yes	no	aerobe	meso
17509	Pseudoxanthomonas_A kalamensis	Pseudoxanthomonas_A	Pseudomonadota	RS_GCF_010211745.1	GCF_010211745.1	True	genome_seen	False	True	True	1	negative	rod	no	no	aerobe	meso
17514	Pseudoxanthomonas_A sacheonensis	Pseudoxanthomonas_A	Pseudomonadota	RS_GCF_010093305.1	GCF_010093305.1	True	genome_seen	False	True	True	1	negative	rod	no	no	aerobe	meso
17515	Rhodanobacter spathiphylli	Rhodanobacter	Pseudomonadota	RS_GCF_000264295.1	GCF_000264295.1	True	genome_seen	False	True	True	1	negative	rod	no	no	aerobe	meso
17518	Rhodanobacter thiooxydans	Rhodanobacter	Pseudomonadota	RS_GCF_000264375.1	GCF_000264375.1	True	genome_seen	False	True	True	1	negative	rod	no	no	aerobe	meso
17520	Rhodanobacter ginsenosidimutans	Rhodanobacter	Pseudomonadota	RS_GCF_050026735.1	GCF_050026735.1	True	species_seen	False	False	True	1	negative	rod	no	no	aerobe	meso
17523	Rhodanobacter soli	Rhodanobacter	Pseudomonadota	RS_GCF_039523495.1	GCF_039523495.1	True	unseen	False	False	True	0	negative	rod	yes	no	aerobe	meso
17525	Rhodanobacter denitrificans	Rhodanobacter	Pseudomonadota	RS_GCF_000230695.2	GCF_000230695.2	True	genome_seen	False	True	True	1	negative	rod	yes	no	facultative	meso
17566	Stenotrophomonas humi	Stenotrophomonas	Pseudomonadota	RS_GCF_001431415.1	GCF_001431415.1	True	genome_seen	False	True	True	1	negative	rod	yes	no	aerobe	meso
17623	Wohlfahrtiimonas chitiniclastica	Wohlfahrtiimonas	Pseudomonadota	RS_GCF_000375345.1	GCF_000375345.1	True	genome_seen	False	True	True	1	negative	rod	no	no	aerobe	meso
17625	Pseudofulvimonas gallinarii	Pseudofulvimonas	Pseudomonadota	RS_GCF_004343305.1	GCF_004343305.1	True	genome_seen	False	True	True	1	negative	rod	no	no	aerobe	meso
17629	Patulibacter americanus	Patulibacter	Actinomycetota	RS_GCF_000420025.1	GCF_000420025.1	True	genome_seen	False	True	True	1	positive	rod	yes	no	aerobe	meso
17634	Streptomyces althioticus	Streptomyces	Actinomycetota	GB_GCA_000717315.1	GCA_000717315.1	True	species_seen	False	False	True	1	positive	rod	no	yes	aerobe	meso
17635	Actinospica robiniae	Actinospica	Actinomycetota	RS_GCF_000504285.1	GCF_000504285.1	True	genome_seen	False	True	True	1	positive	rod	no	yes	aerobe	meso
17637	Catenulispora rubra	Catenulispora	Actinomycetota	RS_GCF_015356825.1	GCF_015356825.1	True	genome_seen	False	True	True	1	positive	rod	no	yes	aerobe	meso
17646	Thermovibrio ammonificans	Thermovibrio	Aquificota	RS_GCF_000185805.1	GCF_000185805.1	False	genome_seen	False	True	True	1	negative	rod	yes	no	anaerobe	thermo
17648	Phorcysia thermohydrogeniphila	Phorcysia	Aquificota	RS_GCF_004339575.1	GCF_004339575.1	False	genome_seen	False	True	True	1	negative	rod	yes	no	anaerobe	thermo
17649	Ktedonobacter racemifer	Ktedonobacter	Chloroflexota	RS_GCF_000178855.1	GCF_000178855.1	False	genome_seen	False	True	True	1	positive	other	no	yes	aerobe	meso
17651	Coraliomargarita akajimensis	Coraliomargarita	Verrucomicrobiota	RS_GCF_000025905.1	GCF_000025905.1	False	genome_seen	False	True	True	1	negative	coccus	no	no	aerobe	meso
17655	Natranaerobius_A trueperi	Natranaerobius_A	Bacillota	RS_GCF_002216005.1	GCF_002216005.1	True	genome_seen	False	True	True	1	positive	rod	no	no	anaerobe	thermo
17661	Nevskia soli	Nevskia	Pseudomonadota	RS_GCF_000711955.1	GCF_000711955.1	True	genome_seen	False	True	True	1	negative	rod	yes	no	aerobe	meso
17686	Ruminococcus_F champanellensis	Ruminococcus_F	Bacillota	RS_GCF_000210095.1	GCF_000210095.1	True	genome_seen	False	True	True	1	positive	coccus	no	no	anaerobe	meso
17689	Ethanoligenens harbinense	Ethanoligenens	Bacillota	RS_GCF_000178115.2	GCF_000178115.2	True	genome_seen	False	True	True	1	positive	rod	yes	no	anaerobe	meso
17691	Oscillibacter valericigenes	Oscillibacter	Bacillota	GB_GCA_000283575.1	GCA_000283575.1	True	genome_seen	False	True	True	1	negative	rod	yes	no	anaerobe	meso
17692	Hydrogenoanaerobacterium saccharovorans	Hydrogenoanaerobacterium	Bacillota	RS_GCF_003814745.1	GCF_003814745.1	True	genome_seen	False	True	True	1	negative	rod	no	no	anaerobe	meso
17693	Nitriliruptor alkaliphilus	Nitriliruptor	Actinomycetota	RS_GCF_000969705.1	GCF_000969705.1	True	genome_seen	False	True	True	1	positive	rod	no	no	aerobe	meso
17698	Algoriphagus halophilus	Algoriphagus	Bacteroidota	RS_GCF_900129785.1	GCF_900129785.1	True	genome_seen	False	True	True	1	negative	rod	no	no	aerobe	meso
17699	Algoriphagus ornithinivorans	Algoriphagus	Bacteroidota	RS_GCF_900115305.1	GCF_900115305.1	True	genome_seen	False	True	True	1	negative	rod	no	no	aerobe	meso
17700	Algoriphagus mannitolivorans	Algoriphagus	Bacteroidota	RS_GCF_000429425.1	GCF_000429425.1	True	genome_seen	False	True	True	1	negative	rod	no	no	aerobe	meso
17701	Algoriphagus winogradskyi	Algoriphagus	Bacteroidota	RS_GCF_900182815.1	GCF_900182815.1	True	genome_seen	True	False	True	1	negative	rod	no	no	aerobe	meso
17711	Algoriphagus aquaeductus	Algoriphagus	Bacteroidota	RS_GCF_003253485.1	GCF_003253485.1	True	genome_seen	False	True	True	1	negative	rod	no	no	aerobe	meso
17712	Algoriphagus hitonicola	Algoriphagus	Bacteroidota	RS_GCF_900113375.1	GCF_900113375.1	True	genome_seen	False	True	True	1	negative	rod	no	no	aerobe	meso
17719	Echinicola pacifica	Echinicola	Bacteroidota	RS_GCF_000373245.1	GCF_000373245.1	True	genome_seen	False	True	True	1	negative	rod	yes	no	facultative	meso
17720	Fontibacter flavus	Fontibacter	Bacteroidota	RS_GCF_042432905.1	GCF_042432905.1	True	unseen	False	False	False	0	negative	rod	no	no	aerobe	meso
17737	Iamia majanohamensis	Iamia	Actinomycetota	RS_GCF_028532485.1	GCF_028532485.1	True	genome_seen	True	False	True	1	positive	rod	no	no	aerobe	meso
17740	Chitinophaga pinensis	Chitinophaga	Bacteroidota	RS_GCF_000024005.1	GCF_000024005.1	True	genome_seen	False	True	True	1	negative	rod	no	yes	aerobe	meso
17747	Chitinophaga ginsengisegetis	Chitinophaga	Bacteroidota	RS_GCF_900168065.1	GCF_900168065.1	True	genome_seen	False	True	True	1	negative	rod	no	no	aerobe	meso
17749	Chitinophaga terrae	Chitinophaga	Bacteroidota	RS_GCF_900107795.1	GCF_900107795.1	True	genome_seen	False	True	True	1	negative	rod	no	no	aerobe	meso
17756	Niastella koreensis	Niastella	Bacteroidota	RS_GCF_000246855.1	GCF_000246855.1	True	genome_seen	False	True	True	1	negative	rod	no	no	aerobe	meso
17757	Niastella yeongjuensis	Niastella	Bacteroidota	RS_GCF_900110245.1	GCF_900110245.1	True	genome_seen	False	True	True	1	negative	rod	no	no	aerobe	meso
17760	Segetibacter koreensis	Segetibacter	Bacteroidota	RS_GCF_000374045.1	GCF_000374045.1	True	genome_seen	False	True	True	1	negative	rod	no	no	aerobe	meso
17764	Gracilimonas tropica	Gracilimonas	Bacteroidota	RS_GCF_000375425.1	GCF_000375425.1	True	genome_seen	False	True	True	1	negative	rod	no	yes	aerobe	meso
17775	Dethiosulfovibrio salsuginis	Dethiosulfovibrio	Synergistota	RS_GCF_900177735.1	GCF_900177735.1	False	genome_seen	False	True	True	1	negative	rod	yes	no	anaerobe	meso
17776	Thermovirga lienii	Thermovirga	Synergistota	GB_GCA_000233775.1	GCA_000233775.1	False	genome_seen	False	True	True	1	negative	rod	yes	no	anaerobe	thermo
17778	Acetomicrobium thermoterrenum	Acetomicrobium	Synergistota	RS_GCF_900107215.1	GCF_900107215.1	False	genome_seen	False	True	True	2	negative	rod	yes	no	anaerobe	thermo
17783	Cloacibacillus evryensis	Cloacibacillus	Synergistota	RS_GCF_000585335.1	GCF_000585335.1	False	genome_seen	False	True	True	1	negative	rod	no	no	anaerobe	meso
17784	Jonquetella anthropi	Jonquetella	Synergistota	RS_GCF_000237805.1	GCF_000237805.1	False	genome_seen	False	True	True	1	negative	rod	no	no	anaerobe	meso
17787	Salinisphaera dokdonensis	Salinisphaera	Pseudomonadota	RS_GCF_040361215.1	GCF_040361215.1	True	unseen	False	False	True	0	negative	rod	yes	no	aerobe	meso
17788	Salinisphaera hydrothermalis	Salinisphaera	Pseudomonadota	RS_GCF_040361195.1	GCF_040361195.1	True	species_seen	False	False	True	1	negative	rod	yes	no	aerobe	meso
17789	Salinisphaera orenii_A	Salinisphaera	Pseudomonadota	RS_GCF_003732545.1	GCF_003732545.1	True	genome_seen	False	True	True	1	negative	rod	yes	no	aerobe	meso
17795	Rhodothermus profundi	Rhodothermus	Bacteroidota	RS_GCF_900142415.1	GCF_900142415.1	True	genome_seen	False	True	True	1	negative	rod	no	no	aerobe	thermo
17803	Caldicoprobacter oshimai	Caldicoprobacter	Bacillota	GB_GCA_000526435.1	GCA_000526435.1	True	genome_seen	False	True	True	1	positive	rod	no	yes	anaerobe	thermo
17816	Natronoflexus saponilacus	Natronoflexus	Bacteroidota	RS_GCF_900168165.1	GCF_900168165.1	True	genome_seen	False	True	True	1	positive	rod	yes	no	anaerobe	meso
17819	Ignavibacterium album	Ignavibacterium	Bacteroidota	RS_GCF_000258405.1	GCF_000258405.1	True	genome_seen	False	True	True	1	negative	rod	no	no	anaerobe	thermo
17821	Jiangella gansuensis	Jiangella	Actinomycetota	RS_GCF_000515395.1	GCF_000515395.1	True	genome_seen	False	True	True	1	positive	rod	no	no	aerobe	meso
17825	Jiangella muralis	Jiangella	Actinomycetota	RS_GCF_001270745.1	GCF_001270745.1	True	genome_seen	False	True	True	1	positive	rod	yes	no	aerobe	meso
17826	Haloactinopolyspora alba	Haloactinopolyspora	Actinomycetota	RS_GCF_003014555.1	GCF_003014555.1	True	genome_seen	False	True	True	1	positive	rod	yes	yes	aerobe	meso
17829	Sutterella parvirubra	Sutterella	Pseudomonadota	RS_GCF_000250875.1	GCF_000250875.1	True	genome_seen	False	True	True	1	negative	other	no	no	anaerobe	meso
17838	Demequina lutea	Demequina	Actinomycetota	RS_GCF_013409005.1	GCF_013409005.1	True	genome_seen	False	True	True	1	positive	rod	no	no	facultative	meso
17840	Demequina flava	Demequina	Actinomycetota	RS_GCF_000975035.1	GCF_000975035.1	True	genome_seen	False	True	True	1	positive	rod	no	no	anaerobe	meso
17841	Demequina sediminicola	Demequina	Actinomycetota	RS_GCF_000975055.1	GCF_000975055.1	True	genome_seen	False	True	True	1	positive	rod	no	no	anaerobe	meso
17842	Demequina mangrovi	Demequina	Actinomycetota	RS_GCF_000759715.1	GCF_000759715.1	True	genome_seen	False	True	True	1	positive	other	no	no	facultative	meso
17843	Chthonomonas calidirosea	Chthonomonas	Armatimonadota	RS_GCF_000427095.1	GCF_000427095.1	False	genome_seen	False	True	True	1	negative	rod	yes	no	aerobe	thermo
17865	Leptotrichia hofstadii	Leptotrichia	Fusobacteriota	RS_GCF_007990525.1	GCF_007990525.1	False	genome_seen	False	True	True	1	negative	rod	no	no	anaerobe	meso
17866	Leptotrichia shahii	Leptotrichia	Fusobacteriota	RS_GCF_008327825.1	GCF_008327825.1	False	genome_seen	False	True	True	1	negative	rod	no	no	anaerobe	meso
17873	Amorphus coralli	Amorphus	Pseudomonadota	RS_GCF_000374525.1	GCF_000374525.1	True	genome_seen	False	True	True	1	negative	rod	no	no	aerobe	meso
17879	Elioraea tepidiphila	Elioraea	Pseudomonadota	RS_GCF_000378465.1	GCF_000378465.1	True	genome_seen	False	True	True	1	negative	rod	yes	no	aerobe	thermo
17886	Hoyosella altamirensis	Hoyosella	Actinomycetota	RS_GCF_014191505.1	GCF_014191505.1	True	genome_seen	False	True	True	1	positive	coccus	no	no	aerobe	meso
17887	Luteimicrobium subarcticum	Luteimicrobium	Actinomycetota	RS_GCF_002798015.1	GCF_002798015.1	True	genome_seen	False	True	True	1	positive	rod	no	no	aerobe	meso
17891	Motilibacter peucedani	Motilibacter	Actinomycetota	RS_GCF_003634695.1	GCF_003634695.1	True	genome_seen	False	True	True	1	positive	rod	yes	no	aerobe	meso
17897	Thiohalorhabdus denitrificans	Thiohalorhabdus	Pseudomonadota	RS_GCF_001399755.1	GCF_001399755.1	True	genome_seen	False	True	True	1	negative	rod	no	no	facultative	meso
17899	Gilvimarinus chinensis	Gilvimarinus	Pseudomonadota	RS_GCF_000377745.1	GCF_000377745.1	True	genome_seen	False	True	True	1	negative	rod	yes	no	aerobe	meso
17910	Congregibacter litoralis	Congregibacter	Pseudomonadota	RS_GCF_000153125.2	GCF_000153125.2	True	genome_seen	False	True	True	1	negative	other	yes	no	facultative	meso
17927	Aquabacterium fontiphilum	Aquabacterium	Pseudomonadota	RS_GCF_009909205.1	GCF_009909205.1	True	genome_seen	False	True	True	1	negative	rod	yes	no	aerobe	meso
17950	Thiomonas bhubaneswarensis	Thiomonas	Pseudomonadota	RS_GCF_001418255.1	GCF_001418255.1	True	genome_seen	False	True	True	1	negative	rod	yes	no	aerobe	meso
17964	Anaerobranca californiensis	Anaerobranca	Bacillota	RS_GCF_900142275.1	GCF_900142275.1	True	genome_seen	False	True	True	1	negative	rod	yes	no	anaerobe	thermo
17980	Carboxydocella sporoproducens	Carboxydocella	Bacillota	RS_GCF_900167165.1	GCF_900167165.1	True	species_seen	False	False	True	1	positive	rod	yes	yes	anaerobe	thermo
17993	Mahella australiensis	Mahella	Bacillota	RS_GCF_000213255.1	GCF_000213255.1	True	genome_seen	False	True	True	1	positive	rod	yes	yes	anaerobe	thermo
18024	Caldicellulosiruptor acetigenus	Caldicellulosiruptor	Bacillota	RS_GCF_000193435.2	GCF_000193435.2	True	species_seen	False	False	True	1	negative	rod	no	no	anaerobe	thermo
18028	Caldicellulosiruptor hydrothermalis	Caldicellulosiruptor	Bacillota	RS_GCF_000166355.1	GCF_000166355.1	True	genome_seen	False	True	True	1	positive	rod	yes	no	anaerobe	thermo
18029	Caldicellulosiruptor kronotskyensis	Caldicellulosiruptor	Bacillota	RS_GCF_000166775.1	GCF_000166775.1	True	genome_seen	False	True	True	1	positive	rod	yes	no	anaerobe	thermo
18037	Sulfobacillus thermotolerans	Sulfobacillus	Bacillota	GB_GCA_002951815.1	GCA_002951815.1	True	genome_seen	False	True	True	1	positive	rod	no	yes	aerobe	meso
18051	Thermoanaerobacterium thermosulfurigenes	Thermoanaerobacterium	Bacillota	RS_GCF_000189775.2	GCF_000189775.2	True	genome_seen	False	True	True	1	negative	rod	yes	yes	anaerobe	thermo
18078	Proteiniborus ethanoligenes	Proteiniborus	Bacillota	RS_GCF_900107485.1	GCF_900107485.1	True	genome_seen	False	True	True	1	positive	rod	no	no	anaerobe	meso
18080	Proteocatella sphenisci	Proteocatella	Bacillota	RS_GCF_000423525.1	GCF_000423525.1	True	genome_seen	False	True	True	1	positive	rod	yes	yes	anaerobe	meso
18094	Thermosulfidibacter takaii	Thermosulfidibacter	Thermosulfidibacterota	RS_GCF_001547735.1	GCF_001547735.1	False	genome_seen	False	True	True	1	negative	rod	yes	no	anaerobe	thermo
18120	Exiguobacterium_A antarcticum	Exiguobacterium_A	Bacillota	RS_GCF_025234655.1	GCF_025234655.1	True	species_seen	False	False	True	1	positive	coccus	yes	no	aerobe	meso
18124	Solibacillus silvestris	Solibacillus	Bacillota	GB_GCA_001586195.1	GCA_001586195.1	True	genome_seen	False	True	True	1	positive	rod	yes	yes	aerobe	meso
18131	Rummeliibacillus pycnus	Rummeliibacillus	Bacillota	RS_GCF_002884495.1	GCF_002884495.1	True	genome_seen	False	True	True	1	positive	rod	yes	yes	aerobe	meso
18132	Rummeliibacillus stabekisii	Rummeliibacillus	Bacillota	RS_GCF_007988965.1	GCF_007988965.1	True	genome_seen	False	True	True	1	positive	rod	yes	yes	aerobe	meso
18133	Geomicrobium halophilum	Geomicrobium	Bacillota	RS_GCF_014207655.1	GCF_014207655.1	True	genome_seen	False	True	True	1	positive	rod	no	no	aerobe	meso
18135	Phocaeicola abscessus	Phocaeicola	Bacteroidota	RS_GCF_000312445.1	GCF_000312445.1	True	genome_seen	False	True	True	1	negative	coccus	yes	no	anaerobe	meso
18136	Oceanotoga teriensis	Oceanotoga	Thermotogota	RS_GCF_003148465.1	GCF_003148465.1	False	genome_seen	True	True	True	1	negative	rod	yes	no	anaerobe	thermo
18152	Algiphilus aromaticivorans	Algiphilus	Pseudomonadota	RS_GCF_000733765.1	GCF_000733765.1	True	genome_seen	False	True	True	1	negative	rod	yes	no	aerobe	meso
18154	Solimonas flava	Solimonas	Pseudomonadota	RS_GCF_000426685.1	GCF_000426685.1	True	genome_seen	False	True	True	1	negative	rod	no	no	aerobe	meso
22899	Granulicella mallensis	Granulicella	Acidobacteriota	RS_GCF_000178955.2	GCF_000178955.2	False	genome_seen	False	True	True	1	negative	rod	no	no	aerobe	meso
22901	Edaphobacter tundricola	Edaphobacter	Acidobacteriota	RS_GCF_000178975.2	GCF_000178975.2	False	genome_seen	False	True	True	1	negative	rod	no	no	aerobe	meso
22908	Agarivorans gilvus	Agarivorans	Pseudomonadota	RS_GCF_001420915.1	GCF_001420915.1	True	genome_seen	False	True	True	1	negative	rod	yes	no	aerobe	meso
22921	Alkalicoccus daliensis	Alkalicoccus	Bacillota	RS_GCF_900103955.1	GCF_900103955.1	True	genome_seen	False	True	True	1	positive	rod	yes	yes	facultative	meso
22925	Mesobacillus_B persicus	Mesobacillus_B	Bacillota	RS_GCF_900109925.1	GCF_900109925.1	True	genome_seen	False	True	True	1	positive	rod	no	yes	aerobe	meso
22928	Halobacillus_A naozhouensis	Halobacillus_A	Bacillota	RS_GCF_029714185.1	GCF_029714185.1	True	genome_seen	True	False	True	1	positive	rod	yes	yes	aerobe	meso
22931	Virgibacillus_B alimentarius	Virgibacillus_B	Bacillota	RS_GCF_000709085.1	GCF_000709085.1	True	genome_seen	False	True	True	1	positive	rod	yes	yes	aerobe	meso
22933	Metasolibacillus meyeri	Metasolibacillus	Bacillota	RS_GCF_003049505.1	GCF_003049505.1	True	genome_seen	False	True	True	1	positive	rod	yes	yes	aerobe	meso
22934	Domibacillus robiginosus	Domibacillus	Bacillota	RS_GCF_000966195.1	GCF_000966195.1	True	genome_seen	False	True	True	1	positive	rod	yes	yes	aerobe	meso
22936	Bacteroides faecichinchillae	Bacteroides	Bacteroidota	RS_GCF_000614145.1	GCF_000614145.1	True	genome_seen	False	True	True	1	negative	rod	no	no	anaerobe	meso
22937	Brevibacterium siliguriense	Brevibacterium	Actinomycetota	RS_GCF_900105315.1	GCF_900105315.1	True	genome_seen	False	True	True	1	positive	rod	no	no	aerobe	meso
22938	Brevibacterium yomogidense	Brevibacterium	Actinomycetota	RS_GCF_016107685.1	GCF_016107685.1	True	genome_seen	False	True	True	1	positive	rod	no	no	aerobe	meso
22941	Paenochrobactrum gallinarii	Paenochrobactrum	Pseudomonadota	RS_GCF_014205685.1	GCF_014205685.1	True	genome_seen	False	True	True	1	negative	rod	no	no	aerobe	meso
22942	Caballeronia grimmiae	Caballeronia	Pseudomonadota	RS_GCF_000698555.1	GCF_000698555.1	True	genome_seen	False	True	True	1	negative	rod	yes	no	aerobe	meso
22944	Cupriavidus pampae	Cupriavidus	Pseudomonadota	RS_GCF_042653815.1	GCF_042653815.1	True	species_seen	False	False	True	1	negative	rod	yes	no	aerobe	meso
22946	Alkalibacterium gilvum	Alkalibacterium	Bacillota	RS_GCF_900109085.1	GCF_900109085.1	True	genome_seen	False	True	True	1	positive	rod	no	no	facultative	meso
22956	Paraoerskovia sediminicola	Paraoerskovia	Actinomycetota	RS_GCF_030296575.1	GCF_030296575.1	True	genome_seen	True	False	True	1	positive	coccus	no	no	facultative	meso
22962	Caloramator_B quimbayensis	Caloramator_B	Bacillota	RS_GCF_900167605.1	GCF_900167605.1	True	genome_seen	False	True	True	1	positive	rod	yes	yes	anaerobe	thermo
22967	Brassicibacter mesophilus	Brassicibacter	Bacillota	RS_GCF_050433385.1	GCF_050433385.1	True	unseen	False	False	False	0	negative	rod	yes	no	anaerobe	meso
22969	Fonticella tunisiensis	Fonticella	Bacillota	RS_GCF_004364155.1	GCF_004364155.1	True	genome_seen	False	True	True	1	positive	rod	no	no	anaerobe	thermo
22978	Variovorax defluvii	Variovorax	Pseudomonadota	RS_GCF_039541515.1	GCF_039541515.1	True	unseen	False	False	True	0	negative	other	yes	no	aerobe	meso
22982	Parvibacter caecicola	Parvibacter	Actinomycetota	RS_GCF_003725335.1	GCF_003725335.1	True	genome_seen	False	True	True	1	positive	rod	no	no	anaerobe	meso
22986	Rudaeicoccus suwonensis	Rudaeicoccus	Actinomycetota	RS_GCF_007829035.1	GCF_007829035.1	True	genome_seen	False	True	True	1	positive	coccus	no	no	aerobe	meso
22996	Budvicia diplopodorum	Budvicia	Pseudomonadota	RS_GCF_009800925.1	GCF_009800925.1	True	genome_seen	False	True	True	1	negative	rod	yes	no	facultative	meso
23003	Pantoea rodasii	Pantoea	Pseudomonadota	RS_GCF_002095465.1	GCF_002095465.1	True	genome_seen	False	True	True	1	negative	rod	yes	no	facultative	meso
23005	Pantoea wallisii	Pantoea	Pseudomonadota	RS_GCF_002095485.1	GCF_002095485.1	True	genome_seen	False	True	True	1	negative	rod	yes	no	facultative	meso
23019	Psychroflexus sediminis	Psychroflexus	Bacteroidota	RS_GCF_900099815.1	GCF_900099815.1	True	genome_seen	False	True	True	1	negative	rod	no	no	aerobe	meso
23022	Kaistella koreensis	Kaistella	Bacteroidota	RS_GCF_001045435.1	GCF_001045435.1	True	genome_seen	False	True	True	1	negative	rod	no	no	aerobe	meso
23024	Chryseobacterium piscium	Chryseobacterium	Bacteroidota	RS_GCF_003385415.1	GCF_003385415.1	True	genome_seen	False	True	True	1	negative	rod	no	no	aerobe	meso
23025	Chryseobacterium arthrosphaerae	Chryseobacterium	Bacteroidota	RS_GCF_001684965.1	GCF_001684965.1	True	genome_seen	False	True	True	1	negative	rod	no	no	aerobe	meso
23028	Pseudozobellia thermophila	Pseudozobellia	Bacteroidota	RS_GCF_900141855.1	GCF_900141855.1	True	genome_seen	False	True	True	1	negative	rod	yes	no	aerobe	meso
23030	Jatrophihabitans endophyticus	Jatrophihabitans	Actinomycetota	RS_GCF_900129455.1	GCF_900129455.1	True	genome_seen	False	True	True	1	positive	rod	no	no	aerobe	meso
23035	Endozoicomonas_A numazuensis	Endozoicomonas_A	Pseudomonadota	RS_GCF_000722635.1	GCF_000722635.1	True	genome_seen	False	True	True	1	negative	rod	no	no	facultative	meso
23071	Pedococcus badiiscoriae	Pedococcus	Actinomycetota	RS_GCF_013408925.1	GCF_013408925.1	True	genome_seen	False	True	True	1	positive	coccus	no	no	aerobe	meso
23077	Weissella oryzae	Weissella	Bacillota	RS_GCF_000691805.2	GCF_000691805.2	True	genome_seen	False	True	True	1	positive	rod	no	no	facultative	meso
23078	Listeria_A weihenstephanensis	Listeria_A	Bacillota	RS_GCF_003534205.1	GCF_003534205.1	True	genome_seen	False	True	True	1	positive	rod	yes	no	anaerobe	meso
23092	Methylobacterium oxalidis	Methylobacterium	Pseudomonadota	RS_GCF_007992195.1	GCF_007992195.1	True	genome_seen	False	True	True	1	negative	rod	yes	no	aerobe	meso
23093	Methylopila musalis	Methylopila	Pseudomonadota	RS_GCF_042679725.1	GCF_042679725.1	True	unseen	False	False	True	0	negative	rod	yes	no	aerobe	meso
23100	Methylotenera versatilis	Methylotenera	Pseudomonadota	RS_GCF_000093025.1	GCF_000093025.1	True	genome_seen	False	True	True	1	negative	other	yes	no	facultative	meso
23104	Microbacterium lemovicicum	Microbacterium	Actinomycetota	RS_GCF_003991875.1	GCF_003991875.1	True	genome_seen	False	True	True	1	positive	rod	no	no	aerobe	meso
23112	Tersicoccus phoenicis	Tersicoccus	Actinomycetota	RS_GCF_001968835.1	GCF_001968835.1	True	genome_seen	False	True	True	1	positive	coccus	no	no	aerobe	meso
23117	Micromonospora maritima	Micromonospora	Actinomycetota	RS_GCF_039538865.1	GCF_039538865.1	True	species_seen	False	False	True	1	positive	coccus	no	yes	aerobe	meso
23147	Nakamurella flavida	Nakamurella	Actinomycetota	RS_GCF_030811475.1	GCF_030811475.1	True	species_seen	False	False	True	1	positive	coccus	no	no	aerobe	meso
23155	Gordonia caeni	Gordonia	Actinomycetota	RS_GCF_039537105.1	GCF_039537105.1	True	unseen	False	False	True	0	positive	rod	no	no	aerobe	meso
23163	Spirillospora fulvescens	Spirillospora	Actinomycetota	RS_GCF_046540475.1	GCF_046540475.1	True	unseen	False	False	True	0	positive	rod	no	yes	aerobe	meso
23165	Nocardioides albertanoniae	Nocardioides	Actinomycetota	RS_GCF_006716315.1	GCF_006716315.1	True	genome_seen	False	True	True	1	positive	rod	no	no	aerobe	meso
23182	Pristimantibacillus catalpae	Pristimantibacillus	Bacillota	RS_GCF_900112695.1	GCF_900112695.1	True	genome_seen	False	True	True	1	positive	rod	yes	yes	aerobe	meso
23225	Yoonia tamlensis	Yoonia	Pseudomonadota	RS_GCF_900115105.1	GCF_900115105.1	True	genome_seen	False	True	True	1	negative	rod	yes	no	aerobe	meso
23231	Salipiger pacificus	Salipiger	Pseudomonadota	RS_GCF_900116195.1	GCF_900116195.1	True	genome_seen	False	True	True	1	negative	rod	yes	no	aerobe	meso
23232	Shimia marina	Shimia	Pseudomonadota	RS_GCF_900112745.1	GCF_900112745.1	True	species_seen	False	False	True	1	negative	rod	yes	no	aerobe	meso
23267	Novosphingobium lindaniclasticum	Novosphingobium	Pseudomonadota	RS_GCF_000445125.1	GCF_000445125.1	True	genome_seen	False	True	True	1	negative	rod	no	no	aerobe	meso
23271	Sphingobium cupriresistens	Sphingobium	Pseudomonadota	RS_GCF_001046645.1	GCF_001046645.1	True	species_seen	False	False	True	1	negative	rod	no	no	aerobe	meso
23272	Sphingobium limneticum	Sphingobium	Pseudomonadota	RS_GCF_008710155.1	GCF_008710155.1	True	genome_seen	False	True	True	1	negative	rod	yes	no	aerobe	meso
23273	Sphingobium_A boeckii	Sphingobium_A	Pseudomonadota	RS_GCF_014199215.1	GCF_014199215.1	True	genome_seen	False	True	True	1	negative	rod	yes	no	aerobe	meso
23277	Sphingomicrobium ginsengisoli	Sphingomicrobium	Pseudomonadota	RS_GCF_003332855.1	GCF_003332855.1	True	species_seen	False	False	True	1	negative	rod	no	no	aerobe	meso
23278	Sphingomicrobium sediminicola	Sphingomicrobium	Pseudomonadota	RS_GCF_049991885.1	GCF_049991885.1	True	species_seen	False	False	True	1	negative	rod	no	no	aerobe	meso
23280	Sphingomonas cynarae	Sphingomonas	Pseudomonadota	RS_GCF_039537815.1	GCF_039537815.1	True	unseen	False	False	True	0	negative	rod	no	no	aerobe	meso
23284	Sphingopyxis italica	Sphingopyxis	Pseudomonadota	RS_GCF_011926545.1	GCF_011926545.1	True	genome_seen	False	True	True	1	negative	rod	yes	no	aerobe	meso
23290	Lacicoccus qingdaonensis	Lacicoccus	Bacillota	RS_GCF_900101075.1	GCF_900101075.1	True	genome_seen	False	True	True	1	positive	coccus	no	no	aerobe	meso
23300	Streptococcus pyogenes	Streptococcus	Bacillota	RS_GCF_900990975.1	GCF_900990975.1	True	species_seen	False	False	True	1	positive	coccus	no	no	facultative	meso
23302	Streptomyces chilikensis	Streptomyces	Actinomycetota	RS_GCF_001642695.1	GCF_001642695.1	True	genome_seen	False	True	True	1	positive	other	no	yes	aerobe	meso
23330	Thermoanaerobacter thermocopriae	Thermoanaerobacter	Bacillota	RS_GCF_030803985.1	GCF_030803985.1	True	species_seen	False	False	True	1	negative	rod	no	yes	anaerobe	thermo
23331	Brockia lithotrophica	Brockia	Bacillota	RS_GCF_003633725.1	GCF_003633725.1	True	genome_seen	False	True	True	1	positive	rod	yes	yes	anaerobe	thermo
23340	Photobacterium gaetbulicola	Photobacterium	Pseudomonadota	GB_GCA_000940995.1	GCA_000940995.1	True	genome_seen	False	True	True	1	negative	rod	yes	no	aerobe	meso
23347	Metallibacterium scheffleri	Metallibacterium	Pseudomonadota	RS_GCF_002077135.1	GCF_002077135.1	True	genome_seen	False	True	True	1	negative	rod	no	no	facultative	meso
23348	Patulibacter medicamentivorans	Patulibacter	Actinomycetota	RS_GCF_000240225.1	GCF_000240225.1	True	genome_seen	False	True	True	1	positive	rod	no	no	aerobe	meso
23349	Litorilinea aerophila	Litorilinea	Chloroflexota	RS_GCF_006569185.2	GCF_006569185.2	False	genome_seen	False	True	True	1	negative	rod	no	no	aerobe	thermo
23439	Algoriphagus machipongonensis	Algoriphagus	Bacteroidota	RS_GCF_000166275.1	GCF_000166275.1	True	genome_seen	False	True	True	1	negative	rod	no	no	aerobe	meso
23443	Caldicoprobacter guelmensis	Caldicoprobacter	Bacillota	RS_GCF_016908415.1	GCF_016908415.1	True	genome_seen	False	True	True	1	positive	rod	no	no	anaerobe	thermo
23450	Chitinivorax tropicus	Chitinivorax	Pseudomonadota	RS_GCF_014202905.1	GCF_014202905.1	True	genome_seen	False	True	True	1	negative	rod	yes	no	facultative	meso
23455	Dissulfuribacter thermophilus	Dissulfuribacter	Desulfobacterota	RS_GCF_001687335.1	GCF_001687335.1	False	genome_seen	False	True	True	1	negative	rod	yes	no	anaerobe	thermo
23456	Solimonas thermophila	Solimonas	Pseudomonadota	RS_GCF_900113085.1	GCF_900113085.1	True	genome_seen	False	True	True	1	negative	rod	yes	no	aerobe	thermo
23458	Oligosphaera ethanolica	Oligosphaera	Verrucomicrobiota	RS_GCF_030814695.1	GCF_030814695.1	False	genome_seen	True	False	True	1	negative	coccus	no	no	anaerobe	meso
23525	Flaviflexus huanghaiensis	Flaviflexus	Actinomycetota	RS_GCF_014118685.1	GCF_014118685.1	True	genome_seen	False	True	True	1	positive	rod	no	no	facultative	meso
23547	Aeromonas australiensis	Aeromonas	Pseudomonadota	RS_GCF_000819725.1	GCF_000819725.1	True	genome_seen	False	True	True	1	negative	rod	yes	no	facultative	meso
23552	Effusibacillus consociatus	Effusibacillus	Bacillota	RS_GCF_042652925.1	GCF_042652925.1	True	unseen	False	False	True	0	positive	rod	no	yes	aerobe	meso
23666	Shouchella shacheensis	Shouchella	Bacillota	RS_GCF_001484965.1	GCF_001484965.1	True	genome_seen	False	True	True	1	positive	rod	yes	yes	aerobe	meso
23706	Bacillus velezensis	Bacillus	Bacillota	RS_GCF_002117165.1	GCF_002117165.1	True	species_seen	False	False	True	1	positive	rod	yes	yes	aerobe	meso
23707	Halalkalibacter nanhaiisediminis	Halalkalibacter	Bacillota	RS_GCF_007830185.1	GCF_007830185.1	True	genome_seen	False	True	True	1	positive	rod	yes	yes	aerobe	meso
23710	Metabacillus halosaccharovorans	Metabacillus	Bacillota	RS_GCF_002019635.1	GCF_002019635.1	True	genome_seen	False	True	True	1	positive	rod	yes	yes	aerobe	meso
23737	Oceanobacillus indicireducens	Oceanobacillus	Bacillota	RS_GCF_014647195.1	GCF_014647195.1	True	genome_seen	False	True	True	1	positive	rod	yes	yes	aerobe	meso
23739	Ornithinibacillus halophilus	Ornithinibacillus	Bacillota	RS_GCF_900129485.1	GCF_900129485.1	True	genome_seen	False	True	True	1	positive	rod	yes	yes	aerobe	meso
23741	Amphibacillus indicireducens	Amphibacillus	Bacillota	RS_GCF_039539605.1	GCF_039539605.1	True	unseen	False	False	True	0	positive	rod	yes	yes	facultative	meso
23742	Amphibacillus_D marinus	Amphibacillus_D	Bacillota	RS_GCF_900110345.1	GCF_900110345.1	True	genome_seen	False	True	True	1	positive	rod	yes	yes	facultative	meso
23745	Virgibacillus_M halotolerans	Virgibacillus_M	Bacillota	RS_GCF_016908515.1	GCF_016908515.1	True	genome_seen	False	True	True	1	positive	rod	yes	yes	aerobe	meso
23755	Terribacillus aidingensis	Terribacillus	Bacillota	RS_GCF_900215625.1	GCF_900215625.1	True	genome_seen	False	True	True	1	positive	rod	yes	yes	aerobe	meso
23758	Ureibacillus composti_A	Ureibacillus	Bacillota	RS_GCF_016908465.1	GCF_016908465.1	True	genome_seen	False	True	True	1	negative	rod	yes	yes	aerobe	meso
23759	Ureibacillus sinduriensis	Ureibacillus	Bacillota	RS_GCF_000772955.1	GCF_000772955.1	True	genome_seen	False	True	True	1	positive	rod	yes	yes	aerobe	meso
23760	Lysinibacillus contaminans	Lysinibacillus	Bacillota	RS_GCF_001278945.1	GCF_001278945.1	True	genome_seen	False	True	True	1	positive	rod	no	yes	aerobe	meso
23761	Ureibacillus manganicus	Ureibacillus	Bacillota	RS_GCF_000772945.1	GCF_000772945.1	True	genome_seen	False	True	True	1	positive	rod	yes	yes	aerobe	meso
23764	Tumebacillus flagellatus	Tumebacillus	Bacillota	RS_GCF_000714935.1	GCF_000714935.1	True	genome_seen	False	True	True	1	positive	rod	yes	yes	aerobe	meso
23765	Saliterribacillus persicus	Saliterribacillus	Bacillota	RS_GCF_003337485.1	GCF_003337485.1	True	genome_seen	False	True	True	1	positive	rod	yes	yes	aerobe	meso
23769	Texcoconibacillus texcoconensis	Texcoconibacillus	Bacillota	RS_GCF_014202575.1	GCF_014202575.1	True	genome_seen	False	True	True	1	positive	rod	no	yes	aerobe	meso
23770	Thermolongibacillus altinsuensis	Thermolongibacillus	Bacillota	RS_GCF_004341205.1	GCF_004341205.1	True	genome_seen	False	True	True	1	positive	rod	yes	yes	aerobe	thermo
23794	Georgenia daeguensis	Georgenia	Actinomycetota	RS_GCF_039537705.1	GCF_039537705.1	True	unseen	False	False	True	0	positive	rod	yes	no	aerobe	meso
23809	Spelaeicoccus albus	Spelaeicoccus	Actinomycetota	RS_GCF_013409065.1	GCF_013409065.1	True	genome_seen	False	True	True	1	positive	coccus	no	no	aerobe	meso
23811	Brucella ovis_A	Brucella	Pseudomonadota	RS_GCF_003259955.1	GCF_003259955.1	True	genome_seen	False	True	True	1	negative	rod	no	no	aerobe	meso
23819	Halarcobacter anaerophilus	Halarcobacter	Campylobacterota	RS_GCF_006459125.1	GCF_006459125.1	False	genome_seen	False	True	True	1	negative	rod	no	no	anaerobe	meso
23832	Cellulomonas marina	Cellulomonas	Actinomycetota	RS_GCF_900111925.1	GCF_900111925.1	True	genome_seen	False	True	True	1	positive	coccus	yes	no	facultative	meso
23861	Fervidicella metallireducens	Fervidicella	Bacillota	RS_GCF_000601455.1	GCF_000601455.1	True	genome_seen	False	True	True	1	negative	rod	yes	yes	anaerobe	thermo
23884	Pontibacter akesuensis	Pontibacter	Bacteroidota	RS_GCF_014651555.1	GCF_014651555.1	True	species_seen	False	False	True	1	negative	rod	no	no	aerobe	meso
23885	Seleniivibrio woodruffii	Seleniivibrio	Chrysiogenota	RS_GCF_004339245.1	GCF_004339245.1	False	genome_seen	False	True	True	1	negative	rod	yes	no	anaerobe	meso
23889	Deinococcus humi	Deinococcus	Deinococcota	RS_GCF_014201875.1	GCF_014201875.1	False	genome_seen	False	True	True	1	positive	coccus	no	no	aerobe	meso
24011	Flammeovirga kamogawensis	Flammeovirga	Bacteroidota	RS_GCF_018736065.1	GCF_018736065.1	True	genome_seen	False	True	True	1	negative	rod	yes	no	aerobe	meso
24013	Limibacter armeniacum	Limibacter	Bacteroidota	RS_GCF_036880985.1	GCF_036880985.1	True	unseen	False	False	False	0	negative	rod	yes	no	aerobe	meso
24014	Aequorivita viscosa	Aequorivita	Bacteroidota	RS_GCF_900106795.1	GCF_900106795.1	True	genome_seen	False	True	True	1	negative	rod	no	no	aerobe	meso
24023	Flavobacterium cutihirudinis	Flavobacterium	Bacteroidota	RS_GCF_003385895.1	GCF_003385895.1	True	genome_seen	False	True	True	1	negative	rod	yes	no	aerobe	meso
24030	Flagellimonas zhangzhouensis	Flagellimonas	Bacteroidota	RS_GCF_900102925.1	GCF_900102925.1	True	genome_seen	False	True	True	1	negative	rod	no	no	aerobe	meso
24035	Halpernia frigidisoli	Halpernia	Bacteroidota	RS_GCF_900113805.1	GCF_900113805.1	True	genome_seen	False	True	True	1	negative	rod	no	no	aerobe	meso
24038	Chryseobacterium carnipullorum	Chryseobacterium	Bacteroidota	RS_GCF_900142785.1	GCF_900142785.1	True	genome_seen	False	True	True	1	negative	rod	no	no	aerobe	meso
24039	Chryseobacterium hispalense	Chryseobacterium	Bacteroidota	RS_GCF_000708615.2	GCF_000708615.2	True	genome_seen	False	True	True	1	negative	rod	no	no	aerobe	meso
24046	Christiangramia forsetii	Christiangramia	Bacteroidota	RS_GCF_000060345.1	GCF_000060345.1	True	genome_seen	False	True	True	1	negative	rod	yes	no	aerobe	meso
24048	Lutibacter agarilyticus	Lutibacter	Bacteroidota	RS_GCF_900188235.1	GCF_900188235.1	True	genome_seen	False	True	True	1	negative	rod	no	no	aerobe	meso
24050	Zunongwangia mangrovi	Zunongwangia	Bacteroidota	RS_GCF_900112105.1	GCF_900112105.1	True	genome_seen	False	True	True	1	negative	rod	no	no	aerobe	meso
24051	Sinomicrobium oceani	Sinomicrobium	Bacteroidota	RS_GCF_900119185.1	GCF_900119185.1	True	genome_seen	False	True	True	1	negative	rod	yes	no	aerobe	meso
24109	Janibacter cremeus	Janibacter	Actinomycetota	RS_GCF_013409205.1	GCF_013409205.1	True	genome_seen	False	True	True	1	positive	other	no	no	facultative	meso
24121	Mobilitalea sibirica	Mobilitalea	Bacillota	RS_GCF_015999265.1	GCF_015999265.1	True	genome_seen	False	True	True	1	positive	rod	yes	yes	anaerobe	meso
24129	Lactobacillus delbrueckii	Lactobacillus	Bacillota	RS_GCF_001888965.1	GCF_001888965.1	True	species_seen	False	False	True	1	positive	rod	no	no	facultative	meso
24130	Lacticaseibacillus porcinae	Lacticaseibacillus	Bacillota	RS_GCF_003946305.1	GCF_003946305.1	True	genome_seen	False	True	True	1	positive	other	no	no	facultative	meso
24131	Schleiferilactobacillus shenzhenensis	Schleiferilactobacillus	Bacillota	RS_GCF_000469325.1	GCF_000469325.1	True	genome_seen	False	True	True	1	positive	rod	no	no	facultative	meso
24133	Secundilactobacillus oryzae	Secundilactobacillus	Bacillota	RS_GCF_000740055.1	GCF_000740055.1	True	genome_seen	False	True	True	1	positive	rod	no	no	facultative	meso
24139	Lactiplantibacillus mudanjiangensis	Lactiplantibacillus	Bacillota	RS_GCF_005405385.1	GCF_005405385.1	True	genome_seen	False	True	True	1	positive	rod	no	no	facultative	meso
24140	Lacticaseibacillus songhuajiangensis	Lacticaseibacillus	Bacillota	RS_GCF_003946025.1	GCF_003946025.1	True	genome_seen	False	True	True	1	positive	rod	no	no	facultative	meso
24174	Methylobacterium brachythecii	Methylobacterium	Pseudomonadota	RS_GCF_014196345.1	GCF_014196345.1	True	genome_seen	False	True	True	1	negative	rod	yes	no	aerobe	meso
24175	Methylobacterium haplocladii	Methylobacterium	Pseudomonadota	RS_GCF_007992175.1	GCF_007992175.1	True	genome_seen	False	True	True	1	negative	rod	yes	no	aerobe	meso
24188	Microbacterium saccharophilum	Microbacterium	Actinomycetota	RS_GCF_007992455.1	GCF_007992455.1	True	genome_seen	False	True	True	1	positive	rod	no	no	aerobe	meso
24196	Arthrobacter siccitolerans	Arthrobacter	Actinomycetota	RS_GCF_001046895.1	GCF_001046895.1	True	genome_seen	False	True	True	1	positive	rod	no	no	aerobe	meso
24206	Rothia endophytica	Rothia	Actinomycetota	RS_GCF_039543885.1	GCF_039543885.1	True	species_seen	False	False	True	1	positive	other	no	no	aerobe	meso
24207	Zhihengliuella flava	Zhihengliuella	Actinomycetota	RS_GCF_015751895.1	GCF_015751895.1	True	genome_seen	False	True	True	1	positive	rod	no	no	facultative	meso
24212	Micromonospora sp039566955	Micromonospora	Actinomycetota	RS_GCF_039566955.1	GCF_039566955.1	True	unseen	False	False	True	0	positive	rod	no	yes	aerobe	meso
24236	Mycobacterium sediminis	Mycobacterium	Actinomycetota	RS_GCF_025822985.1	GCF_025822985.1	True	species_seen	False	False	True	1	positive	other	no	no	aerobe	meso
24246	Kribbella shirazensis	Kribbella	Actinomycetota	RS_GCF_011761605.1	GCF_011761605.1	True	genome_seen	False	True	True	1	positive	rod	no	yes	aerobe	meso
24250	Nocardioides szechwanensis	Nocardioides	Actinomycetota	RS_GCF_900103935.1	GCF_900103935.1	True	genome_seen	False	True	True	1	positive	rod	no	no	aerobe	meso
24251	Nocardioides psychrotolerans	Nocardioides	Actinomycetota	RS_GCF_900113685.1	GCF_900113685.1	True	genome_seen	False	True	True	1	positive	rod	no	no	aerobe	meso
24259	Streptomonospora nanhaiensis	Streptomonospora	Actinomycetota	RS_GCF_013410565.1	GCF_013410565.1	True	genome_seen	False	True	True	1	positive	rod	no	yes	aerobe	meso
24261	Oxalicibacterium contaminans	Oxalicibacterium	Pseudomonadota	RS_GCF_015645465.1	GCF_015645465.1	True	genome_seen	False	True	True	1	negative	rod	yes	no	aerobe	meso
24271	Noviherbaspirillum_A suwonense	Noviherbaspirillum_A	Pseudomonadota	RS_GCF_900182955.1	GCF_900182955.1	True	genome_seen	True	False	True	1	negative	rod	yes	no	facultative	meso
24279	Paenibacillus kribbensis	Paenibacillus	Bacillota	RS_GCF_002240415.1	GCF_002240415.1	True	genome_seen	False	True	True	1	positive	rod	yes	yes	facultative	meso
24281	Paenibacillus_AQ riograndensis	Paenibacillus_AQ	Bacillota	RS_GCF_000981585.1	GCF_000981585.1	True	genome_seen	False	True	True	1	negative	rod	yes	yes	facultative	meso
24282	Pristimantibacillus chungangensis	Pristimantibacillus	Bacillota	RS_GCF_042675905.1	GCF_042675905.1	True	unseen	False	False	True	0	positive	rod	yes	yes	aerobe	meso
24285	Gordoniibacillus chartarius	Gordoniibacillus	Bacillota	RS_GCF_042432825.1	GCF_042432825.1	True	unseen	False	False	True	0	positive	rod	no	yes	aerobe	meso
24287	Paenibacillus_W thermoaerophilus	Paenibacillus_W	Bacillota	RS_GCF_005938195.1	GCF_005938195.1	True	genome_seen	False	True	True	1	positive	rod	yes	yes	aerobe	thermo
24301	Desulfolucanica intricata	Desulfolucanica	Bacillota	RS_GCF_001592105.1	GCF_001592105.1	True	genome_seen	False	True	True	1	negative	rod	yes	yes	anaerobe	meso
24311	Pseudohoeflea suaedae	Pseudohoeflea	Pseudomonadota	RS_GCF_004354915.1	GCF_004354915.1	True	genome_seen	False	True	True	1	negative	rod	yes	no	aerobe	meso
24335	Paenisporosarcina indica	Paenisporosarcina	Bacillota	RS_GCF_001939075.1	GCF_001939075.1	True	genome_seen	False	True	True	1	positive	rod	no	yes	aerobe	meso
24336	Parabacteroides chinchillae	Parabacteroides	Bacteroidota	RS_GCF_900108035.1	GCF_900108035.1	True	genome_seen	False	True	True	1	negative	rod	no	no	anaerobe	meso
24338	Coprobacter fastidiosus	Coprobacter	Bacteroidota	RS_GCF_030296935.1	GCF_030296935.1	True	species_seen	False	False	True	1	negative	rod	no	no	anaerobe	meso
24343	Prevotella jejuni	Prevotella	Bacteroidota	RS_GCF_900187995.1	GCF_900187995.1	True	genome_seen	False	True	True	1	negative	rod	no	no	anaerobe	meso
24346	Microlunatus flavus	Microlunatus	Actinomycetota	RS_GCF_900110855.1	GCF_900110855.1	True	genome_seen	False	True	True	1	positive	other	no	no	aerobe	meso
24438	Aquipseudomonas punonensis	Aquipseudomonas	Pseudomonadota	RS_GCF_900142655.1	GCF_900142655.1	True	genome_seen	False	True	True	1	negative	rod	yes	no	aerobe	meso
24440	Aquipseudomonas guariconensis	Aquipseudomonas	Pseudomonadota	RS_GCF_900102675.1	GCF_900102675.1	True	genome_seen	False	True	True	1	negative	rod	yes	no	aerobe	meso
24443	Actinokineospora bangkokensis	Actinokineospora	Actinomycetota	RS_GCF_001940455.1	GCF_001940455.1	True	genome_seen	False	True	True	1	positive	rod	no	yes	aerobe	meso
24445	Lentzea nigeriaca	Lentzea	Actinomycetota	RS_GCF_016907955.1	GCF_016907955.1	True	genome_seen	False	True	True	1	positive	rod	no	yes	aerobe	meso
24484	Neorhizobium petrolearium	Neorhizobium	Pseudomonadota	RS_GCF_017873175.1	GCF_017873175.1	True	genome_seen	False	True	True	1	negative	rod	yes	no	aerobe	meso
24485	Rhizobium mesoamericanum	Rhizobium	Pseudomonadota	RS_GCF_030815055.1	GCF_030815055.1	True	species_seen	False	False	True	1	negative	rod	yes	no	aerobe	meso
24505	Ruegeria intermedia	Ruegeria	Pseudomonadota	RS_GCF_900129345.1	GCF_900129345.1	True	genome_seen	False	True	True	1	negative	rod	no	no	aerobe	meso
24525	Oceanicella actignis	Oceanicella	Pseudomonadota	RS_GCF_900143155.1	GCF_900143155.1	True	species_seen	False	False	True	1	negative	rod	yes	no	aerobe	thermo
24527	Planktomarina temperata	Planktomarina	Pseudomonadota	RS_GCF_000738435.1	GCF_000738435.1	True	genome_seen	False	True	True	1	negative	rod	yes	no	aerobe	meso
24542	Saccharospirillum salsuginis	Saccharospirillum	Pseudomonadota	RS_GCF_014651855.1	GCF_014651855.1	True	genome_seen	False	True	True	1	negative	other	yes	no	aerobe	meso
24566	Sphingopyxis indica	Sphingopyxis	Pseudomonadota	RS_GCF_900188185.1	GCF_900188185.1	True	genome_seen	False	True	True	1	negative	rod	no	no	aerobe	meso
24605	Streptococcus vaginalis	Streptococcus	Bacillota	RS_GCF_017315345.1	GCF_017315345.1	True	unseen	False	False	True	0	positive	coccus	no	no	facultative	meso
24606	Streptococcus constellatus	Streptococcus	Bacillota	RS_GCF_016127875.1	GCF_016127875.1	True	species_seen	False	False	True	1	positive	coccus	no	no	facultative	meso
24610	Streptococcus dentisani	Streptococcus	Bacillota	RS_GCF_016028175.1	GCF_016028175.1	True	species_seen	False	False	True	1	positive	coccus	no	no	facultative	meso
24618	Streptomyces wuyuanensis	Streptomyces	Actinomycetota	RS_GCF_900103455.1	GCF_900103455.1	True	genome_seen	False	True	True	1	positive	other	no	yes	aerobe	meso
24635	Planobispora siamensis	Planobispora	Actinomycetota	RS_GCF_016863175.1	GCF_016863175.1	True	genome_seen	False	True	True	1	positive	coccus	yes	yes	aerobe	meso
24651	Calderihabitans maritimus	Calderihabitans	Bacillota	RS_GCF_002207765.1	GCF_002207765.1	True	genome_seen	False	True	True	1	negative	rod	no	yes	anaerobe	thermo
24667	Williamsia_B sterculiae	Williamsia_B	Actinomycetota	RS_GCF_900156495.1	GCF_900156495.1	True	genome_seen	False	True	True	1	positive	rod	no	no	aerobe	meso
24668	Azorhizobium oxalatiphilum	Azorhizobium	Pseudomonadota	RS_GCF_014635325.1	GCF_014635325.1	True	genome_seen	False	True	True	1	negative	rod	yes	no	aerobe	meso
24669	Arenimonas metalli	Arenimonas	Pseudomonadota	RS_GCF_000747155.1	GCF_000747155.1	True	genome_seen	False	True	True	1	negative	rod	no	no	aerobe	meso
24670	Dyella jiangningensis	Dyella	Pseudomonadota	GB_GCA_000632805.1	GCA_000632805.1	True	genome_seen	False	True	True	1	negative	rod	yes	no	aerobe	meso
24675	Luteimonas huabeiensis	Luteimonas	Pseudomonadota	RS_GCF_000559025.1	GCF_000559025.1	True	genome_seen	False	True	True	1	negative	rod	no	no	aerobe	meso
24718	Acanthopleuribacter pedis	Acanthopleuribacter	Acidobacteriota	RS_GCF_017377855.1	GCF_017377855.1	False	genome_seen	False	True	True	1	negative	rod	yes	no	aerobe	meso
24720	Algoriphagus zhangzhouensis	Algoriphagus	Bacteroidota	RS_GCF_900148515.1	GCF_900148515.1	True	genome_seen	False	True	True	1	negative	rod	no	no	aerobe	meso
24721	Belliella pelovolcani	Belliella	Bacteroidota	RS_GCF_900156785.1	GCF_900156785.1	True	genome_seen	False	True	True	1	negative	rod	no	no	aerobe	meso
24724	Cecembia_A calidifontis	Cecembia_A	Bacteroidota	RS_GCF_004216715.1	GCF_004216715.1	True	genome_seen	False	True	True	1	negative	rod	no	no	aerobe	thermo
24725	Mariniradius saccharolyticus	Mariniradius	Bacteroidota	RS_GCF_000330725.2	GCF_000330725.2	True	genome_seen	False	True	True	1	negative	rod	no	no	aerobe	meso
24730	Actinopolyspora mzabensis	Actinopolyspora	Actinomycetota	RS_GCF_900101095.1	GCF_900101095.1	True	genome_seen	False	True	True	1	positive	rod	no	yes	aerobe	meso
24734	Niabella hirudinis	Niabella	Bacteroidota	RS_GCF_051201075.1	GCF_051201075.1	True	unseen	False	False	True	0	negative	rod	no	no	aerobe	meso
24735	Niabella drilacis	Niabella	Bacteroidota	RS_GCF_900101395.1	GCF_900101395.1	True	genome_seen	False	True	True	1	negative	rod	no	no	aerobe	meso
24736	Sediminibacterium salmoneum	Sediminibacterium	Bacteroidota	RS_GCF_000511175.1	GCF_000511175.1	True	genome_seen	False	True	True	1	negative	rod	yes	no	aerobe	meso
24739	Gracilimonas mengyeensis	Gracilimonas	Bacteroidota	RS_GCF_900182705.1	GCF_900182705.1	True	genome_seen	False	True	True	1	negative	rod	no	no	facultative	meso
24744	Aminivibrio pyruvatiphilus	Aminivibrio	Synergistota	RS_GCF_004366815.1	GCF_004366815.1	False	genome_seen	False	True	True	1	negative	rod	yes	no	anaerobe	meso
24745	Thermogemmatispora carboxidivorans	Thermogemmatispora	Chloroflexota	RS_GCF_000702505.1	GCF_000702505.1	False	genome_seen	False	True	True	1	positive	other	no	yes	facultative	thermo
24747	Christensenella minuta	Christensenella	Bacillota	RS_GCF_003628755.1	GCF_003628755.1	True	genome_seen	False	True	True	1	negative	rod	no	no	anaerobe	meso
24749	Eilatimonas milleporae	Eilatimonas	Pseudomonadota	RS_GCF_003688555.1	GCF_003688555.1	True	genome_seen	False	True	True	1	negative	rod	yes	no	aerobe	meso
24762	Neiella marina	Neiella	Pseudomonadota	RS_GCF_002165625.1	GCF_002165625.1	True	genome_seen	False	True	True	1	negative	rod	yes	no	aerobe	meso
24763	Pleionea mediterranea	Pleionea	Pseudomonadota	RS_GCF_003148745.1	GCF_003148745.1	True	genome_seen	False	True	True	1	negative	rod	no	no	aerobe	meso
24770	Vallitalea guaymasensis	Vallitalea	Bacillota	RS_GCF_018141425.1	GCF_018141425.1	True	genome_seen	False	True	True	1	negative	rod	no	no	anaerobe	meso
24772	Intestinimonas butyriciproducens	Intestinimonas	Bacillota	RS_GCF_004154955.1	GCF_004154955.1	True	genome_seen	False	True	True	1	positive	rod	no	yes	anaerobe	meso
24773	Thermoanaerobaculum aquaticum	Thermoanaerobaculum	Acidobacteriota	RS_GCF_000687145.1	GCF_000687145.1	False	genome_seen	False	True	True	1	negative	rod	no	no	anaerobe	thermo
24783	Exiguobacterium alkaliphilum	Exiguobacterium	Bacillota	RS_GCF_025234775.1	GCF_025234775.1	True	species_seen	False	False	True	1	positive	rod	yes	no	facultative	meso
24785	Mesoaciditoga lauensis	Mesoaciditoga	Thermotogota	RS_GCF_000745455.1	GCF_000745455.1	False	genome_seen	False	True	True	1	negative	rod	yes	no	anaerobe	thermo
24787	Fodinibius roseus	Fodinibius	Bacteroidota	RS_GCF_900129315.1	GCF_900129315.1	True	genome_seen	False	True	True	1	negative	rod	no	no	facultative	meso
24788	Fodinibius sediminis	Fodinibius	Bacteroidota	RS_GCF_900182555.1	GCF_900182555.1	True	genome_seen	False	True	True	1	negative	rod	no	no	aerobe	meso
24794	Chryseolinea serpens	Chryseolinea	Bacteroidota	RS_GCF_900129725.1	GCF_900129725.1	True	genome_seen	False	True	True	1	negative	rod	yes	no	aerobe	meso
24800	Jeongeupia chitinilytica	Jeongeupia	Pseudomonadota	RS_GCF_014652315.1	GCF_014652315.1	True	genome_seen	False	True	True	1	negative	rod	yes	no	facultative	meso
24801	Melioribacter roseus	Melioribacter	Bacteroidota	RS_GCF_000279145.1	GCF_000279145.1	True	genome_seen	False	True	True	1	negative	rod	yes	no	facultative	thermo
24803	Motilibacter rhizosphaerae	Motilibacter	Actinomycetota	RS_GCF_004216915.1	GCF_004216915.1	True	genome_seen	False	True	True	1	positive	rod	no	no	aerobe	meso
130139	Terriglobus aquaticus	Terriglobus	Acidobacteriota	RS_GCF_025685415.1	GCF_025685415.1	False	genome_seen	True	False	True	1	negative	rod	no	no	aerobe	meso
130150	Alicyclobacillus_I tolerans	Alicyclobacillus_I	Bacillota	RS_GCF_030803925.1	GCF_030803925.1	True	species_seen	False	False	True	1	positive	rod	yes	yes	aerobe	thermo
130201	Halobacillus_A andaensis	Halobacillus_A	Bacillota	RS_GCF_014636475.1	GCF_014636475.1	True	genome_seen	False	True	True	1	positive	rod	yes	yes	aerobe	meso
130206	Jeotgalibacillus terrae	Jeotgalibacillus	Bacillota	RS_GCF_016908195.1	GCF_016908195.1	True	genome_seen	False	True	True	1	positive	rod	yes	yes	aerobe	meso
130226	Brevibacterium jeotgali	Brevibacterium	Actinomycetota	RS_GCF_900169175.1	GCF_900169175.1	True	genome_seen	False	True	True	1	positive	rod	no	no	aerobe	meso
130227	Trinickia symbiotica	Trinickia	Pseudomonadota	RS_GCF_002934455.1	GCF_002934455.1	True	genome_seen	False	True	True	1	negative	rod	no	no	aerobe	meso
130228	Paraburkholderia diazotrophica	Paraburkholderia	Pseudomonadota	RS_GCF_900108945.1	GCF_900108945.1	True	genome_seen	False	True	True	1	negative	rod	yes	no	aerobe	meso
130254	Comamonas jiangduensis	Comamonas	Pseudomonadota	RS_GCF_030162955.1	GCF_030162955.1	True	species_seen	False	False	True	1	negative	rod	yes	no	aerobe	meso
130339	Geoalkalibacter_A subterraneus	Geoalkalibacter_A	Desulfobacterota	RS_GCF_000827125.1	GCF_000827125.1	False	genome_seen	False	True	True	1	negative	rod	yes	no	anaerobe	meso
130359	Anaerostipes rhamnosivorans	Anaerostipes	Bacillota	RS_GCF_005280655.1	GCF_005280655.1	True	genome_seen	False	True	True	1	positive	rod	no	yes	anaerobe	meso
130365	Levilactobacillus yonginensis	Levilactobacillus	Bacillota	RS_GCF_003946265.1	GCF_003946265.1	True	genome_seen	False	True	True	1	positive	rod	no	no	facultative	meso
130440	Actinoplanes siamensis	Actinoplanes	Actinomycetota	RS_GCF_016862395.1	GCF_016862395.1	True	genome_seen	False	True	True	1	positive	other	yes	yes	aerobe	meso
130450	Acinetobacter nectaris	Acinetobacter	Pseudomonadota	RS_GCF_000488215.1	GCF_000488215.1	True	genome_seen	False	True	True	1	negative	other	no	no	aerobe	meso
130524	Desulforadius tongensis	Desulforadius	Bacillota	RS_GCF_016907915.1	GCF_016907915.1	True	genome_seen	False	True	True	1	positive	rod	yes	yes	anaerobe	thermo
130527	Mesorhizobium robiniae	Mesorhizobium	Pseudomonadota	RS_GCF_040545535.1	GCF_040545535.1	True	unseen	False	False	True	0	negative	rod	yes	no	aerobe	meso
130529	Mesorhizobium silamurunense	Mesorhizobium	Pseudomonadota	RS_GCF_014843825.1	GCF_014843825.1	True	genome_seen	False	True	True	1	negative	rod	yes	no	aerobe	meso
130530	Mesorhizobium muleiense	Mesorhizobium	Pseudomonadota	RS_GCF_900099905.1	GCF_900099905.1	True	genome_seen	False	True	True	1	negative	rod	yes	no	aerobe	meso
130533	Mesorhizobium sangaii	Mesorhizobium	Pseudomonadota	RS_GCF_014207355.1	GCF_014207355.1	True	genome_seen	False	True	True	1	negative	rod	yes	no	aerobe	meso
130575	Geopseudomonas guangdongensis	Geopseudomonas	Pseudomonadota	RS_GCF_900105885.1	GCF_900105885.1	True	genome_seen	False	True	True	1	negative	rod	yes	no	facultative	meso
130606	Yoonia rosea	Yoonia	Pseudomonadota	RS_GCF_900156505.1	GCF_900156505.1	True	genome_seen	False	True	True	1	negative	rod	no	yes	aerobe	meso
130607	Yoonia litorea	Yoonia	Pseudomonadota	RS_GCF_900114675.1	GCF_900114675.1	True	genome_seen	False	True	True	1	negative	rod	no	no	aerobe	meso
130612	Pseudooceanicola marinus	Pseudooceanicola	Pseudomonadota	RS_GCF_002786295.1	GCF_002786295.1	True	genome_seen	False	True	True	1	negative	rod	no	no	facultative	meso
130622	Roseovarius pacificus	Roseovarius	Pseudomonadota	RS_GCF_900142665.1	GCF_900142665.1	True	genome_seen	False	True	True	1	negative	rod	yes	no	aerobe	meso
130624	Roseovarius nanhaiticus	Roseovarius	Pseudomonadota	RS_GCF_900156535.1	GCF_900156535.1	True	genome_seen	False	True	True	1	negative	other	yes	no	aerobe	meso
130639	Marivita hallyeonensis	Marivita	Pseudomonadota	RS_GCF_900129875.1	GCF_900129875.1	True	genome_seen	False	True	True	1	negative	rod	no	no	aerobe	meso
130640	Marivita geojedonensis	Marivita	Pseudomonadota	RS_GCF_002115805.1	GCF_002115805.1	True	genome_seen	False	True	True	1	negative	rod	no	no	aerobe	meso
130643	Litoreibacter meonggei	Litoreibacter	Pseudomonadota	RS_GCF_003663885.1	GCF_003663885.1	True	genome_seen	False	True	True	1	negative	other	no	no	aerobe	meso
130644	Litoreibacter halocynthiae	Litoreibacter	Pseudomonadota	RS_GCF_004365635.1	GCF_004365635.1	True	genome_seen	False	True	True	1	negative	coccus	no	no	aerobe	meso
130655	Thauera humireducens	Thauera	Pseudomonadota	RS_GCF_001051995.2	GCF_001051995.2	True	genome_seen	False	True	True	1	negative	rod	yes	no	facultative	meso
130671	Sphingobium fontiphilum	Sphingobium	Pseudomonadota	RS_GCF_014196635.1	GCF_014196635.1	True	genome_seen	False	True	True	1	negative	rod	no	no	aerobe	meso
130672	Sphingobium sufflavum	Sphingobium	Pseudomonadota	RS_GCF_021403115.1	GCF_021403115.1	True	genome_seen	False	True	True	1	negative	rod	no	no	aerobe	meso
130749	Photobacterium jeanii	Photobacterium	Pseudomonadota	RS_GCF_003025495.1	GCF_003025495.1	True	species_seen	False	False	True	1	negative	other	yes	no	facultative	meso
130765	Vibrio hangzhouensis	Vibrio	Pseudomonadota	RS_GCF_900107935.1	GCF_900107935.1	True	genome_seen	False	True	True	1	negative	rod	yes	no	aerobe	meso
130825	Paludibacterium paludis	Paludibacterium	Pseudomonadota	RS_GCF_018802605.1	GCF_018802605.1	True	genome_seen	False	True	True	1	negative	rod	yes	no	facultative	meso
130836	Anaerosphaera stercorisuis	Anaerosphaera	Bacillota	RS_GCF_017874395.1	GCF_017874395.1	True	genome_seen	False	True	True	1	positive	coccus	no	no	anaerobe	meso
131144	Formosa algae	Formosa	Bacteroidota	RS_GCF_001439665.1	GCF_001439665.1	True	genome_seen	False	True	True	1	negative	rod	yes	no	facultative	meso
131249	Bacteroides stercorirosoris	Bacteroides	Bacteroidota	RS_GCF_900142015.1	GCF_900142015.1	True	genome_seen	False	True	True	1	negative	rod	no	no	anaerobe	meso
131250	Sphingomonas endophytica	Sphingomonas	Pseudomonadota	RS_GCF_014199415.1	GCF_014199415.1	True	genome_seen	False	True	True	1	negative	rod	yes	no	aerobe	meso
131253	Microvirga lotononidis	Microvirga	Pseudomonadota	RS_GCF_034627025.1	GCF_034627025.1	True	species_seen	False	False	True	1	negative	rod	yes	no	aerobe	meso
131254	Microvirga zambiensis	Microvirga	Pseudomonadota	RS_GCF_016735695.1	GCF_016735695.1	True	genome_seen	False	True	True	1	negative	rod	yes	no	aerobe	meso
131261	Extensimonas vulgaris	Extensimonas	Pseudomonadota	RS_GCF_003337425.1	GCF_003337425.1	True	genome_seen	False	True	True	1	negative	rod	yes	no	aerobe	thermo
131263	Vogesella fluminis	Vogesella	Pseudomonadota	RS_GCF_014652335.1	GCF_014652335.1	True	genome_seen	False	True	True	1	negative	rod	yes	no	aerobe	meso
131364	Streptobacillus felis	Streptobacillus	Fusobacteriota	RS_GCF_001559775.1	GCF_001559775.1	False	genome_seen	False	True	True	1	negative	rod	no	no	facultative	meso
131387	Bifidobacterium longum	Bifidobacterium	Actinomycetota	RS_GCF_017132755.1	GCF_017132755.1	True	species_seen	False	False	True	1	positive	rod	no	no	anaerobe	meso
131449	Anaerobium acetethylicum	Anaerobium	Bacillota	RS_GCF_900096945.1	GCF_900096945.1	True	genome_seen	False	True	True	1	positive	rod	no	no	anaerobe	meso
131823	Mycobacterium houstonense	Mycobacterium	Actinomycetota	RS_GCF_025823315.1	GCF_025823315.1	True	species_seen	False	False	True	1	positive	rod	no	no	aerobe	meso
132014	Actinocrinis puniceicyclus	Actinocrinis	Actinomycetota	RS_GCF_018283645.1	GCF_018283645.1	True	genome_seen	False	True	True	1	positive	other	no	yes	aerobe	meso
132051	Yoonia agnita	Yoonia	Pseudomonadota	RS_GCF_046640325.1	GCF_046640325.1	True	unseen	False	False	True	0	negative	rod	no	no	aerobe	meso
132060	Stenotrophomonas indicatrix	Stenotrophomonas	Pseudomonadota	RS_GCF_002750975.1	GCF_002750975.1	True	genome_seen	False	True	True	1	negative	rod	yes	no	aerobe	meso
132082	Venenivibrio stagnispumantis	Venenivibrio	Aquificota	RS_GCF_900182795.1	GCF_900182795.1	False	genome_seen	True	False	True	1	negative	rod	yes	no	facultative	thermo
132142	Enterococcus_L rotai	Enterococcus_L	Bacillota	RS_GCF_001465345.1	GCF_001465345.1	True	genome_seen	False	True	True	1	positive	other	no	no	facultative	meso
132143	Enterococcus_L ureilyticus	Enterococcus_L	Bacillota	RS_GCF_001730315.1	GCF_001730315.1	True	genome_seen	False	True	True	1	positive	other	no	no	facultative	meso
132144	Comamonas guangdongensis	Comamonas	Pseudomonadota	RS_GCF_041079535.1	GCF_041079535.1	True	unseen	False	False	True	0	negative	rod	yes	no	facultative	meso
132154	Rhizobium calliandrae	Rhizobium	Pseudomonadota	RS_GCF_030272695.1	GCF_030272695.1	True	genome_seen	True	False	True	1	negative	rod	yes	no	aerobe	meso
132155	Rhizobium mayense	Rhizobium	Pseudomonadota	RS_GCF_030272705.1	GCF_030272705.1	True	genome_seen	True	False	True	1	negative	rod	no	no	aerobe	meso
132157	Halalkalibacter oceani	Halalkalibacter	Bacillota	RS_GCF_040544555.1	GCF_040544555.1	True	species_seen	False	False	True	1	positive	rod	yes	yes	aerobe	meso
132159	Parapedobacter pyrenivorans	Parapedobacter	Bacteroidota	RS_GCF_014636865.1	GCF_014636865.1	True	genome_seen	False	True	True	1	negative	rod	no	no	aerobe	meso
132342	Microlunatus endophyticus	Microlunatus	Actinomycetota	RS_GCF_014646195.1	GCF_014646195.1	True	genome_seen	False	True	True	1	negative	coccus	no	no	aerobe	meso
132345	Bifidobacterium myosotis	Bifidobacterium	Actinomycetota	RS_GCF_002259745.1	GCF_002259745.1	True	genome_seen	False	True	True	1	positive	rod	no	no	anaerobe	meso
132350	Edaphobacter dinghuensis	Edaphobacter	Acidobacteriota	RS_GCF_014640335.1	GCF_014640335.1	False	genome_seen	False	True	True	1	negative	rod	no	no	aerobe	meso
132351	Telmatobacter riparius	Telmatobacter	Acidobacteriota	RS_GCF_025264625.1	GCF_025264625.1	False	genome_seen	True	False	True	1	negative	rod	yes	no	aerobe	meso
132356	Paucilactobacillus wasatchensis	Paucilactobacillus	Bacillota	RS_GCF_000876205.1	GCF_000876205.1	True	genome_seen	False	True	True	1	positive	rod	no	no	facultative	meso
132357	Acidithiobacillus ferriphilus	Acidithiobacillus	Pseudomonadota	RS_GCF_018854775.1	GCF_018854775.1	True	genome_seen	False	True	True	1	negative	rod	yes	no	facultative	meso
132361	Comamonas phosphati	Comamonas	Pseudomonadota	GB_GCA_014637085.1	GCA_014637085.1	True	genome_seen	True	True	True	1	negative	rod	yes	no	facultative	meso
132362	Companilactobacillus insicii	Companilactobacillus	Bacillota	RS_GCF_003946015.1	GCF_003946015.1	True	genome_seen	False	True	True	1	positive	rod	no	no	facultative	meso
132363	Paenibacillus terreus	Paenibacillus	Bacillota	RS_GCF_042138595.1	GCF_042138595.1	True	unseen	False	False	True	0	positive	rod	yes	yes	aerobe	meso
132364	Bacillus gobiensis	Bacillus	Bacillota	RS_GCF_001278705.1	GCF_001278705.1	True	genome_seen	False	True	True	1	positive	rod	yes	yes	aerobe	meso
132365	Bradyrhizobium vignae	Bradyrhizobium	Pseudomonadota	RS_GCF_004114425.1	GCF_004114425.1	True	genome_seen	False	True	True	1	negative	rod	yes	no	aerobe	meso
132373	Monashia flava	Monashia	Actinomycetota	RS_GCF_001956915.1	GCF_001956915.1	True	genome_seen	False	True	True	1	positive	rod	no	no	aerobe	meso
132376	Cnuibacter physcomitrellae	Cnuibacter	Actinomycetota	RS_GCF_014640535.1	GCF_014640535.1	True	genome_seen	False	True	True	1	positive	rod	no	no	aerobe	meso
132379	Arachnia rhinocerotis	Arachnia	Actinomycetota	RS_GCF_007197885.1	GCF_007197885.1	True	genome_seen	False	True	True	1	positive	rod	no	no	facultative	meso
132382	Neobacillus cucumis	Neobacillus	Bacillota	RS_GCF_016908975.1	GCF_016908975.1	True	genome_seen	False	True	True	1	positive	rod	no	yes	facultative	meso
132386	Haloimpatiens lingqiaonensis	Haloimpatiens	Bacillota	RS_GCF_044502415.1	GCF_044502415.1	True	species_seen	False	False	True	1	positive	rod	yes	no	anaerobe	meso
132388	Clostridium_AO liquoris	Clostridium_AO	Bacillota	RS_GCF_002995785.1	GCF_002995785.1	True	genome_seen	False	True	True	1	positive	rod	no	yes	anaerobe	meso
132389	Domibacillus iocasae	Domibacillus	Bacillota	RS_GCF_001750285.1	GCF_001750285.1	True	genome_seen	False	True	True	1	positive	rod	yes	yes	aerobe	meso
132390	Paenibacillus_E marchantiophytorum	Paenibacillus_E	Bacillota	RS_GCF_014640555.1	GCF_014640555.1	True	genome_seen	False	True	True	1	positive	rod	yes	yes	aerobe	meso
132395	Roseburia ruminis	Roseburia	Bacillota	RS_GCF_028539255.1	GCF_028539255.1	True	species_seen	False	False	True	1	negative	rod	yes	no	anaerobe	meso
132396	Lachnotalea glycerini	Lachnotalea	Bacillota	RS_GCF_003201285.1	GCF_003201285.1	True	genome_seen	False	True	True	1	positive	rod	no	no	anaerobe	meso
132397	Paenibacillus_AQ etheri	Paenibacillus_AQ	Bacillota	RS_GCF_001012825.1	GCF_001012825.1	True	genome_seen	False	True	True	1	positive	rod	yes	yes	facultative	meso
132403	Shimia abyssi	Shimia	Pseudomonadota	RS_GCF_003014475.1	GCF_003014475.1	True	genome_seen	False	True	True	1	negative	other	no	no	aerobe	meso
132414	Inmirania thermothiophila	Inmirania	Pseudomonadota	RS_GCF_003751635.1	GCF_003751635.1	True	genome_seen	False	True	True	1	negative	rod	yes	no	facultative	thermo
132416	Athalassotoga saccharophila	Athalassotoga	Thermotogota	RS_GCF_009936215.1	GCF_009936215.1	False	genome_seen	False	True	True	1	negative	rod	no	no	anaerobe	thermo
132424	Faecalibaculum rodentium	Faecalibaculum	Bacillota_I	RS_GCF_001564455.1	GCF_001564455.1	False	genome_seen	False	True	True	1	positive	rod	no	no	anaerobe	meso
132430	Phycicoccus endophyticus	Phycicoccus	Actinomycetota	RS_GCF_014395645.1	GCF_014395645.1	True	species_seen	False	False	True	1	positive	rod	no	no	aerobe	meso
132436	Aquipseudomonas helleri	Aquipseudomonas	Pseudomonadota	RS_GCF_001043025.1	GCF_001043025.1	True	genome_seen	False	True	True	1	negative	rod	yes	no	aerobe	meso
132438	Aquipseudomonas weihenstephanensis	Aquipseudomonas	Pseudomonadota	RS_GCF_001043055.1	GCF_001043055.1	True	genome_seen	False	True	True	1	negative	rod	yes	no	aerobe	meso
132440	Promicromonospora alba	Promicromonospora	Actinomycetota	RS_GCF_042654905.1	GCF_042654905.1	True	unseen	False	False	True	0	positive	coccus	no	no	aerobe	meso
132446	Nesterenkonia aurantiaca	Nesterenkonia	Actinomycetota	RS_GCF_004364585.1	GCF_004364585.1	True	genome_seen	False	True	True	1	positive	coccus	no	no	aerobe	meso
132448	Sedimentibacter acidaminivorans	Sedimentibacter	Bacillota	RS_GCF_017873955.1	GCF_017873955.1	True	genome_seen	False	True	True	1	negative	rod	no	no	anaerobe	meso
132449	Oceanobacillus halophilus	Oceanobacillus	Bacillota	RS_GCF_003628505.1	GCF_003628505.1	True	genome_seen	False	True	True	1	positive	rod	yes	yes	aerobe	meso
132450	Mobilisporobacter senegalensis	Mobilisporobacter	Bacillota	RS_GCF_003752155.1	GCF_003752155.1	True	genome_seen	False	True	True	1	positive	rod	yes	yes	anaerobe	meso
132451	Saccharibacillus bovis	Saccharibacillus	Bacillota	RS_GCF_001421015.2	GCF_001421015.2	True	genome_seen	False	True	True	1	positive	rod	yes	yes	aerobe	meso
132457	Desulfurella amilsii	Desulfurella	Campylobacterota_A	RS_GCF_002119425.1	GCF_002119425.1	False	genome_seen	False	True	True	1	negative	rod	no	no	anaerobe	thermo
132480	Arachnia flava	Arachnia	Actinomycetota	RS_GCF_001997295.1	GCF_001997295.1	True	genome_seen	False	True	True	1	positive	coccus	no	no	facultative	meso
132482	Nocardioides zeicaulis	Nocardioides	Actinomycetota	RS_GCF_042432345.1	GCF_042432345.1	True	unseen	False	False	True	0	positive	rod	no	no	aerobe	meso
132485	Solilutibacter tolerans	Solilutibacter	Pseudomonadota	RS_GCF_900155935.1	GCF_900155935.1	True	genome_seen	False	True	True	1	negative	rod	no	no	aerobe	meso
132488	Caviibacter abscessus	Caviibacter	Fusobacteriota	RS_GCF_001517835.1	GCF_001517835.1	False	genome_seen	False	True	True	1	negative	rod	no	no	anaerobe	meso
132514	Marmoricola marmoriginsengisoli	Marmoricola	Actinomycetota	RS_GCF_003725695.1	GCF_003725695.1	True	genome_seen	False	True	True	1	positive	rod	no	no	aerobe	meso
132515	Marmoricola pocheonensis	Marmoricola	Actinomycetota	RS_GCF_003725535.1	GCF_003725535.1	True	genome_seen	False	True	True	1	positive	rod	no	no	aerobe	meso
132517	Longimicrobium terrae	Longimicrobium	Gemmatimonadota	RS_GCF_014202995.1	GCF_014202995.1	False	genome_seen	False	True	True	1	negative	rod	no	no	aerobe	meso
132535	Kribbella pittospori	Kribbella	Actinomycetota	RS_GCF_004331465.1	GCF_004331465.1	True	genome_seen	False	True	True	1	positive	rod	no	yes	aerobe	meso
132547	Alkalicoccus urumqiensis	Alkalicoccus	Bacillota	RS_GCF_002993335.1	GCF_002993335.1	True	genome_seen	False	True	True	1	positive	rod	yes	no	aerobe	meso
132548	Fictibacillus halophilus	Fictibacillus	Bacillota	RS_GCF_016401385.1	GCF_016401385.1	True	genome_seen	False	True	True	1	positive	rod	yes	yes	aerobe	meso
132560	Corynebacterium faecale	Corynebacterium	Actinomycetota	RS_GCF_030408735.1	GCF_030408735.1	True	genome_seen	True	False	True	1	positive	rod	no	no	facultative	meso
132569	Dissulfurirhabdus thermomarina	Dissulfurirhabdus	Desulfobacterota	RS_GCF_012979235.1	GCF_012979235.1	False	genome_seen	False	True	True	1	negative	rod	yes	no	anaerobe	thermo
132573	Peribacillus loiseleuriae	Peribacillus	Bacillota	RS_GCF_001183985.1	GCF_001183985.1	True	genome_seen	False	True	True	1	positive	rod	yes	yes	aerobe	meso
132575	Caenibacillus caldisaponilyticus	Caenibacillus	Bacillota	RS_GCF_002003465.1	GCF_002003465.1	True	genome_seen	False	True	True	1	positive	rod	no	yes	aerobe	thermo
132580	Microlunatus kandeliicorticis	Microlunatus	Actinomycetota	RS_GCF_014137855.1	GCF_014137855.1	True	genome_seen	False	True	True	1	positive	coccus	no	no	aerobe	meso
132583	Mobilitalea torta	Mobilitalea	Bacillota	RS_GCF_050433395.1	GCF_050433395.1	True	species_seen	False	False	True	1	positive	rod	yes	yes	anaerobe	meso
132584	Anaerocolumna cellulosilytica	Anaerocolumna	Bacillota	RS_GCF_014202875.1	GCF_014202875.1	True	species_seen	False	False	True	1	positive	rod	yes	yes	anaerobe	meso
132588	Ruthenibacterium lactatiformans	Ruthenibacterium	Bacillota	RS_GCF_000949455.1	GCF_000949455.1	True	genome_seen	False	True	True	1	negative	rod	no	no	anaerobe	meso
132589	Paenibacillus_AH cisolokensis	Paenibacillus_AH	Bacillota	RS_GCF_018403665.1	GCF_018403665.1	True	genome_seen	False	True	True	1	positive	rod	yes	yes	aerobe	thermo
132597	Pseudobacter ginsenosidimutans	Pseudobacter	Bacteroidota	RS_GCF_007970185.1	GCF_007970185.1	True	genome_seen	False	True	True	1	negative	rod	no	no	aerobe	meso
132605	Cutibacterium namnetense	Cutibacterium	Actinomycetota	RS_GCF_001642025.1	GCF_001642025.1	True	genome_seen	False	True	True	1	positive	other	no	no	anaerobe	meso
132609	Corynebacterium pollutisoli	Corynebacterium	Actinomycetota	RS_GCF_900177745.1	GCF_900177745.1	True	genome_seen	False	True	True	1	positive	other	no	no	aerobe	meso
132617	Phocicoccus schoeneichii	Phocicoccus	Bacillota	RS_GCF_014635565.1	GCF_014635565.1	True	genome_seen	False	True	True	1	positive	coccus	no	no	aerobe	meso
132618	Agathobaculum butyriciproducens	Agathobaculum	Bacillota	RS_GCF_003096535.1	GCF_003096535.1	True	genome_seen	False	True	True	1	positive	rod	no	no	anaerobe	meso
132619	Fontibacillus segetis	Fontibacillus	Bacillota	RS_GCF_014639155.1	GCF_014639155.1	True	genome_seen	False	True	True	1	positive	rod	yes	yes	facultative	meso
132624	Varunaivibrio sulfuroxidans	Varunaivibrio	Pseudomonadota	RS_GCF_029318635.1	GCF_029318635.1	True	species_seen	False	False	True	1	negative	other	yes	no	facultative	meso
132626	Undibacterium danionis	Undibacterium	Pseudomonadota	RS_GCF_042432465.1	GCF_042432465.1	True	unseen	False	False	True	0	negative	rod	no	no	aerobe	meso
132637	Panacibacter ginsenosidivorans	Panacibacter	Bacteroidota	RS_GCF_007971225.1	GCF_007971225.1	True	genome_seen	False	True	True	1	negative	rod	no	no	aerobe	meso
132639	Anaerosporomusa subterranea	Anaerosporomusa	Bacillota	RS_GCF_001611555.1	GCF_001611555.1	True	genome_seen	False	True	True	1	negative	other	yes	yes	anaerobe	meso
132640	Paenibacillus_AQ silagei	Paenibacillus_AQ	Bacillota	RS_GCF_017874735.1	GCF_017874735.1	True	genome_seen	False	True	True	1	negative	rod	no	yes	facultative	meso
132643	Tepidibacillus_B infernus	Tepidibacillus_B	Bacillota	RS_GCF_001561915.1	GCF_001561915.1	True	genome_seen	False	True	True	1	negative	rod	yes	yes	facultative	meso
132644	Harryflintia acetispora	Harryflintia	Bacillota	RS_GCF_004340125.1	GCF_004340125.1	True	genome_seen	False	True	True	1	negative	rod	no	yes	anaerobe	meso
132659	Lolliginicoccus rhizosphaerae	Lolliginicoccus	Actinomycetota	RS_GCF_014643175.1	GCF_014643175.1	True	genome_seen	False	True	True	1	positive	coccus	no	no	aerobe	meso
132660	Microbacterium faecale	Microbacterium	Actinomycetota	RS_GCF_014640975.1	GCF_014640975.1	True	genome_seen	False	True	True	1	positive	rod	no	no	aerobe	meso
132676	Desulfotomaculum aquiferis	Desulfotomaculum	Bacillota	GB_GCA_004143605.1	GCA_004143605.1	True	genome_seen	False	True	True	1	positive	rod	no	yes	anaerobe	meso
132678	Wukongibacter baidiensis	Wukongibacter	Bacillota	RS_GCF_050888315.1	GCF_050888315.1	True	unseen	False	False	False	0	positive	rod	no	yes	anaerobe	meso
132679	Herbivorax saccincola	Herbivorax	Bacillota	RS_GCF_002844395.1	GCF_002844395.1	True	genome_seen	False	True	True	1	positive	rod	no	yes	anaerobe	thermo
132680	Serpentinicella alkaliphila	Serpentinicella	Bacillota	RS_GCF_018141405.1	GCF_018141405.1	True	genome_seen	False	True	True	1	positive	rod	yes	yes	anaerobe	meso
132682	Francisella inopinata	Francisella	Pseudomonadota	RS_GCF_012222965.1	GCF_012222965.1	True	genome_seen	False	True	True	1	negative	coccus	no	no	aerobe	meso
132684	Francisella guangzhouensis	Francisella	Pseudomonadota	RS_GCF_000815225.1	GCF_000815225.1	True	genome_seen	False	True	True	1	negative	other	no	no	facultative	meso
132846	Jannaschia seosinensis	Jannaschia	Pseudomonadota	RS_GCF_001408515.1	GCF_001408515.1	True	genome_seen	False	True	True	1	negative	rod	yes	no	aerobe	meso
132853	Arcicella rosea	Arcicella	Bacteroidota	RS_GCF_040543805.1	GCF_040543805.1	True	unseen	False	False	True	0	negative	rod	no	no	aerobe	meso
132874	Chryseobacterium flavum	Chryseobacterium	Bacteroidota	RS_GCF_040545315.1	GCF_040545315.1	True	species_seen	False	False	True	1	negative	rod	no	no	aerobe	meso
132885	Kushneria indalinina	Kushneria	Pseudomonadota	RS_GCF_003385845.1	GCF_003385845.1	True	genome_seen	False	True	True	1	negative	rod	yes	no	aerobe	meso
132910	Veillonella tobetsuensis	Veillonella	Bacillota	RS_GCF_001078375.1	GCF_001078375.1	True	genome_seen	False	True	True	1	negative	coccus	no	no	anaerobe	meso
132911	Telluria yuzhufengensis	Telluria	Pseudomonadota	RS_GCF_900112225.1	GCF_900112225.1	True	genome_seen	False	True	True	1	negative	rod	yes	no	aerobe	meso
132917	Neorhizobium tarimense	Neorhizobium	Pseudomonadota	RS_GCF_040545145.1	GCF_040545145.1	True	species_seen	False	False	True	1	negative	rod	no	no	aerobe	meso
132963	Rhabdobacter roseus	Rhabdobacter	Bacteroidota	RS_GCF_014202275.1	GCF_014202275.1	True	genome_seen	False	True	True	1	negative	rod	no	no	aerobe	meso
132964	Fluviicoccus keumensis	Fluviicoccus	Pseudomonadota	RS_GCF_004217445.1	GCF_004217445.1	True	genome_seen	False	True	True	1	negative	coccus	no	no	aerobe	meso
132966	Ahrensia marina	Ahrensia	Pseudomonadota	RS_GCF_001293565.1	GCF_001293565.1	True	genome_seen	False	True	True	1	negative	rod	yes	no	aerobe	meso
132970	Mucilaginibacter yixingensis	Mucilaginibacter	Bacteroidota	RS_GCF_003050755.1	GCF_003050755.1	True	genome_seen	False	True	True	1	negative	rod	no	no	aerobe	meso
132978	Mycoplana azooxidifex	Mycoplana	Pseudomonadota	RS_GCF_014196765.1	GCF_014196765.1	True	genome_seen	False	True	True	1	negative	rod	no	no	facultative	meso
132986	Flavobacterium aquicola	Flavobacterium	Bacteroidota	RS_GCF_003385115.1	GCF_003385115.1	True	genome_seen	False	True	True	1	negative	rod	yes	no	facultative	meso
132988	Marinirhabdus gelatinilytica	Marinirhabdus	Bacteroidota	RS_GCF_003353425.1	GCF_003353425.1	True	genome_seen	False	True	True	1	negative	rod	no	no	aerobe	meso
132989	Methylopila methanolivorans	Methylopila	Pseudomonadota	RS_GCF_042648545.1	GCF_042648545.1	True	species_seen	False	False	True	1	negative	rod	no	no	aerobe	meso
132991	Larsenimonas suaedae	Larsenimonas	Pseudomonadota	RS_GCF_023712105.1	GCF_023712105.1	True	genome_seen	False	True	True	1	negative	rod	yes	no	aerobe	meso
132992	Agarivorans aestuarii	Agarivorans	Pseudomonadota	RS_GCF_019670125.1	GCF_019670125.1	True	genome_seen	False	True	True	1	negative	rod	yes	no	aerobe	meso
132993	Allohahella marinimesophila	Allohahella	Pseudomonadota	RS_GCF_039538005.1	GCF_039538005.1	True	unseen	False	False	True	0	negative	rod	yes	no	aerobe	meso
133003	Ancylomarina subtilis	Ancylomarina	Bacteroidota	RS_GCF_004217115.1	GCF_004217115.1	True	genome_seen	False	True	True	1	negative	other	no	no	facultative	meso
133006	Oceanihabitans iliipiscarium	Oceanihabitans	Bacteroidota	RS_GCF_042686125.1	GCF_042686125.1	True	unseen	False	False	True	0	negative	rod	yes	no	aerobe	meso
133009	Balneicella halophila	Balneicella	Bacteroidota	RS_GCF_003096835.1	GCF_003096835.1	True	genome_seen	False	True	True	1	negative	rod	no	no	anaerobe	meso
133010	Paenibacillus_AQ solani	Paenibacillus_AQ	Bacillota	RS_GCF_001277345.1	GCF_001277345.1	True	genome_seen	False	True	True	1	positive	rod	yes	yes	aerobe	meso
133011	Scopulibacillus_A daqui	Scopulibacillus_A	Bacillota	RS_GCF_016908855.1	GCF_016908855.1	True	genome_seen	False	True	True	1	positive	rod	no	yes	facultative	thermo
133012	Bacillus_A wiedmannii	Bacillus_A	Bacillota	RS_GCF_001583695.1	GCF_001583695.1	False	genome_seen	False	True	True	1	positive	rod	no	yes	facultative	meso
133028	Peptococcus simiae	Peptococcus	Bacillota	RS_GCF_046097595.1	GCF_046097595.1	True	unseen	False	False	True	0	positive	coccus	no	no	anaerobe	meso
133029	Lentibacillus_C populi	Lentibacillus_C	Bacillota	RS_GCF_014642895.1	GCF_014642895.1	True	genome_seen	False	True	True	1	positive	rod	yes	yes	aerobe	meso
133032	Deinococcus soli	Deinococcus	Deinococcota	RS_GCF_014640655.1	GCF_014640655.1	False	species_seen	False	False	True	1	negative	rod	no	no	aerobe	meso
133033	Pseudacidobacterium ailaaui	Pseudacidobacterium	Acidobacteriota	RS_GCF_000688455.1	GCF_000688455.1	False	genome_seen	False	True	True	1	negative	rod	no	no	aerobe	meso
133034	Deinococcus budaensis	Deinococcus	Deinococcota	RS_GCF_014201885.1	GCF_014201885.1	False	genome_seen	False	True	True	1	negative	coccus	no	no	aerobe	meso
133046	Luteimonas padinae	Luteimonas	Pseudomonadota	RS_GCF_014652935.1	GCF_014652935.1	True	genome_seen	False	True	True	1	negative	rod	no	no	aerobe	meso
133060	Citrobacter europaeus	Citrobacter	Pseudomonadota	GB_GCA_020099315.1	GCA_020099315.1	True	genome_seen	False	True	True	1	negative	rod	yes	no	facultative	meso
133068	Thermodesulfitimonas autotrophica	Thermodesulfitimonas	Bacillota	RS_GCF_003815015.1	GCF_003815015.1	True	genome_seen	False	True	True	1	positive	rod	yes	no	anaerobe	thermo
133069	Lactobacillus colini	Lactobacillus	Bacillota	RS_GCF_017874575.1	GCF_017874575.1	True	genome_seen	False	True	True	1	positive	rod	no	no	facultative	meso
133071	Cohnella lubricantis	Cohnella	Bacillota	RS_GCF_014212015.1	GCF_014212015.1	True	genome_seen	False	True	True	1	positive	rod	no	yes	aerobe	meso
133072	Desulfobulbus oligotrophicus	Desulfobulbus	Desulfobacterota	RS_GCF_016446285.1	GCF_016446285.1	False	genome_seen	False	True	True	1	negative	other	yes	no	anaerobe	meso
133079	Nocardioides cavernae	Nocardioides	Actinomycetota	RS_GCF_016907475.1	GCF_016907475.1	True	genome_seen	False	True	True	1	positive	rod	no	no	aerobe	meso
133086	Oharaeibacter diazotrophicus	Oharaeibacter	Pseudomonadota	RS_GCF_004362745.1	GCF_004362745.1	True	genome_seen	False	True	True	1	negative	rod	yes	no	aerobe	meso
133090	Paenibacillus silvae	Paenibacillus	Bacillota	RS_GCF_014639235.1	GCF_014639235.1	True	genome_seen	False	True	True	1	positive	rod	no	yes	facultative	meso
133091	Planococcus versutus	Planococcus	Bacillota	RS_GCF_001186155.3	GCF_001186155.3	True	genome_seen	False	True	True	1	positive	coccus	yes	no	aerobe	meso
133092	Paenibacillus_AI eucommiae	Paenibacillus_AI	Bacillota	RS_GCF_017874215.1	GCF_017874215.1	True	genome_seen	False	True	True	1	positive	rod	yes	yes	aerobe	meso
133094	Paenibacillus_E aceris	Paenibacillus_E	Bacillota	RS_GCF_017874035.1	GCF_017874035.1	True	genome_seen	False	True	True	1	positive	rod	no	no	facultative	meso
133096	Sphingobacterium cellulitidis	Sphingobacterium	Bacteroidota	RS_GCF_002245855.1	GCF_002245855.1	True	genome_seen	False	True	True	1	negative	rod	no	no	aerobe	meso
133099	Sanguibacter gelidistatuariae	Sanguibacter	Actinomycetota	RS_GCF_900096585.1	GCF_900096585.1	True	genome_seen	False	True	True	1	positive	rod	yes	no	facultative	meso
133106	Pseudactinotalea caeni	Pseudactinotalea	Actinomycetota	RS_GCF_009733795.1	GCF_009733795.1	True	genome_seen	False	True	True	1	positive	rod	no	no	aerobe	meso
133113	Pedobacter jamesrossensis	Pedobacter	Bacteroidota	RS_GCF_042650905.1	GCF_042650905.1	True	unseen	False	False	True	0	negative	rod	no	no	aerobe	meso
133120	Hymenobacter aquaticus	Hymenobacter	Bacteroidota	RS_GCF_004765605.1	GCF_004765605.1	True	genome_seen	False	True	True	1	negative	rod	no	no	aerobe	meso
133122	Rhodohalobacter halophilus	Rhodohalobacter	Bacteroidota	RS_GCF_001715195.1	GCF_001715195.1	True	genome_seen	False	True	True	1	negative	rod	no	no	facultative	meso
133127	Sphingobacterium thermophilum	Sphingobacterium	Bacteroidota	RS_GCF_039541675.1	GCF_039541675.1	True	species_seen	False	False	True	1	negative	rod	no	no	aerobe	meso
133133	Gordonia hongkongensis	Gordonia	Actinomycetota	RS_GCF_023078355.1	GCF_023078355.1	True	genome_seen	False	True	True	1	positive	rod	no	no	aerobe	meso
133139	Porphyromonas loveana	Porphyromonas	Bacteroidota	RS_GCF_003096695.1	GCF_003096695.1	True	genome_seen	False	True	True	1	negative	rod	no	no	anaerobe	meso
133142	Mucilaginibacter pedocola	Mucilaginibacter	Bacteroidota	RS_GCF_002013915.1	GCF_002013915.1	True	genome_seen	False	True	True	1	negative	rod	no	no	aerobe	meso
133143	Kaistella montana	Kaistella	Bacteroidota	RS_GCF_042684405.1	GCF_042684405.1	True	species_seen	False	False	True	1	negative	rod	no	no	aerobe	meso
133156	Streptococcus halotolerans	Streptococcus	Bacillota	RS_GCF_001598035.1	GCF_001598035.1	True	genome_seen	False	True	True	1	positive	coccus	no	no	facultative	meso
133157	Oceanobacillus longus	Oceanobacillus	Bacillota	RS_GCF_042650085.1	GCF_042650085.1	True	unseen	False	False	True	0	positive	rod	yes	yes	aerobe	meso
133158	Sulfitobacter faviae	Sulfitobacter	Pseudomonadota	RS_GCF_029870955.1	GCF_029870955.1	True	species_seen	False	False	True	1	negative	rod	yes	no	aerobe	meso
133164	Aurantimonas endophytica	Aurantimonas	Pseudomonadota	RS_GCF_014196845.1	GCF_014196845.1	True	genome_seen	False	True	True	1	negative	rod	yes	no	aerobe	meso
133169	Allopontixanthobacter confluentis	Allopontixanthobacter	Pseudomonadota	RS_GCF_009827615.1	GCF_009827615.1	True	genome_seen	False	True	True	1	negative	other	no	no	aerobe	meso
133173	JAFCUW01 sp002760665	JAFCUW01	Pseudomonadota	RS_GCF_002760665.1	GCF_002760665.1	True	genome_seen	False	True	True	1	negative	rod	yes	yes	aerobe	meso
133176	Rhizobium altiplani	Rhizobium	Pseudomonadota	RS_GCF_001542405.1	GCF_001542405.1	True	genome_seen	False	True	True	1	negative	rod	yes	no	aerobe	meso
133179	Paraburkholderia caffeinilytica	Paraburkholderia	Pseudomonadota	RS_GCF_003368325.1	GCF_003368325.1	True	genome_seen	False	True	True	1	negative	rod	no	no	facultative	meso
133191	Pontibacter rugosus	Pontibacter	Bacteroidota	RS_GCF_042678745.1	GCF_042678745.1	True	unseen	False	False	True	0	negative	rod	yes	no	aerobe	meso
133198	Polaribacter marinaquae	Polaribacter	Bacteroidota	RS_GCF_038019025.1	GCF_038019025.1	True	species_seen	False	False	True	1	negative	rod	no	no	aerobe	meso
133200	Haoranjiania flava	Haoranjiania	Bacteroidota	RS_GCF_025631005.1	GCF_025631005.1	True	species_seen	False	False	True	1	negative	rod	no	no	aerobe	meso
133201	Hymenobacter nivis	Hymenobacter	Bacteroidota	RS_GCF_003149515.1	GCF_003149515.1	True	genome_seen	False	True	True	1	negative	rod	no	no	aerobe	meso
133202	Maribacter_A arenosus	Maribacter_A	Bacteroidota	RS_GCF_014610845.1	GCF_014610845.1	True	genome_seen	False	True	True	1	negative	rod	no	no	aerobe	meso
133203	Streptococcus marmotae	Streptococcus	Bacillota	RS_GCF_001623565.1	GCF_001623565.1	True	genome_seen	False	True	True	1	positive	coccus	no	no	facultative	meso
133208	Saccharibacillus qingshengii	Saccharibacillus	Bacillota	RS_GCF_013185195.1	GCF_013185195.1	True	genome_seen	False	True	True	1	positive	rod	yes	yes	aerobe	meso
133210	Pullulanibacillus camelliae	Pullulanibacillus	Bacillota	RS_GCF_014642655.1	GCF_014642655.1	True	genome_seen	False	True	True	1	positive	rod	no	yes	aerobe	meso
133217	Rhizobium favelukesii	Rhizobium	Pseudomonadota	RS_GCF_000577275.2	GCF_000577275.2	True	genome_seen	False	True	True	1	negative	rod	no	no	aerobe	meso
133225	Vreelandella lutescens	Vreelandella	Pseudomonadota	RS_GCF_014640815.1	GCF_014640815.1	True	genome_seen	False	True	True	1	negative	rod	no	no	facultative	meso
133229	Wenzhouxiangella sediminis	Wenzhouxiangella	Pseudomonadota	RS_GCF_003410055.1	GCF_003410055.1	True	genome_seen	False	True	True	1	negative	rod	no	no	facultative	meso
133230	Sphingomonas_Q naphthae	Sphingomonas_Q	Pseudomonadota	RS_GCF_028607085.1	GCF_028607085.1	True	genome_seen	True	False	True	1	negative	rod	yes	no	aerobe	meso
133231	Aquipseudomonas turukhanskensis	Aquipseudomonas	Pseudomonadota	RS_GCF_027922365.1	GCF_027922365.1	True	genome_seen	True	False	True	1	negative	rod	yes	no	aerobe	meso
133240	Nocardioides flavus	Nocardioides	Actinomycetota	RS_GCF_014653115.1	GCF_014653115.1	True	genome_seen	False	True	True	1	positive	rod	no	no	aerobe	meso
133242	Cutibacterium acnes	Cutibacterium	Actinomycetota	RS_GCF_000231215.1	GCF_000231215.1	True	species_seen	False	False	True	1	positive	coccus	no	no	anaerobe	meso
133248	Sphingobacterium chuzhouense	Sphingobacterium	Bacteroidota	RS_GCF_014692525.1	GCF_014692525.1	True	genome_seen	False	True	True	1	negative	rod	no	no	aerobe	meso
133249	Pedobacter vanadiisoli	Pedobacter	Bacteroidota	RS_GCF_042684385.1	GCF_042684385.1	True	unseen	False	False	True	0	negative	rod	no	no	aerobe	meso
133260	Spirosoma soli	Spirosoma	Bacteroidota	RS_GCF_042684525.1	GCF_042684525.1	True	unseen	False	False	True	0	negative	rod	no	no	aerobe	meso
133262	Roseivirga seohaensis	Roseivirga	Bacteroidota	RS_GCF_001592945.1	GCF_001592945.1	True	genome_seen	False	True	True	1	negative	rod	yes	no	aerobe	meso
133265	Pristimantibacillus oryzae	Pristimantibacillus	Bacillota	RS_GCF_001675045.1	GCF_001675045.1	True	genome_seen	False	True	True	1	positive	rod	yes	yes	facultative	meso
133267	Fructilactobacillus ixorae	Fructilactobacillus	Bacillota	RS_GCF_024029915.1	GCF_024029915.1	True	genome_seen	False	True	True	1	positive	rod	no	no	facultative	meso
133269	Lysinibacillus fusiformis	Lysinibacillus	Bacillota	GB_GCA_039535175.1	GCA_039535175.1	True	species_seen	False	False	True	1	negative	coccus	no	no	aerobe	meso
133277	Iodidimonas muriae	Iodidimonas	Pseudomonadota	RS_GCF_014647255.1	GCF_014647255.1	True	genome_seen	False	True	True	1	negative	rod	yes	no	aerobe	meso
133280	Novosphingobium bradum	Novosphingobium	Pseudomonadota	RS_GCF_042646485.1	GCF_042646485.1	True	unseen	False	False	True	0	negative	rod	no	no	aerobe	meso
133281	Psychrobacter pacificensis	Psychrobacter	Pseudomonadota	RS_GCF_029872915.1	GCF_029872915.1	True	species_seen	False	False	True	1	negative	rod	no	no	aerobe	meso
133283	Uliginosibacterium paludis	Uliginosibacterium	Pseudomonadota	RS_GCF_042648685.1	GCF_042648685.1	True	unseen	False	False	True	0	negative	rod	yes	no	aerobe	meso
133285	Roseibium salinum	Roseibium	Pseudomonadota	RS_GCF_026240905.1	GCF_026240905.1	True	species_seen	False	False	True	1	negative	rod	yes	no	aerobe	meso
133289	Piscinibacterium candidicorallinum	Piscinibacterium	Pseudomonadota	RS_GCF_047549485.1	GCF_047549485.1	True	unseen	False	False	True	0	negative	rod	yes	no	aerobe	meso
133294	Idiomarina tyrosinivorans	Idiomarina	Pseudomonadota	RS_GCF_003987475.1	GCF_003987475.1	True	genome_seen	False	True	True	1	negative	other	yes	no	aerobe	meso
133297	Allopontixanthobacter sediminis	Allopontixanthobacter	Pseudomonadota	RS_GCF_009828115.1	GCF_009828115.1	True	genome_seen	False	True	True	1	negative	coccus	no	no	aerobe	meso
133299	Arsenicitalea aurantiaca	Arsenicitalea	Pseudomonadota	RS_GCF_003994485.1	GCF_003994485.1	True	genome_seen	False	True	True	1	negative	rod	no	no	aerobe	meso
133312	Metalysinibacillus alkalisoli	Metalysinibacillus	Bacillota	RS_GCF_014643595.1	GCF_014643595.1	True	genome_seen	False	True	True	1	positive	rod	yes	yes	aerobe	meso
133314	Deinococcus ruber	Deinococcus	Deinococcota	RS_GCF_014648095.1	GCF_014648095.1	False	genome_seen	False	True	True	1	positive	coccus	no	no	aerobe	meso
133320	Hydromonas limnophila	Hydromonas	Pseudomonadota	RS_GCF_014652675.1	GCF_014652675.1	True	genome_seen	False	True	True	1	negative	rod	no	no	aerobe	meso
133321	Marimonas arenosa	Marimonas	Pseudomonadota	RS_GCF_030848945.1	GCF_030848945.1	True	genome_seen	True	False	True	1	negative	rod	no	no	aerobe	meso
133322	Microvirga soli	Microvirga	Pseudomonadota	RS_GCF_016734765.1	GCF_016734765.1	True	genome_seen	False	True	True	1	negative	rod	no	no	aerobe	meso
133323	Bordetella_C aloeverae	Bordetella_C	Pseudomonadota	RS_GCF_004121055.1	GCF_004121055.1	True	genome_seen	False	True	True	1	negative	rod	yes	no	aerobe	meso
133324	Cognaticolwellia mytili	Cognaticolwellia	Pseudomonadota	RS_GCF_002104475.1	GCF_002104475.1	True	genome_seen	False	True	True	1	negative	rod	yes	no	aerobe	meso
133328	Aeromicrobium choanae	Aeromicrobium	Actinomycetota	RS_GCF_900167475.1	GCF_900167475.1	True	genome_seen	False	True	True	1	positive	coccus	no	no	aerobe	meso
133329	Algoriphagus iocasae	Algoriphagus	Bacteroidota	RS_GCF_014206875.1	GCF_014206875.1	True	genome_seen	False	True	True	1	negative	rod	no	no	anaerobe	meso
133338	Streptococcus himalayensis	Streptococcus	Bacillota	RS_GCF_001708305.1	GCF_001708305.1	True	genome_seen	False	True	True	1	positive	coccus	no	no	facultative	meso
133343	Marinobacter salinus	Marinobacter	Pseudomonadota	RS_GCF_001854125.1	GCF_001854125.1	True	genome_seen	False	True	True	1	negative	rod	yes	no	aerobe	meso
133344	Aliidongia dinghuensis	Aliidongia	Pseudomonadota	RS_GCF_014643535.1	GCF_014643535.1	True	genome_seen	False	True	True	1	negative	rod	yes	no	aerobe	meso
133346	Motilimonas eburnea	Motilimonas	Pseudomonadota	RS_GCF_021295345.1	GCF_021295345.1	True	genome_seen	False	True	True	1	negative	rod	yes	no	facultative	meso
133354	Marinobacter halotolerans	Marinobacter	Pseudomonadota	RS_GCF_008795985.1	GCF_008795985.1	True	genome_seen	False	True	True	1	negative	rod	no	no	aerobe	meso
133371	Paenibacillus_E qinlingensis	Paenibacillus_E	Bacillota	RS_GCF_028746185.1	GCF_028746185.1	True	species_seen	False	False	True	1	positive	rod	yes	yes	aerobe	meso
133375	Aliidiomarina soli	Aliidiomarina	Pseudomonadota	RS_GCF_003986975.1	GCF_003986975.1	True	genome_seen	False	True	True	1	negative	rod	yes	no	aerobe	meso
133376	Dyella_B acidisoli	Dyella_B	Pseudomonadota	RS_GCF_030160295.1	GCF_030160295.1	True	genome_seen	True	False	True	1	negative	rod	yes	no	aerobe	meso
133383	Acidicapsa acidisoli	Acidicapsa	Acidobacteriota	RS_GCF_025685625.1	GCF_025685625.1	False	genome_seen	True	False	True	1	negative	rod	no	no	aerobe	meso
133400	Desulfuribacillus_A stibiiarsenatis	Desulfuribacillus_A	Bacillota	RS_GCF_001742305.1	GCF_001742305.1	True	genome_seen	False	True	True	1	negative	rod	yes	yes	anaerobe	meso
133403	Acinetobacter larvae	Acinetobacter	Pseudomonadota	RS_GCF_001704115.1	GCF_001704115.1	True	genome_seen	False	True	True	1	negative	coccus	no	no	aerobe	meso
133407	Sphingomonas aquatica	Sphingomonas	Pseudomonadota	RS_GCF_037173185.1	GCF_037173185.1	True	species_seen	False	False	True	1	negative	rod	no	no	aerobe	meso
133410	Aquipseudomonas canadensis	Aquipseudomonas	Pseudomonadota	RS_GCF_000503215.1	GCF_000503215.1	True	genome_seen	False	True	True	1	negative	rod	yes	no	aerobe	meso
133415	Planctobacterium marinum	Planctobacterium	Pseudomonadota	RS_GCF_020687805.1	GCF_020687805.1	True	genome_seen	False	True	True	1	negative	rod	yes	no	aerobe	meso
133419	Aliiglaciecola lipolytica	Aliiglaciecola	Pseudomonadota	RS_GCF_000314975.1	GCF_000314975.1	True	genome_seen	False	True	True	1	negative	rod	yes	no	aerobe	meso
133424	Shewanella vesiculosa	Shewanella	Pseudomonadota	GB_GCA_021560015.1	GCA_021560015.1	True	genome_seen	False	True	True	1	negative	rod	yes	no	facultative	meso
133426	Pseudidiomarina tainanensis	Pseudidiomarina	Pseudomonadota	RS_GCF_004214835.1	GCF_004214835.1	True	genome_seen	False	True	True	1	negative	rod	no	no	aerobe	meso
133427	Pseudidiomarina marina	Pseudidiomarina	Pseudomonadota	RS_GCF_003987045.1	GCF_003987045.1	True	genome_seen	False	True	True	1	negative	rod	no	no	aerobe	meso
133431	Alcanivorax hongdengensis	Alcanivorax	Pseudomonadota	RS_GCF_000300995.1	GCF_000300995.1	True	genome_seen	False	True	True	1	negative	rod	no	no	aerobe	meso
133444	Thermotalea metallivorans	Thermotalea	Bacillota	RS_GCF_001562415.1	GCF_001562415.1	True	genome_seen	False	True	True	1	negative	rod	yes	no	anaerobe	thermo
133445	Croceicoccus marinus	Croceicoccus	Pseudomonadota	RS_GCF_001661675.2	GCF_001661675.2	True	genome_seen	False	True	True	1	negative	coccus	yes	no	aerobe	meso
133451	Maritalea mobilis	Maritalea	Pseudomonadota	RS_GCF_004363175.1	GCF_004363175.1	True	genome_seen	False	True	True	1	negative	rod	yes	no	aerobe	meso
133452	Parvularcula lutaonensis	Parvularcula	Pseudomonadota	RS_GCF_014651915.1	GCF_014651915.1	True	genome_seen	False	True	True	1	negative	rod	yes	no	aerobe	meso
133454	Paracoccus chinensis	Paracoccus	Pseudomonadota	RS_GCF_900102885.1	GCF_900102885.1	True	genome_seen	False	True	True	1	negative	other	yes	no	aerobe	meso
133456	Falsiroseomonas frigidaquae	Falsiroseomonas	Pseudomonadota	RS_GCF_012163145.1	GCF_012163145.1	True	genome_seen	False	True	True	1	negative	other	no	yes	aerobe	meso
133458	Algoriphagus aquatilis	Algoriphagus	Bacteroidota	RS_GCF_042657405.1	GCF_042657405.1	True	species_seen	False	False	True	1	negative	rod	no	no	aerobe	meso
133460	Mucilaginibacter ximonensis	Mucilaginibacter	Bacteroidota	RS_GCF_042686265.1	GCF_042686265.1	True	unseen	False	False	True	0	negative	rod	no	no	aerobe	meso
133461	Winogradskyella echinorum	Winogradskyella	Bacteroidota	RS_GCF_014297365.1	GCF_014297365.1	True	genome_seen	False	True	True	1	negative	rod	yes	yes	aerobe	meso
133462	Devosia crocina	Devosia	Pseudomonadota	RS_GCF_900116545.1	GCF_900116545.1	True	genome_seen	False	True	True	1	negative	other	yes	no	aerobe	meso
133463	Devosia albogilva	Devosia	Pseudomonadota	RS_GCF_042685625.1	GCF_042685625.1	True	unseen	False	False	True	0	negative	rod	yes	no	aerobe	meso
133467	Pseudidiomarina donghaiensis	Pseudidiomarina	Pseudomonadota	RS_GCF_900116895.1	GCF_900116895.1	True	genome_seen	False	True	True	1	negative	rod	yes	no	aerobe	meso
133470	Marinobacterium_A nitratireducens	Marinobacterium_A	Pseudomonadota	RS_GCF_014645375.1	GCF_014645375.1	True	genome_seen	False	True	True	1	negative	rod	yes	no	aerobe	meso
133471	Marinobacterium sediminicola	Marinobacterium	Pseudomonadota	RS_GCF_900184155.1	GCF_900184155.1	True	species_seen	False	False	True	1	negative	rod	yes	no	aerobe	meso
133474	Microbulbifer variabilis	Microbulbifer	Pseudomonadota	RS_GCF_000380565.1	GCF_000380565.1	True	genome_seen	False	True	True	1	negative	other	no	no	aerobe	meso
133482	Marinobacter lacisalsi	Marinobacter	Pseudomonadota	RS_GCF_042651045.1	GCF_042651045.1	True	unseen	False	False	True	0	negative	rod	yes	no	aerobe	meso
133485	Flagellimonas olearia	Flagellimonas	Bacteroidota	RS_GCF_009184425.1	GCF_009184425.1	True	genome_seen	False	True	True	1	negative	rod	no	no	aerobe	meso
133486	Flavobacterium tiangeerense	Flavobacterium	Bacteroidota	RS_GCF_007830355.1	GCF_007830355.1	True	genome_seen	False	True	True	1	negative	rod	no	no	aerobe	meso
133487	Meiothermus taiwanensis	Meiothermus	Deinococcota	RS_GCF_003574045.1	GCF_003574045.1	False	species_seen	False	False	True	1	negative	rod	no	no	aerobe	thermo
133488	Flagellimonas_A lutaonensis	Flagellimonas_A	Bacteroidota	RS_GCF_000963865.1	GCF_000963865.1	True	genome_seen	False	True	True	1	negative	rod	no	no	aerobe	meso
133489	Flavobacterium chungangense	Flavobacterium	Bacteroidota	RS_GCF_000735715.2	GCF_000735715.2	True	species_seen	False	False	True	1	negative	rod	no	no	aerobe	meso
133490	Microvirga guangxiensis	Microvirga	Pseudomonadota	RS_GCF_900102135.1	GCF_900102135.1	True	genome_seen	False	True	True	1	negative	rod	no	no	aerobe	meso
133497	Marinimicrobium locisalis	Marinimicrobium	Pseudomonadota	RS_GCF_039822625.1	GCF_039822625.1	True	unseen	False	False	True	0	negative	rod	yes	no	aerobe	meso
133498	Kocuria gwangalliensis	Kocuria	Actinomycetota	RS_GCF_039544365.1	GCF_039544365.1	True	species_seen	False	False	True	1	positive	coccus	no	no	aerobe	meso
133499	Lishizhenia tianjinensis	Lishizhenia	Bacteroidota	RS_GCF_900116425.1	GCF_900116425.1	True	genome_seen	False	True	True	1	negative	rod	yes	no	aerobe	meso
133506	Marinobacter szutsaonensis	Marinobacter	Pseudomonadota	GB_GCA_039523335.1	GCA_039523335.1	True	unseen	False	False	True	0	negative	rod	yes	no	aerobe	meso
133508	Marinifilum fragile	Marinifilum	Bacteroidota	RS_GCF_001310955.1	GCF_001310955.1	True	genome_seen	False	True	True	1	negative	rod	no	no	facultative	meso
133511	Paenibacillus_AQ sonchi	Paenibacillus_AQ	Bacillota	RS_GCF_016772475.1	GCF_016772475.1	True	genome_seen	False	True	True	1	positive	rod	yes	yes	aerobe	meso
133516	Flectobacillus roseus	Flectobacillus	Bacteroidota	RS_GCF_030056665.1	GCF_030056665.1	True	species_seen	False	False	True	1	negative	rod	no	no	aerobe	meso
133517	Methylophilus rhizosphaerae	Methylophilus	Pseudomonadota	RS_GCF_900100975.1	GCF_900100975.1	True	genome_seen	False	True	True	1	negative	rod	yes	no	aerobe	meso
133519	Luteipulveratus mongoliensis	Luteipulveratus	Actinomycetota	RS_GCF_001190945.1	GCF_001190945.1	True	genome_seen	False	True	True	1	positive	coccus	no	no	aerobe	meso
133531	Dehalogenimonas lykanthroporepellens	Dehalogenimonas	Chloroflexota	GB_GCA_000143165.1	GCA_000143165.1	False	genome_seen	False	True	True	1	negative	coccus	no	no	anaerobe	meso
133535	Sinorhizobium numidicum	Sinorhizobium	Pseudomonadota	RS_GCF_029892045.1	GCF_029892045.1	True	genome_seen	True	False	True	1	negative	rod	yes	no	aerobe	meso
133536	Sinorhizobium garamanticum	Sinorhizobium	Pseudomonadota	RS_GCF_029892065.1	GCF_029892065.1	True	genome_seen	True	False	True	1	negative	rod	yes	no	aerobe	meso
133541	Algoriphagus lutimaris	Algoriphagus	Bacteroidota	RS_GCF_017051705.1	GCF_017051705.1	True	genome_seen	False	True	True	1	negative	rod	no	no	aerobe	meso
133552	Qipengyuania nanhaisediminis	Qipengyuania	Pseudomonadota	RS_GCF_900115585.1	GCF_900115585.1	True	genome_seen	False	True	True	1	negative	rod	no	no	aerobe	meso
133553	Allomesorhizobium alhagi	Allomesorhizobium	Pseudomonadota	RS_GCF_000236565.1	GCF_000236565.1	True	genome_seen	False	True	True	1	negative	rod	yes	no	aerobe	meso
133555	Flavobacterium sinopsychrotolerans	Flavobacterium	Bacteroidota	RS_GCF_900110375.1	GCF_900110375.1	True	genome_seen	False	True	True	1	negative	rod	no	no	aerobe	meso
133558	Cellulosilyticum ruminicola	Cellulosilyticum	Bacillota	RS_GCF_001311925.1	GCF_001311925.1	True	genome_seen	False	True	True	1	negative	rod	no	yes	anaerobe	meso
133562	Paraburkholderia heleia	Paraburkholderia	Pseudomonadota	RS_GCF_000739775.1	GCF_000739775.1	True	genome_seen	False	True	True	1	negative	rod	no	no	aerobe	meso
133569	Persicobacter psychrovividus	Persicobacter	Bacteroidota	RS_GCF_036492425.1	GCF_036492425.1	True	species_seen	False	False	True	1	negative	rod	yes	no	facultative	meso
133571	Agaricicola taiwanensis	Agaricicola	Pseudomonadota	RS_GCF_014635245.1	GCF_014635245.1	True	genome_seen	False	True	True	1	negative	rod	yes	no	aerobe	meso
133572	Euzebya tangerina	Euzebya	Actinomycetota	RS_GCF_003074135.1	GCF_003074135.1	True	genome_seen	False	True	True	1	positive	rod	no	no	aerobe	meso
133574	Psychrobacter aestuarii	Psychrobacter	Pseudomonadota	RS_GCF_039523635.1	GCF_039523635.1	True	species_seen	False	False	True	1	negative	other	no	no	aerobe	meso
133577	Secundilactobacillus kimchicus	Secundilactobacillus	Bacillota	RS_GCF_001433995.1	GCF_001433995.1	True	genome_seen	False	True	True	1	positive	rod	no	no	facultative	meso
133579	Gemmobacter aquaticus	Gemmobacter	Pseudomonadota	RS_GCF_007859075.1	GCF_007859075.1	True	genome_seen	False	True	True	1	negative	rod	yes	no	aerobe	meso
133580	Cloacibacterium rupense	Cloacibacterium	Bacteroidota	RS_GCF_014645495.1	GCF_014645495.1	True	genome_seen	False	True	True	1	negative	rod	yes	no	aerobe	meso
133581	Streptomyces chartreusis	Streptomyces	Actinomycetota	RS_GCF_039538545.1	GCF_039538545.1	True	species_seen	False	False	True	1	positive	rod	no	yes	aerobe	meso
133585	Thermosporothrix hazakensis	Thermosporothrix	Chloroflexota	RS_GCF_003253565.1	GCF_003253565.1	False	genome_seen	False	True	True	1	positive	rod	no	yes	aerobe	thermo
133586	Paraburkholderia acidipaludis	Paraburkholderia	Pseudomonadota	RS_GCF_000684975.1	GCF_000684975.1	True	genome_seen	False	True	True	1	negative	rod	no	no	aerobe	meso
133587	Adhaeribacter aerolatus	Adhaeribacter	Bacteroidota	RS_GCF_007991635.1	GCF_007991635.1	True	genome_seen	False	True	True	1	negative	rod	no	no	aerobe	meso
133588	Segetibacter aerophilus	Segetibacter	Bacteroidota	RS_GCF_007991655.1	GCF_007991655.1	True	genome_seen	False	True	True	1	negative	rod	no	no	aerobe	meso
133593	Hafnia paralvei	Hafnia	Pseudomonadota	RS_GCF_001655005.1	GCF_001655005.1	True	genome_seen	False	True	True	1	negative	rod	yes	no	facultative	meso
133595	Mucilaginibacter gossypii	Mucilaginibacter	Bacteroidota	RS_GCF_900100945.1	GCF_900100945.1	True	genome_seen	False	True	True	1	negative	rod	no	no	aerobe	meso
133596	Mucilaginibacter gossypiicola	Mucilaginibacter	Bacteroidota	RS_GCF_900110105.1	GCF_900110105.1	True	genome_seen	False	True	True	1	negative	rod	no	no	aerobe	meso
133597	Aquimarina macrocephali	Aquimarina	Bacteroidota	RS_GCF_000520995.1	GCF_000520995.1	True	genome_seen	False	True	True	1	negative	rod	yes	no	aerobe	meso
133605	Hydrocarboniphaga daqingensis	Hydrocarboniphaga	Pseudomonadota	RS_GCF_900129825.1	GCF_900129825.1	True	genome_seen	False	True	True	1	negative	rod	yes	no	aerobe	meso
133606	Angustibacter luteus	Angustibacter	Actinomycetota	RS_GCF_039541115.1	GCF_039541115.1	True	unseen	False	False	True	0	positive	other	no	no	facultative	meso
133611	Limnobacter litoralis	Limnobacter	Pseudomonadota	RS_GCF_030160455.1	GCF_030160455.1	True	genome_seen	True	False	True	1	negative	rod	yes	no	aerobe	meso
133612	Dongia mobilis	Dongia	Pseudomonadota	RS_GCF_004363235.1	GCF_004363235.1	True	genome_seen	False	True	True	1	negative	rod	yes	no	aerobe	meso
133614	Euzebyella saccharophila	Euzebyella	Bacteroidota	RS_GCF_014855495.1	GCF_014855495.1	True	genome_seen	False	True	True	1	negative	rod	no	no	aerobe	meso
133615	Paracoccus sphaerophysae	Paracoccus	Pseudomonadota	RS_GCF_000763805.1	GCF_000763805.1	True	genome_seen	False	True	True	1	negative	rod	no	no	aerobe	meso
133622	Litoribacter ruber	Litoribacter	Bacteroidota	RS_GCF_018500185.1	GCF_018500185.1	True	genome_seen	False	True	True	1	negative	rod	no	no	aerobe	meso
133625	Paracoccus fistulariae	Paracoccus	Pseudomonadota	RS_GCF_028553785.1	GCF_028553785.1	True	genome_seen	True	False	True	1	negative	rod	no	no	aerobe	meso
133628	Vagococcus_B acidifermentans	Vagococcus_B	Bacillota	RS_GCF_003987655.1	GCF_003987655.1	True	genome_seen	False	True	True	1	positive	coccus	no	no	facultative	meso
133629	Flavobacterium chuncheonense	Flavobacterium	Bacteroidota	RS_GCF_042686145.1	GCF_042686145.1	True	unseen	False	False	True	0	negative	rod	no	no	aerobe	meso
133630	Brachybacterium squillarum	Brachybacterium	Actinomycetota	RS_GCF_000225825.1	GCF_000225825.1	True	genome_seen	False	True	True	1	positive	coccus	no	no	aerobe	meso
133635	Defluviicoccus vanus	Defluviicoccus	Pseudomonadota	RS_GCF_014672695.1	GCF_014672695.1	True	genome_seen	False	True	True	1	negative	coccus	no	no	aerobe	meso
133636	Allobacillus halotolerans	Allobacillus	Bacillota	RS_GCF_028743495.1	GCF_028743495.1	True	species_seen	False	False	True	1	positive	rod	yes	yes	aerobe	meso
133641	Sphingobacterium kyonggiense	Sphingobacterium	Bacteroidota	RS_GCF_039536825.1	GCF_039536825.1	True	unseen	False	False	True	0	negative	rod	no	no	aerobe	meso
133644	Fodinibius salinus	Fodinibius	Bacteroidota	RS_GCF_008124865.1	GCF_008124865.1	True	genome_seen	False	True	True	1	negative	rod	no	no	aerobe	meso
133659	Methylobacterium thiocyanatum	Methylobacterium	Pseudomonadota	RS_GCF_000019945.1	GCF_000019945.1	True	species_seen	False	False	True	1	negative	rod	yes	no	aerobe	meso
133662	Pedobacter boryungensis	Pedobacter	Bacteroidota	RS_GCF_042675945.1	GCF_042675945.1	True	species_seen	False	False	True	1	negative	rod	no	no	aerobe	meso
133667	Salinisphaera orenii	Salinisphaera	Pseudomonadota	RS_GCF_003788635.1	GCF_003788635.1	True	genome_seen	False	True	True	1	negative	rod	yes	no	aerobe	meso
133669	Marinobacter xestospongiae	Marinobacter	Pseudomonadota	RS_GCF_023156385.1	GCF_023156385.1	True	genome_seen	False	True	True	1	negative	rod	yes	no	aerobe	meso
133670	Chungangia koreensis	Chungangia	Bacillota	RS_GCF_042651785.1	GCF_042651785.1	True	unseen	False	False	False	0	positive	rod	yes	no	aerobe	meso
133671	Sphingobium indicum	Sphingobium	Pseudomonadota	RS_GCF_042433065.1	GCF_042433065.1	True	species_seen	False	False	True	1	negative	rod	no	no	aerobe	meso
133672	Corallibacter vietnamensis	Corallibacter	Bacteroidota	RS_GCF_039537875.1	GCF_039537875.1	True	unseen	False	False	False	0	negative	rod	yes	no	aerobe	meso
133675	Kangiella geojedonensis	Kangiella	Pseudomonadota	RS_GCF_000981765.1	GCF_000981765.1	True	genome_seen	False	True	True	1	negative	rod	no	no	aerobe	meso
133677	Qipengyuania pelagi	Qipengyuania	Pseudomonadota	RS_GCF_009827295.1	GCF_009827295.1	True	genome_seen	False	True	True	1	negative	rod	no	no	aerobe	meso
133678	Polaribacter geojense	Polaribacter	Bacteroidota	RS_GCF_042676005.1	GCF_042676005.1	True	unseen	False	False	True	0	negative	rod	yes	no	aerobe	meso
133684	Flavobacterium xueshanense	Flavobacterium	Bacteroidota	RS_GCF_900112975.1	GCF_900112975.1	True	genome_seen	False	True	True	1	negative	rod	no	no	aerobe	psychro
133685	Flavobacterium urumqiense	Flavobacterium	Bacteroidota	RS_GCF_900108015.1	GCF_900108015.1	True	genome_seen	False	True	True	1	negative	rod	no	no	aerobe	psychro
133686	Aliidiomarina taiwanensis	Aliidiomarina	Pseudomonadota	RS_GCF_003987015.1	GCF_003987015.1	True	genome_seen	False	True	True	1	negative	rod	yes	no	aerobe	meso
133689	Methylobacterium gossipiicola	Methylobacterium	Pseudomonadota	RS_GCF_900113485.1	GCF_900113485.1	True	genome_seen	False	True	True	1	negative	rod	yes	no	aerobe	meso
133692	Phaeocystidibacter luteus	Phaeocystidibacter	Bacteroidota	RS_GCF_008933115.1	GCF_008933115.1	True	genome_seen	False	True	True	1	negative	rod	no	no	aerobe	meso
133697	Colwellia piezophila	Colwellia	Pseudomonadota	RS_GCF_000378625.1	GCF_000378625.1	True	genome_seen	False	True	True	1	negative	rod	yes	no	facultative	psychro
133700	Companilactobacillus futsaii	Companilactobacillus	Bacillota	RS_GCF_001435505.1	GCF_001435505.1	True	genome_seen	False	True	True	1	positive	rod	no	no	facultative	meso
133701	Algoriphagus namhaensis	Algoriphagus	Bacteroidota	RS_GCF_042649705.1	GCF_042649705.1	True	unseen	False	False	True	0	negative	rod	no	no	aerobe	meso
133702	Flavobacterium ummariense	Flavobacterium	Bacteroidota	RS_GCF_900115115.1	GCF_900115115.1	True	genome_seen	False	True	True	1	negative	rod	no	no	aerobe	meso
133703	Amycolatopsis_E granulosa	Amycolatopsis_E	Actinomycetota	RS_GCF_011758745.1	GCF_011758745.1	True	genome_seen	False	True	True	1	positive	rod	no	yes	aerobe	meso
133705	Amycolatopsis_E thermalba	Amycolatopsis_E	Actinomycetota	RS_GCF_003385215.1	GCF_003385215.1	True	genome_seen	False	True	True	1	positive	rod	no	yes	aerobe	meso
133711	Aureitalea marina	Aureitalea	Bacteroidota	RS_GCF_002943755.1	GCF_002943755.1	True	genome_seen	False	True	True	1	negative	rod	yes	no	aerobe	meso
133723	Geofilum rubicundum	Geofilum	Bacteroidota	RS_GCF_000974365.1	GCF_000974365.1	True	genome_seen	False	True	True	1	negative	rod	yes	no	facultative	meso
133724	Flagellimonas beolgyonensis	Flagellimonas	Bacteroidota	RS_GCF_003992615.1	GCF_003992615.1	True	genome_seen	False	True	True	1	negative	rod	no	no	aerobe	meso
133729	Mesonia ostreae	Mesonia	Bacteroidota	RS_GCF_042679745.1	GCF_042679745.1	True	unseen	False	False	True	0	negative	rod	no	no	aerobe	meso
133733	Rhizobium grahamii	Rhizobium	Pseudomonadota	RS_GCF_000298315.2	GCF_000298315.2	True	genome_seen	False	True	True	1	negative	rod	yes	no	aerobe	meso
133734	Flavivirga amylovorans	Flavivirga	Bacteroidota	RS_GCF_030540875.1	GCF_030540875.1	True	genome_seen	True	False	True	1	negative	rod	yes	no	aerobe	meso
133735	Flavivirga jejuensis	Flavivirga	Bacteroidota	RS_GCF_030540765.1	GCF_030540765.1	True	genome_seen	True	False	True	1	negative	rod	yes	no	aerobe	meso
133749	Pseudahrensia aquimaris	Pseudahrensia	Pseudomonadota	RS_GCF_042676045.1	GCF_042676045.1	True	unseen	False	False	True	0	negative	other	no	no	aerobe	meso
133751	Dehalococcoides mccartyi	Dehalococcoides	Chloroflexota	RS_GCF_000011905.1	GCF_000011905.1	False	genome_seen	False	True	True	1	negative	other	no	no	anaerobe	meso
133752	Microvirga lupini	Microvirga	Pseudomonadota	GB_GCA_000517005.1	GCA_000517005.1	True	genome_seen	False	True	True	1	negative	rod	no	no	aerobe	meso
133764	Alishewanella longhuensis	Alishewanella	Pseudomonadota	RS_GCF_014653435.1	GCF_014653435.1	True	genome_seen	False	True	True	1	negative	rod	yes	no	aerobe	meso
133766	Terrimonas rubra	Terrimonas	Bacteroidota	RS_GCF_042686025.1	GCF_042686025.1	True	unseen	False	False	True	0	negative	rod	no	no	aerobe	meso
133771	Marinomonas hwangdonensis	Marinomonas	Pseudomonadota	RS_GCF_003721245.1	GCF_003721245.1	True	genome_seen	False	True	True	1	negative	rod	yes	no	aerobe	meso
133772	Fulvivirga imtechensis	Fulvivirga	Bacteroidota	RS_GCF_000331535.1	GCF_000331535.1	True	genome_seen	False	True	True	1	negative	rod	no	no	aerobe	meso
133773	Chryseobacterium viscerum	Chryseobacterium	Bacteroidota	RS_GCF_002899945.2	GCF_002899945.2	True	genome_seen	False	True	True	1	negative	rod	no	no	aerobe	meso
133774	Sphingobacterium detergens	Sphingobacterium	Bacteroidota	RS_GCF_003610355.1	GCF_003610355.1	True	genome_seen	False	True	True	1	negative	rod	no	no	aerobe	meso
133780	Halomonas beimenensis	Halomonas	Pseudomonadota	RS_GCF_039522625.1	GCF_039522625.1	True	species_seen	False	False	True	1	negative	rod	yes	no	aerobe	meso
133782	Kangiella marina	Kangiella	Pseudomonadota	RS_GCF_039541235.1	GCF_039541235.1	True	unseen	False	False	True	0	negative	rod	no	no	facultative	meso
133783	Kangiella taiwanensis	Kangiella	Pseudomonadota	RS_GCF_020005165.1	GCF_020005165.1	True	genome_seen	False	True	True	1	negative	rod	no	no	facultative	meso
133801	Phyllobacterium endophyticum	Phyllobacterium	Pseudomonadota	RS_GCF_003010935.1	GCF_003010935.1	True	genome_seen	False	True	True	1	negative	rod	yes	no	aerobe	meso
133808	Sphingobacterium paramultivorum	Sphingobacterium	Bacteroidota	RS_GCF_039523475.1	GCF_039523475.1	True	unseen	False	False	True	0	negative	rod	no	no	aerobe	meso
133813	Haloferula chungangensis	Haloferula	Verrucomicrobiota	RS_GCF_042664875.1	GCF_042664875.1	False	unseen	False	False	True	0	negative	rod	no	no	aerobe	meso
133814	Pontixanthobacter gangjinensis	Pontixanthobacter	Pseudomonadota	RS_GCF_009827545.1	GCF_009827545.1	True	genome_seen	False	True	True	1	negative	rod	no	no	aerobe	meso
133819	Brevibacterium ammoniilyticum	Brevibacterium	Actinomycetota	RS_GCF_039537925.1	GCF_039537925.1	True	unseen	False	False	True	0	positive	rod	no	no	aerobe	meso
133821	Maribacter chungangensis	Maribacter	Bacteroidota	RS_GCF_042676845.1	GCF_042676845.1	True	unseen	False	False	True	0	negative	rod	yes	no	aerobe	meso
133823	Pseudorhodoferax aquiterrae	Pseudorhodoferax	Pseudomonadota	RS_GCF_014652235.1	GCF_014652235.1	True	genome_seen	False	True	True	1	negative	rod	yes	no	aerobe	meso
133825	Flavobacterium enshiense	Flavobacterium	Bacteroidota	RS_GCF_000498495.1	GCF_000498495.1	True	genome_seen	False	True	True	1	negative	rod	no	no	aerobe	meso
133826	Chitinophaga cymbidii	Chitinophaga	Bacteroidota	RS_GCF_042686315.1	GCF_042686315.1	True	species_seen	False	False	True	1	negative	rod	no	no	aerobe	meso
133828	Chryseobacterium taihuense	Chryseobacterium	Bacteroidota	RS_GCF_900103755.1	GCF_900103755.1	True	genome_seen	False	True	True	1	negative	rod	no	no	facultative	meso
133833	Rugamonas sacchari	Rugamonas	Pseudomonadota	RS_GCF_900143065.1	GCF_900143065.1	True	genome_seen	False	True	True	1	negative	rod	yes	no	aerobe	meso
133834	Rugamonas radicis	Rugamonas	Pseudomonadota	RS_GCF_009720825.1	GCF_009720825.1	True	genome_seen	False	True	True	1	negative	rod	yes	no	aerobe	meso
133835	Arenibacter hampyeongensis	Arenibacter	Bacteroidota	RS_GCF_002909255.1	GCF_002909255.1	True	genome_seen	False	True	True	1	negative	rod	no	no	aerobe	meso
133837	Algorimicrobium hallyeonense	Algorimicrobium	Bacteroidota	RS_GCF_042657385.1	GCF_042657385.1	True	species_seen	False	False	True	1	negative	rod	no	no	aerobe	meso
133840	Bacteroides reticulotermitis	Bacteroides	Bacteroidota	RS_GCF_000517545.1	GCF_000517545.1	True	genome_seen	False	True	True	1	negative	rod	no	no	anaerobe	meso
133843	Derxia lacustris	Derxia	Pseudomonadota	RS_GCF_002105195.1	GCF_002105195.1	True	genome_seen	False	True	True	1	negative	rod	yes	no	aerobe	meso
133848	Profundibacterium mesophilum	Profundibacterium	Pseudomonadota	RS_GCF_009835145.1	GCF_009835145.1	True	genome_seen	False	True	True	1	negative	coccus	yes	no	aerobe	meso
133853	Lentilactobacillus curieae	Lentilactobacillus	Bacillota	RS_GCF_000785105.2	GCF_000785105.2	True	genome_seen	False	True	True	1	positive	rod	no	no	facultative	meso
133854	Paracoccus tibetensis	Paracoccus	Pseudomonadota	RS_GCF_900102505.1	GCF_900102505.1	True	genome_seen	False	True	True	1	negative	rod	no	no	aerobe	meso
133856	Dokdonella immobilis	Dokdonella	Pseudomonadota	RS_GCF_900115085.1	GCF_900115085.1	True	genome_seen	False	True	True	1	negative	rod	no	no	aerobe	meso
133862	Olivibacter oleidegradans	Olivibacter	Bacteroidota	RS_GCF_042686005.1	GCF_042686005.1	True	species_seen	False	False	True	1	negative	rod	no	no	aerobe	meso
133863	Microbulbifer pacificus	Microbulbifer	Pseudomonadota	RS_GCF_033723955.1	GCF_033723955.1	True	unseen	False	False	True	0	negative	rod	no	no	aerobe	meso
133866	Mariniflexile jejuense	Mariniflexile	Bacteroidota	RS_GCF_042675665.1	GCF_042675665.1	True	unseen	False	False	True	0	negative	rod	yes	no	aerobe	meso
133868	Lysinimonas soli	Lysinimonas	Actinomycetota	RS_GCF_042655435.1	GCF_042655435.1	True	unseen	False	False	True	0	positive	rod	no	no	aerobe	meso
133869	Microbulbifer mangrovi	Microbulbifer	Pseudomonadota	RS_GCF_002009015.1	GCF_002009015.1	True	genome_seen	False	True	True	1	negative	rod	no	no	aerobe	meso
133876	Pseudofulvibacter geojedonensis	Pseudofulvibacter	Bacteroidota	RS_GCF_042675745.1	GCF_042675745.1	True	unseen	False	False	False	0	negative	rod	no	no	aerobe	meso
133877	Litorisediminicola beolgyonensis	Litorisediminicola	Pseudomonadota	RS_GCF_042679605.1	GCF_042679605.1	True	unseen	False	False	False	0	negative	rod	no	no	aerobe	meso
133879	Pseudoalteromonas arabiensis	Pseudoalteromonas	Pseudomonadota	RS_GCF_001550155.1	GCF_001550155.1	True	genome_seen	False	True	True	1	negative	rod	yes	no	aerobe	meso
133880	Pontimonas salivibrio	Pontimonas	Actinomycetota	RS_GCF_002950575.1	GCF_002950575.1	True	genome_seen	False	True	True	1	positive	rod	no	no	aerobe	meso
133883	Sungkyunkwania multivorans	Sungkyunkwania	Bacteroidota	RS_GCF_042675645.1	GCF_042675645.1	True	unseen	False	False	False	0	negative	rod	no	no	aerobe	meso
133884	Mucilaginibacter jinjuensis	Mucilaginibacter	Bacteroidota	RS_GCF_028596025.1	GCF_028596025.1	True	genome_seen	True	False	True	1	negative	rod	no	no	facultative	meso
133885	Pararheinheimera tilapiae	Pararheinheimera	Pseudomonadota	RS_GCF_042432165.1	GCF_042432165.1	True	unseen	False	False	True	0	negative	rod	yes	no	aerobe	meso
133891	Hirschia litorea	Hirschia	Pseudomonadota	RS_GCF_042665075.1	GCF_042665075.1	True	unseen	False	False	True	0	negative	coccus	no	no	aerobe	meso
133895	Winogradskyella psychrotolerans	Winogradskyella	Bacteroidota	RS_GCF_000427335.1	GCF_000427335.1	True	genome_seen	False	True	True	1	negative	rod	no	no	aerobe	meso
133896	Neogemmobacter tilapiae	Neogemmobacter	Pseudomonadota	RS_GCF_014652215.1	GCF_014652215.1	True	genome_seen	False	True	True	1	negative	rod	no	no	aerobe	meso
133898	Dehalogenimonas alkenigignens	Dehalogenimonas	Chloroflexota	RS_GCF_001466665.1	GCF_001466665.1	False	genome_seen	False	True	True	1	negative	coccus	no	no	anaerobe	meso
133899	Aureicoccus marinus	Aureicoccus	Bacteroidota	RS_GCF_002954325.1	GCF_002954325.1	True	genome_seen	False	True	True	1	negative	coccus	yes	no	aerobe	meso
133914	Rubrivirga marina	Rubrivirga	Bacteroidota	RS_GCF_002283365.1	GCF_002283365.1	True	genome_seen	False	True	True	1	negative	rod	no	no	aerobe	meso
133918	Oceanobacillus chungangensis	Oceanobacillus	Bacillota	RS_GCF_003369565.1	GCF_003369565.1	True	genome_seen	False	True	True	1	positive	rod	yes	yes	aerobe	meso
133919	Pseudoroseomonas aerophila	Pseudoroseomonas	Pseudomonadota	RS_GCF_014490485.1	GCF_014490485.1	True	genome_seen	False	True	True	1	negative	coccus	yes	yes	aerobe	meso
133921	Naasia aerilata	Naasia	Actinomycetota	RS_GCF_030296595.1	GCF_030296595.1	True	genome_seen	True	False	True	1	positive	rod	yes	no	aerobe	meso
133924	Luteolibacter yonseiensis	Luteolibacter	Verrucomicrobiota	RS_GCF_016595465.1	GCF_016595465.1	False	genome_seen	False	True	True	1	negative	rod	no	no	aerobe	meso
133925	Pseudidiomarina indica	Pseudidiomarina	Pseudomonadota	RS_GCF_900104245.1	GCF_900104245.1	True	genome_seen	False	True	True	1	negative	rod	yes	no	aerobe	meso
133927	Neobacillus thermocopriae	Neobacillus	Bacillota	RS_GCF_010975035.1	GCF_010975035.1	True	genome_seen	False	True	True	1	positive	rod	yes	yes	facultative	thermo
133929	Nocardioides daeguensis	Nocardioides	Actinomycetota	RS_GCF_019192965.1	GCF_019192965.1	True	genome_seen	False	True	True	1	positive	rod	no	no	aerobe	meso
133930	Rugamonas lurida	Rugamonas	Pseudomonadota	RS_GCF_007830455.1	GCF_007830455.1	True	genome_seen	False	True	True	1	negative	rod	yes	no	aerobe	meso
133943	Flagellimonas taeanensis	Flagellimonas	Bacteroidota	RS_GCF_003584105.1	GCF_003584105.1	True	genome_seen	False	True	True	1	negative	rod	yes	no	aerobe	meso
133950	Pectinatus sottacetonis	Pectinatus	Bacillota	RS_GCF_015732155.1	GCF_015732155.1	True	genome_seen	False	True	True	1	negative	rod	yes	no	anaerobe	meso
133952	Nocardioides marinquilinus	Nocardioides	Actinomycetota	RS_GCF_039543705.1	GCF_039543705.1	True	unseen	False	False	True	0	positive	rod	no	no	aerobe	meso
133955	Gillisia marina	Gillisia	Bacteroidota	RS_GCF_000258765.1	GCF_000258765.1	True	genome_seen	False	True	True	1	negative	rod	no	no	aerobe	meso
133960	Pustulibacterium marinum	Pustulibacterium	Bacteroidota	RS_GCF_900116665.1	GCF_900116665.1	True	genome_seen	False	True	True	1	negative	rod	yes	no	aerobe	meso
133961	Chryseobacterium kwangjuense	Chryseobacterium	Bacteroidota	RS_GCF_001563495.1	GCF_001563495.1	True	genome_seen	False	True	True	1	negative	rod	no	no	aerobe	meso
133964	Oceanobacillus polygoni	Oceanobacillus	Bacillota	RS_GCF_008304605.1	GCF_008304605.1	True	genome_seen	False	True	True	1	positive	rod	yes	yes	facultative	meso
133966	Christiangramia aestuarii	Christiangramia	Bacteroidota	RS_GCF_009735585.1	GCF_009735585.1	True	genome_seen	False	True	True	1	negative	rod	yes	no	aerobe	meso
133970	Martelella endophytica	Martelella	Pseudomonadota	RS_GCF_000960975.1	GCF_000960975.1	True	genome_seen	False	True	True	1	negative	rod	no	no	facultative	meso
133974	Caballeronia terrestris	Caballeronia	Pseudomonadota	RS_GCF_001544515.1	GCF_001544515.1	True	genome_seen	False	True	True	1	negative	rod	no	no	anaerobe	meso
133977	Quasibacillus thermotolerans	Quasibacillus	Bacillota	RS_GCF_000812025.2	GCF_000812025.2	True	genome_seen	False	True	True	1	positive	other	no	yes	facultative	thermo
133979	Flavobacterium marinum	Flavobacterium	Bacteroidota	RS_GCF_900108395.1	GCF_900108395.1	True	genome_seen	False	True	True	1	negative	rod	no	no	aerobe	meso
133982	Siminovitchia thermophila	Siminovitchia	Bacillota	RS_GCF_016909185.1	GCF_016909185.1	True	genome_seen	False	True	True	1	positive	rod	yes	yes	facultative	thermo
133988	Albimonas pacifica	Albimonas	Pseudomonadota	RS_GCF_900113695.1	GCF_900113695.1	True	genome_seen	False	True	True	1	negative	rod	no	no	aerobe	meso
133990	Enterococcus_I alcedinis	Enterococcus_I	Bacillota	RS_GCF_014635985.1	GCF_014635985.1	True	genome_seen	False	True	True	1	positive	coccus	no	no	facultative	meso
133998	Maribacter aestuarii	Maribacter	Bacteroidota	RS_GCF_027474845.2	GCF_027474845.2	True	genome_seen	True	False	True	1	negative	rod	yes	no	aerobe	meso
133999	Paranoxybacillus vitaminiphilus	Paranoxybacillus	Bacillota	RS_GCF_003259935.1	GCF_003259935.1	True	genome_seen	False	True	True	1	positive	rod	yes	yes	aerobe	thermo
134001	Litchfieldia salsa	Litchfieldia	Bacillota	RS_GCF_900104555.1	GCF_900104555.1	True	genome_seen	False	True	True	1	positive	rod	yes	yes	aerobe	meso
134002	Mucilaginibacter gynuensis	Mucilaginibacter	Bacteroidota	RS_GCF_039541195.1	GCF_039541195.1	True	unseen	False	False	True	0	negative	rod	no	no	aerobe	meso
134004	Pristimantibacillus endophyticus	Pristimantibacillus	Bacillota	RS_GCF_014192395.1	GCF_014192395.1	True	genome_seen	False	True	True	1	positive	rod	yes	yes	anaerobe	meso
134006	Paenibacillus_Z taihuensis	Paenibacillus_Z	Bacillota	RS_GCF_003386535.1	GCF_003386535.1	True	genome_seen	False	True	True	1	negative	rod	yes	yes	facultative	meso
134007	Marinoscillum luteum	Marinoscillum	Bacteroidota	RS_GCF_044005705.1	GCF_044005705.1	True	species_seen	False	False	True	1	negative	rod	yes	no	aerobe	meso
134009	Bacillus_BA songklensis	Bacillus_BA	Bacillota	RS_GCF_042649685.1	GCF_042649685.1	True	unseen	False	False	True	0	positive	rod	yes	yes	aerobe	meso
134013	Azospirillum fermentarium	Azospirillum	Pseudomonadota	RS_GCF_025961205.1	GCF_025961205.1	True	genome_seen	True	False	True	1	negative	other	yes	no	aerobe	meso
134016	Pedobacter ginsenosidimutans	Pedobacter	Bacteroidota	RS_GCF_001442625.1	GCF_001442625.1	True	genome_seen	False	True	True	1	negative	rod	no	no	aerobe	meso
134017	Gluconacetobacter aggeris	Gluconacetobacter	Pseudomonadota	RS_GCF_014174395.1	GCF_014174395.1	True	genome_seen	False	True	True	1	negative	rod	yes	no	aerobe	meso
134018	Gluconacetobacter tumulisoli	Gluconacetobacter	Pseudomonadota	RS_GCF_014174155.1	GCF_014174155.1	True	genome_seen	False	True	True	1	negative	rod	no	no	aerobe	meso
134019	Gluconacetobacter takamatsuzukensis	Gluconacetobacter	Pseudomonadota	RS_GCF_014174275.1	GCF_014174275.1	True	genome_seen	False	True	True	1	negative	rod	yes	no	aerobe	meso
134027	Sphingomonas kyungheensis	Sphingomonas	Pseudomonadota	RS_GCF_037120395.1	GCF_037120395.1	True	species_seen	False	False	True	1	negative	rod	yes	no	aerobe	meso
134036	Gemmobacter lanyuensis	Gemmobacter	Pseudomonadota	RS_GCF_014652355.1	GCF_014652355.1	True	genome_seen	False	True	True	1	negative	rod	no	no	facultative	meso
134038	Amnibacterium soli	Amnibacterium	Actinomycetota	RS_GCF_039544415.1	GCF_039544415.1	True	unseen	False	False	True	0	positive	rod	no	no	aerobe	meso
134039	Ornithinicoccus tianjinensis	Ornithinicoccus	Actinomycetota	RS_GCF_014636495.1	GCF_014636495.1	True	genome_seen	False	True	True	1	positive	rod	no	no	aerobe	meso
134044	Sphingomicrobium flavum	Sphingomicrobium	Pseudomonadota	RS_GCF_024721605.1	GCF_024721605.1	True	genome_seen	True	True	True	1	negative	rod	no	no	aerobe	meso
134055	Shimia_A biformata	Shimia_A	Pseudomonadota	RS_GCF_016888515.1	GCF_016888515.1	True	genome_seen	False	True	True	1	negative	rod	no	no	aerobe	meso
134061	Paucilactobacillus nenjiangensis	Paucilactobacillus	Bacillota	RS_GCF_005405445.1	GCF_005405445.1	True	genome_seen	False	True	True	1	positive	rod	no	no	facultative	meso
134065	Chryseobacterium angstadtii	Chryseobacterium	Bacteroidota	RS_GCF_001045465.1	GCF_001045465.1	True	genome_seen	False	True	True	1	negative	rod	no	no	aerobe	meso
134066	Nibribacter koreensis	Nibribacter	Bacteroidota	RS_GCF_039541795.1	GCF_039541795.1	True	unseen	False	False	True	0	negative	rod	no	no	aerobe	meso
134067	Nocardioides endophyticus	Nocardioides	Actinomycetota	RS_GCF_039543845.1	GCF_039543845.1	True	unseen	False	False	True	0	positive	rod	no	no	aerobe	meso
134068	Nocardioides conyzicola	Nocardioides	Actinomycetota	RS_GCF_039543825.1	GCF_039543825.1	True	unseen	False	False	True	0	positive	rod	no	no	aerobe	meso
134069	Luteibaculum oceani	Luteibaculum	Bacteroidota	RS_GCF_007995015.1	GCF_007995015.1	True	genome_seen	False	True	True	1	negative	rod	yes	no	aerobe	meso
134072	Shewanella aestuarii	Shewanella	Pseudomonadota	RS_GCF_014647215.1	GCF_014647215.1	True	genome_seen	False	True	True	1	negative	rod	yes	no	facultative	meso
134080	Haloferula rosea	Haloferula	Verrucomicrobiota	RS_GCF_016595525.1	GCF_016595525.1	False	genome_seen	False	True	True	1	negative	rod	no	no	aerobe	meso
134084	Bisbaumannia salifodinae	Bisbaumannia	Pseudomonadota	RS_GCF_039522585.1	GCF_039522585.1	True	unseen	False	False	True	0	negative	rod	yes	no	aerobe	meso
134085	Marinobacter mobilis	Marinobacter	Pseudomonadota	RS_GCF_900106945.1	GCF_900106945.1	True	genome_seen	False	True	True	1	negative	rod	yes	no	aerobe	meso
134086	Marinobacter zhejiangensis	Marinobacter	Pseudomonadota	RS_GCF_900114775.1	GCF_900114775.1	True	genome_seen	False	True	True	1	negative	rod	yes	no	aerobe	meso
134095	Tenuibacillus multivorans	Tenuibacillus	Bacillota	RS_GCF_007989445.1	GCF_007989445.1	True	species_seen	False	False	True	1	positive	rod	yes	yes	aerobe	meso
134096	Nocardioides aestuarii	Nocardioides	Actinomycetota	RS_GCF_039527245.1	GCF_039527245.1	True	unseen	False	False	True	0	positive	rod	no	no	aerobe	meso
134103	Lentibacillus juripiscarius	Lentibacillus	Bacillota	RS_GCF_042685205.1	GCF_042685205.1	True	unseen	False	False	True	0	positive	rod	no	yes	aerobe	meso
134104	Bacillus_AO bogoriense	Bacillus_AO	Bacillota	RS_GCF_000621445.1	GCF_000621445.1	True	genome_seen	False	True	True	1	positive	rod	no	yes	aerobe	meso
134105	Asticcacaulis taihuensis	Asticcacaulis	Pseudomonadota	RS_GCF_900100255.1	GCF_900100255.1	True	genome_seen	False	True	True	1	negative	rod	yes	no	aerobe	meso
134115	Oceanobacillus oncorhynchi	Oceanobacillus	Bacillota	RS_GCF_039521805.1	GCF_039521805.1	True	species_seen	False	False	True	1	positive	rod	yes	yes	aerobe	meso
134116	Alkalibacterium iburiense	Alkalibacterium	Bacillota	RS_GCF_039521845.1	GCF_039521845.1	True	unseen	False	False	True	0	positive	rod	yes	no	facultative	meso
134119	Pontixanthobacter luteolus	Pontixanthobacter	Pseudomonadota	RS_GCF_009828095.1	GCF_009828095.1	True	genome_seen	False	True	True	1	negative	rod	no	no	aerobe	meso
134120	Methylibium petroleiphilum	Methylibium	Pseudomonadota	RS_GCF_000015725.1	GCF_000015725.1	True	genome_seen	False	True	True	1	negative	rod	yes	no	facultative	meso
134134	Enterobacter hormaechei_C	Enterobacter	Pseudomonadota	GB_GCA_002003685.1	GCA_002003685.1	True	unseen	False	False	True	0	negative	rod	no	no	aerobe	meso
134135	Pilibacter termitis	Pilibacter	Bacillota	RS_GCF_900167335.1	GCF_900167335.1	True	genome_seen	False	True	True	1	positive	rod	no	no	anaerobe	meso
134138	Roseivirga echinicomitans	Roseivirga	Bacteroidota	RS_GCF_001592935.1	GCF_001592935.1	True	genome_seen	False	True	True	1	negative	rod	no	no	aerobe	meso
134145	Methylobacter_A tundripaludum	Methylobacter_A	Pseudomonadota	RS_GCF_000190755.2	GCF_000190755.2	True	genome_seen	False	True	True	1	negative	rod	no	no	aerobe	meso
134146	Pseudoalteromonas byunsanensis	Pseudoalteromonas	Pseudomonadota	RS_GCF_001854475.1	GCF_001854475.1	True	genome_seen	False	True	True	1	negative	rod	yes	no	aerobe	meso
134147	Zoogloea oryzae	Zoogloea	Pseudomonadota	RS_GCF_030161255.1	GCF_030161255.1	True	species_seen	False	False	True	1	negative	rod	yes	no	aerobe	meso
134149	Terrabacter terrae	Terrabacter	Actinomycetota	RS_GCF_039529575.1	GCF_039529575.1	True	unseen	False	False	True	0	positive	rod	no	no	aerobe	meso
134150	Cyclobacterium amurskyense	Cyclobacterium	Bacteroidota	RS_GCF_001050135.1	GCF_001050135.1	True	genome_seen	False	True	True	1	negative	other	no	no	aerobe	meso
134151	Thalassotalea_G loyana	Thalassotalea_G	Pseudomonadota	RS_GCF_030161435.1	GCF_030161435.1	True	genome_seen	True	False	True	1	negative	rod	yes	no	aerobe	meso
134154	Nonlabens tegetincola	Nonlabens	Bacteroidota	RS_GCF_002954355.1	GCF_002954355.1	True	genome_seen	False	True	True	1	negative	rod	no	no	aerobe	meso
134161	Nonlabens spongiae	Nonlabens	Bacteroidota	RS_GCF_002117125.1	GCF_002117125.1	True	genome_seen	False	True	True	1	negative	rod	yes	no	aerobe	meso
134163	Shewanella morhuae	Shewanella	Pseudomonadota	RS_GCF_900156405.1	GCF_900156405.1	True	genome_seen	False	True	True	1	negative	rod	yes	no	aerobe	meso
134164	Bacillus tequilensis	Bacillus	Bacillota	RS_GCF_031317525.1	GCF_031317525.1	True	species_seen	False	False	True	1	positive	rod	yes	yes	aerobe	thermo
134165	Larkinella insperata	Larkinella	Bacteroidota	RS_GCF_026248825.1	GCF_026248825.1	True	genome_seen	True	False	True	1	negative	rod	yes	no	aerobe	meso
134169	Azospirillum melinis	Azospirillum	Pseudomonadota	RS_GCF_017876055.1	GCF_017876055.1	True	species_seen	False	False	True	1	negative	rod	no	no	facultative	meso
134170	Polaribacter litoreum	Polaribacter	Bacteroidota	RS_GCF_964513915.1	GCF_964513915.1	True	unseen	False	False	True	0	negative	rod	yes	no	aerobe	meso
134176	Yeosuana aromativorans	Yeosuana	Bacteroidota	RS_GCF_014646655.1	GCF_014646655.1	True	genome_seen	False	True	True	1	negative	rod	no	no	aerobe	meso
134179	Caldalkalibacillus thermarum	Caldalkalibacillus	Bacillota	RS_GCF_014644735.1	GCF_014644735.1	True	genome_seen	False	True	True	1	positive	rod	no	yes	aerobe	thermo
134181	Oceanimonas taiwanensis	Oceanimonas	Pseudomonadota	RS_GCF_003012795.1	GCF_003012795.1	True	genome_seen	False	True	True	1	negative	rod	yes	no	facultative	meso
134182	Pseudokineococcus marinus	Pseudokineococcus	Actinomycetota	RS_GCF_037482405.1	GCF_037482405.1	True	species_seen	False	False	True	1	positive	coccus	yes	no	aerobe	meso
134184	Lutibacter litoralis	Lutibacter	Bacteroidota	RS_GCF_014646675.1	GCF_014646675.1	True	genome_seen	False	True	True	1	negative	rod	no	no	aerobe	meso
134186	Costertonia aggregata	Costertonia	Bacteroidota	RS_GCF_013402795.1	GCF_013402795.1	True	genome_seen	False	True	True	1	negative	rod	yes	no	aerobe	meso
134187	Psychroserpens mesophilus	Psychroserpens	Bacteroidota	RS_GCF_000826645.1	GCF_000826645.1	True	genome_seen	False	True	True	1	negative	rod	no	no	aerobe	meso
134188	Pedobacter aquatilis	Pedobacter	Bacteroidota	RS_GCF_030409415.1	GCF_030409415.1	True	genome_seen	True	False	True	1	negative	rod	no	no	aerobe	meso
134192	Leeuwenhoekiella blandensis	Leeuwenhoekiella	Bacteroidota	RS_GCF_000152985.1	GCF_000152985.1	True	genome_seen	False	True	True	1	negative	rod	yes	no	aerobe	meso
134193	Epilithonimonas hispanica	Epilithonimonas	Bacteroidota	RS_GCF_042433225.1	GCF_042433225.1	True	species_seen	False	False	True	1	negative	rod	no	no	aerobe	meso
134194	Helicobacter_F equorum	Helicobacter_F	Campylobacterota	RS_GCF_042649585.1	GCF_042649585.1	False	species_seen	False	False	True	1	negative	rod	yes	no	facultative	meso
134196	Chryseobacterium taiwanense	Chryseobacterium	Bacteroidota	RS_GCF_000813825.1	GCF_000813825.1	True	genome_seen	False	True	True	1	negative	rod	no	no	aerobe	meso
134197	Prolixibacter bellariivorans	Prolixibacter	Bacteroidota	RS_GCF_000621705.1	GCF_000621705.1	True	genome_seen	False	True	True	1	negative	rod	no	no	facultative	meso
134198	Polaribacter aestuarii	Polaribacter	Bacteroidota	RS_GCF_964510395.1	GCF_964510395.1	True	unseen	False	False	True	0	negative	rod	yes	no	aerobe	meso
134199	Flavobacterium pelagicum	Flavobacterium	Bacteroidota	RS_GCF_042677025.1	GCF_042677025.1	True	species_seen	False	False	True	1	negative	rod	no	no	aerobe	meso
134205	Sneathiella chinensis	Sneathiella	Pseudomonadota	RS_GCF_012720115.1	GCF_012720115.1	True	genome_seen	False	True	True	1	negative	rod	yes	no	aerobe	meso
134210	Labrys neptuniae	Labrys	Pseudomonadota	RS_GCF_040797145.1	GCF_040797145.1	True	unseen	False	False	True	0	negative	rod	no	no	aerobe	meso
134211	Flagellimonas eckloniae	Flagellimonas	Bacteroidota	RS_GCF_001413955.1	GCF_001413955.1	True	genome_seen	False	True	True	1	negative	rod	yes	no	aerobe	meso
134213	Methylobacterium jeotgali	Methylobacterium	Pseudomonadota	RS_GCF_022179345.1	GCF_022179345.1	True	genome_seen	False	True	True	1	negative	rod	yes	no	aerobe	meso
134217	Fulvivirga kasyanovii	Fulvivirga	Bacteroidota	RS_GCF_039523515.1	GCF_039523515.1	True	species_seen	False	False	True	1	negative	rod	yes	no	aerobe	meso
134220	Marixanthomonas ophiurae	Marixanthomonas	Bacteroidota	RS_GCF_003413745.1	GCF_003413745.1	True	genome_seen	False	True	True	1	negative	rod	no	no	aerobe	meso
134221	Parapedobacter koreensis	Parapedobacter	Bacteroidota	RS_GCF_900109365.1	GCF_900109365.1	True	genome_seen	False	True	True	1	negative	rod	no	no	aerobe	meso
134231	Persicitalea jodogahamensis	Persicitalea	Bacteroidota	RS_GCF_014651615.1	GCF_014651615.1	True	genome_seen	False	True	True	1	negative	rod	no	no	aerobe	meso
134234	Tsukamurella pulmonis	Tsukamurella	Actinomycetota	RS_GCF_001575215.1	GCF_001575215.1	True	species_seen	False	False	True	1	positive	rod	no	no	aerobe	meso
134238	Prevotella pleuritidis	Prevotella	Bacteroidota	RS_GCF_000613725.1	GCF_000613725.1	True	genome_seen	False	True	True	1	negative	rod	no	no	anaerobe	meso
134242	Pseudovibrio japonicus	Pseudovibrio	Pseudomonadota	RS_GCF_014651595.1	GCF_014651595.1	True	genome_seen	False	True	True	1	negative	rod	yes	no	facultative	meso
134249	Gottfriedia acidiceleris	Gottfriedia	Bacillota	RS_GCF_002128425.1	GCF_002128425.1	True	genome_seen	False	True	True	1	positive	rod	no	yes	facultative	meso
134250	Alkalibacterium indicireducens	Alkalibacterium	Bacillota	RS_GCF_039522005.1	GCF_039522005.1	True	species_seen	False	False	True	1	negative	rod	yes	no	facultative	meso
134251	Virgibacillus chiguensis	Virgibacillus	Bacillota	RS_GCF_900129865.1	GCF_900129865.1	True	genome_seen	False	True	True	1	positive	rod	yes	yes	aerobe	meso
134258	Alkalimonas collagenimarina	Alkalimonas	Pseudomonadota	RS_GCF_030717845.1	GCF_030717845.1	True	genome_seen	True	False	True	1	negative	rod	yes	no	aerobe	meso
134262	Cerasicoccus arenae	Cerasicoccus	Verrucomicrobiota	RS_GCF_014651635.1	GCF_014651635.1	False	genome_seen	False	True	True	1	negative	coccus	no	no	aerobe	meso
134267	Paenisporosarcina quisquiliarum	Paenisporosarcina	Bacillota	RS_GCF_027563315.1	GCF_027563315.1	True	genome_seen	True	False	True	1	positive	rod	no	yes	aerobe	meso
134268	Knoellia remsis	Knoellia	Actinomycetota	RS_GCF_003002895.1	GCF_003002895.1	True	genome_seen	False	True	True	1	positive	coccus	no	no	aerobe	meso
134269	Methylophaga thalassica	Methylophaga	Pseudomonadota	RS_GCF_000214595.1	GCF_000214595.1	True	genome_seen	False	True	True	1	negative	rod	no	no	aerobe	meso
134272	Pelomonas puraquae	Pelomonas	Pseudomonadota	RS_GCF_002205845.1	GCF_002205845.1	True	genome_seen	False	True	True	1	negative	rod	yes	no	aerobe	meso
134273	Pelomonas aquatica	Pelomonas	Pseudomonadota	RS_GCF_026712205.1	GCF_026712205.1	True	genome_seen	True	False	True	1	negative	rod	yes	no	aerobe	meso
134274	Helicobacter baculiformis	Helicobacter	Campylobacterota	RS_GCF_042649605.1	GCF_042649605.1	False	species_seen	False	False	True	1	negative	other	yes	no	facultative	meso
134278	Microbulbifer celer	Microbulbifer	Pseudomonadota	RS_GCF_020991125.1	GCF_020991125.1	True	genome_seen	False	True	True	1	negative	rod	no	no	aerobe	meso
134283	Chromohalobacter beijerinckii	Chromohalobacter	Pseudomonadota	RS_GCF_023061175.1	GCF_023061175.1	True	species_seen	False	False	True	1	negative	rod	yes	no	aerobe	meso
134285	Paracoccus halophilus	Paracoccus	Pseudomonadota	RS_GCF_000763905.1	GCF_000763905.1	True	genome_seen	False	True	True	1	negative	rod	no	no	aerobe	meso
134290	Methylobacterium platani	Methylobacterium	Pseudomonadota	RS_GCF_001653715.1	GCF_001653715.1	True	genome_seen	False	True	True	1	negative	rod	yes	no	aerobe	meso
134296	Marinobacter guineae	Marinobacter	Pseudomonadota	RS_GCF_002744735.1	GCF_002744735.1	True	genome_seen	False	True	True	1	negative	rod	yes	no	aerobe	meso
134301	Sinomonas albida	Sinomonas	Actinomycetota	RS_GCF_004919045.1	GCF_004919045.1	True	genome_seen	False	True	True	1	positive	rod	no	no	aerobe	meso
134304	Sneathiella glossodoripedis	Sneathiella	Pseudomonadota	RS_GCF_000616095.1	GCF_000616095.1	True	genome_seen	False	True	True	1	negative	rod	yes	no	aerobe	meso
134306	Brucella melitensis	Brucella	Pseudomonadota	RS_GCF_000022745.1	GCF_000022745.1	True	species_seen	False	False	True	1	negative	rod	no	no	aerobe	meso
134318	Polaribacter aiptasiae	Polaribacter	Bacteroidota	RS_GCF_008806755.1	GCF_008806755.1	True	genome_seen	False	True	True	1	negative	rod	yes	no	aerobe	meso
134323	Chryseobacterium aquaticum	Chryseobacterium	Bacteroidota	RS_GCF_001420285.1	GCF_001420285.1	True	genome_seen	False	True	True	1	negative	rod	no	no	aerobe	meso
134324	Pedobacter zeaxanthinifaciens	Pedobacter	Bacteroidota	RS_GCF_003313335.1	GCF_003313335.1	True	genome_seen	False	True	True	1	negative	rod	yes	no	aerobe	meso
134325	Halolactibacillus alkaliphilus	Halolactibacillus	Bacillota	RS_GCF_007991355.1	GCF_007991355.1	True	species_seen	False	False	True	1	positive	rod	no	no	facultative	meso
134326	Microbulbifer halophilus	Microbulbifer	Pseudomonadota	RS_GCF_026183675.1	GCF_026183675.1	True	genome_seen	True	False	True	1	negative	rod	yes	no	aerobe	meso
134327	Roseibacillus ishigakijimensis	Roseibacillus	Verrucomicrobiota	RS_GCF_016595415.1	GCF_016595415.1	False	genome_seen	False	True	True	1	negative	rod	no	no	aerobe	meso
134329	Roseibacillus persicicus	Roseibacillus	Verrucomicrobiota	RS_GCF_014651675.1	GCF_014651675.1	False	genome_seen	False	True	True	1	negative	rod	no	no	aerobe	meso
134330	Luteolibacter algae	Luteolibacter	Verrucomicrobiota	RS_GCF_042683045.1	GCF_042683045.1	False	unseen	False	False	True	0	negative	rod	no	no	aerobe	meso
134331	Luteolibacter pohnpeiensis	Luteolibacter	Verrucomicrobiota	RS_GCF_016595435.1	GCF_016595435.1	False	genome_seen	False	True	True	1	negative	rod	no	no	aerobe	meso
134338	Xaviernesmea oryzae	Xaviernesmea	Pseudomonadota	RS_GCF_900109605.1	GCF_900109605.1	True	genome_seen	False	True	True	1	negative	rod	yes	no	aerobe	meso
134344	Kineococcus gynurae	Kineococcus	Actinomycetota	RS_GCF_050871315.1	GCF_050871315.1	True	unseen	False	False	True	0	positive	coccus	yes	no	aerobe	meso
134345	Robinsoniella peoriensis	Robinsoniella	Bacillota	RS_GCF_042680125.1	GCF_042680125.1	True	species_seen	False	False	True	1	positive	other	no	yes	anaerobe	meso
134347	Sphingobacterium siyangense	Sphingobacterium	Bacteroidota	RS_GCF_007830445.1	GCF_007830445.1	True	genome_seen	False	True	True	1	negative	rod	no	no	aerobe	meso
134349	Croceitalea dokdonensis	Croceitalea	Bacteroidota	RS_GCF_001306415.1	GCF_001306415.1	True	genome_seen	False	True	True	1	negative	rod	no	no	aerobe	meso
134350	Pseudotamlana agarivorans	Pseudotamlana	Bacteroidota	RS_GCF_001642835.1	GCF_001642835.1	True	genome_seen	False	True	True	1	negative	rod	no	no	aerobe	meso
134352	Shewanella basaltis	Shewanella	Pseudomonadota	RS_GCF_023283885.1	GCF_023283885.1	True	genome_seen	False	True	True	1	negative	rod	yes	no	aerobe	meso
134354	Marinomonas arctica	Marinomonas	Pseudomonadota	RS_GCF_003259225.1	GCF_003259225.1	True	genome_seen	False	True	True	1	negative	rod	yes	no	aerobe	meso
134356	Psychromonas ossibalaenae	Psychromonas	Pseudomonadota	RS_GCF_000381745.1	GCF_000381745.1	True	genome_seen	False	True	True	1	negative	rod	yes	no	facultative	meso
134357	Psychromonas aquimarina	Psychromonas	Pseudomonadota	RS_GCF_000428725.1	GCF_000428725.1	True	genome_seen	False	True	True	1	negative	rod	yes	no	facultative	meso
134359	Halomonas desiderata	Halomonas	Pseudomonadota	RS_GCF_900108215.1	GCF_900108215.1	True	species_seen	False	False	True	1	negative	rod	yes	no	aerobe	meso
134361	Mucilaginibacter kameinonensis	Mucilaginibacter	Bacteroidota	RS_GCF_003675385.1	GCF_003675385.1	True	genome_seen	False	True	True	1	negative	rod	no	no	aerobe	meso
134363	Prosthecobacter fluviatilis	Prosthecobacter	Verrucomicrobiota	RS_GCF_042655725.1	GCF_042655725.1	False	unseen	False	False	True	0	negative	rod	no	no	aerobe	meso
134366	Lacinutrix mariniflava	Lacinutrix	Bacteroidota	RS_GCF_001418015.1	GCF_001418015.1	True	genome_seen	False	True	True	1	negative	rod	no	no	aerobe	meso
134367	Nocardioides fonticola	Nocardioides	Actinomycetota	RS_GCF_039536805.1	GCF_039536805.1	True	unseen	False	False	True	0	positive	rod	no	no	aerobe	meso
134368	Amphritea japonica	Amphritea	Pseudomonadota	RS_GCF_016592435.1	GCF_016592435.1	True	genome_seen	False	True	True	1	negative	rod	yes	no	facultative	meso
134369	Amphritea balenae	Amphritea	Pseudomonadota	RS_GCF_003858655.1	GCF_003858655.1	True	genome_seen	False	True	True	1	negative	rod	yes	no	facultative	meso
134370	Paenochrobactrum glaciei	Paenochrobactrum	Pseudomonadota	RS_GCF_039522165.1	GCF_039522165.1	True	species_seen	False	False	True	1	negative	rod	no	no	aerobe	meso
134371	Mesorhizobium caraganae	Mesorhizobium	Pseudomonadota	RS_GCF_016836705.1	GCF_016836705.1	True	genome_seen	False	True	True	1	negative	rod	yes	no	aerobe	meso
134374	Pristimantibacillus septentrionalis	Pristimantibacillus	Bacillota	RS_GCF_042659865.1	GCF_042659865.1	True	unseen	False	False	True	0	positive	rod	yes	yes	facultative	meso
134376	Sphingobacterium anhuiense	Sphingobacterium	Bacteroidota	RS_GCF_042686355.1	GCF_042686355.1	True	species_seen	False	False	True	1	negative	rod	no	no	aerobe	meso
134460	Moraxella veridica	Moraxella	Pseudomonadota	RS_GCF_900453075.1	GCF_900453075.1	True	species_seen	False	False	True	1	negative	coccus	no	no	aerobe	meso
135033	Mogibacterium diversum	Mogibacterium	Bacillota	RS_GCF_002998925.1	GCF_002998925.1	True	genome_seen	False	True	True	1	positive	rod	no	no	anaerobe	meso
135505	Pseudomonas aeruginosa	Pseudomonas	Pseudomonadota	RS_GCF_050908025.1	GCF_050908025.1	True	species_seen	False	False	True	1	positive	rod	yes	yes	facultative	meso
135692	G047199095 sp047199095	G047199095	Pseudomonadota	RS_GCF_965139105.1	GCF_965139105.1	True	unseen	False	False	False	0	negative	rod	yes	no	facultative	meso
136411	Bacillus amyloliquefaciens	Bacillus	Bacillota	RS_GCF_050517505.1	GCF_050517505.1	True	species_seen	False	False	True	1	positive	rod	yes	yes	facultative	meso
136795	Shewanella oneidensis	Shewanella	Pseudomonadota	RS_GCF_000146165.2	GCF_000146165.2	True	genome_seen	False	True	True	1	negative	rod	yes	no	aerobe	meso
136829	Achromobacter mucicolens	Achromobacter	Pseudomonadota	RS_GCF_902859995.1	GCF_902859995.1	True	species_seen	False	False	True	1	negative	rod	yes	no	aerobe	meso
136835	Vibrio aestuarianus	Vibrio	Pseudomonadota	RS_GCF_965138855.1	GCF_965138855.1	True	species_seen	False	False	True	1	negative	rod	yes	no	facultative	meso
136935	Clostridium_G tetani	Clostridium_G	Bacillota	RS_GCF_004115645.1	GCF_004115645.1	True	species_seen	False	False	True	1	positive	rod	no	yes	anaerobe	meso
137313	Enterococcus faecalis	Enterococcus	Bacillota	RS_GCF_040535365.1	GCF_040535365.1	True	species_seen	False	False	True	1	positive	coccus	no	no	facultative	meso
137380	Sphingobacterium daejeonense	Sphingobacterium	Bacteroidota	RS_GCF_042678525.1	GCF_042678525.1	True	species_seen	False	False	True	1	negative	rod	no	no	aerobe	meso
137383	Chryseobacterium rhizosphaerae	Chryseobacterium	Bacteroidota	RS_GCF_003385455.1	GCF_003385455.1	True	genome_seen	False	True	True	1	negative	rod	no	no	aerobe	meso
138119	Sarcina perfringens	Sarcina	Bacillota	RS_GCF_000171215.1	GCF_000171215.1	True	species_seen	False	False	True	1	positive	rod	no	no	anaerobe	meso
138488	Klebsiella variicola	Klebsiella	Pseudomonadota	RS_GCF_965137225.1	GCF_965137225.1	True	species_seen	False	False	True	1	negative	rod	no	no	facultative	meso
138792	Shewanella algae	Shewanella	Pseudomonadota	RS_GCF_019670525.1	GCF_019670525.1	True	species_seen	False	False	True	1	negative	rod	no	no	aerobe	meso
139168	ECMA0423 sp047199055	ECMA0423	Pseudomonadota	RS_GCF_038435305.1	GCF_038435305.1	True	unseen	False	False	False	0	negative	rod	yes	no	facultative	meso
139617	Sphingobacterium zeae	Sphingobacterium	Bacteroidota	RS_GCF_042647425.1	GCF_042647425.1	True	species_seen	False	False	True	1	negative	rod	no	no	aerobe	meso
139755	Catenibacillus scindens	Catenibacillus	Bacillota	RS_GCF_014202115.1	GCF_014202115.1	True	genome_seen	False	True	True	1	positive	rod	no	no	anaerobe	meso
139988	Peribacillus asahii	Peribacillus	Bacillota	RS_GCF_003570725.1	GCF_003570725.1	True	genome_seen	False	True	True	1	positive	rod	yes	yes	aerobe	meso
140045	Paraperibacillus deserti	Paraperibacillus	Bacillota	RS_GCF_016909175.1	GCF_016909175.1	True	genome_seen	False	True	True	1	positive	rod	yes	yes	aerobe	meso
140138	Streptococcus oricebi	Streptococcus	Bacillota	RS_GCF_017883985.1	GCF_017883985.1	True	genome_seen	False	True	True	1	positive	coccus	no	no	facultative	meso
140140	Peribacillus cavernae	Peribacillus	Bacillota	RS_GCF_003989135.1	GCF_003989135.1	True	genome_seen	False	True	True	1	positive	rod	yes	yes	aerobe	meso
140230	Streptococcus pantholopis	Streptococcus	Bacillota	RS_GCF_001642085.1	GCF_001642085.1	True	genome_seen	False	True	True	1	positive	coccus	no	no	facultative	meso
140254	Flexivirga oryzae	Flexivirga	Actinomycetota	RS_GCF_014190805.1	GCF_014190805.1	True	genome_seen	False	True	True	1	positive	coccus	no	no	aerobe	meso
140264	Alkalicoccus halolimnae	Alkalicoccus	Bacillota	RS_GCF_008014775.2	GCF_008014775.2	True	unseen	False	False	True	0	positive	coccus	no	no	aerobe	meso
140265	Defluviitalea raffinosedens	Defluviitalea	Bacillota	RS_GCF_016908775.1	GCF_016908775.1	True	genome_seen	False	True	True	1	positive	rod	no	no	anaerobe	thermo
140266	Mesobacillus_C zeae	Mesobacillus_C	Bacillota	RS_GCF_003570705.1	GCF_003570705.1	True	genome_seen	False	True	True	1	positive	rod	no	no	aerobe	meso
140267	Allofournierella massiliensis	Allofournierella	Bacillota	RS_GCF_004345265.1	GCF_004345265.1	True	genome_seen	False	True	True	1	negative	rod	no	no	anaerobe	meso
140268	Faecalimonas umbilicata	Faecalimonas	Bacillota	RS_GCF_004346095.1	GCF_004346095.1	True	genome_seen	False	True	True	1	positive	coccus	no	no	anaerobe	meso
140269	Ileibacterium valens	Ileibacterium	Bacillota_I	RS_GCF_001945525.1	GCF_001945525.1	False	genome_seen	False	True	True	1	positive	rod	no	no	anaerobe	meso
140275	Luteitalea pratensis	Luteitalea	Acidobacteriota	RS_GCF_001618865.1	GCF_001618865.1	False	genome_seen	False	True	True	1	negative	rod	no	no	aerobe	meso
140276	Halomonas alkalicola	Halomonas	Pseudomonadota	RS_GCF_030704205.1	GCF_030704205.1	True	species_seen	False	False	True	1	negative	rod	no	no	aerobe	meso
140287	Actinomyces vulturis	Actinomyces	Actinomycetota	RS_GCF_001687305.1	GCF_001687305.1	True	genome_seen	False	True	True	1	positive	rod	no	no	facultative	meso
140290	Boudabousia liubingyangii	Boudabousia	Actinomycetota	RS_GCF_001907245.1	GCF_001907245.1	True	genome_seen	False	True	True	1	positive	rod	no	no	facultative	meso
140299	Aquipseudomonas lactis	Aquipseudomonas	Pseudomonadota	RS_GCF_001439845.1	GCF_001439845.1	True	genome_seen	False	True	True	1	negative	rod	yes	no	aerobe	meso
140300	Aquipseudomonas paralactis	Aquipseudomonas	Pseudomonadota	RS_GCF_001439735.1	GCF_001439735.1	True	genome_seen	False	True	True	1	negative	rod	yes	no	aerobe	meso
140308	Mobilicoccus caccae	Mobilicoccus	Actinomycetota	RS_GCF_030161635.1	GCF_030161635.1	True	genome_seen	True	False	True	1	positive	coccus	yes	no	facultative	meso
140310	Bifidobacterium apri	Bifidobacterium	Actinomycetota	RS_GCF_009299485.1	GCF_009299485.1	True	genome_seen	False	True	True	1	positive	rod	no	no	anaerobe	meso
140314	Paraglaciecola hydrolytica	Paraglaciecola	Pseudomonadota	RS_GCF_001565895.1	GCF_001565895.1	True	genome_seen	False	True	True	1	negative	rod	yes	no	aerobe	meso
140317	Clostridium_F tepidum	Clostridium_F	Bacillota	RS_GCF_002008345.1	GCF_002008345.1	True	genome_seen	False	True	True	1	positive	rod	yes	yes	anaerobe	thermo
140318	Paenibacillus_S doosanensis	Paenibacillus_S	Bacillota	RS_GCF_023523925.1	GCF_023523925.1	True	species_seen	False	False	True	1	positive	rod	no	yes	aerobe	meso
140320	Sphingomonas spermidinifaciens	Sphingomonas	Pseudomonadota	RS_GCF_002351485.1	GCF_002351485.1	True	genome_seen	False	True	True	1	negative	rod	yes	no	aerobe	meso
140321	Caedibacter litoralis	Caedibacter	Pseudomonadota	RS_GCF_003428165.1	GCF_003428165.1	True	genome_seen	False	True	True	1	negative	coccus	no	no	facultative	meso
140343	Naumannella cuiyingiana	Naumannella	Actinomycetota	RS_GCF_013408305.1	GCF_013408305.1	True	genome_seen	False	True	True	1	positive	other	no	no	aerobe	meso
140346	Alloscardovia venturai	Alloscardovia	Actinomycetota	RS_GCF_042676605.1	GCF_042676605.1	True	unseen	False	False	True	0	positive	rod	no	no	anaerobe	meso
140348	Mesonia maritima	Mesonia	Bacteroidota	RS_GCF_042433895.1	GCF_042433895.1	True	unseen	False	False	True	0	negative	rod	yes	no	aerobe	meso
140349	Micrococcoides hystricis	Micrococcoides	Actinomycetota	RS_GCF_042434215.1	GCF_042434215.1	True	unseen	False	False	False	0	positive	coccus	no	no	aerobe	meso
140352	Bacillus_D notoginsengisoli	Bacillus_D	Bacillota	RS_GCF_003515685.1	GCF_003515685.1	True	genome_seen	False	True	True	1	positive	rod	yes	yes	aerobe	meso
140353	Desulfocucumis palustris	Desulfocucumis	Bacillota	RS_GCF_002933875.1	GCF_002933875.1	True	genome_seen	False	True	True	1	negative	rod	yes	yes	anaerobe	meso
140354	Pseudobacillus wudalianchiensis	Pseudobacillus	Bacillota	RS_GCF_001685015.1	GCF_001685015.1	True	genome_seen	False	True	True	1	positive	rod	yes	yes	aerobe	meso
140355	Cytobacillus praedii	Cytobacillus	Bacillota	RS_GCF_001439605.1	GCF_001439605.1	True	genome_seen	False	True	True	1	positive	rod	yes	yes	aerobe	meso
140356	Limosilactobacillus caviae	Limosilactobacillus	Bacillota	RS_GCF_014635905.1	GCF_014635905.1	True	genome_seen	False	True	True	1	positive	rod	no	no	anaerobe	meso
140359	Stenotrophomonas bentonitica	Stenotrophomonas	Pseudomonadota	RS_GCF_013185915.1	GCF_013185915.1	True	genome_seen	False	True	True	1	negative	rod	no	no	aerobe	meso
140360	Desulfosarcina widdelii	Desulfosarcina	Desulfobacterota	RS_GCF_009688965.1	GCF_009688965.1	False	genome_seen	False	True	True	1	negative	rod	yes	no	anaerobe	meso
140361	Desulfosarcina alkanivorans	Desulfosarcina	Desulfobacterota	RS_GCF_009688945.1	GCF_009688945.1	False	genome_seen	False	True	True	1	negative	rod	yes	no	anaerobe	meso
140370	Conexibacter stalactiti	Conexibacter	Actinomycetota	RS_GCF_035967765.1	GCF_035967765.1	True	unseen	False	False	True	0	positive	rod	yes	no	aerobe	meso
140372	Actinomyces gaoshouyii	Actinomyces	Actinomycetota	RS_GCF_002072175.1	GCF_002072175.1	True	genome_seen	False	True	True	1	positive	rod	no	no	facultative	meso
140375	Saonia flava	Saonia	Bacteroidota	RS_GCF_011927795.1	GCF_011927795.1	True	genome_seen	False	True	True	1	negative	rod	no	no	aerobe	meso
140383	Flavobacterium endophyticum	Flavobacterium	Bacteroidota	RS_GCF_014138495.1	GCF_014138495.1	True	species_seen	False	False	True	1	negative	rod	no	no	aerobe	meso
140403	Levilactobacillus cerevisiae	Levilactobacillus	Bacillota	RS_GCF_003946245.1	GCF_003946245.1	True	genome_seen	False	True	True	1	positive	rod	no	no	facultative	meso
140404	Halalkalibacter kiskunsagensis	Halalkalibacter	Bacillota	RS_GCF_037027555.1	GCF_037027555.1	True	unseen	False	False	True	0	positive	rod	no	yes	facultative	meso
140408	Priestia iocasae	Priestia	Bacillota	RS_GCF_016909075.1	GCF_016909075.1	True	genome_seen	False	True	True	1	positive	rod	yes	yes	aerobe	meso
140409	Secundilactobacillus silagincola	Secundilactobacillus	Bacillota	RS_GCF_002583405.1	GCF_002583405.1	True	genome_seen	False	True	True	1	positive	rod	no	no	facultative	meso
140410	Secundilactobacillus pentosiphilus	Secundilactobacillus	Bacillota	RS_GCF_002217985.1	GCF_002217985.1	True	genome_seen	False	True	True	1	positive	rod	no	no	facultative	meso
140411	Streptococcus ruminantium	Streptococcus	Bacillota	RS_GCF_003609975.1	GCF_003609975.1	True	genome_seen	False	True	True	1	positive	coccus	no	no	aerobe	meso
140414	Pseudodesulfovibrio senegalensis	Pseudodesulfovibrio	Desulfobacterota	RS_GCF_008830225.1	GCF_008830225.1	False	genome_seen	False	True	True	1	negative	rod	yes	no	anaerobe	meso
140420	Pontivivens marinum	Pontivivens	Pseudomonadota	RS_GCF_900231835.1	GCF_900231835.1	True	genome_seen	False	True	True	1	negative	rod	no	no	aerobe	meso
140426	Citrobacter portucalensis	Citrobacter	Pseudomonadota	RS_GCF_002042885.1	GCF_002042885.1	True	genome_seen	False	True	True	1	negative	rod	yes	no	facultative	meso
140460	Abyssicoccus albus	Abyssicoccus	Bacillota	RS_GCF_001989575.1	GCF_001989575.1	True	species_seen	False	False	True	1	positive	coccus	no	no	aerobe	meso
140462	Dehalogenimonas formicexedens	Dehalogenimonas	Chloroflexota	RS_GCF_001953175.1	GCF_001953175.1	False	genome_seen	False	True	True	1	negative	coccus	no	no	anaerobe	meso
140466	Xenorhabdus thuongxuanensis	Xenorhabdus	Pseudomonadota	RS_GCF_001908095.1	GCF_001908095.1	True	genome_seen	False	True	True	1	negative	rod	yes	no	aerobe	meso
140468	Hyphobacterium vulgare	Hyphobacterium	Pseudomonadota	RS_GCF_042643335.1	GCF_042643335.1	True	unseen	False	False	True	0	negative	rod	no	no	aerobe	meso
140477	Sphingopyxis solisilvae	Sphingopyxis	Pseudomonadota	RS_GCF_015475875.1	GCF_015475875.1	True	genome_seen	False	True	True	1	negative	rod	yes	no	aerobe	meso
140510	Lutimaribacter_A marinistellae	Lutimaribacter_A	Pseudomonadota	RS_GCF_042648365.1	GCF_042648365.1	True	unseen	False	False	True	0	negative	rod	yes	no	facultative	meso
140511	Telluria pinisoli	Telluria	Pseudomonadota	RS_GCF_024753285.1	GCF_024753285.1	True	genome_seen	False	True	True	1	negative	rod	yes	no	aerobe	meso
140515	Gelatiniphilus marinus	Gelatiniphilus	Bacteroidota	RS_GCF_042678305.1	GCF_042678305.1	True	unseen	False	False	False	0	negative	rod	no	no	aerobe	meso
140523	Bacillus nakamurai	Bacillus	Bacillota	RS_GCF_001584325.1	GCF_001584325.1	True	genome_seen	False	True	True	1	positive	rod	yes	yes	aerobe	meso
140524	Desulfotomaculum ferrireducens	Desulfotomaculum	Bacillota	RS_GCF_002005145.1	GCF_002005145.1	True	genome_seen	False	True	True	1	positive	rod	yes	yes	anaerobe	thermo
140529	Paenibacillus_AQ tritici	Paenibacillus_AQ	Bacillota	RS_GCF_013204885.1	GCF_013204885.1	True	genome_seen	False	True	True	1	positive	rod	yes	yes	aerobe	meso
140530	Sporolactobacillus shoreicorticis	Sporolactobacillus	Bacillota	RS_GCF_024125445.1	GCF_024125445.1	True	genome_seen	False	True	True	1	positive	rod	yes	yes	facultative	meso
140531	Merdimonas faecis	Merdimonas	Bacillota	RS_GCF_001754075.1	GCF_001754075.1	True	genome_seen	False	True	True	1	positive	rod	no	no	anaerobe	meso
140538	Bombella apis	Bombella	Pseudomonadota	RS_GCF_018221685.1	GCF_018221685.1	True	genome_seen	False	True	True	1	negative	rod	no	no	aerobe	meso
140551	Algorimicrobium sediminis	Algorimicrobium	Bacteroidota	RS_GCF_042684585.1	GCF_042684585.1	True	unseen	False	False	True	0	negative	rod	no	no	aerobe	meso
140557	Leuconostoc mesenteroides	Leuconostoc	Bacillota	RS_GCF_001886915.1	GCF_001886915.1	True	species_seen	False	False	True	1	positive	coccus	no	no	facultative	meso
140558	Ureibacillus telephonicus	Ureibacillus	Bacillota	RS_GCF_003966145.1	GCF_003966145.1	True	genome_seen	False	True	True	1	positive	rod	yes	yes	aerobe	meso
140564	Flavobacterium olei	Flavobacterium	Bacteroidota	RS_GCF_039749035.1	GCF_039749035.1	True	unseen	False	False	True	0	negative	rod	no	no	aerobe	meso
140571	Jeotgalibaca porci	Jeotgalibaca	Bacillota	RS_GCF_011299095.1	GCF_011299095.1	True	genome_seen	False	True	True	1	positive	coccus	no	no	facultative	meso
140572	Jeotgalibaca arthritidis	Jeotgalibaca	Bacillota	RS_GCF_011100465.1	GCF_011100465.1	True	genome_seen	False	True	True	1	positive	coccus	no	no	facultative	meso
140573	Siminovitchia terrae	Siminovitchia	Bacillota	RS_GCF_003605405.2	GCF_003605405.2	True	genome_seen	False	True	True	1	positive	rod	yes	yes	aerobe	meso
140577	Dyella_B lipolytica	Dyella_B	Pseudomonadota	RS_GCF_030160075.1	GCF_030160075.1	True	genome_seen	True	False	True	1	negative	rod	no	no	aerobe	meso
140586	Nesterenkonia cremea	Nesterenkonia	Actinomycetota	RS_GCF_014642675.1	GCF_014642675.1	True	genome_seen	False	True	True	1	positive	rod	no	no	aerobe	meso
140592	Salibacter halophilus	Salibacter	Bacteroidota	RS_GCF_008806325.1	GCF_008806325.1	True	genome_seen	False	True	True	1	negative	rod	no	no	facultative	meso
140595	Sphingobacterium alkalisoli	Sphingobacterium	Bacteroidota	RS_GCF_005049105.1	GCF_005049105.1	True	genome_seen	False	True	True	1	negative	rod	no	no	aerobe	meso
140596	Hymenobacter coccineus	Hymenobacter	Bacteroidota	RS_GCF_001816125.1	GCF_001816125.1	True	genome_seen	False	True	True	1	negative	rod	no	no	aerobe	psychro
140597	Hymenobacter lapidarius	Hymenobacter	Bacteroidota	RS_GCF_001816145.1	GCF_001816145.1	True	genome_seen	False	True	True	1	negative	rod	no	no	aerobe	psychro
140598	Hymenobacter glacialis	Hymenobacter	Bacteroidota	RS_GCF_001816165.1	GCF_001816165.1	True	genome_seen	False	True	True	1	negative	rod	no	no	aerobe	meso
140603	Pararhizobium antarcticum	Pararhizobium	Pseudomonadota	RS_GCF_001885585.1	GCF_001885585.1	True	genome_seen	False	True	True	1	negative	rod	yes	no	aerobe	meso
140606	Acinetobacter defluvii	Acinetobacter	Pseudomonadota	RS_GCF_001704615.3	GCF_001704615.3	True	genome_seen	False	True	True	1	negative	coccus	no	no	aerobe	meso
140608	Caulobacter rhizosphaerae	Caulobacter	Pseudomonadota	RS_GCF_010977555.1	GCF_010977555.1	True	genome_seen	False	True	True	1	negative	rod	yes	no	aerobe	meso
140612	Salinicola tamaricis	Salinicola	Pseudomonadota	RS_GCF_003006155.1	GCF_003006155.1	True	genome_seen	False	True	True	1	negative	rod	yes	no	aerobe	meso
140618	Fontibacillus aceti	Fontibacillus	Bacillota	RS_GCF_003614185.1	GCF_003614185.1	True	genome_seen	False	True	True	1	negative	rod	yes	yes	facultative	meso
140621	Chryseomicrobium palamuruense	Chryseomicrobium	Bacillota	RS_GCF_042649045.1	GCF_042649045.1	True	unseen	False	False	True	0	positive	rod	yes	no	aerobe	meso
140622	Cognaticolwellia sediminilitoris	Cognaticolwellia	Pseudomonadota	GB_GCA_002104535.1	GCA_002104535.1	True	genome_seen	False	True	True	1	negative	rod	yes	no	aerobe	meso
140624	Rhizorhabdus dicambivorans	Rhizorhabdus	Pseudomonadota	RS_GCF_002355275.1	GCF_002355275.1	True	genome_seen	False	True	True	1	negative	rod	no	no	aerobe	meso
140628	Paracoccus acridae	Paracoccus	Pseudomonadota	RS_GCF_014642735.1	GCF_014642735.1	True	genome_seen	False	True	True	1	negative	rod	no	no	aerobe	meso
140629	Phenylobacterium aquaticum	Phenylobacterium	Pseudomonadota	RS_GCF_022695515.1	GCF_022695515.1	True	genome_seen	False	True	True	1	negative	rod	no	no	aerobe	meso
140631	Acinetobacter lactucae	Acinetobacter	Pseudomonadota	RS_GCF_001605885.1	GCF_001605885.1	True	genome_seen	False	True	True	1	negative	rod	no	no	aerobe	meso
140632	Novosphingobium flavum	Novosphingobium	Pseudomonadota	RS_GCF_014230315.1	GCF_014230315.1	True	genome_seen	False	True	True	1	negative	rod	no	no	aerobe	meso
140638	Corynebacterium guangdongense	Corynebacterium	Actinomycetota	RS_GCF_030408915.1	GCF_030408915.1	True	genome_seen	True	False	True	1	positive	rod	no	no	facultative	meso
140656	Caldicellulosiruptor obsidiansis	Caldicellulosiruptor	Bacillota	RS_GCF_000145215.1	GCF_000145215.1	True	genome_seen	False	True	True	1	positive	rod	no	no	anaerobe	thermo
140658	Cellvibrio japonicus	Cellvibrio	Pseudomonadota	RS_GCF_000019225.1	GCF_000019225.1	True	genome_seen	False	True	True	1	negative	rod	yes	no	aerobe	meso
140665	Thermoflexus hugenholtzii	Thermoflexus	Chloroflexota	RS_GCF_900187885.1	GCF_900187885.1	False	genome_seen	False	True	True	1	negative	other	no	no	facultative	thermo
140666	Thermogemmatispora onikobensis	Thermogemmatispora	Chloroflexota	RS_GCF_001748285.1	GCF_001748285.1	False	genome_seen	False	True	True	1	positive	other	no	yes	aerobe	thermo
140669	Cumulibacter manganitolerans	Cumulibacter	Actinomycetota	RS_GCF_009602465.1	GCF_009602465.1	True	genome_seen	False	True	True	1	positive	rod	no	no	aerobe	meso
140674	Pseudopedobacter psychrophilus	Pseudopedobacter	Bacteroidota	RS_GCF_001652725.1	GCF_001652725.1	True	genome_seen	False	True	True	1	negative	rod	no	no	aerobe	meso
140679	Mucilaginibacter rubeus	Mucilaginibacter	Bacteroidota	RS_GCF_014643835.1	GCF_014643835.1	True	genome_seen	False	True	True	1	negative	rod	no	no	aerobe	meso
140681	Emticicia soli	Emticicia	Bacteroidota	RS_GCF_042684285.1	GCF_042684285.1	True	unseen	False	False	True	0	negative	rod	no	no	aerobe	meso
140684	Chengkuizengella sediminis	Chengkuizengella	Bacillota	RS_GCF_010078385.1	GCF_010078385.1	True	genome_seen	False	True	True	1	positive	rod	yes	yes	aerobe	meso
140687	Domibacillus mangrovi	Domibacillus	Bacillota	RS_GCF_001906925.1	GCF_001906925.1	True	genome_seen	False	True	True	1	positive	rod	yes	yes	aerobe	meso
140688	Domibacillus epiphyticus	Domibacillus	Bacillota	RS_GCF_001975785.1	GCF_001975785.1	True	genome_seen	False	True	True	1	positive	rod	yes	yes	aerobe	meso
140704	Chthonobacter terrestris	Chthonobacter	Pseudomonadota	RS_GCF_001927285.1	GCF_001927285.1	True	genome_seen	False	True	True	1	negative	coccus	no	no	aerobe	meso
140709	Polaribacter haliotis_B	Polaribacter	Bacteroidota	RS_GCF_025215075.1	GCF_025215075.1	True	genome_seen	True	False	True	1	negative	rod	yes	no	aerobe	meso
140711	Chitinophaga sedimenti	Chitinophaga	Bacteroidota	RS_GCF_023156195.1	GCF_023156195.1	True	genome_seen	False	True	True	1	negative	rod	no	no	aerobe	meso
140712	Winogradskyella flava	Winogradskyella	Bacteroidota	RS_GCF_014243395.1	GCF_014243395.1	True	genome_seen	False	True	True	1	negative	rod	yes	no	aerobe	meso
140722	Pelagibacterium lentulum	Pelagibacterium	Pseudomonadota	RS_GCF_003992625.1	GCF_003992625.1	True	genome_seen	False	True	True	1	negative	rod	yes	no	aerobe	meso
140729	Pontixanthobacter aquaemixtae	Pontixanthobacter	Pseudomonadota	RS_GCF_009827395.1	GCF_009827395.1	True	genome_seen	False	True	True	1	negative	rod	no	no	aerobe	meso
140746	Alteromonas pelagimontana	Alteromonas	Pseudomonadota	RS_GCF_002499975.2	GCF_002499975.2	True	genome_seen	False	True	True	1	negative	coccus	yes	no	aerobe	meso
140754	Rhodanobacter_A agri	Rhodanobacter_A	Pseudomonadota	RS_GCF_044904705.1	GCF_044904705.1	True	unseen	False	False	True	0	negative	rod	yes	no	aerobe	meso
140761	Flavobacterium quisquiliarum	Flavobacterium	Bacteroidota	RS_GCF_019308285.1	GCF_019308285.1	True	genome_seen	False	True	True	1	negative	rod	no	no	aerobe	meso
140766	Furfurilactobacillus curtus	Furfurilactobacillus	Bacillota	RS_GCF_045862785.1	GCF_045862785.1	True	unseen	False	False	True	0	positive	rod	no	no	facultative	meso
140768	Lentibacillus_D sediminis_A	Lentibacillus_D	Bacillota	RS_GCF_002763455.1	GCF_002763455.1	True	genome_seen	False	True	True	1	positive	rod	yes	yes	facultative	meso
140778	Mucilaginibacter terrae	Mucilaginibacter	Bacteroidota	RS_GCF_042679325.1	GCF_042679325.1	True	unseen	False	False	True	0	negative	other	no	no	aerobe	meso
140783	Nesterenkonia pannonica	Nesterenkonia	Actinomycetota	RS_GCF_019575955.1	GCF_019575955.1	True	genome_seen	False	True	True	1	negative	rod	no	no	aerobe	meso
140794	Sphingomonas_O antarctica	Sphingomonas_O	Pseudomonadota	RS_GCF_965137005.1	GCF_965137005.1	True	unseen	False	False	True	0	negative	rod	no	no	aerobe	meso
140798	Williamwhitmania taraxaci	Williamwhitmania	Bacteroidota	RS_GCF_900096565.1	GCF_900096565.1	True	genome_seen	False	True	True	1	negative	rod	yes	no	anaerobe	meso
140803	Ideonella_A sakaiensis	Ideonella_A	Pseudomonadota	RS_GCF_001293525.1	GCF_001293525.1	True	genome_seen	False	True	True	1	negative	rod	yes	no	aerobe	meso
140823	Niabella pedocola	Niabella	Bacteroidota	RS_GCF_021044425.1	GCF_021044425.1	True	genome_seen	False	True	True	1	negative	rod	no	no	aerobe	meso
140827	Pseudoalteromonas fenneropenaei	Pseudoalteromonas	Pseudomonadota	RS_GCF_042660165.1	GCF_042660165.1	True	unseen	False	False	True	0	negative	rod	yes	no	aerobe	meso
140829	Salipaludibacillus aurantiacus	Salipaludibacillus	Bacillota	RS_GCF_900111295.1	GCF_900111295.1	True	genome_seen	False	True	True	1	positive	rod	no	yes	aerobe	meso
140830	Polaribacter sediminilitoris	Polaribacter	Bacteroidota	RS_GCF_964513795.1	GCF_964513795.1	True	unseen	False	False	True	0	negative	rod	no	no	aerobe	meso
140831	Variovorax humicola	Variovorax	Pseudomonadota	RS_GCF_037889915.1	GCF_037889915.1	True	unseen	False	False	True	0	negative	rod	yes	no	aerobe	meso
140849	Nocardioides rotundus	Nocardioides	Actinomycetota	RS_GCF_019931675.1	GCF_019931675.1	True	genome_seen	False	True	True	1	positive	coccus	no	no	aerobe	meso
140850	Paenibacillus_Z baekrokdamisoli	Paenibacillus_Z	Bacillota	RS_GCF_003945345.1	GCF_003945345.1	True	genome_seen	False	True	True	1	positive	rod	yes	yes	aerobe	meso
140852	Sphingomonas metalli	Sphingomonas	Pseudomonadota	RS_GCF_014641735.1	GCF_014641735.1	True	genome_seen	False	True	True	1	negative	rod	no	no	aerobe	meso
140856	Aquisalinus flavus	Aquisalinus	Pseudomonadota	RS_GCF_022559625.1	GCF_022559625.1	True	genome_seen	False	True	True	1	negative	rod	yes	no	aerobe	meso
140857	Celeribacter persicus	Celeribacter	Pseudomonadota	RS_GCF_003050785.1	GCF_003050785.1	True	genome_seen	False	True	True	1	negative	rod	no	no	aerobe	meso
140867	Allorhizobium ipomoeae	Allorhizobium	Pseudomonadota	RS_GCF_004912165.1	GCF_004912165.1	True	genome_seen	False	True	True	1	negative	rod	yes	no	aerobe	meso
140873	Ampullimonas aquatilis	Ampullimonas	Pseudomonadota	RS_GCF_049675895.1	GCF_049675895.1	True	unseen	False	False	False	0	negative	rod	yes	no	aerobe	meso
140879	Bacillus zhangzhouensis	Bacillus	Bacillota	RS_GCF_000715205.1	GCF_000715205.1	True	genome_seen	False	True	True	1	positive	rod	yes	yes	aerobe	meso
140884	Bombiscardovia aquikefiri	Bombiscardovia	Actinomycetota	RS_GCF_002259795.1	GCF_002259795.1	True	genome_seen	False	True	True	1	positive	rod	no	no	anaerobe	meso
140890	Kineococcus mangrovi	Kineococcus	Actinomycetota	RS_GCF_050871285.1	GCF_050871285.1	True	unseen	False	False	True	0	positive	coccus	yes	no	aerobe	meso
140896	Membranihabitans marinus	Membranihabitans	Bacteroidota	RS_GCF_021729155.1	GCF_021729155.1	True	genome_seen	False	True	True	1	negative	rod	no	no	aerobe	meso
140899	Novosphingobium piscinae	Novosphingobium	Pseudomonadota	RS_GCF_014230355.1	GCF_014230355.1	True	genome_seen	False	True	True	1	negative	rod	yes	no	aerobe	meso
140901	Paraclostridium benzoelyticum	Paraclostridium	Bacillota	RS_GCF_001006285.1	GCF_001006285.1	True	genome_seen	False	True	True	1	positive	rod	yes	yes	anaerobe	meso
140911	Terrilactibacillus laevilacticus	Terrilactibacillus	Bacillota	RS_GCF_006517395.1	GCF_006517395.1	True	genome_seen	False	True	True	1	positive	rod	yes	yes	facultative	meso
140929	Rugamonas violacea_A	Rugamonas	Pseudomonadota	RS_GCF_014191875.1	GCF_014191875.1	True	genome_seen	False	True	True	1	negative	rod	yes	no	aerobe	meso
140931	Novosphingobium colocasiae	Novosphingobium	Pseudomonadota	RS_GCF_014652555.1	GCF_014652555.1	True	genome_seen	False	True	True	1	negative	rod	no	no	aerobe	meso
140932	Paenibacillus_Z nasutitermitis	Paenibacillus_Z	Bacillota	RS_GCF_014641075.1	GCF_014641075.1	True	genome_seen	False	True	True	1	positive	rod	no	yes	aerobe	meso
140933	Pristimantibacillus radicis	Pristimantibacillus	Bacillota	RS_GCF_014641555.1	GCF_014641555.1	True	genome_seen	False	True	True	1	positive	rod	yes	yes	aerobe	meso
140942	Aquimarina hainanensis	Aquimarina	Bacteroidota	RS_GCF_042684685.1	GCF_042684685.1	True	species_seen	False	False	True	1	negative	rod	no	no	aerobe	meso
140954	Fodinibius salicampi	Fodinibius	Bacteroidota	RS_GCF_039545095.1	GCF_039545095.1	True	species_seen	False	False	True	1	negative	rod	no	no	aerobe	meso
140955	Flavivirga eckloniae	Flavivirga	Bacteroidota	RS_GCF_002886045.1	GCF_002886045.1	True	genome_seen	False	True	True	1	negative	rod	no	no	aerobe	meso
140956	Flavivirga aquimarina	Flavivirga	Bacteroidota	RS_GCF_030540835.1	GCF_030540835.1	True	genome_seen	True	False	True	1	negative	rod	no	no	aerobe	meso
140971	Arenimonas soli	Arenimonas	Pseudomonadota	RS_GCF_014643775.1	GCF_014643775.1	True	genome_seen	False	True	True	1	negative	rod	no	no	aerobe	meso
140972	Plantimonas endophytica	Plantimonas	Pseudomonadota	RS_GCF_014642635.1	GCF_014642635.1	True	genome_seen	False	True	True	1	negative	rod	yes	no	aerobe	meso
140974	Blastomonas fulva	Blastomonas	Pseudomonadota	RS_GCF_003431825.1	GCF_003431825.1	True	genome_seen	False	True	True	1	negative	rod	no	no	aerobe	meso
140975	Telluria solisilvae	Telluria	Pseudomonadota	RS_GCF_024753215.1	GCF_024753215.1	True	genome_seen	False	True	True	1	negative	rod	yes	no	aerobe	meso
140976	Telluria terrae	Telluria	Pseudomonadota	RS_GCF_024753145.1	GCF_024753145.1	True	genome_seen	False	True	True	1	negative	rod	yes	no	aerobe	meso
140977	Telluria agilis	Telluria	Pseudomonadota	RS_GCF_024756255.1	GCF_024756255.1	True	genome_seen	False	True	True	1	negative	rod	yes	no	aerobe	meso
140978	Sphingomicrobium limnosediminicola	Sphingomicrobium	Pseudomonadota	RS_GCF_039537965.1	GCF_039537965.1	True	unseen	False	False	True	0	negative	rod	yes	no	aerobe	meso
140982	Aquipseudomonas wadenswilerensis	Aquipseudomonas	Pseudomonadota	RS_GCF_900497695.1	GCF_900497695.1	True	genome_seen	False	True	True	1	negative	rod	yes	no	aerobe	meso
140983	Aquipseudomonas reidholzensis	Aquipseudomonas	Pseudomonadota	RS_GCF_900536025.1	GCF_900536025.1	True	genome_seen	False	True	True	1	negative	rod	yes	no	aerobe	meso
140986	Telluria agri	Telluria	Pseudomonadota	RS_GCF_024753255.1	GCF_024753255.1	True	genome_seen	False	True	True	1	negative	rod	yes	no	aerobe	meso
141004	Arenivirga flava	Arenivirga	Actinomycetota	RS_GCF_030161575.1	GCF_030161575.1	True	genome_seen	True	False	True	1	positive	rod	no	no	aerobe	meso
141007	Demequina sediminis	Demequina	Actinomycetota	RS_GCF_030296675.1	GCF_030296675.1	True	genome_seen	True	False	True	1	positive	rod	no	no	aerobe	meso
141010	Agarilytica rhodophyticola	Agarilytica	Pseudomonadota	RS_GCF_002157225.2	GCF_002157225.2	True	genome_seen	False	True	True	1	negative	rod	yes	no	aerobe	meso
141012	Allobranchiibius huperziae	Allobranchiibius	Actinomycetota	RS_GCF_013410455.1	GCF_013410455.1	True	genome_seen	False	True	True	1	positive	coccus	no	no	aerobe	meso
141034	Dyella_B caseinilytica	Dyella_B	Pseudomonadota	RS_GCF_016865235.1	GCF_016865235.1	True	genome_seen	False	True	True	1	negative	rod	no	no	aerobe	meso
141035	Dyella_B flava	Dyella_B	Pseudomonadota	RS_GCF_016904955.1	GCF_016904955.1	True	genome_seen	False	True	True	1	negative	rod	no	no	aerobe	meso
141036	Dyella_B mobilis	Dyella_B	Pseudomonadota	RS_GCF_016904945.1	GCF_016904945.1	True	genome_seen	False	True	True	1	negative	rod	yes	no	aerobe	meso
141047	Pseudokineococcus basanitobsidens	Pseudokineococcus	Actinomycetota	RS_GCF_037482545.1	GCF_037482545.1	True	unseen	False	False	True	0	positive	coccus	yes	no	aerobe	meso
141053	Sphingomonas jeddahensis	Sphingomonas	Pseudomonadota	RS_GCF_001981525.1	GCF_001981525.1	True	genome_seen	False	True	True	1	negative	rod	yes	no	aerobe	meso
141062	Shewanella gelidii	Shewanella	Pseudomonadota	RS_GCF_014647855.1	GCF_014647855.1	True	genome_seen	False	True	True	1	negative	rod	yes	no	facultative	meso
141068	Crenalkalicoccus roseus	Crenalkalicoccus	Pseudomonadota	RS_GCF_004761865.1	GCF_004761865.1	True	genome_seen	False	True	True	1	negative	coccus	no	no	aerobe	thermo
141070	Flavobacterium tistrianum	Flavobacterium	Bacteroidota	RS_GCF_003254545.1	GCF_003254545.1	True	genome_seen	False	True	True	1	negative	rod	yes	no	aerobe	meso
141078	Paracoccus cavernae	Paracoccus	Pseudomonadota	RS_GCF_042661105.1	GCF_042661105.1	True	species_seen	False	False	True	1	negative	rod	no	no	aerobe	meso
141082	Planktosalinus lacus	Planktosalinus	Bacteroidota	RS_GCF_014640155.1	GCF_014640155.1	True	genome_seen	False	True	True	1	negative	rod	no	no	aerobe	meso
141095	Franconibacter pulveris	Franconibacter	Pseudomonadota	RS_GCF_014644275.1	GCF_014644275.1	True	species_seen	False	False	True	1	negative	coccus	yes	no	facultative	meso
141098	Paragemmobacter straminiformis	Paragemmobacter	Pseudomonadota	RS_GCF_014243445.1	GCF_014243445.1	True	genome_seen	False	True	True	1	negative	rod	no	no	facultative	meso
141103	Nocardioides immobilis	Nocardioides	Actinomycetota	RS_GCF_003515065.1	GCF_003515065.1	True	genome_seen	False	True	True	1	negative	rod	no	no	aerobe	meso
141110	Polaribacter agarivorans	Polaribacter	Bacteroidota	RS_GCF_001936575.1	GCF_001936575.1	True	genome_seen	False	True	True	1	negative	rod	no	no	aerobe	meso
141115	Deinococcus actinosclerus	Deinococcus	Deinococcota	RS_GCF_001507665.1	GCF_001507665.1	False	genome_seen	False	True	True	1	positive	coccus	no	no	aerobe	meso
141116	Egicoccus halophilus	Egicoccus	Actinomycetota	RS_GCF_004300825.1	GCF_004300825.1	True	genome_seen	False	True	True	1	positive	coccus	no	no	aerobe	meso
141117	Roseivirga thermotolerans	Roseivirga	Bacteroidota	RS_GCF_014653175.1	GCF_014653175.1	True	genome_seen	False	True	True	1	negative	rod	yes	no	aerobe	meso
141127	Roseovarius atlanticus	Roseovarius	Pseudomonadota	RS_GCF_001441615.1	GCF_001441615.1	True	genome_seen	False	True	True	1	negative	rod	no	no	aerobe	meso
141132	Egibacter rhizosphaerae	Egibacter	Actinomycetota	RS_GCF_004322855.1	GCF_004322855.1	True	genome_seen	False	True	True	1	positive	rod	no	no	aerobe	meso
141138	Lysobacter_I hankyongensis	Lysobacter_I	Pseudomonadota	RS_GCF_039543145.1	GCF_039543145.1	True	species_seen	False	False	True	1	negative	rod	no	no	aerobe	meso
141141	Telluria putida	Telluria	Pseudomonadota	RS_GCF_001941825.1	GCF_001941825.1	True	genome_seen	False	True	True	1	negative	rod	yes	no	aerobe	meso
141146	Actibacterium_B pelagium	Actibacterium_B	Pseudomonadota	RS_GCF_002285415.1	GCF_002285415.1	True	genome_seen	False	True	True	1	negative	rod	no	no	aerobe	meso
141149	Gordonia phthalatica	Gordonia	Actinomycetota	RS_GCF_001305675.1	GCF_001305675.1	True	genome_seen	False	True	True	1	positive	rod	no	no	aerobe	meso
141151	Companilactobacillus allii	Companilactobacillus	Bacillota	RS_GCF_001971585.1	GCF_001971585.1	True	genome_seen	False	True	True	1	positive	rod	no	no	facultative	meso
141153	Larkinella soli	Larkinella	Bacteroidota	RS_GCF_003703975.1	GCF_003703975.1	True	genome_seen	False	True	True	1	negative	rod	yes	no	aerobe	meso
141159	Pedobacter kyonggii	Pedobacter	Bacteroidota	RS_GCF_004310665.1	GCF_004310665.1	True	genome_seen	False	True	True	1	negative	rod	no	no	aerobe	meso
143604	Eubacterium_B sulci	Eubacterium_B	Bacillota	GB_GCA_001189495.1	GCA_001189495.1	True	genome_seen	False	True	True	1	negative	rod	no	no	anaerobe	meso
154125	Sphingobacterium composti	Sphingobacterium	Bacteroidota	RS_GCF_009829075.1	GCF_009829075.1	True	genome_seen	False	True	True	1	negative	rod	no	no	aerobe	meso
156938	Streptococcus caprae	Streptococcus	Bacillota	RS_GCF_042649745.1	GCF_042649745.1	True	unseen	False	False	True	0	positive	coccus	no	no	facultative	meso
157127	Streptococcus ovuberis	Streptococcus	Bacillota	RS_GCF_012396585.1	GCF_012396585.1	True	genome_seen	False	True	True	1	positive	coccus	no	no	facultative	meso
157686	Thermomonospora catenispora	Thermomonospora	Actinomycetota	RS_GCF_006363815.1	GCF_006363815.1	True	genome_seen	False	True	True	1	positive	other	no	yes	aerobe	thermo
157812	Aquipseudomonas asiatica	Aquipseudomonas	Pseudomonadota	RS_GCF_009932335.1	GCF_009932335.1	True	genome_seen	False	True	True	1	negative	rod	yes	no	aerobe	meso
157972	Hungateiclostridium mesophilum	Hungateiclostridium	Bacillota	RS_GCF_004102745.1	GCF_004102745.1	True	genome_seen	False	True	True	1	positive	rod	no	yes	anaerobe	thermo
158026	Nocardioides sambongensis	Nocardioides	Actinomycetota	RS_GCF_006494815.1	GCF_006494815.1	True	genome_seen	False	True	True	1	positive	rod	no	no	aerobe	meso
158068	Bacillus_BN alkalitolerans	Bacillus_BN	Bacillota	RS_GCF_010882125.1	GCF_010882125.1	True	genome_seen	False	True	True	1	positive	rod	yes	yes	aerobe	meso
158255	Acidocella aquatica	Acidocella	Pseudomonadota	RS_GCF_030160635.1	GCF_030160635.1	True	genome_seen	True	False	True	1	negative	rod	no	no	aerobe	meso
158256	Ancylobacter pratisalsi	Ancylobacter	Pseudomonadota	RS_GCF_010669125.1	GCF_010669125.1	True	genome_seen	False	True	True	1	negative	rod	no	no	aerobe	meso
158259	Gottfriedia solisilvae	Gottfriedia	Bacillota	RS_GCF_002128405.1	GCF_002128405.1	True	genome_seen	False	True	True	1	positive	rod	yes	yes	facultative	meso
158260	Cytobacillus solani	Cytobacillus	Bacillota	RS_GCF_006704205.1	GCF_006704205.1	True	species_seen	False	False	True	1	positive	rod	yes	yes	aerobe	meso
158270	Psychrobacillus lasiicapitis	Psychrobacillus	Bacillota	RS_GCF_006861795.1	GCF_006861795.1	True	genome_seen	False	True	True	1	positive	rod	yes	yes	aerobe	meso
158284	Kineococcus terrestris	Kineococcus	Actinomycetota	RS_GCF_041020765.1	GCF_041020765.1	True	unseen	False	False	True	0	positive	coccus	yes	no	aerobe	meso
158306	Monoglobus pectinilyticus	Monoglobus	Bacillota	RS_GCF_002874775.1	GCF_002874775.1	True	genome_seen	False	True	True	1	positive	coccus	no	no	anaerobe	meso
158356	Pseudodesulfovibrio hydrargyri	Pseudodesulfovibrio	Desulfobacterota	RS_GCF_001874525.1	GCF_001874525.1	False	genome_seen	False	True	True	1	negative	other	yes	no	anaerobe	meso
158358	Romboutsia_C hominis	Romboutsia_C	Bacillota	RS_GCF_900002575.1	GCF_900002575.1	True	genome_seen	False	True	True	1	positive	rod	yes	no	anaerobe	meso
158361	Butyricicoccus_A porcorum	Butyricicoccus_A	Bacillota	RS_GCF_002157465.1	GCF_002157465.1	True	genome_seen	False	True	True	1	positive	coccus	no	no	anaerobe	meso
158381	Alteribacter populi	Alteribacter	Bacillota	RS_GCF_002352765.1	GCF_002352765.1	True	genome_seen	False	True	True	1	negative	rod	no	yes	aerobe	meso
158383	Microbacterium album	Microbacterium	Actinomycetota	RS_GCF_014643695.1	GCF_014643695.1	True	genome_seen	False	True	True	1	positive	rod	no	no	aerobe	meso
158395	Marinicrinis lubricantis	Marinicrinis	Bacillota	RS_GCF_042658665.1	GCF_042658665.1	True	unseen	False	False	False	0	positive	rod	no	yes	aerobe	meso
158396	Allobogoriella deserti	Allobogoriella	Actinomycetota	RS_GCF_042680605.1	GCF_042680605.1	True	unseen	False	False	True	0	positive	coccus	no	no	aerobe	meso
158397	Parolsenella catena	Parolsenella	Actinomycetota	RS_GCF_003966955.1	GCF_003966955.1	True	genome_seen	False	True	True	1	positive	coccus	no	no	anaerobe	meso
158403	Carnobacterium_A antarcticum	Carnobacterium_A	Bacillota	RS_GCF_042658365.1	GCF_042658365.1	True	species_seen	False	False	True	1	positive	rod	yes	no	facultative	meso
158404	Ellagibacter isourolithinifaciens	Ellagibacter	Actinomycetota	RS_GCF_008831035.1	GCF_008831035.1	True	genome_seen	False	True	True	1	positive	rod	no	no	anaerobe	meso
158408	Collimonas antrihumi	Collimonas	Pseudomonadota	RS_GCF_018304965.1	GCF_018304965.1	True	genome_seen	False	True	True	1	negative	rod	no	no	aerobe	meso
158411	Apilactobacillus quenuiae	Apilactobacillus	Bacillota	RS_GCF_002994005.1	GCF_002994005.1	True	genome_seen	False	True	True	1	positive	rod	no	no	aerobe	meso
158412	Apilactobacillus timberlakei	Apilactobacillus	Bacillota	RS_GCF_002993965.1	GCF_002993965.1	True	genome_seen	False	True	True	1	positive	rod	no	no	aerobe	meso
158413	Apilactobacillus micheneri	Apilactobacillus	Bacillota	RS_GCF_002993975.1	GCF_002993975.1	True	genome_seen	False	True	True	1	positive	rod	no	no	aerobe	meso
158414	Streptococcus respiraculi	Streptococcus	Bacillota	RS_GCF_003595525.1	GCF_003595525.1	True	genome_seen	False	True	True	1	positive	coccus	no	no	facultative	meso
158415	Cohnella kolymensis	Cohnella	Bacillota	RS_GCF_000829465.1	GCF_000829465.1	True	genome_seen	False	True	True	1	positive	rod	no	yes	facultative	meso
158416	Bacillus_BN acanthi	Bacillus_BN	Bacillota	RS_GCF_003073175.1	GCF_003073175.1	True	genome_seen	False	True	True	1	positive	rod	no	yes	aerobe	meso
158419	Spirosoma pollinicola	Spirosoma	Bacteroidota	RS_GCF_002831565.1	GCF_002831565.1	True	genome_seen	False	True	True	1	negative	rod	no	no	aerobe	meso
158424	Desertimonas flava	Desertimonas	Actinomycetota	RS_GCF_003426815.1	GCF_003426815.1	True	genome_seen	False	True	True	1	positive	other	no	no	aerobe	meso
158428	Megasphaera stantonii	Megasphaera	Bacillota	RS_GCF_003367905.1	GCF_003367905.1	True	genome_seen	False	True	True	1	negative	coccus	no	no	anaerobe	meso
158436	Boudabousia tangfeifanii	Boudabousia	Actinomycetota	RS_GCF_001856685.1	GCF_001856685.1	True	genome_seen	False	True	True	1	positive	rod	no	no	facultative	meso
158437	Kyrpidia spormannii	Kyrpidia	Bacillota	RS_GCF_002804065.1	GCF_002804065.1	True	genome_seen	False	True	True	1	positive	rod	no	yes	aerobe	thermo
158440	Sutterella megalosphaeroides	Sutterella	Pseudomonadota	RS_GCF_003609995.1	GCF_003609995.1	True	genome_seen	False	True	True	1	negative	coccus	no	no	anaerobe	meso
158452	Listeria kieliensis_A	Listeria	Bacillota	GB_GCA_900576925.1	GCA_900576925.1	True	species_seen	False	False	True	1	positive	rod	no	no	facultative	meso
158468	Microbacterium ureisolvens	Microbacterium	Actinomycetota	RS_GCF_015278315.1	GCF_015278315.1	True	genome_seen	False	True	True	1	positive	rod	no	no	aerobe	meso
158471	Anaerobacillus alkaliphilus	Anaerobacillus	Bacillota	RS_GCF_004116265.1	GCF_004116265.1	True	genome_seen	False	True	True	1	positive	rod	yes	yes	facultative	meso
158474	Butyricimonas faecalis	Butyricimonas	Bacteroidota	RS_GCF_003991565.1	GCF_003991565.1	True	genome_seen	False	True	True	1	negative	rod	no	no	anaerobe	meso
158491	Litorihabitans aurantiacus	Litorihabitans	Actinomycetota	RS_GCF_030161595.1	GCF_030161595.1	True	genome_seen	True	False	True	1	positive	rod	no	no	aerobe	meso
158495	Citroniella saccharovorans	Citroniella	Bacillota	RS_GCF_035481615.1	GCF_035481615.1	True	unseen	False	False	False	0	positive	coccus	no	no	anaerobe	meso
158498	Streptococcus chenjunshii	Streptococcus	Bacillota	RS_GCF_003086355.1	GCF_003086355.1	True	genome_seen	False	True	True	1	positive	coccus	no	no	facultative	meso
158503	Paraliobacillus_A zengyii	Paraliobacillus_A	Bacillota	RS_GCF_003268595.1	GCF_003268595.1	True	genome_seen	False	True	True	1	positive	rod	yes	yes	facultative	meso
158504	Specibacter cremeus	Specibacter	Actinomycetota	RS_GCF_003946885.1	GCF_003946885.1	True	genome_seen	False	True	True	1	positive	rod	no	no	aerobe	meso
158505	Halalkalibacter_A urbisdiaboli	Halalkalibacter_A	Bacillota	RS_GCF_002156385.1	GCF_002156385.1	True	genome_seen	False	True	True	1	negative	rod	yes	yes	facultative	meso
158506	Deinococcus fonticola	Deinococcus	Deinococcota	RS_GCF_004634215.1	GCF_004634215.1	False	genome_seen	False	True	True	1	negative	coccus	no	no	aerobe	meso
158507	Prevotella cerevisiae	Prevotella	Bacteroidota	RS_GCF_024054555.1	GCF_024054555.1	True	genome_seen	False	True	True	1	negative	rod	no	no	anaerobe	meso
158509	Bailinhaonella thermotolerans	Bailinhaonella	Actinomycetota	RS_GCF_003594875.1	GCF_003594875.1	True	genome_seen	False	True	True	1	positive	rod	no	yes	aerobe	meso
158524	Pelagirhabdus alkalitolerans	Pelagirhabdus	Bacillota	RS_GCF_900096905.1	GCF_900096905.1	True	genome_seen	False	True	True	1	positive	rod	no	no	facultative	meso
158527	Pyruvatibacter mobilis	Pyruvatibacter	Pseudomonadota	RS_GCF_012848855.1	GCF_012848855.1	True	genome_seen	False	True	True	1	negative	rod	yes	no	aerobe	meso
158539	Ravibacter arvi	Ravibacter	Bacteroidota	RS_GCF_039540405.1	GCF_039540405.1	True	unseen	False	False	True	0	negative	rod	no	no	aerobe	meso
158547	Ruegeria marisrubri	Ruegeria	Pseudomonadota	RS_GCF_001507595.1	GCF_001507595.1	True	genome_seen	False	True	True	1	negative	rod	no	no	aerobe	meso
158554	Siccirubricoccus deserti	Siccirubricoccus	Pseudomonadota	RS_GCF_014283215.1	GCF_014283215.1	True	genome_seen	False	True	True	1	negative	coccus	no	no	aerobe	meso
158558	Polaribacter aestuariivivum	Polaribacter	Bacteroidota	RS_GCF_964507685.1	GCF_964507685.1	True	unseen	False	False	True	0	negative	rod	no	no	aerobe	meso
158560	Aeribacillus composti	Aeribacillus	Bacillota	RS_GCF_007827555.1	GCF_007827555.1	True	genome_seen	False	True	True	1	positive	rod	no	yes	aerobe	thermo
158567	Caldovatus sediminis	Caldovatus	Pseudomonadota	RS_GCF_014644455.1	GCF_014644455.1	True	genome_seen	False	True	True	1	negative	other	no	no	aerobe	thermo
158570	Cohnella algarum	Cohnella	Bacillota	RS_GCF_016937515.1	GCF_016937515.1	True	genome_seen	False	True	True	1	positive	rod	yes	yes	facultative	meso
158572	Desertibacillus haloalkaliphilus	Desertibacillus	Bacillota	RS_GCF_019039105.1	GCF_019039105.1	True	genome_seen	False	True	True	1	positive	rod	no	yes	aerobe	meso
158577	Azomonas tarimensis	Azomonas	Pseudomonadota	RS_GCF_042648805.1	GCF_042648805.1	True	unseen	False	False	True	0	negative	rod	yes	no	aerobe	meso
158580	Phenylobacterium hankyongense	Phenylobacterium	Pseudomonadota	RS_GCF_003254505.1	GCF_003254505.1	True	genome_seen	False	True	True	1	negative	rod	no	no	aerobe	meso
158583	Phytobacter ursingii	Phytobacter	Pseudomonadota	GB_GCA_901456055.1	GCA_901456055.1	True	genome_seen	False	True	True	1	negative	rod	yes	no	facultative	meso
158587	Polaribacter insulae_A	Polaribacter	Bacteroidota	RS_GCF_964512435.1	GCF_964512435.1	True	unseen	False	False	True	0	negative	rod	no	no	aerobe	meso
158593	Paraburkholderia azotifigens	Paraburkholderia	Pseudomonadota	RS_GCF_007995085.1	GCF_007995085.1	True	genome_seen	False	True	True	1	negative	rod	no	no	aerobe	meso
158603	Pedobacter quisquiliarum	Pedobacter	Bacteroidota	RS_GCF_014642175.1	GCF_014642175.1	True	genome_seen	False	True	True	1	negative	rod	no	no	aerobe	meso
158609	Evansella tamaricis	Evansella	Bacillota	RS_GCF_019042215.1	GCF_019042215.1	True	genome_seen	False	True	True	1	positive	rod	yes	yes	facultative	meso
158610	Margalitia camelliae	Margalitia	Bacillota	RS_GCF_002844575.1	GCF_002844575.1	True	genome_seen	False	True	True	1	positive	rod	yes	yes	aerobe	meso
158621	Epidermidibacterium keratini	Epidermidibacterium	Actinomycetota	RS_GCF_009834025.1	GCF_009834025.1	True	genome_seen	False	True	True	1	positive	rod	no	no	aerobe	meso
158627	Tsukamurella ocularis_A	Tsukamurella	Actinomycetota	RS_GCF_965138335.1	GCF_965138335.1	True	unseen	False	False	True	0	positive	rod	no	no	aerobe	meso
158628	Tsukamurella hominis	Tsukamurella	Actinomycetota	RS_GCF_965137015.1	GCF_965137015.1	True	unseen	False	False	True	0	positive	rod	no	no	aerobe	meso
158642	Blautia hominis	Blautia	Bacillota	RS_GCF_002270465.1	GCF_002270465.1	True	genome_seen	False	True	True	1	positive	other	no	yes	anaerobe	meso
158660	Andeanibacterium fulvum	Andeanibacterium	Pseudomonadota	RS_GCF_037154085.1	GCF_037154085.1	True	unseen	False	False	True	0	negative	rod	no	no	aerobe	meso
158671	Bacteroides ovatus	Bacteroides	Bacteroidota	RS_GCF_007341395.1	GCF_007341395.1	True	species_seen	False	False	True	1	negative	rod	no	no	anaerobe	meso
158677	Marmoricola endophyticus	Marmoricola	Actinomycetota	RS_GCF_014644415.1	GCF_014644415.1	True	genome_seen	False	True	True	1	positive	rod	no	no	aerobe	meso
158678	Rugamonas buxea	Rugamonas	Pseudomonadota	RS_GCF_009720835.1	GCF_009720835.1	True	genome_seen	False	True	True	1	negative	rod	yes	no	aerobe	meso
158682	Psychrosphaera aquimarina	Psychrosphaera	Pseudomonadota	RS_GCF_032461525.1	GCF_032461525.1	True	species_seen	False	False	True	1	negative	rod	yes	no	aerobe	meso
158695	Ornithinibacillus salinisoli	Ornithinibacillus	Bacillota	RS_GCF_042682545.1	GCF_042682545.1	True	unseen	False	False	True	0	positive	rod	yes	yes	aerobe	meso
158703	Roseisolibacter agri	Roseisolibacter	Gemmatimonadota	RS_GCF_030159095.1	GCF_030159095.1	False	genome_seen	True	False	True	1	negative	rod	no	no	aerobe	meso
158709	Parvibium lacunae	Parvibium	Pseudomonadota	RS_GCF_003335215.1	GCF_003335215.1	True	genome_seen	False	True	True	1	negative	rod	yes	no	aerobe	meso
158714	Amnibacterium endophyticum	Amnibacterium	Actinomycetota	RS_GCF_042680685.1	GCF_042680685.1	True	unseen	False	False	True	0	positive	rod	no	no	aerobe	meso
158724	Tumebacillus_A avium	Tumebacillus_A	Bacillota	RS_GCF_002162355.1	GCF_002162355.1	True	genome_seen	False	True	True	1	positive	rod	yes	yes	facultative	meso
158731	Metabacillus_C lacus	Metabacillus_C	Bacillota	RS_GCF_009674805.1	GCF_009674805.1	True	genome_seen	False	True	True	1	positive	rod	yes	yes	aerobe	meso
158735	Stenotrophomonas lactitubi	Stenotrophomonas	Pseudomonadota	RS_GCF_002803515.1	GCF_002803515.1	True	genome_seen	False	True	True	1	negative	rod	yes	no	aerobe	meso
158760	Paenibacillus_AQ crassostreae	Paenibacillus_AQ	Bacillota	RS_GCF_001857945.1	GCF_001857945.1	True	genome_seen	False	True	True	1	positive	rod	yes	yes	facultative	meso
158761	Aquipseudomonas floridensis	Aquipseudomonas	Pseudomonadota	RS_GCF_002087235.1	GCF_002087235.1	True	genome_seen	False	True	True	1	negative	rod	yes	no	aerobe	meso
158766	Salibacterium lacus	Salibacterium	Bacillota	RS_GCF_042684865.1	GCF_042684865.1	True	unseen	False	False	True	0	positive	rod	yes	no	aerobe	meso
158781	Vreelandella malpeensis	Vreelandella	Pseudomonadota	RS_GCF_042651245.1	GCF_042651245.1	True	species_seen	False	False	True	1	negative	rod	yes	no	aerobe	meso
158785	Veillonella infantium	Veillonella	Bacillota	RS_GCF_002959895.1	GCF_002959895.1	True	genome_seen	False	True	True	1	negative	coccus	no	no	anaerobe	meso
158792	Polaribacter todarodis	Polaribacter	Bacteroidota	RS_GCF_001889045.1	GCF_001889045.1	True	genome_seen	False	True	True	1	negative	rod	yes	no	aerobe	meso
158793	Companilactobacillus metriopterae	Companilactobacillus	Bacillota	RS_GCF_004117915.1	GCF_004117915.1	True	genome_seen	False	True	True	1	positive	rod	no	no	facultative	meso
158794	Streptococcus penaeicida	Streptococcus	Bacillota	RS_GCF_002887775.1	GCF_002887775.1	True	genome_seen	False	True	True	1	positive	coccus	no	no	facultative	meso
158803	Aquimarina celericrescens	Aquimarina	Bacteroidota	RS_GCF_042682765.1	GCF_042682765.1	True	species_seen	False	False	True	1	negative	rod	yes	no	aerobe	meso
158808	Acidovorax kalamii	Acidovorax	Pseudomonadota	RS_GCF_002245625.1	GCF_002245625.1	True	genome_seen	False	True	True	1	negative	rod	yes	no	aerobe	meso
158810	Flavobacterium hankyongi	Flavobacterium	Bacteroidota	RS_GCF_039542845.1	GCF_039542845.1	True	species_seen	False	False	True	1	negative	rod	no	no	aerobe	meso
158813	Camelliibacillus cellulosilyticus	Camelliibacillus	Bacillota	RS_GCF_042654185.1	GCF_042654185.1	True	unseen	False	False	False	0	positive	rod	no	yes	aerobe	meso
158816	Pristimantibacillus yanchengensis	Pristimantibacillus	Bacillota	RS_GCF_042684845.1	GCF_042684845.1	True	unseen	False	False	True	0	negative	rod	yes	yes	aerobe	meso
158858	Peribacillus saganii	Peribacillus	Bacillota	RS_GCF_003429095.1	GCF_003429095.1	True	genome_seen	False	True	True	1	positive	rod	yes	yes	aerobe	meso
158859	Peribacillus glennii	Peribacillus	Bacillota	RS_GCF_003429105.1	GCF_003429105.1	True	genome_seen	False	True	True	1	positive	rod	yes	yes	aerobe	meso
158883	Bacteroides faecalis	Bacteroides	Bacteroidota	RS_GCF_003865075.1	GCF_003865075.1	True	genome_seen	False	True	True	1	negative	rod	no	no	anaerobe	meso
159052	Oscillibacter welbionis	Oscillibacter	Bacillota	RS_GCF_005121165.3	GCF_005121165.3	True	genome_seen	False	True	True	1	negative	rod	no	no	facultative	meso
159168	Aquipseudomonas bubulae	Aquipseudomonas	Pseudomonadota	RS_GCF_900618535.1	GCF_900618535.1	True	genome_seen	False	True	True	1	negative	rod	yes	no	aerobe	meso
159185	Aerosticca soli	Aerosticca	Pseudomonadota	RS_GCF_003967035.1	GCF_003967035.1	True	genome_seen	False	True	True	1	negative	rod	yes	no	aerobe	meso
159192	Acidithiobacillus_B sulfuriphilus	Acidithiobacillus_B	Pseudomonadota	RS_GCF_003721225.2	GCF_003721225.2	True	unseen	False	False	True	0	negative	rod	yes	no	aerobe	meso
159196	Propioniciclava flava	Propioniciclava	Actinomycetota	RS_GCF_004126535.1	GCF_004126535.1	True	genome_seen	False	True	True	1	positive	rod	no	no	anaerobe	meso
159311	Ktedonosporobacter rubrisoli	Ktedonosporobacter	Chloroflexota	RS_GCF_004208415.1	GCF_004208415.1	False	genome_seen	False	True	True	1	positive	other	no	yes	aerobe	meso
159350	Actinomyces qiguomingii	Actinomyces	Actinomycetota	RS_GCF_004102025.1	GCF_004102025.1	True	genome_seen	False	True	True	1	positive	rod	no	no	facultative	meso
159377	Paenibacillus xylanivorans	Paenibacillus	Bacillota	RS_GCF_001280595.1	GCF_001280595.1	True	genome_seen	False	True	True	1	positive	rod	yes	yes	facultative	meso
159403	Deinococcus psychrotolerans	Deinococcus	Deinococcota	RS_GCF_003860465.1	GCF_003860465.1	False	genome_seen	False	True	True	1	negative	coccus	no	no	aerobe	meso
159479	Streptomyces triticagri	Streptomyces	Actinomycetota	RS_GCF_003429565.1	GCF_003429565.1	True	genome_seen	False	True	True	1	positive	other	no	yes	aerobe	meso
159616	Agromyces tardus	Agromyces	Actinomycetota	RS_GCF_003710805.1	GCF_003710805.1	True	genome_seen	False	True	True	1	positive	rod	no	no	aerobe	meso
159637	Blastococcus_B litoris	Blastococcus_B	Actinomycetota	RS_GCF_003075095.1	GCF_003075095.1	True	genome_seen	False	True	True	1	positive	coccus	no	no	aerobe	meso
159642	Lentzea terrae	Lentzea	Actinomycetota	RS_GCF_003265345.1	GCF_003265345.1	True	genome_seen	False	True	True	1	positive	rod	no	yes	aerobe	meso
159661	Trinickia diaoshuihuensis	Trinickia	Pseudomonadota	RS_GCF_003390925.1	GCF_003390925.1	True	genome_seen	False	True	True	1	negative	rod	no	no	aerobe	meso
159700	Paracoccus fontiphilus	Paracoccus	Pseudomonadota	RS_GCF_017356265.1	GCF_017356265.1	True	genome_seen	False	True	True	1	negative	rod	no	no	aerobe	meso
159708	Marinicella sediminis	Marinicella	Pseudomonadota	RS_GCF_002000055.1	GCF_002000055.1	True	genome_seen	False	True	True	1	negative	rod	no	no	aerobe	meso
159709	Acidicapsa dinghuensis	Acidicapsa	Acidobacteriota	RS_GCF_025685685.1	GCF_025685685.1	False	genome_seen	True	False	True	1	negative	rod	no	no	aerobe	meso
159710	Christiangramia salexigens	Christiangramia	Bacteroidota	RS_GCF_001889005.1	GCF_001889005.1	True	genome_seen	False	True	True	1	negative	rod	yes	no	aerobe	meso
159714	Caballeronia insecticola	Caballeronia	Pseudomonadota	RS_GCF_000402035.1	GCF_000402035.1	True	genome_seen	False	True	True	1	negative	rod	yes	no	aerobe	meso
159721	Gallionella kumadai	Gallionella	Pseudomonadota	RS_GCF_018324385.1	GCF_018324385.1	True	genome_seen	False	True	True	1	negative	rod	yes	no	facultative	meso
159726	Kushneria phyllosphaerae	Kushneria	Pseudomonadota	RS_GCF_900312995.1	GCF_900312995.1	True	genome_seen	False	True	True	1	negative	rod	yes	no	aerobe	meso
159727	Saccharospirillum mangrovi	Saccharospirillum	Pseudomonadota	RS_GCF_003367315.1	GCF_003367315.1	True	genome_seen	False	True	True	1	negative	other	yes	no	aerobe	meso
159731	Mangrovicella endophytica	Mangrovicella	Pseudomonadota	RS_GCF_002893625.1	GCF_002893625.1	True	genome_seen	False	True	True	1	negative	rod	yes	no	aerobe	meso
159732	Paremcibacter congregatus	Paremcibacter	Pseudomonadota	RS_GCF_006385135.1	GCF_006385135.1	True	genome_seen	False	True	True	1	negative	rod	yes	no	aerobe	meso
159733	Phreatobacter cathodiphilus	Phreatobacter	Pseudomonadota	RS_GCF_003008515.1	GCF_003008515.1	True	genome_seen	False	True	True	1	negative	rod	yes	no	aerobe	meso
159734	Sphingomonas carotinifaciens	Sphingomonas	Pseudomonadota	RS_GCF_003287395.1	GCF_003287395.1	True	species_seen	False	False	True	1	negative	rod	no	no	aerobe	meso
159736	Pueribacillus theae	Pueribacillus	Bacillota	RS_GCF_003097615.1	GCF_003097615.1	True	genome_seen	False	True	True	1	positive	rod	yes	yes	aerobe	meso
159739	Clostridium_H bovifaecis	Clostridium_H	Bacillota	GB_GCA_009738435.1	GCA_009738435.1	True	genome_seen	False	True	True	1	positive	rod	yes	yes	anaerobe	meso
159746	Arenimonas caeni	Arenimonas	Pseudomonadota	RS_GCF_003024235.1	GCF_003024235.1	True	genome_seen	False	True	True	1	negative	rod	yes	no	aerobe	meso
159754	Marinobacter fuscus	Marinobacter	Pseudomonadota	RS_GCF_003007675.1	GCF_003007675.1	True	genome_seen	False	True	True	1	negative	rod	no	no	aerobe	meso
159756	Primorskyibacter marinus	Primorskyibacter	Pseudomonadota	RS_GCF_003313245.1	GCF_003313245.1	True	genome_seen	False	True	True	1	negative	rod	no	no	aerobe	meso
159761	Dyella halodurans	Dyella	Pseudomonadota	RS_GCF_042654325.1	GCF_042654325.1	True	species_seen	False	False	True	1	negative	rod	yes	no	aerobe	meso
159764	Flagellimonas aquimarina	Flagellimonas	Bacteroidota	RS_GCF_003149745.1	GCF_003149745.1	True	genome_seen	False	True	True	1	negative	rod	no	no	aerobe	meso
159768	Pedobacter chitinilyticus	Pedobacter	Bacteroidota	RS_GCF_003313385.1	GCF_003313385.1	True	genome_seen	False	True	True	1	negative	rod	yes	no	aerobe	meso
159770	Isoalcanivorax indicus	Isoalcanivorax	Pseudomonadota	RS_GCF_003259185.1	GCF_003259185.1	True	genome_seen	False	True	True	1	negative	rod	yes	no	aerobe	meso
159772	Oceanimonas endophytica	Oceanimonas	Pseudomonadota	RS_GCF_003012775.1	GCF_003012775.1	True	genome_seen	False	True	True	1	negative	rod	yes	no	aerobe	meso
159774	Acinetobacter sichuanensis	Acinetobacter	Pseudomonadota	RS_GCF_003024515.2	GCF_003024515.2	True	genome_seen	False	True	True	1	negative	coccus	no	no	aerobe	meso
159775	Alsobacter soli	Alsobacter	Pseudomonadota	RS_GCF_003004785.1	GCF_003004785.1	True	genome_seen	False	True	True	1	negative	rod	yes	no	aerobe	meso
159787	Pedobacter yulinensis	Pedobacter	Bacteroidota	RS_GCF_003029735.1	GCF_003029735.1	True	genome_seen	False	True	True	1	negative	rod	no	no	aerobe	meso
159792	Chryseobacterium aurantiacum	Chryseobacterium	Bacteroidota	RS_GCF_003020585.1	GCF_003020585.1	True	genome_seen	False	True	True	1	negative	rod	no	no	aerobe	meso
159794	Chitinophaga parva	Chitinophaga	Bacteroidota	RS_GCF_003071345.1	GCF_003071345.1	True	genome_seen	False	True	True	1	negative	rod	no	no	aerobe	meso
159795	Bacillus_CA shivajii	Bacillus_CA	Bacillota	RS_GCF_020519665.1	GCF_020519665.1	True	genome_seen	False	True	True	1	positive	rod	yes	yes	aerobe	meso
159797	Lactobacillus paragasseri	Lactobacillus	Bacillota	RS_GCF_003584685.1	GCF_003584685.1	True	genome_seen	False	True	True	1	positive	rod	no	no	facultative	meso
159804	Microbispora triticiradicis	Microbispora	Actinomycetota	RS_GCF_003260025.2	GCF_003260025.2	True	genome_seen	False	True	True	1	positive	other	no	yes	aerobe	meso
159812	Minwuia thermotolerans	Minwuia	Pseudomonadota	RS_GCF_002924445.1	GCF_002924445.1	True	genome_seen	False	True	True	1	negative	rod	no	no	aerobe	meso
159821	Hyphobacterium indicum	Hyphobacterium	Pseudomonadota	RS_GCF_003129605.1	GCF_003129605.1	True	genome_seen	False	True	True	1	negative	rod	yes	no	aerobe	meso
159832	Companilactobacillus nuruki	Companilactobacillus	Bacillota	RS_GCF_002872255.1	GCF_002872255.1	True	genome_seen	False	True	True	1	positive	rod	no	no	facultative	meso
159834	Motiliproteus coralliicola	Motiliproteus	Pseudomonadota	RS_GCF_003345655.1	GCF_003345655.1	True	genome_seen	False	True	True	1	negative	other	yes	no	aerobe	meso
159838	Parageobacillus_B toebii	Parageobacillus_B	Bacillota	GB_GCA_002494375.1	GCA_002494375.1	True	species_seen	False	False	True	1	positive	rod	yes	yes	aerobe	thermo
159846	Paenibacillus_Z montanisoli	Paenibacillus_Z	Bacillota	RS_GCF_003268025.1	GCF_003268025.1	True	genome_seen	False	True	True	1	negative	rod	yes	yes	aerobe	meso
159851	Ignatzschineria cameli	Ignatzschineria	Pseudomonadota	RS_GCF_003121895.1	GCF_003121895.1	True	genome_seen	False	True	True	1	negative	rod	no	no	aerobe	meso
159855	Novosphingobium arvoryzae	Novosphingobium	Pseudomonadota	RS_GCF_014652615.1	GCF_014652615.1	True	genome_seen	False	True	True	1	negative	rod	no	no	aerobe	meso
159857	Chryseomicrobium excrementi	Chryseomicrobium	Bacillota	RS_GCF_002798305.1	GCF_002798305.1	True	genome_seen	False	True	True	1	positive	rod	no	yes	aerobe	meso
159866	Roseomonas radiodurans	Roseomonas	Pseudomonadota	RS_GCF_050154705.1	GCF_050154705.1	True	unseen	False	False	True	0	negative	rod	yes	no	aerobe	meso
159876	Tabrizicola soli	Tabrizicola	Pseudomonadota	RS_GCF_015999335.1	GCF_015999335.1	True	genome_seen	False	True	True	1	negative	rod	no	no	aerobe	meso
159877	Piscinibacter caeni	Piscinibacter	Pseudomonadota	GB_GCA_003265685.1	GCA_003265685.1	True	genome_seen	False	True	True	1	negative	rod	yes	no	aerobe	meso
159882	Hymenobacter bucti	Hymenobacter	Bacteroidota	RS_GCF_042681145.1	GCF_042681145.1	True	unseen	False	False	True	0	negative	rod	no	no	aerobe	meso
159886	Euzebya rosea	Euzebya	Actinomycetota	RS_GCF_003073135.1	GCF_003073135.1	True	genome_seen	False	True	True	1	positive	rod	no	no	aerobe	meso
159905	Tenuifilum thalassicum	Tenuifilum	Bacteroidota	RS_GCF_013265555.1	GCF_013265555.1	True	genome_seen	False	True	True	1	negative	rod	yes	no	anaerobe	thermo
160178	Alkaliphilus_D serpentinus	Alkaliphilus_D	Bacillota	RS_GCF_009017255.1	GCF_009017255.1	True	genome_seen	False	True	True	1	positive	rod	yes	yes	anaerobe	meso
160213	Galactobacter valiniphilus	Galactobacter	Actinomycetota	RS_GCF_003575975.1	GCF_003575975.1	True	genome_seen	False	True	True	1	positive	rod	no	no	aerobe	meso
160214	Marimonas_A lutisalis	Marimonas_A	Pseudomonadota	RS_GCF_005434965.1	GCF_005434965.1	True	genome_seen	False	True	True	1	negative	rod	yes	no	aerobe	meso
160373	Alkaliphilus_C pronyensis	Alkaliphilus_C	Bacillota	RS_GCF_009017275.1	GCF_009017275.1	True	genome_seen	False	True	True	1	positive	rod	yes	yes	anaerobe	meso
160507	Longirhabdus pacifica	Longirhabdus	Bacillota	RS_GCF_004115085.1	GCF_004115085.1	True	genome_seen	False	True	True	1	negative	rod	yes	yes	aerobe	meso
160635	Clostridium_AU thermarum	Clostridium_AU	Bacillota	RS_GCF_006351925.1	GCF_006351925.1	True	genome_seen	False	True	True	1	positive	rod	yes	yes	aerobe	thermo
160775	Aestuariivirga litoralis	Aestuariivirga	Pseudomonadota	RS_GCF_003234965.1	GCF_003234965.1	True	genome_seen	False	True	True	1	negative	rod	no	no	aerobe	meso
160797	Acidithiobacillus ferrianus	Acidithiobacillus	Pseudomonadota	RS_GCF_010378095.2	GCF_010378095.2	True	unseen	False	False	True	0	negative	rod	yes	no	facultative	meso
162196	Luteimonas granuli	Luteimonas	Pseudomonadota	RS_GCF_007795095.1	GCF_007795095.1	True	genome_seen	False	True	True	1	negative	rod	no	no	aerobe	meso
162600	Aliigemmobacter aestuarii	Aliigemmobacter	Pseudomonadota	RS_GCF_004799285.1	GCF_004799285.1	True	genome_seen	False	True	True	1	negative	rod	no	no	aerobe	meso
163760	Chryseotalea sanaruensis	Chryseotalea	Bacteroidota	RS_GCF_003990915.1	GCF_003990915.1	True	genome_seen	False	True	True	1	negative	rod	no	no	aerobe	meso
163942	Acinetobacter fasciculus	Acinetobacter	Pseudomonadota	RS_GCF_011058205.1	GCF_011058205.1	True	genome_seen	False	True	True	1	negative	coccus	no	no	aerobe	meso
164124	Indiicoccus explosivorum	Indiicoccus	Bacillota	RS_GCF_002167005.1	GCF_002167005.1	True	genome_seen	False	True	True	1	positive	coccus	no	no	aerobe	meso
164194	Nesterenkonia natronophila	Nesterenkonia	Actinomycetota	RS_GCF_003595215.1	GCF_003595215.1	True	genome_seen	False	True	True	1	positive	coccus	no	no	aerobe	meso
164197	Alteribacter natronophilus	Alteribacter	Bacillota	RS_GCF_006007885.1	GCF_006007885.1	True	genome_seen	False	True	True	1	negative	rod	no	yes	aerobe	meso
164210	Segnochrobactrum spirostomi	Segnochrobactrum	Pseudomonadota	RS_GCF_009600605.1	GCF_009600605.1	True	genome_seen	False	True	True	1	negative	rod	no	no	aerobe	meso
164229	Faecalibacillus intestinalis	Faecalibacillus	Bacillota_I	RS_GCF_003024685.1	GCF_003024685.1	False	genome_seen	False	True	True	1	positive	rod	no	no	anaerobe	meso
164230	Faecalibacillus faecis	Faecalibacillus	Bacillota_I	RS_GCF_003024675.1	GCF_003024675.1	False	genome_seen	False	True	True	1	positive	rod	no	no	anaerobe	meso
164251	Cryobacterium soli	Cryobacterium	Actinomycetota	RS_GCF_003611035.1	GCF_003611035.1	True	genome_seen	False	True	True	1	positive	rod	no	no	aerobe	meso
164262	Pradoshia eiseniae	Pradoshia	Bacillota	RS_GCF_002946355.1	GCF_002946355.1	True	genome_seen	False	True	True	1	positive	rod	yes	yes	facultative	meso
164308	Lentibacillus lipolyticus	Lentibacillus	Bacillota	GB_GCA_004145795.1	GCA_004145795.1	True	genome_seen	False	True	True	1	positive	rod	yes	yes	aerobe	meso
164331	Vibrio ouci	Vibrio	Pseudomonadota	RS_GCF_004551525.1	GCF_004551525.1	True	genome_seen	False	True	True	1	negative	rod	yes	no	facultative	meso
164332	Vibrio aquaticus	Vibrio	Pseudomonadota	RS_GCF_003970385.1	GCF_003970385.1	True	genome_seen	False	True	True	1	negative	rod	yes	no	facultative	meso
164337	Hymenobacter metallilatus	Hymenobacter	Bacteroidota	RS_GCF_003944705.1	GCF_003944705.1	True	genome_seen	False	True	True	1	negative	rod	no	no	aerobe	meso
164352	Absicoccus porci	Absicoccus	Bacillota_I	RS_GCF_003725415.1	GCF_003725415.1	False	genome_seen	False	True	True	1	positive	coccus	no	no	anaerobe	meso
164369	Actinacidiphila soli	Actinacidiphila	Actinomycetota	RS_GCF_003999195.1	GCF_003999195.1	True	genome_seen	False	True	True	1	positive	rod	no	yes	aerobe	meso
164370	Ornithinicoccus sediminis_A	Ornithinicoccus	Actinomycetota	RS_GCF_004153545.1	GCF_004153545.1	True	genome_seen	False	True	True	1	positive	coccus	no	no	aerobe	meso
164372	Clostridium_AV fermenticellae	Clostridium_AV	Bacillota	RS_GCF_003600355.1	GCF_003600355.1	True	genome_seen	False	True	True	1	positive	rod	no	yes	anaerobe	meso
164402	Oceanobacillus piezotolerans	Oceanobacillus	Bacillota	RS_GCF_003665065.1	GCF_003665065.1	True	genome_seen	False	True	True	1	positive	rod	yes	yes	aerobe	meso
164404	Bacillus_D piezotolerans	Bacillus_D	Bacillota	RS_GCF_003362805.1	GCF_003362805.1	True	genome_seen	False	True	True	1	positive	rod	yes	no	aerobe	thermo
164413	Aquipseudomonas huaxiensis	Aquipseudomonas	Pseudomonadota	RS_GCF_003231275.1	GCF_003231275.1	True	genome_seen	False	True	True	1	negative	rod	yes	no	aerobe	meso
164452	Nonomuraea phyllanthi	Nonomuraea	Actinomycetota	RS_GCF_006334985.2	GCF_006334985.2	True	genome_seen	False	True	True	1	positive	other	no	yes	aerobe	meso
164454	Niallia taxi	Niallia	Bacillota	RS_GCF_004005475.1	GCF_004005475.1	True	genome_seen	False	True	True	1	positive	rod	no	yes	aerobe	meso
164466	Bacillus_CE xiapuensis	Bacillus_CE	Bacillota	RS_GCF_002797355.1	GCF_002797355.1	True	genome_seen	False	True	True	1	positive	rod	yes	yes	aerobe	meso
164468	Chryseobacterium aureum	Chryseobacterium	Bacteroidota	RS_GCF_003971235.1	GCF_003971235.1	True	genome_seen	False	True	True	1	negative	rod	no	no	aerobe	meso
164479	Algoriphagus formosus	Algoriphagus	Bacteroidota	RS_GCF_004358035.1	GCF_004358035.1	True	species_seen	False	False	True	1	negative	rod	no	no	aerobe	meso
164490	Nocardioides guangzhouensis	Nocardioides	Actinomycetota	RS_GCF_004519545.1	GCF_004519545.1	True	genome_seen	False	True	True	1	positive	rod	no	no	aerobe	meso
164491	Acetilactobacillus jinshanensis	Acetilactobacillus	Bacillota	RS_GCF_004359375.1	GCF_004359375.1	True	genome_seen	False	True	True	1	positive	rod	no	no	facultative	meso
164533	Nocardioides vastitatis	Nocardioides	Actinomycetota	RS_GCF_042655845.1	GCF_042655845.1	True	species_seen	False	False	True	1	positive	rod	no	no	aerobe	meso
164545	Aquipseudomonas juntendi	Aquipseudomonas	Pseudomonadota	RS_GCF_009932375.1	GCF_009932375.1	True	genome_seen	False	True	True	1	negative	rod	yes	no	aerobe	meso
164547	Nocardioides yefusunii	Nocardioides	Actinomycetota	RS_GCF_004014875.1	GCF_004014875.1	True	genome_seen	False	True	True	1	positive	rod	no	no	aerobe	meso
164567	Fontibacillus oralis	Fontibacillus	Bacillota	RS_GCF_003863965.1	GCF_003863965.1	True	genome_seen	False	True	True	1	negative	rod	no	yes	facultative	meso
164571	Georgenia_A faecalis	Georgenia_A	Actinomycetota	RS_GCF_003710105.1	GCF_003710105.1	True	genome_seen	False	True	True	1	positive	coccus	no	no	aerobe	meso
164621	Motilibacter_A deserti	Motilibacter_A	Actinomycetota	RS_GCF_011250635.1	GCF_011250635.1	True	genome_seen	False	True	True	1	positive	rod	yes	no	aerobe	meso
164622	Motilibacter_A aurantiacus	Motilibacter_A	Actinomycetota	RS_GCF_011250645.1	GCF_011250645.1	True	genome_seen	False	True	True	1	positive	rod	yes	no	aerobe	meso
164658	Companilactobacillus zhongbaensis	Companilactobacillus	Bacillota	RS_GCF_003946515.1	GCF_003946515.1	True	genome_seen	False	True	True	1	positive	rod	no	no	facultative	meso
164659	Companilactobacillus hulinensis	Companilactobacillus	Bacillota	RS_GCF_003946555.1	GCF_003946555.1	True	genome_seen	False	True	True	1	positive	rod	no	no	facultative	meso
164660	Companilactobacillus mishanensis	Companilactobacillus	Bacillota	RS_GCF_003946505.1	GCF_003946505.1	True	genome_seen	False	True	True	1	positive	rod	no	no	facultative	meso
164661	Companilactobacillus baiquanensis	Companilactobacillus	Bacillota	RS_GCF_003946605.1	GCF_003946605.1	True	genome_seen	False	True	True	1	positive	rod	no	no	facultative	meso
164662	Companilactobacillus kedongensis	Companilactobacillus	Bacillota	RS_GCF_003946625.1	GCF_003946625.1	True	genome_seen	False	True	True	1	positive	rod	no	no	facultative	meso
164663	Companilactobacillus jidongensis	Companilactobacillus	Bacillota	RS_GCF_003946575.1	GCF_003946575.1	True	genome_seen	False	True	True	1	positive	rod	no	no	facultative	meso
164664	Agrilactobacillus yilanensis	Agrilactobacillus	Bacillota	RS_GCF_003946725.1	GCF_003946725.1	True	genome_seen	False	True	True	1	positive	rod	no	no	facultative	meso
164665	Companilactobacillus keshanensis	Companilactobacillus	Bacillota	RS_GCF_003946205.1	GCF_003946205.1	True	genome_seen	False	True	True	1	positive	rod	no	no	facultative	meso
164673	Enterococcus_A pingfangensis	Enterococcus_A	Bacillota	RS_GCF_005405205.1	GCF_005405205.1	True	genome_seen	False	True	True	1	positive	coccus	no	no	facultative	meso
164674	Enterococcus_C songbeiensis	Enterococcus_C	Bacillota	RS_GCF_005405265.1	GCF_005405265.1	True	genome_seen	False	True	True	1	positive	coccus	no	no	facultative	meso
164709	Paratractidigestivibacter faecalis	Paratractidigestivibacter	Actinomycetota	RS_GCF_003416765.1	GCF_003416765.1	True	genome_seen	False	True	True	1	positive	rod	no	no	anaerobe	meso
164710	Sutterella faecalis	Sutterella	Pseudomonadota	RS_GCF_006337085.1	GCF_006337085.1	True	genome_seen	False	True	True	1	negative	rod	no	no	anaerobe	meso
166099	Phytohalomonas tamaricis	Phytohalomonas	Pseudomonadota	RS_GCF_003012345.1	GCF_003012345.1	True	genome_seen	True	True	True	1	negative	rod	no	no	aerobe	meso
166100	Neorhizobium lilii	Neorhizobium	Pseudomonadota	RS_GCF_004053875.1	GCF_004053875.1	True	genome_seen	False	True	True	1	negative	rod	no	no	aerobe	meso
166101	Oceanibacillus_A halotolerans	Oceanibacillus_A	Bacillota	RS_GCF_010993955.1	GCF_010993955.1	True	genome_seen	False	True	True	1	positive	rod	yes	yes	aerobe	meso
166102	Alteribacter lacisalsi	Alteribacter	Bacillota	RS_GCF_003226345.1	GCF_003226345.1	True	genome_seen	False	True	True	1	positive	rod	yes	yes	aerobe	meso
166104	Methylobacterium durans	Methylobacterium	Pseudomonadota	RS_GCF_003173715.1	GCF_003173715.1	True	genome_seen	False	True	True	1	negative	rod	yes	no	aerobe	meso
166105	Fontibacillus pinistramenti	Fontibacillus	Bacillota	RS_GCF_005869875.1	GCF_005869875.1	True	genome_seen	False	True	True	1	positive	rod	yes	yes	aerobe	meso
166113	Pelomicrobium methylotrophicum	Pelomicrobium	Pseudomonadota	RS_GCF_008014345.1	GCF_008014345.1	True	genome_seen	False	True	True	1	negative	rod	yes	no	facultative	thermo
166115	Edaphocola flava	Edaphocola	Bacteroidota	RS_GCF_004118155.1	GCF_004118155.1	True	genome_seen	False	True	True	1	negative	rod	no	no	aerobe	meso
166119	Sinorhizobium aridi	Sinorhizobium	Pseudomonadota	RS_GCF_002078505.1	GCF_002078505.1	True	genome_seen	False	True	True	1	negative	rod	yes	no	aerobe	meso
166127	Hankyongella ginsenosidimutans	Hankyongella	Pseudomonadota	RS_GCF_005144965.1	GCF_005144965.1	True	genome_seen	False	True	True	1	negative	rod	no	no	aerobe	meso
166128	Lichenihabitans minor	Lichenihabitans	Pseudomonadota	RS_GCF_004137685.1	GCF_004137685.1	True	genome_seen	False	True	True	1	negative	rod	yes	no	aerobe	meso
166129	Lichenihabitans ramalinae	Lichenihabitans	Pseudomonadota	RS_GCF_004137085.1	GCF_004137085.1	True	genome_seen	False	True	True	1	negative	rod	yes	no	aerobe	meso
166136	Brucella teleogrylli	Brucella	Pseudomonadota	RS_GCF_003664555.1	GCF_003664555.1	True	species_seen	False	False	True	1	negative	rod	yes	no	aerobe	meso
166145	Conyzicola arctica	Conyzicola	Actinomycetota	RS_GCF_004310685.1	GCF_004310685.1	True	genome_seen	False	True	True	1	positive	rod	no	no	aerobe	meso
166146	Hydrocarboniclastica marina	Hydrocarboniclastica	Pseudomonadota	RS_GCF_004851605.1	GCF_004851605.1	True	genome_seen	False	True	True	1	negative	rod	yes	no	aerobe	meso
166148	Sphingomonas lenta	Sphingomonas	Pseudomonadota	RS_GCF_002288825.1	GCF_002288825.1	True	genome_seen	False	True	True	1	negative	rod	yes	no	aerobe	meso
166154	Croceibacterium ferulae	Croceibacterium	Pseudomonadota	RS_GCF_003660445.1	GCF_003660445.1	True	genome_seen	False	True	True	1	negative	other	no	no	aerobe	meso
166155	Levilactobacillus mulengensis	Levilactobacillus	Bacillota	RS_GCF_003946045.1	GCF_003946045.1	True	genome_seen	False	True	True	1	positive	rod	no	no	facultative	meso
166156	Levilactobacillus fujinensis	Levilactobacillus	Bacillota	RS_GCF_003946335.1	GCF_003946335.1	True	genome_seen	False	True	True	1	positive	rod	no	no	facultative	meso
166157	Levilactobacillus tongjiangensis	Levilactobacillus	Bacillota	RS_GCF_003946345.1	GCF_003946345.1	True	genome_seen	False	True	True	1	positive	rod	no	no	facultative	meso
166158	Levilactobacillus fuyuanensis	Levilactobacillus	Bacillota	RS_GCF_003946395.1	GCF_003946395.1	True	genome_seen	False	True	True	1	positive	rod	no	no	facultative	meso
166159	Levilactobacillus tangyuanensis	Levilactobacillus	Bacillota	RS_GCF_003946545.1	GCF_003946545.1	True	genome_seen	False	True	True	1	positive	rod	no	no	facultative	meso
166160	Levilactobacillus huananensis	Levilactobacillus	Bacillota	RS_GCF_003946145.1	GCF_003946145.1	True	genome_seen	False	True	True	1	positive	rod	no	no	facultative	meso
166161	Levilactobacillus lindianensis	Levilactobacillus	Bacillota	RS_GCF_003946095.1	GCF_003946095.1	True	genome_seen	False	True	True	1	positive	rod	no	no	facultative	meso
166162	Loigolactobacillus zhaoyuanensis	Loigolactobacillus	Bacillota	RS_GCF_003946385.1	GCF_003946385.1	True	genome_seen	False	True	True	1	positive	rod	no	no	facultative	meso
166163	Loigolactobacillus jiayinensis	Loigolactobacillus	Bacillota	RS_GCF_003946445.1	GCF_003946445.1	True	genome_seen	False	True	True	1	positive	rod	no	no	facultative	meso
166164	Lacticaseibacillus baoqingensis	Lacticaseibacillus	Bacillota	RS_GCF_003946165.1	GCF_003946165.1	True	genome_seen	False	True	True	1	positive	rod	no	no	facultative	meso
166165	Lacticaseibacillus jixianensis	Lacticaseibacillus	Bacillota	RS_GCF_003946485.1	GCF_003946485.1	True	genome_seen	False	True	True	1	positive	rod	no	no	facultative	meso
166167	Alteraurantiacibacter aquimixticola	Alteraurantiacibacter	Pseudomonadota	RS_GCF_004965515.1	GCF_004965515.1	True	genome_seen	False	True	True	1	negative	coccus	no	no	aerobe	meso
166168	Stutzerimonas nitrititolerans	Stutzerimonas	Pseudomonadota	RS_GCF_003696285.1	GCF_003696285.1	True	genome_seen	False	True	True	1	negative	rod	yes	no	facultative	meso
166171	Rubrivivax rivuli	Rubrivivax	Pseudomonadota	RS_GCF_004016505.1	GCF_004016505.1	True	genome_seen	False	True	True	1	negative	rod	yes	no	aerobe	meso
166177	Chengkuizengella marina	Chengkuizengella	Bacillota	RS_GCF_009910845.1	GCF_009910845.1	True	genome_seen	False	True	True	1	positive	rod	yes	yes	aerobe	meso
166181	Nocardioides zhouii	Nocardioides	Actinomycetota	RS_GCF_004137345.1	GCF_004137345.1	True	genome_seen	False	True	True	1	positive	rod	no	no	aerobe	meso
166182	Draconibacterium luteum	Draconibacterium	Bacteroidota	RS_GCF_003576475.1	GCF_003576475.1	True	genome_seen	False	True	True	1	negative	rod	no	no	facultative	meso
166183	Pristimantibacillus luteus	Pristimantibacillus	Bacillota	RS_GCF_006542765.1	GCF_006542765.1	True	genome_seen	False	True	True	1	positive	rod	yes	yes	aerobe	meso
166185	Chryseobacterium pennipullorum	Chryseobacterium	Bacteroidota	RS_GCF_003384725.1	GCF_003384725.1	True	genome_seen	False	True	True	1	negative	rod	no	no	aerobe	meso
166186	Ectobacillus antri	Ectobacillus	Bacillota	RS_GCF_003852715.1	GCF_003852715.1	True	genome_seen	False	True	True	1	positive	rod	yes	yes	aerobe	meso
166188	Bradyrhizobium amphicarpaeae	Bradyrhizobium	Pseudomonadota	RS_GCF_002266435.3	GCF_002266435.3	True	unseen	False	False	True	0	negative	rod	yes	no	aerobe	meso
166195	Qipengyuania marisflavi	Qipengyuania	Pseudomonadota	RS_GCF_005884405.1	GCF_005884405.1	True	genome_seen	False	True	True	1	negative	other	no	no	aerobe	meso
166198	Hymenobacter sp003417065	Hymenobacter	Bacteroidota	RS_GCF_003417065.2	GCF_003417065.2	True	genome_seen	False	True	True	1	negative	rod	no	no	aerobe	psychro
166201	Flavobacterium silvisoli	Flavobacterium	Bacteroidota	RS_GCF_004329815.1	GCF_004329815.1	True	genome_seen	False	True	True	1	negative	rod	no	no	aerobe	meso
166202	Companilactobacillus huachuanensis	Companilactobacillus	Bacillota	RS_GCF_005404815.1	GCF_005404815.1	True	genome_seen	False	True	True	1	positive	rod	no	no	facultative	meso
166206	Pelagibacterium sediminicola	Pelagibacterium	Pseudomonadota	RS_GCF_003390885.1	GCF_003390885.1	True	genome_seen	False	True	True	1	negative	rod	yes	no	aerobe	meso
166207	Empedobacter tilapiae	Empedobacter	Bacteroidota	RS_GCF_004785645.1	GCF_004785645.1	True	genome_seen	False	True	True	1	negative	other	no	no	aerobe	meso
166210	Ancylomarina salipaludis	Ancylomarina	Bacteroidota	RS_GCF_004122035.1	GCF_004122035.1	True	genome_seen	False	True	True	1	negative	other	no	no	aerobe	meso
166211	Ornithinibacillus_A gellani	Ornithinibacillus_A	Bacillota	RS_GCF_003730295.1	GCF_003730295.1	True	genome_seen	False	True	True	1	positive	rod	yes	yes	aerobe	meso
166214	Sphingomonas_L flavalba	Sphingomonas_L	Pseudomonadota	RS_GCF_004796535.1	GCF_004796535.1	True	genome_seen	False	True	True	1	negative	rod	yes	no	aerobe	meso
166226	Acidibrevibacterium fodinaquatile	Acidibrevibacterium	Pseudomonadota	RS_GCF_003352165.1	GCF_003352165.1	True	genome_seen	False	True	True	1	negative	rod	no	no	aerobe	meso
166230	Colwellia ponticola	Colwellia	Pseudomonadota	RS_GCF_005885605.1	GCF_005885605.1	True	genome_seen	False	True	True	1	negative	rod	yes	no	aerobe	meso
166231	Sulfitobacter_E sabulilitoris	Sulfitobacter_E	Pseudomonadota	RS_GCF_005887615.1	GCF_005887615.1	True	genome_seen	False	True	True	1	negative	other	no	no	aerobe	meso
166234	Lapidilactobacillus bayanensis	Lapidilactobacillus	Bacillota	RS_GCF_003946695.1	GCF_003946695.1	True	genome_seen	False	True	True	1	positive	coccus	no	no	facultative	meso
166239	Aquibacillus_E sediminis	Aquibacillus_E	Bacillota	RS_GCF_005870085.1	GCF_005870085.1	True	genome_seen	False	True	True	1	positive	rod	yes	yes	aerobe	meso
166240	Enterococcus_J nangangensis	Enterococcus_J	Bacillota	RS_GCF_005405245.1	GCF_005405245.1	True	genome_seen	False	True	True	1	positive	coccus	no	no	facultative	meso
166241	Enterococcus_A hulanensis	Enterococcus_A	Bacillota	RS_GCF_005405485.1	GCF_005405485.1	True	genome_seen	False	True	True	1	positive	coccus	no	no	facultative	meso
166242	Enterococcus_A dongliensis	Enterococcus_A	Bacillota	GB_GCA_005405225.1	GCA_005405225.1	True	genome_seen	False	True	True	1	positive	coccus	no	no	facultative	meso
166244	Amycolatopsis eburnea	Amycolatopsis	Actinomycetota	RS_GCF_003937945.1	GCF_003937945.1	True	genome_seen	False	True	True	1	positive	other	no	yes	aerobe	meso
166249	Actinomyces lilanjuaniae	Actinomyces	Actinomycetota	RS_GCF_003606385.1	GCF_003606385.1	True	genome_seen	False	True	True	1	positive	rod	no	no	facultative	meso
166250	Steroidobacter soli	Steroidobacter	Pseudomonadota	RS_GCF_004138485.1	GCF_004138485.1	True	genome_seen	False	True	True	1	negative	rod	yes	no	aerobe	meso
166255	Apibacter muscae	Apibacter	Bacteroidota	RS_GCF_007845635.1	GCF_007845635.1	True	genome_seen	False	True	True	1	negative	rod	no	no	aerobe	meso
166276	Methylobacterium oryzihabitans	Methylobacterium	Pseudomonadota	RS_GCF_004004555.2	GCF_004004555.2	True	genome_seen	False	True	True	1	negative	rod	yes	no	aerobe	meso
166277	Nakamurella antarctica	Nakamurella	Actinomycetota	RS_GCF_003860405.1	GCF_003860405.1	True	genome_seen	False	True	True	1	positive	coccus	no	no	aerobe	meso
166278	Sphingomonas_O paeninsulae	Sphingomonas_O	Pseudomonadota	RS_GCF_003660165.1	GCF_003660165.1	True	genome_seen	False	True	True	1	negative	rod	no	no	aerobe	meso
166284	Flagellimonas allohymeniacidonis	Flagellimonas	Bacteroidota	RS_GCF_004296335.1	GCF_004296335.1	True	genome_seen	False	True	True	1	negative	rod	no	no	aerobe	meso
166288	Caedibacter halobius	Caedibacter	Pseudomonadota	RS_GCF_003574425.1	GCF_003574425.1	True	genome_seen	False	True	True	1	negative	other	no	no	aerobe	meso
166294	Bacillus cabrialesii	Bacillus	Bacillota	RS_GCF_004124315.2	GCF_004124315.2	True	genome_seen	False	True	True	1	positive	rod	yes	yes	aerobe	meso
166298	Sandaracinomonas limnophila	Sandaracinomonas	Bacteroidota	RS_GCF_004005965.1	GCF_004005965.1	True	genome_seen	False	True	True	1	negative	rod	no	no	aerobe	meso
166302	Comamonas_C flocculans	Comamonas_C	Pseudomonadota	RS_GCF_007954405.1	GCF_007954405.1	True	genome_seen	False	True	True	1	negative	rod	no	no	aerobe	meso
166309	Nakamurella alba	Nakamurella	Actinomycetota	RS_GCF_009707545.1	GCF_009707545.1	True	genome_seen	False	True	True	1	positive	rod	no	no	aerobe	meso
166313	Parvibaculum sedimenti	Parvibaculum	Pseudomonadota	RS_GCF_009184905.1	GCF_009184905.1	True	genome_seen	False	True	True	1	negative	rod	no	no	aerobe	meso
166316	Pukyongia salina	Pukyongia	Bacteroidota	RS_GCF_002966125.1	GCF_002966125.1	True	genome_seen	False	True	True	1	negative	rod	no	no	aerobe	meso
166319	Rudanella paleaurantiibacter	Rudanella	Bacteroidota	RS_GCF_009184635.1	GCF_009184635.1	True	genome_seen	False	True	True	1	negative	other	no	no	aerobe	meso
166324	Tepidiphilus olei	Tepidiphilus	Pseudomonadota	RS_GCF_042654425.1	GCF_042654425.1	True	species_seen	False	False	True	1	negative	rod	yes	no	aerobe	thermo
166328	Companilactobacillus suantsaicola	Companilactobacillus	Bacillota	RS_GCF_004745525.1	GCF_004745525.1	True	genome_seen	False	True	True	1	positive	rod	no	no	facultative	meso
166329	Levilactobacillus suantsaiihabitans	Levilactobacillus	Bacillota	RS_GCF_004745505.1	GCF_004745505.1	True	genome_seen	False	True	True	1	positive	rod	no	no	facultative	meso
166332	Pseudobacillus aerolatus	Pseudobacillus	Bacillota	RS_GCF_009183655.1	GCF_009183655.1	True	genome_seen	False	True	True	1	positive	rod	yes	yes	facultative	meso
166333	Herbaspirillum seropedicae	Herbaspirillum	Pseudomonadota	RS_GCF_001929405.1	GCF_001929405.1	True	species_seen	False	False	True	1	negative	rod	yes	no	facultative	meso
166338	Sarcina massiliamazoniense	Sarcina	Bacillota	RS_GCF_001403635.1	GCF_001403635.1	True	genome_seen	False	True	True	1	positive	rod	no	yes	anaerobe	meso
166340	Qipengyuania mangrovi	Qipengyuania	Pseudomonadota	RS_GCF_013260645.1	GCF_013260645.1	True	genome_seen	False	True	True	1	negative	rod	no	no	aerobe	meso
166344	Wagnerdoeblera faecalis	Wagnerdoeblera	Pseudomonadota	RS_GCF_003863335.1	GCF_003863335.1	True	genome_seen	False	True	True	1	negative	rod	no	no	aerobe	meso
166345	Lentibacillus cibarius	Lentibacillus	Bacillota	GB_GCA_013387165.1	GCA_013387165.1	True	species_seen	False	False	True	1	positive	rod	yes	no	aerobe	meso
166351	Bacillus rugosus	Bacillus	Bacillota	RS_GCF_011745685.2	GCF_011745685.2	True	unseen	False	False	True	0	positive	rod	yes	yes	aerobe	meso
166355	Cognatiluteimonas weifangensis	Cognatiluteimonas	Pseudomonadota	RS_GCF_003416885.1	GCF_003416885.1	True	genome_seen	False	True	True	1	negative	rod	no	no	aerobe	meso
166356	Ramlibacter sedimenti	Ramlibacter	Pseudomonadota	RS_GCF_007833165.1	GCF_007833165.1	True	genome_seen	False	True	True	1	negative	rod	no	no	aerobe	meso
166364	Vallicoccus soli	Vallicoccus	Actinomycetota	RS_GCF_003594885.1	GCF_003594885.1	True	genome_seen	False	True	True	1	positive	coccus	no	no	aerobe	meso
166373	Aquipseudomonas atacamensis	Aquipseudomonas	Pseudomonadota	RS_GCF_004801935.1	GCF_004801935.1	True	genome_seen	False	True	True	1	negative	rod	yes	no	aerobe	meso
166375	Methylobacterium symbioticum	Methylobacterium	Pseudomonadota	RS_GCF_902141845.1	GCF_902141845.1	True	genome_seen	False	True	True	1	negative	rod	yes	no	aerobe	meso
166379	Roseateles chitinivorans	Roseateles	Pseudomonadota	RS_GCF_002761755.1	GCF_002761755.1	True	genome_seen	False	True	True	1	negative	rod	yes	no	aerobe	meso
166381	Sphingomonas gellani	Sphingomonas	Pseudomonadota	RS_GCF_900110035.1	GCF_900110035.1	True	genome_seen	False	True	True	1	negative	rod	yes	no	aerobe	meso
166386	Bacillus_BN tepidiphilus	Bacillus_BN	Bacillota	RS_GCF_009466385.1	GCF_009466385.1	True	genome_seen	False	True	True	1	positive	rod	yes	yes	aerobe	thermo
166392	Reinekea thalattae	Reinekea	Pseudomonadota	RS_GCF_008041945.1	GCF_008041945.1	True	genome_seen	False	True	True	1	negative	rod	yes	no	aerobe	meso
166403	Deinococcus detaillensis	Deinococcus	Deinococcota	RS_GCF_007280555.1	GCF_007280555.1	False	genome_seen	False	True	True	1	positive	other	no	no	aerobe	meso
166408	Sphingobacterium endophyticum	Sphingobacterium	Bacteroidota	RS_GCF_009733535.1	GCF_009733535.1	True	genome_seen	False	True	True	1	negative	rod	no	no	aerobe	meso
166411	Aequoribacter fuscus	Aequoribacter	Pseudomonadota	RS_GCF_009910365.1	GCF_009910365.1	True	genome_seen	False	True	True	1	negative	rod	no	no	aerobe	meso
166412	Mannheimia pernigra	Mannheimia	Pseudomonadota	RS_GCF_009828705.1	GCF_009828705.1	True	species_seen	False	False	True	1	negative	other	no	no	facultative	meso
166415	Flavobacterium ajazii	Flavobacterium	Bacteroidota	RS_GCF_010614725.1	GCF_010614725.1	True	genome_seen	False	True	True	1	negative	rod	yes	no	aerobe	meso
166416	Flavobacterium tibetense	Flavobacterium	Bacteroidota	RS_GCF_003293845.1	GCF_003293845.1	True	genome_seen	False	True	True	1	negative	rod	no	no	aerobe	meso
166418	Paenibacillus_AB flagellatus	Paenibacillus_AB	Bacillota	RS_GCF_003217775.1	GCF_003217775.1	True	genome_seen	False	True	True	1	negative	rod	yes	yes	aerobe	meso
166419	Paraburkholderia phosphatilytica	Paraburkholderia	Pseudomonadota	RS_GCF_003443895.1	GCF_003443895.1	True	genome_seen	False	True	True	1	negative	rod	no	no	aerobe	meso
166422	Nakamurella deserti	Nakamurella	Actinomycetota	RS_GCF_003260015.1	GCF_003260015.1	True	genome_seen	False	True	True	1	positive	coccus	no	no	aerobe	meso
166430	Marinimicrobium_A alkaliphilum	Marinimicrobium_A	Pseudomonadota	RS_GCF_003259155.1	GCF_003259155.1	True	genome_seen	False	True	True	1	negative	rod	yes	no	aerobe	meso
166432	Nocardioides gansuensis	Nocardioides	Actinomycetota	RS_GCF_003076135.1	GCF_003076135.1	True	genome_seen	False	True	True	1	positive	rod	no	no	aerobe	meso
166435	Microbacterium suaedae	Microbacterium	Actinomycetota	RS_GCF_003254645.1	GCF_003254645.1	True	genome_seen	False	True	True	1	positive	rod	no	no	aerobe	meso
166437	Pontibacter ruber_A	Pontibacter	Bacteroidota	RS_GCF_003347595.2	GCF_003347595.2	True	genome_seen	False	True	True	1	negative	rod	no	no	aerobe	meso
166445	Gynurincola endophyticus	Gynurincola	Bacteroidota	RS_GCF_003991195.1	GCF_003991195.1	True	genome_seen	False	True	True	1	negative	rod	no	no	aerobe	meso
166455	Fontibacillus zeisoli	Fontibacillus	Bacillota	RS_GCF_003994465.1	GCF_003994465.1	True	genome_seen	False	True	True	1	negative	rod	yes	yes	aerobe	meso
166464	Dyella_B psychrodurans	Dyella_B	Pseudomonadota	RS_GCF_003363265.1	GCF_003363265.1	True	genome_seen	False	True	True	1	negative	rod	no	no	aerobe	meso
166465	Dyella_B monticola	Dyella_B	Pseudomonadota	RS_GCF_003363155.1	GCF_003363155.1	True	genome_seen	False	True	True	1	negative	rod	no	no	aerobe	meso
166468	Parashewanella curva	Parashewanella	Pseudomonadota	RS_GCF_003675895.1	GCF_003675895.1	True	genome_seen	False	True	True	1	negative	rod	yes	no	aerobe	meso
166469	Spongiibacter marinus_B	Spongiibacter	Pseudomonadota	RS_GCF_002915595.1	GCF_002915595.1	True	genome_seen	False	True	True	1	negative	rod	yes	no	aerobe	meso
166481	Marmoricola mangrovicus	Marmoricola	Actinomycetota	RS_GCF_003674065.1	GCF_003674065.1	True	genome_seen	False	True	True	1	positive	rod	yes	no	aerobe	meso
166482	Suicoccus acidiformans	Suicoccus	Bacillota	RS_GCF_003546865.1	GCF_003546865.1	True	genome_seen	False	True	True	1	positive	coccus	no	no	anaerobe	meso
166490	Falsibacillus albus	Falsibacillus	Bacillota	RS_GCF_003668575.1	GCF_003668575.1	True	genome_seen	False	True	True	1	positive	rod	yes	yes	aerobe	meso
166493	Chitinophaga deserti	Chitinophaga	Bacteroidota	RS_GCF_003149455.1	GCF_003149455.1	True	genome_seen	False	True	True	1	negative	rod	no	no	aerobe	meso
166494	Gordonia oryzae	Gordonia	Actinomycetota	RS_GCF_003797185.1	GCF_003797185.1	True	genome_seen	False	True	True	1	positive	rod	no	no	aerobe	meso
166509	Amphritea opalescens	Amphritea	Pseudomonadota	RS_GCF_003957515.1	GCF_003957515.1	True	genome_seen	False	True	True	1	negative	rod	yes	no	facultative	meso
166510	Halioglobus sediminis	Halioglobus	Pseudomonadota	RS_GCF_003457605.1	GCF_003457605.1	True	genome_seen	False	True	True	1	negative	rod	no	no	aerobe	meso
166515	Stagnimonas aquatica	Stagnimonas	Pseudomonadota	RS_GCF_003730135.1	GCF_003730135.1	True	genome_seen	False	True	True	1	negative	rod	yes	no	aerobe	meso
166521	Telluria_A atriviolacea	Telluria_A	Pseudomonadota	RS_GCF_003953935.1	GCF_003953935.1	True	genome_seen	False	True	True	1	negative	rod	yes	no	aerobe	meso
166523	Lacticaseibacillus hulanensis	Lacticaseibacillus	Bacillota	RS_GCF_004010095.1	GCF_004010095.1	True	genome_seen	False	True	True	1	positive	rod	no	no	facultative	meso
166527	Homoserinibacter intestinalis	Homoserinibacter	Actinomycetota	RS_GCF_003627075.1	GCF_003627075.1	True	genome_seen	False	True	True	1	positive	rod	no	no	aerobe	meso
166528	Melaminivora suum	Melaminivora	Pseudomonadota	RS_GCF_003013695.1	GCF_003013695.1	True	genome_seen	False	True	True	1	negative	rod	yes	no	aerobe	meso
166537	Rhizorhabdus crocodyli	Rhizorhabdus	Pseudomonadota	RS_GCF_004005865.1	GCF_004005865.1	True	genome_seen	False	True	True	1	negative	rod	yes	no	aerobe	meso
166544	Anaerosacchariphilus polymeriproducens	Anaerosacchariphilus	Bacillota	RS_GCF_003363435.1	GCF_003363435.1	True	genome_seen	False	True	True	1	negative	rod	yes	yes	anaerobe	meso
167374	Brevundimonas fluminis	Brevundimonas	Pseudomonadota	RS_GCF_003934285.1	GCF_003934285.1	True	genome_seen	False	True	True	1	negative	rod	yes	no	facultative	meso
167398	Telluria_A frigida	Telluria_A	Pseudomonadota	RS_GCF_011682175.1	GCF_011682175.1	True	genome_seen	False	True	True	1	negative	rod	yes	no	aerobe	psychro
167414	Telluria_A rubra	Telluria_A	Pseudomonadota	RS_GCF_011682065.1	GCF_011682065.1	True	genome_seen	False	True	True	1	negative	rod	yes	no	aerobe	psychro
167415	Telluria_A mucilaginosa	Telluria_A	Pseudomonadota	RS_GCF_011682145.1	GCF_011682145.1	True	genome_seen	False	True	True	1	negative	rod	yes	no	aerobe	psychro
167622	Novosphingobium umbonatum	Novosphingobium	Pseudomonadota	RS_GCF_004005905.1	GCF_004005905.1	True	genome_seen	False	True	True	1	negative	rod	no	no	anaerobe	meso
167643	Aliiroseovarius marinus	Aliiroseovarius	Pseudomonadota	RS_GCF_004360145.1	GCF_004360145.1	True	genome_seen	False	True	True	1	negative	rod	no	no	aerobe	meso
167654	Vogesella urethralis	Vogesella	Pseudomonadota	RS_GCF_007644045.2	GCF_007644045.2	True	genome_seen	False	True	True	1	negative	rod	yes	no	aerobe	meso
167772	Flavobacterium cellulosilyticum	Flavobacterium	Bacteroidota	RS_GCF_004349355.1	GCF_004349355.1	True	genome_seen	False	True	True	1	negative	rod	no	no	aerobe	psychro
167796	Flavobacterium macacae	Flavobacterium	Bacteroidota	RS_GCF_003865365.1	GCF_003865365.1	True	genome_seen	False	True	True	1	negative	rod	no	no	aerobe	meso
167800	Lampropedia aestuarii	Lampropedia	Pseudomonadota	RS_GCF_004803635.1	GCF_004803635.1	True	genome_seen	False	True	True	1	negative	rod	no	no	aerobe	meso
167823	Hydrogenophaga borbori	Hydrogenophaga	Pseudomonadota	RS_GCF_003417535.1	GCF_003417535.1	True	genome_seen	False	True	True	1	negative	rod	yes	no	aerobe	meso
167923	Pedobacter schmidteae	Pedobacter	Bacteroidota	RS_GCF_900564155.1	GCF_900564155.1	True	genome_seen	False	True	True	1	negative	rod	yes	no	aerobe	meso
167975	Streptomyces acidicola	Streptomyces	Actinomycetota	RS_GCF_009377235.1	GCF_009377235.1	True	genome_seen	False	True	True	1	positive	other	no	yes	aerobe	meso
167978	Bacillus_A fungorum	Bacillus_A	Bacillota	RS_GCF_002746455.1	GCF_002746455.1	True	genome_seen	False	True	True	1	positive	rod	no	yes	facultative	meso
168303	Thermus thermamylovorans	Thermus	Deinococcota	RS_GCF_004307015.1	GCF_004307015.1	False	genome_seen	False	True	True	1	negative	rod	no	no	aerobe	thermo
168332	Modicisalibacter sp900961225	Modicisalibacter	Pseudomonadota	RS_GCF_900961225.1	GCF_900961225.1	True	genome_seen	False	True	True	1	negative	rod	yes	no	aerobe	meso
168525	Pseudorivibacter rhizosphaerae	Pseudorivibacter	Pseudomonadota	RS_GCF_006386545.1	GCF_006386545.1	True	genome_seen	False	True	True	1	negative	rod	yes	no	anaerobe	meso
168561	Rhodobacter hankyongi	Rhodobacter	Pseudomonadota	RS_GCF_003664585.1	GCF_003664585.1	True	genome_seen	False	True	True	1	negative	other	yes	no	aerobe	meso
169101	Sphingobium algorifonticola	Sphingobium	Pseudomonadota	RS_GCF_004005485.1	GCF_004005485.1	True	genome_seen	False	True	True	1	negative	rod	yes	yes	aerobe	meso
169990	Telluria_A aquatica	Telluria_A	Pseudomonadota	RS_GCF_011682045.1	GCF_011682045.1	True	genome_seen	False	True	True	1	negative	rod	yes	no	aerobe	meso
170898	Saccharibacillus brassicae	Saccharibacillus	Bacillota	RS_GCF_006542275.1	GCF_006542275.1	True	genome_seen	False	True	True	1	positive	rod	yes	yes	facultative	meso
170934	Sulfitobacter sediminilitoris	Sulfitobacter	Pseudomonadota	RS_GCF_010667575.1	GCF_010667575.1	True	genome_seen	False	True	True	1	negative	rod	no	no	aerobe	meso
170935	Mangrovimarina arenosa	Mangrovimarina	Pseudomonadota	RS_GCF_009742725.1	GCF_009742725.1	True	genome_seen	False	True	True	1	negative	rod	yes	no	anaerobe	meso
170936	Solimonas sp005047655	Solimonas	Pseudomonadota	RS_GCF_005047655.1	GCF_005047655.1	True	genome_seen	False	True	True	1	negative	rod	yes	no	aerobe	meso
170941	Algoriphagus lacus	Algoriphagus	Bacteroidota	RS_GCF_003583985.1	GCF_003583985.1	True	genome_seen	False	True	True	1	negative	rod	no	no	facultative	meso
172652	Escherichia coli	Escherichia	Pseudomonadota	RS_GCF_013167875.1	GCF_013167875.1	True	species_seen	False	False	True	1	negative	rod	yes	no	facultative	meso
