trait	split	repeat	model	nearest_train_rank	n	balanced_accuracy	macro_f1
gram	within	0	prevalence	same_class	8	0.5	0.42857142857142855
gram	within	0	prevalence	same_family	225	0.5	0.3784530386740331
gram	within	0	prevalence	same_genus	859	0.5	0.3971929824561404
gram	within	0	prevalence	same_order	30	0.5	0.4827586206896552
gram	within	0	prevalence	same_phylum	5	0.5	0.4444444444444444
gram	within	0	taxonomy	same_class	8	0.6666666666666667	0.6666666666666667
gram	within	0	taxonomy	same_family	225	0.9590245520902456	0.9580927547029242
gram	within	0	taxonomy	same_genus	859	0.9789794860044139	0.9731289390854098
gram	within	0	taxonomy	same_order	30	0.9821428571428572	0.8909090909090909
gram	within	0	taxonomy	same_phylum	5	0.875	0.7619047619047619
gram	within	1	prevalence	same_class	7	0.5	0.4166666666666667
gram	within	1	prevalence	same_family	228	0.5	0.3787465940054496
gram	within	1	prevalence	same_genus	862	0.5	0.3890857547838412
gram	within	1	prevalence	same_order	29	0.5	0.4727272727272727
gram	within	1	prevalence	same_phylum	1	1.0	1.0
gram	within	1	taxonomy	same_class	7	1.0	1.0
gram	within	1	taxonomy	same_family	228	0.979993533263277	0.9770969362129582
gram	within	1	taxonomy	same_genus	862	0.9886083905096108	0.9862699698669134
gram	within	1	taxonomy	same_order	29	0.9423076923076923	0.8027210884353742
gram	within	1	taxonomy	same_phylum	1	1.0	1.0
gram	within	2	prevalence	different_phylum	1	1.0	1.0
gram	within	2	prevalence	same_class	9	0.5	0.47058823529411764
gram	within	2	prevalence	same_family	226	0.5	0.3825136612021858
gram	within	2	prevalence	same_genus	858	0.5	0.4
gram	within	2	prevalence	same_order	30	0.5	0.4444444444444444
gram	within	2	prevalence	same_phylum	3	0.5	0.4
gram	within	2	taxonomy	different_phylum	1	1.0	1.0
gram	within	2	taxonomy	same_class	9	1.0	1.0
gram	within	2	taxonomy	same_family	226	0.9669435215946844	0.9627799736495388
gram	within	2	taxonomy	same_genus	858	0.979020979020979	0.9728121703939655
gram	within	2	taxonomy	same_order	30	0.8958333333333333	0.7948016415868673
gram	within	2	taxonomy	same_phylum	3	1.0	1.0
gram	within	3	prevalence	different_phylum	1	1.0	1.0
gram	within	3	prevalence	same_class	8	0.5	0.4666666666666667
gram	within	3	prevalence	same_family	212	0.5	0.396011396011396
gram	within	3	prevalence	same_genus	883	0.5	0.3893499308437068
gram	within	3	prevalence	same_order	20	0.5	0.4117647058823529
gram	within	3	prevalence	same_phylum	3	0.5	0.25
gram	within	3	taxonomy	different_phylum	1	1.0	1.0
gram	within	3	taxonomy	same_class	8	0.9285714285714286	0.7948717948717949
gram	within	3	taxonomy	same_family	212	0.9719128806543806	0.9688601645123385
gram	within	3	taxonomy	same_genus	883	0.9824517095914742	0.9769740589311473
gram	within	3	taxonomy	same_order	20	0.9285714285714286	0.8901098901098901
gram	within	3	taxonomy	same_phylum	3	0.75	0.6666666666666666
gram	within	4	prevalence	different_phylum	2	1.0	1.0
gram	within	4	prevalence	same_class	11	0.5	0.47619047619047616
gram	within	4	prevalence	same_family	218	0.5	0.39275766016713093
gram	within	4	prevalence	same_genus	874	0.5	0.3832039520112915
gram	within	4	prevalence	same_order	17	0.5	0.43333333333333335
gram	within	4	prevalence	same_phylum	5	0.5	0.4444444444444444
gram	within	4	taxonomy	different_phylum	2	1.0	1.0
gram	within	4	taxonomy	same_class	11	0.85	0.611764705882353
gram	within	4	taxonomy	same_family	218	0.9698811826471401	0.9698811826471401
gram	within	4	taxonomy	same_genus	874	0.9859291282068401	0.9830777571251549
gram	within	4	taxonomy	same_order	17	0.9230769230769231	0.8583333333333334
gram	within	4	taxonomy	same_phylum	5	0.5	0.16666666666666666
gram	within	5	prevalence	different_phylum	1	1.0	1.0
gram	within	5	prevalence	same_class	15	0.5	0.4444444444444444
gram	within	5	prevalence	same_family	192	0.5	0.3981191222570533
gram	within	5	prevalence	same_genus	891	0.5	0.39263803680981596
gram	within	5	prevalence	same_order	27	0.5	0.37209302325581395
gram	within	5	prevalence	same_phylum	1	0.0	0.0
gram	within	5	taxonomy	different_phylum	1	1.0	1.0
gram	within	5	taxonomy	same_class	15	0.7916666666666666	0.7916666666666666
gram	within	5	taxonomy	same_family	192	0.9570563294972744	0.9485943775100402
gram	within	5	taxonomy	same_genus	891	0.984672619047619	0.9805213969503197
gram	within	5	taxonomy	same_order	27	0.8920454545454546	0.8863955119214586
gram	within	5	taxonomy	same_phylum	1	1.0	1.0
gram	within	6	prevalence	different_phylum	1	1.0	1.0
gram	within	6	prevalence	same_class	14	0.5	0.44
gram	within	6	prevalence	same_family	233	0.5	0.39948453608247425
gram	within	6	prevalence	same_genus	842	0.5	0.38941261783901376
gram	within	6	prevalence	same_order	33	0.5	0.42105263157894735
gram	within	6	prevalence	same_phylum	4	0.5	0.3333333333333333
gram	within	6	taxonomy	different_phylum	1	1.0	1.0
gram	within	6	taxonomy	same_class	14	0.7727272727272727	0.625668449197861
gram	within	6	taxonomy	same_family	233	0.9678246484698098	0.9619281045751633
gram	within	6	taxonomy	same_genus	842	0.9832005372897397	0.9808153550070708
gram	within	6	taxonomy	same_order	33	0.8958333333333333	0.8331648129423661
gram	within	6	taxonomy	same_phylum	4	0.75	0.7333333333333334
gram	within	7	prevalence	different_phylum	2	1.0	1.0
gram	within	7	prevalence	same_class	7	0.5	0.4166666666666667
gram	within	7	prevalence	same_family	214	0.5	0.41208791208791207
gram	within	7	prevalence	same_genus	874	0.5	0.38838348495451364
gram	within	7	prevalence	same_order	26	0.5	0.43478260869565216
gram	within	7	prevalence	same_phylum	4	0.5	0.3333333333333333
gram	within	7	taxonomy	different_phylum	2	1.0	1.0
gram	within	7	taxonomy	same_class	7	1.0	1.0
gram	within	7	taxonomy	same_family	214	0.9866666666666667	0.9780917280917281
gram	within	7	taxonomy	same_genus	874	0.9813521985935779	0.9791154497599921
gram	within	7	taxonomy	same_order	26	0.925	0.8594594594594596
gram	within	7	taxonomy	same_phylum	4	0.75	0.7333333333333334
gram	within	8	prevalence	different_phylum	1	1.0	1.0
gram	within	8	prevalence	same_class	6	1.0	1.0
gram	within	8	prevalence	same_family	231	0.5	0.38563829787234044
gram	within	8	prevalence	same_genus	859	0.5	0.38774055595153245
gram	within	8	prevalence	same_order	26	0.5	0.4222222222222222
gram	within	8	prevalence	same_phylum	4	0.5	0.42857142857142855
gram	within	8	taxonomy	different_phylum	1	1.0	1.0
gram	within	8	taxonomy	same_class	6	0.8333333333333334	0.45454545454545453
gram	within	8	taxonomy	same_family	231	0.960785886126704	0.9543044785567336
gram	within	8	taxonomy	same_genus	859	0.9785276610644258	0.976298183117266
gram	within	8	taxonomy	same_order	26	0.868421052631579	0.7926634768740032
gram	within	8	taxonomy	same_phylum	4	0.3333333333333333	0.3333333333333333
gram	within	9	prevalence	same_class	10	1.0	1.0
gram	within	9	prevalence	same_family	212	0.5	0.3855072463768116
gram	within	9	prevalence	same_genus	873	0.5	0.3843441466854725
gram	within	9	prevalence	same_order	29	0.5	0.40816326530612246
gram	within	9	prevalence	same_phylum	3	1.0	1.0
gram	within	9	taxonomy	same_class	10	0.9	0.47368421052631576
gram	within	9	taxonomy	same_family	212	0.9697344627391262	0.9697344627391262
gram	within	9	taxonomy	same_genus	873	0.9905292011635713	0.9890446676938307
gram	within	9	taxonomy	same_order	29	0.8138888888888889	0.8043184885290149
gram	within	9	taxonomy	same_phylum	3	1.0	1.0
gram	within	10	prevalence	different_phylum	1	1.0	1.0
gram	within	10	prevalence	same_class	9	0.5	0.47058823529411764
gram	within	10	prevalence	same_family	190	0.5	0.3929712460063898
gram	within	10	prevalence	same_genus	892	0.5	0.38482758620689655
gram	within	10	prevalence	same_order	32	0.5	0.41818181818181815
gram	within	10	prevalence	same_phylum	3	0.5	0.4
gram	within	10	taxonomy	different_phylum	1	1.0	1.0
gram	within	10	taxonomy	same_class	9	0.875	0.6785714285714286
gram	within	10	taxonomy	same_family	190	0.9803421914816163	0.9770973963355833
gram	within	10	taxonomy	same_genus	892	0.9808662245401669	0.9785636468502339
gram	within	10	taxonomy	same_order	32	0.9565217391304348	0.9272727272727272
gram	within	10	taxonomy	same_phylum	3	0.25	0.25
gram	within	11	prevalence	same_class	8	0.5	0.4666666666666667
gram	within	11	prevalence	same_family	221	0.5	0.3978201634877384
gram	within	11	prevalence	same_genus	864	0.5	0.38197424892703863
gram	within	11	prevalence	same_order	30	0.5	0.45454545454545453
gram	within	11	prevalence	same_phylum	4	1.0	1.0
gram	within	11	taxonomy	same_class	8	0.9285714285714286	0.7948717948717949
gram	within	11	taxonomy	same_family	221	0.9695433789954337	0.9650134563629373
gram	within	11	taxonomy	same_genus	864	0.9872488934286687	0.9841634860633883
gram	within	11	taxonomy	same_order	30	0.96	0.8958333333333334
gram	within	11	taxonomy	same_phylum	4	1.0	1.0
gram	within	12	prevalence	different_phylum	1	1.0	1.0
gram	within	12	prevalence	same_class	10	0.5	0.47368421052631576
gram	within	12	prevalence	same_family	203	0.5	0.3867069486404834
gram	within	12	prevalence	same_genus	878	0.5	0.38687150837988826
gram	within	12	prevalence	same_order	29	0.5	0.4423076923076923
gram	within	12	prevalence	same_phylum	6	0.5	0.4
gram	within	12	taxonomy	different_phylum	1	1.0	1.0
gram	within	12	taxonomy	same_class	10	0.9444444444444444	0.803921568627451
gram	within	12	taxonomy	same_family	203	0.9671354166666667	0.9632901909116743
gram	within	12	taxonomy	same_genus	878	0.9838993626598922	0.9817376292197932
gram	within	12	taxonomy	same_order	29	0.8731884057971014	0.8512820512820514
gram	within	12	taxonomy	same_phylum	6	0.625	0.625
gram	within	13	prevalence	different_phylum	3	1.0	1.0
gram	within	13	prevalence	same_class	11	0.5	0.45
gram	within	13	prevalence	same_family	211	0.5	0.3884057971014493
gram	within	13	prevalence	same_genus	875	0.5	0.38682550805886473
gram	within	13	prevalence	same_order	24	0.5	0.4666666666666667
gram	within	13	prevalence	same_phylum	3	0.5	0.4
gram	within	13	taxonomy	different_phylum	3	1.0	1.0
gram	within	13	taxonomy	same_class	11	0.6944444444444444	0.6944444444444444
gram	within	13	taxonomy	same_family	211	0.9693254506687343	0.9693254506687343
gram	within	13	taxonomy	same_genus	875	0.9919964553327052	0.9926291375108106
gram	within	13	taxonomy	same_order	24	0.9523809523809523	0.85
gram	within	13	taxonomy	same_phylum	3	0.75	0.6666666666666666
gram	within	14	prevalence	different_phylum	2	1.0	1.0
gram	within	14	prevalence	same_class	7	0.5	0.46153846153846156
gram	within	14	prevalence	same_family	217	0.5	0.38
gram	within	14	prevalence	same_genus	864	0.5	0.38896746817538896
gram	within	14	prevalence	same_order	34	0.5	0.40350877192982454
gram	within	14	prevalence	same_phylum	3	0.5	0.4
gram	within	14	taxonomy	different_phylum	2	1.0	1.0
gram	within	14	taxonomy	same_class	7	0.9166666666666667	0.7878787878787878
gram	within	14	taxonomy	same_family	217	0.9692982456140351	0.9662241789518156
gram	within	14	taxonomy	same_genus	864	0.9822640416907933	0.981277276883938
gram	within	14	taxonomy	same_order	34	0.9782608695652174	0.9671497584541062
gram	within	14	taxonomy	same_phylum	3	1.0	1.0
gram	within	15	prevalence	different_phylum	1	1.0	1.0
gram	within	15	prevalence	same_class	16	0.5	0.4482758620689655
gram	within	15	prevalence	same_family	234	0.5	0.39845758354755784
gram	within	15	prevalence	same_genus	842	0.5	0.383601756954612
gram	within	15	prevalence	same_order	32	0.5	0.39622641509433965
gram	within	15	prevalence	same_phylum	2	0.5	0.3333333333333333
gram	within	15	taxonomy	different_phylum	1	1.0	1.0
gram	within	15	taxonomy	same_class	16	0.7564102564102564	0.7257142857142858
gram	within	15	taxonomy	same_family	234	0.95532870559412	0.9525162337662338
gram	within	15	taxonomy	same_genus	842	0.9854049642325604	0.9824203487296956
gram	within	15	taxonomy	same_order	32	0.9761904761904762	0.9660657476139979
gram	within	15	taxonomy	same_phylum	2	1.0	1.0
gram	within	16	prevalence	different_phylum	1	1.0	1.0
gram	within	16	prevalence	same_class	11	0.5	0.47619047619047616
gram	within	16	prevalence	same_family	196	0.5	0.3875
gram	within	16	prevalence	same_genus	886	0.5	0.39190116678105696
gram	within	16	prevalence	same_order	29	0.5	0.4727272727272727
gram	within	16	prevalence	same_phylum	4	0.5	0.42857142857142855
gram	within	16	taxonomy	different_phylum	1	1.0	1.0
gram	within	16	taxonomy	same_class	11	0.9	0.6944444444444444
gram	within	16	taxonomy	same_family	196	0.9648297491039427	0.9568044077134986
gram	within	16	taxonomy	same_genus	886	0.9887804742445723	0.9853246466431096
gram	within	16	taxonomy	same_order	29	0.9615384615384616	0.855
gram	within	16	taxonomy	same_phylum	4	0.3333333333333333	0.3333333333333333
gram	within	17	prevalence	same_class	11	0.5	0.47619047619047616
gram	within	17	prevalence	same_family	209	0.5	0.3834808259587021
gram	within	17	prevalence	same_genus	874	0.5	0.3853727144866385
gram	within	17	prevalence	same_order	31	0.5	0.44642857142857145
gram	within	17	prevalence	same_phylum	2	0.5	0.3333333333333333
gram	within	17	taxonomy	same_class	11	0.95	0.8070175438596491
gram	within	17	taxonomy	same_family	209	0.9681110029211295	0.9646421925224158
gram	within	17	taxonomy	same_genus	874	0.9899243204513904	0.9890126621177096
gram	within	17	taxonomy	same_order	31	0.94	0.8680851063829788
gram	within	17	taxonomy	same_phylum	2	1.0	1.0
gram	within	18	prevalence	different_phylum	1	1.0	1.0
gram	within	18	prevalence	same_class	8	0.5	0.42857142857142855
gram	within	18	prevalence	same_family	223	0.5	0.3753501400560224
gram	within	18	prevalence	same_genus	869	0.5	0.3845609065155807
gram	within	18	prevalence	same_order	22	0.5	0.40540540540540543
gram	within	18	prevalence	same_phylum	4	0.5	0.42857142857142855
gram	within	18	taxonomy	different_phylum	1	1.0	1.0
gram	within	18	taxonomy	same_class	8	0.75	0.7948717948717949
gram	within	18	taxonomy	same_family	223	0.9737967466040583	0.9764891934633633
gram	within	18	taxonomy	same_genus	869	0.9840439955258787	0.9828597673684685
gram	within	18	taxonomy	same_order	22	1.0	1.0
gram	within	18	taxonomy	same_phylum	4	0.8333333333333333	0.7333333333333334
gram	within	19	prevalence	different_phylum	3	1.0	1.0
gram	within	19	prevalence	same_class	9	0.5	0.4375
gram	within	19	prevalence	same_family	228	0.5	0.39037433155080214
gram	within	19	prevalence	same_genus	858	0.5	0.3888888888888889
gram	within	19	prevalence	same_order	28	0.5	0.391304347826087
gram	within	19	prevalence	same_phylum	1	1.0	1.0
gram	within	19	taxonomy	different_phylum	3	1.0	1.0
gram	within	19	taxonomy	same_class	9	0.9285714285714286	0.8615384615384616
gram	within	19	taxonomy	same_family	228	0.9645840294019379	0.9621105110095554
gram	within	19	taxonomy	same_genus	858	0.9880952380952381	0.9837718219818048
gram	within	19	taxonomy	same_order	28	0.9166666666666667	0.8893280632411067
gram	within	19	taxonomy	same_phylum	1	0.0	0.0
gram	genus	0	prevalence	same_class	21	0.5	0.38235294117647056
gram	genus	0	prevalence	same_family	1062	0.5	0.3278481012658228
gram	genus	0	prevalence	same_order	38	0.5	0.3333333333333333
gram	genus	0	prevalence	same_phylum	6	0.5	0.4
gram	genus	0	taxonomy	same_class	21	0.9230769230769231	0.9027777777777777
gram	genus	0	taxonomy	same_family	1062	0.9866710197592551	0.9868053460179975
gram	genus	0	taxonomy	same_order	38	0.8947368421052632	0.8935574229691876
gram	genus	0	taxonomy	same_phylum	6	0.875	0.8285714285714285
gram	genus	1	prevalence	same_class	14	0.5	0.36363636363636365
gram	genus	1	prevalence	same_family	1047	0.5	0.4117977528089888
gram	genus	1	prevalence	same_order	67	0.5	0.4017857142857143
gram	genus	1	prevalence	same_phylum	4	1.0	1.0
gram	genus	1	taxonomy	same_class	14	0.6041666666666666	0.5906432748538011
gram	genus	1	taxonomy	same_family	1047	0.9906761324632216	0.9875688773995779
gram	genus	1	taxonomy	same_order	67	0.9666666666666667	0.950843727072634
gram	genus	1	taxonomy	same_phylum	4	0.75	0.42857142857142855
gram	genus	2	prevalence	different_phylum	6	0.5	0.45454545454545453
gram	genus	2	prevalence	same_class	16	0.5	0.42857142857142855
gram	genus	2	prevalence	same_family	1077	0.5	0.41147540983606556
gram	genus	2	prevalence	same_order	66	0.5	0.38317757009345793
gram	genus	2	prevalence	same_phylum	4	0.5	0.42857142857142855
gram	genus	2	taxonomy	different_phylum	6	0.5	0.45454545454545453
gram	genus	2	taxonomy	same_class	16	0.9166666666666667	0.8545454545454545
gram	genus	2	taxonomy	same_family	1077	0.9885150755004672	0.986802872243961
gram	genus	2	taxonomy	same_order	66	0.9268292682926829	0.9069548872180451
gram	genus	2	taxonomy	same_phylum	4	0.5	0.42857142857142855
gram	genus	3	prevalence	different_phylum	5	1.0	1.0
gram	genus	3	prevalence	same_class	20	0.5	0.42857142857142855
gram	genus	3	prevalence	same_family	1058	0.5	0.36456456456456454
gram	genus	3	prevalence	same_order	45	0.5	0.4375
gram	genus	3	prevalence	same_phylum	6	0.5	0.45454545454545453
gram	genus	3	taxonomy	different_phylum	5	1.0	1.0
gram	genus	3	taxonomy	same_class	20	0.8666666666666667	0.8666666666666667
gram	genus	3	taxonomy	same_family	1058	0.9804534678565298	0.9788135747495967
gram	genus	3	taxonomy	same_order	45	0.9428571428571428	0.8863636363636365
gram	genus	3	taxonomy	same_phylum	6	0.9	0.7777777777777777
gram	genus	4	prevalence	different_phylum	4	1.0	1.0
gram	genus	4	prevalence	same_class	9	0.5	0.4375
gram	genus	4	prevalence	same_family	1066	0.5	0.401123595505618
gram	genus	4	prevalence	same_order	47	0.5	0.38961038961038963
gram	genus	4	prevalence	same_phylum	7	0.5	0.4166666666666667
gram	genus	4	taxonomy	different_phylum	4	1.0	1.0
gram	genus	4	taxonomy	same_class	9	0.9285714285714286	0.8615384615384616
gram	genus	4	taxonomy	same_family	1066	0.986575311942959	0.9862251313324089
gram	genus	4	taxonomy	same_order	47	0.861764705882353	0.861764705882353
gram	genus	4	taxonomy	same_phylum	7	0.8	0.7083333333333333
gram	genus	5	prevalence	different_phylum	3	1.0	1.0
gram	genus	5	prevalence	same_class	12	0.5	0.4
gram	genus	5	prevalence	same_family	1061	0.5	0.3733018310691081
gram	genus	5	prevalence	same_order	49	0.5	0.4431818181818182
gram	genus	5	prevalence	same_phylum	4	0.5	0.42857142857142855
gram	genus	5	taxonomy	different_phylum	3	1.0	1.0
gram	genus	5	taxonomy	same_class	12	0.875	0.8991596638655461
gram	genus	5	taxonomy	same_family	1061	0.9862186863769142	0.9844038248112951
gram	genus	5	taxonomy	same_order	49	0.9871794871794872	0.9696969696969697
gram	genus	5	taxonomy	same_phylum	4	1.0	1.0
gram	genus	6	prevalence	different_phylum	7	1.0	1.0
gram	genus	6	prevalence	same_class	27	0.5	0.37209302325581395
gram	genus	6	prevalence	same_family	1021	0.5	0.37515299877600977
gram	genus	6	prevalence	same_order	73	0.5	0.3652173913043478
gram	genus	6	prevalence	same_phylum	4	0.5	0.42857142857142855
gram	genus	6	taxonomy	different_phylum	7	1.0	1.0
gram	genus	6	taxonomy	same_class	27	0.8011363636363636	0.8051948051948052
gram	genus	6	taxonomy	same_family	1021	0.9767436746313534	0.9736311983471074
gram	genus	6	taxonomy	same_order	73	0.9285714285714286	0.9174208144796381
gram	genus	6	taxonomy	same_phylum	4	0.16666666666666666	0.2
gram	genus	7	prevalence	different_phylum	6	1.0	1.0
gram	genus	7	prevalence	same_class	22	0.5	0.40540540540540543
gram	genus	7	prevalence	same_family	1021	0.5	0.3965721040189125
gram	genus	7	prevalence	same_order	86	0.5	0.3228346456692913
gram	genus	7	prevalence	same_phylum	7	1.0	1.0
gram	genus	7	taxonomy	different_phylum	6	1.0	1.0
gram	genus	7	taxonomy	same_class	22	0.9666666666666667	0.9494252873563218
gram	genus	7	taxonomy	same_family	1021	0.9889461358313818	0.9859559389142067
gram	genus	7	taxonomy	same_order	86	0.9512195121951219	0.9530823786142935
gram	genus	7	taxonomy	same_phylum	7	0.5714285714285714	0.36363636363636365
gram	genus	8	prevalence	different_phylum	1	1.0	1.0
gram	genus	8	prevalence	same_class	12	0.5	0.4782608695652174
gram	genus	8	prevalence	same_family	1060	0.5	0.3775689958896066
gram	genus	8	prevalence	same_order	49	0.5	0.3
gram	genus	8	prevalence	same_phylum	6	0.5	0.3333333333333333
gram	genus	8	taxonomy	different_phylum	1	1.0	1.0
gram	genus	8	taxonomy	same_class	12	1.0	1.0
gram	genus	8	taxonomy	same_family	1060	0.979295568211061	0.975480013435102
gram	genus	8	taxonomy	same_order	49	0.9285714285714286	0.9361147327249022
gram	genus	8	taxonomy	same_phylum	6	0.8333333333333333	0.8285714285714285
gram	genus	9	prevalence	different_phylum	1	1.0	1.0
gram	genus	9	prevalence	same_class	33	0.5	0.4
gram	genus	9	prevalence	same_family	1021	0.5	0.41955656623081294
gram	genus	9	prevalence	same_order	66	0.5	0.3888888888888889
gram	genus	9	prevalence	same_phylum	6	0.5	0.4
gram	genus	9	taxonomy	different_phylum	1	1.0	1.0
gram	genus	9	taxonomy	same_class	33	0.9545454545454546	0.9345238095238095
gram	genus	9	taxonomy	same_family	1021	0.9896913633447288	0.9854598448670356
gram	genus	9	taxonomy	same_order	66	0.9523809523809523	0.9365384615384615
gram	genus	9	taxonomy	same_phylum	6	0.375	0.3333333333333333
gram	genus	10	prevalence	different_phylum	5	1.0	1.0
gram	genus	10	prevalence	same_class	25	0.5	0.4186046511627907
gram	genus	10	prevalence	same_family	1061	0.5	0.39852607709750565
gram	genus	10	prevalence	same_order	64	0.5	0.37254901960784315
gram	genus	10	prevalence	same_phylum	4	1.0	1.0
gram	genus	10	taxonomy	different_phylum	5	1.0	1.0
gram	genus	10	taxonomy	same_class	25	0.9722222222222222	0.9523809523809523
gram	genus	10	taxonomy	same_family	1061	0.9858785571811153	0.9832278155850109
gram	genus	10	taxonomy	same_order	64	0.9018218623481782	0.8893007165801828
gram	genus	10	taxonomy	same_phylum	4	0.5	0.3333333333333333
gram	genus	11	prevalence	different_phylum	5	0.5	0.4444444444444444
gram	genus	11	prevalence	same_class	22	0.5	0.47619047619047616
gram	genus	11	prevalence	same_family	1016	0.5	0.3819951338199513
gram	genus	11	prevalence	same_order	78	0.5	0.4583333333333333
gram	genus	11	prevalence	same_phylum	6	0.5	0.45454545454545453
gram	genus	11	taxonomy	different_phylum	5	0.5	0.4444444444444444
gram	genus	11	taxonomy	same_class	22	0.9	0.6944444444444444
gram	genus	11	taxonomy	same_family	1016	0.9857837021472191	0.9834013372052655
gram	genus	11	taxonomy	same_order	78	0.875	0.7743490838958534
gram	genus	11	taxonomy	same_phylum	6	0.8	0.625
gram	genus	12	prevalence	different_phylum	5	1.0	1.0
gram	genus	12	prevalence	same_class	28	0.5	0.40425531914893614
gram	genus	12	prevalence	same_family	1055	0.5	0.36099333737129013
gram	genus	12	prevalence	same_order	64	0.5	0.3904761904761905
gram	genus	12	prevalence	same_phylum	7	0.5	0.36363636363636365
gram	genus	12	taxonomy	different_phylum	5	1.0	1.0
gram	genus	12	taxonomy	same_class	28	0.9210526315789473	0.8857142857142857
gram	genus	12	taxonomy	same_family	1055	0.9760092702256145	0.9731517028764215
gram	genus	12	taxonomy	same_order	64	0.9294803817603394	0.9173340222164815
gram	genus	12	taxonomy	same_phylum	7	0.8333333333333333	0.8444444444444444
gram	genus	13	prevalence	same_class	19	0.5	0.40625
gram	genus	13	prevalence	same_family	1036	0.5	0.3952130764740222
gram	genus	13	prevalence	same_order	69	0.5	0.37272727272727274
gram	genus	13	prevalence	same_phylum	7	1.0	1.0
gram	genus	13	taxonomy	same_class	19	0.6730769230769231	0.6801346801346801
gram	genus	13	taxonomy	same_family	1036	0.9897446130931564	0.9862437656210581
gram	genus	13	taxonomy	same_order	69	0.8976480836236934	0.8953866146848602
gram	genus	13	taxonomy	same_phylum	7	1.0	1.0
gram	genus	14	prevalence	same_class	12	0.5	0.45454545454545453
gram	genus	14	prevalence	same_family	1062	0.5	0.38147932440302856
gram	genus	14	prevalence	same_order	46	0.5	0.3783783783783784
gram	genus	14	prevalence	same_phylum	7	0.5	0.3
gram	genus	14	taxonomy	same_class	12	0.95	0.8736842105263158
gram	genus	14	taxonomy	same_family	1062	0.9796518933923515	0.9772076422422843
gram	genus	14	taxonomy	same_order	46	0.9464285714285714	0.9332365747460087
gram	genus	14	taxonomy	same_phylum	7	0.7083333333333333	0.7083333333333333
gram	genus	15	prevalence	different_phylum	3	1.0	1.0
gram	genus	15	prevalence	same_class	18	0.5	0.41935483870967744
gram	genus	15	prevalence	same_family	1039	0.5	0.3687727825030377
gram	genus	15	prevalence	same_order	63	0.5	0.38235294117647056
gram	genus	15	prevalence	same_phylum	5	0.5	0.4444444444444444
gram	genus	15	taxonomy	different_phylum	3	1.0	1.0
gram	genus	15	taxonomy	same_class	18	0.6230769230769231	0.6296296296296295
gram	genus	15	taxonomy	same_family	1039	0.9838382451644395	0.9822274341059929
gram	genus	15	taxonomy	same_order	63	0.9455128205128205	0.9490977646108268
gram	genus	15	taxonomy	same_phylum	5	0.25	0.2857142857142857
gram	genus	16	prevalence	different_phylum	3	1.0	1.0
gram	genus	16	prevalence	same_class	17	0.5	0.45161290322580644
gram	genus	16	prevalence	same_family	1035	0.5	0.4253192670738479
gram	genus	16	prevalence	same_order	69	0.5	0.4051724137931034
gram	genus	16	prevalence	same_phylum	5	0.5	0.375
gram	genus	16	taxonomy	different_phylum	3	1.0	1.0
gram	genus	16	taxonomy	same_class	17	0.7976190476190477	0.7976190476190477
gram	genus	16	taxonomy	same_family	1035	0.9847321575897581	0.9800986415159643
gram	genus	16	taxonomy	same_order	69	0.9680851063829787	0.9516015898994623
gram	genus	16	taxonomy	same_phylum	5	0.5833333333333333	0.5833333333333333
gram	genus	17	prevalence	same_class	16	0.5	0.4838709677419355
gram	genus	17	prevalence	same_family	1043	0.5	0.3728202044497895
gram	genus	17	prevalence	same_order	65	0.5	0.4144144144144144
gram	genus	17	prevalence	same_phylum	4	1.0	1.0
gram	genus	17	taxonomy	same_class	16	1.0	1.0
gram	genus	17	taxonomy	same_family	1043	0.9815069015480821	0.9782668818573075
gram	genus	17	taxonomy	same_order	65	0.9736842105263157	0.981110142400465
gram	genus	17	taxonomy	same_phylum	4	0.5	0.3333333333333333
gram	genus	18	prevalence	different_phylum	5	1.0	1.0
gram	genus	18	prevalence	same_class	18	0.5	0.47058823529411764
gram	genus	18	prevalence	same_family	1071	0.5	0.3413284132841328
gram	genus	18	prevalence	same_order	56	0.5	0.40425531914893614
gram	genus	18	prevalence	same_phylum	3	0.5	0.25
gram	genus	18	taxonomy	different_phylum	5	1.0	1.0
gram	genus	18	taxonomy	same_class	18	0.9375	0.8
gram	genus	18	taxonomy	same_family	1071	0.9807406243452754	0.9803787457786517
gram	genus	18	taxonomy	same_order	56	0.9342105263157895	0.9038131226382686
gram	genus	18	taxonomy	same_phylum	3	0.75	0.6666666666666666
gram	genus	19	prevalence	different_phylum	4	1.0	1.0
gram	genus	19	prevalence	same_class	14	0.5	0.391304347826087
gram	genus	19	prevalence	same_family	1083	0.5	0.3929372197309417
gram	genus	19	prevalence	same_order	60	0.5	0.3684210526315789
gram	genus	19	prevalence	same_phylum	5	0.5	0.4444444444444444
gram	genus	19	taxonomy	different_phylum	4	1.0	1.0
gram	genus	19	taxonomy	same_class	14	0.5888888888888889	0.5906432748538011
gram	genus	19	taxonomy	same_family	1083	0.9834697627174344	0.9808904065699037
gram	genus	19	taxonomy	same_order	60	0.9	0.8830409356725146
gram	genus	19	taxonomy	same_phylum	5	1.0	1.0
gram	family	0	prevalence	different_phylum	4	1.0	1.0
gram	family	0	prevalence	same_class	37	1.0	1.0
gram	family	0	prevalence	same_order	1104	0.5	0.3614806246385194
gram	family	0	prevalence	same_phylum	35	0.5	0.4852941176470588
gram	family	0	taxonomy	different_phylum	4	1.0	1.0
gram	family	0	taxonomy	same_class	37	1.0	1.0
gram	family	0	taxonomy	same_order	1104	0.9782246346555323	0.9761283798169045
gram	family	0	taxonomy	same_phylum	35	0.9393939393939394	0.717741935483871
gram	family	1	prevalence	different_phylum	3	1.0	1.0
gram	family	1	prevalence	same_class	153	0.5	0.2608695652173913
gram	family	1	prevalence	same_order	1096	0.5	0.38288288288288286
gram	family	1	prevalence	same_phylum	9	0.5	0.25
gram	family	1	taxonomy	different_phylum	3	1.0	1.0
gram	family	1	taxonomy	same_class	153	0.8686868686868687	0.8811650485436893
gram	family	1	taxonomy	same_order	1096	0.9486425339366515	0.9539122927095496
gram	family	1	taxonomy	same_phylum	9	1.0	1.0
gram	family	2	prevalence	different_phylum	15	0.0	0.0
gram	family	2	prevalence	same_class	126	0.5	0.3793103448275862
gram	family	2	prevalence	same_order	1017	0.5	0.33311475409836067
gram	family	2	taxonomy	different_phylum	15	0.0	0.0
gram	family	2	taxonomy	same_class	126	0.9675324675324675	0.9589496318498729
gram	family	2	taxonomy	same_order	1017	0.9940964218863605	0.9941001523788897
gram	family	3	prevalence	different_phylum	3	1.0	1.0
gram	family	3	prevalence	same_class	136	0.5	0.4708171206225681
gram	family	3	prevalence	same_order	1004	0.5	0.26500732064421667
gram	family	3	prevalence	same_phylum	6	0.5	0.45454545454545453
gram	family	3	taxonomy	different_phylum	3	1.0	1.0
gram	family	3	taxonomy	same_class	136	0.962534435261708	0.962534435261708
gram	family	3	taxonomy	same_order	1004	0.9765193370165746	0.981443933346887
gram	family	3	taxonomy	same_phylum	6	0.5	0.14285714285714285
gram	family	4	prevalence	same_class	66	0.5	0.1951219512195122
gram	family	4	prevalence	same_order	1035	0.5	0.3950905902980713
gram	family	4	prevalence	same_phylum	26	1.0	1.0
gram	family	4	taxonomy	same_class	66	0.875	0.9093406593406593
gram	family	4	taxonomy	same_order	1035	0.9609718811293699	0.9471264367816092
gram	family	4	taxonomy	same_phylum	26	0.9230769230769231	0.48
gram	family	5	prevalence	different_phylum	1	1.0	1.0
gram	family	5	prevalence	same_class	104	0.5	0.2925170068027211
gram	family	5	prevalence	same_order	1017	0.5	0.32425249169435216
gram	family	5	prevalence	same_phylum	6	0.5	0.4
gram	family	5	taxonomy	different_phylum	1	1.0	1.0
gram	family	5	taxonomy	same_class	104	0.9767441860465116	0.9800307219662059
gram	family	5	taxonomy	same_order	1017	0.9776178375530695	0.9782946969755764
gram	family	5	taxonomy	same_phylum	6	0.75	0.6666666666666666
gram	family	6	prevalence	same_class	29	0.5	0.3409090909090909
gram	family	6	prevalence	same_order	1084	0.5	0.37593552101324124
gram	family	6	prevalence	same_phylum	28	0.5	0.4909090909090909
gram	family	6	taxonomy	same_class	29	0.8976190476190476	0.896551724137931
gram	family	6	taxonomy	same_order	1084	0.9723887252480964	0.9675746058558559
gram	family	6	taxonomy	same_phylum	28	0.9444444444444444	0.6705882352941177
gram	family	7	prevalence	same_class	242	0.5	0.49159663865546216
gram	family	7	prevalence	same_order	985	0.5	0.37697659709044906
gram	family	7	prevalence	same_phylum	37	0.5	0.4126984126984127
gram	family	7	taxonomy	same_class	242	0.9310897435897436	0.8845970433953267
gram	family	7	taxonomy	same_order	985	0.9680280705991959	0.9701235787576261
gram	family	7	taxonomy	same_phylum	37	1.0	1.0
gram	family	8	prevalence	different_phylum	6	1.0	1.0
gram	family	8	prevalence	same_class	34	0.5	0.47692307692307695
gram	family	8	prevalence	same_order	1088	0.5	0.2879581151832461
gram	family	8	prevalence	same_phylum	23	0.5	0.41025641025641024
gram	family	8	taxonomy	different_phylum	6	1.0	1.0
gram	family	8	taxonomy	same_class	34	0.9838709677419355	0.9203747072599531
gram	family	8	taxonomy	same_order	1088	0.9533670033670034	0.9593527176465565
gram	family	8	taxonomy	same_phylum	23	0.42410714285714285	0.425
gram	family	9	prevalence	different_phylum	24	0.5	0.2727272727272727
gram	family	9	prevalence	same_class	65	0.5	0.4628099173553719
gram	family	9	prevalence	same_order	1028	0.5	0.4546419098143236
gram	family	9	prevalence	same_phylum	10	0.5	0.2857142857142857
gram	family	9	taxonomy	different_phylum	24	0.5	0.2727272727272727
gram	family	9	taxonomy	same_class	65	0.9910714285714286	0.9691797060218112
gram	family	9	taxonomy	same_order	1028	0.9409575085126274	0.9419919119721621
gram	family	9	taxonomy	same_phylum	10	0.375	0.23076923076923078
gram	family	10	prevalence	different_phylum	4	1.0	1.0
gram	family	10	prevalence	same_class	62	0.5	0.46551724137931033
gram	family	10	prevalence	same_order	1089	0.5	0.3319018404907976
gram	family	10	prevalence	same_phylum	21	0.5	0.43243243243243246
gram	family	10	taxonomy	different_phylum	4	1.0	1.0
gram	family	10	taxonomy	same_class	62	0.9814814814814814	0.9350104821802935
gram	family	10	taxonomy	same_order	1089	0.9898336414048059	0.9898962294945078
gram	family	10	taxonomy	same_phylum	21	0.8125	0.6971153846153846
gram	family	11	prevalence	different_phylum	17	0.5	0.10526315789473684
gram	family	11	prevalence	same_class	282	0.5	0.4891304347826087
gram	family	11	prevalence	same_order	797	0.5	0.4526098901098901
gram	family	11	prevalence	same_phylum	31	0.5	0.4745762711864407
gram	family	11	taxonomy	different_phylum	17	0.5	0.10526315789473684
gram	family	11	taxonomy	same_class	282	0.9888888888888889	0.8943820224719101
gram	family	11	taxonomy	same_order	797	0.986095533416903	0.9847070658892736
gram	family	11	taxonomy	same_phylum	31	0.7619047619047619	0.6750524109014675
gram	family	12	prevalence	different_phylum	3	1.0	1.0
gram	family	12	prevalence	same_class	13	0.5	0.4583333333333333
gram	family	12	prevalence	same_order	1122	0.5	0.3240963855421687
gram	family	12	prevalence	same_phylum	11	0.5	0.42105263157894735
gram	family	12	taxonomy	different_phylum	3	1.0	1.0
gram	family	12	taxonomy	same_class	13	1.0	1.0
gram	family	12	taxonomy	same_order	1122	0.9703334266945053	0.9713480402327652
gram	family	12	taxonomy	same_phylum	11	0.875	0.8035714285714286
gram	family	13	prevalence	same_class	279	0.5	0.4507874015748031
gram	family	13	prevalence	same_order	855	0.5	0.20686456400742115
gram	family	13	prevalence	same_phylum	10	0.5	0.3333333333333333
gram	family	13	taxonomy	same_class	279	0.9912663755458515	0.9763639444256185
gram	family	13	taxonomy	same_order	855	0.9692697394562071	0.9768762677484788
gram	family	13	taxonomy	same_phylum	10	0.1	0.09090909090909091
gram	family	14	prevalence	same_class	228	0.5	0.4989010989010989
gram	family	14	prevalence	same_order	927	0.5	0.40077569489334197
gram	family	14	prevalence	same_phylum	8	0.5	0.2
gram	family	14	taxonomy	same_class	228	1.0	1.0
gram	family	14	taxonomy	same_order	927	0.9943390774403699	0.9927184466019418
gram	family	14	taxonomy	same_phylum	8	0.6666666666666667	0.6666666666666667
gram	family	15	prevalence	different_phylum	2	1.0	1.0
gram	family	15	prevalence	same_class	294	0.5	0.49743589743589745
gram	family	15	prevalence	same_order	833	0.5	0.43792172739541163
gram	family	15	prevalence	same_phylum	4	1.0	1.0
gram	family	15	taxonomy	different_phylum	2	0.0	0.0
gram	family	15	taxonomy	same_class	294	0.6649484536082474	0.6974271012006861
gram	family	15	taxonomy	same_order	833	0.9759914919273799	0.9723122434395307
gram	family	15	taxonomy	same_phylum	4	1.0	1.0
gram	family	16	prevalence	different_phylum	2	1.0	1.0
gram	family	16	prevalence	same_class	252	0.5	0.44124168514412415
gram	family	16	prevalence	same_order	873	0.5	0.4024640657084189
gram	family	16	prevalence	same_phylum	4	0.5	0.3333333333333333
gram	family	16	taxonomy	different_phylum	2	1.0	1.0
gram	family	16	taxonomy	same_class	252	0.9616478619512658	0.9584735987193672
gram	family	16	taxonomy	same_order	873	0.9836824203365557	0.979345833086887
gram	family	16	taxonomy	same_phylum	4	0.5	0.5
gram	family	17	prevalence	different_phylum	3	1.0	1.0
gram	family	17	prevalence	same_class	146	0.5	0.496551724137931
gram	family	17	prevalence	same_order	1089	0.5	0.4097560975609756
gram	family	17	prevalence	same_phylum	20	0.5	0.375
gram	family	17	taxonomy	different_phylum	3	1.0	1.0
gram	family	17	taxonomy	same_class	146	0.4965277777777778	0.49480968858131485
gram	family	17	taxonomy	same_order	1089	0.9726690976690977	0.9770751780585727
gram	family	17	taxonomy	same_phylum	20	0.6458333333333334	0.595959595959596
gram	family	18	prevalence	different_phylum	2	1.0	1.0
gram	family	18	prevalence	same_class	186	0.5	0.28735632183908044
gram	family	18	prevalence	same_order	950	0.5	0.42073170731707316
gram	family	18	prevalence	same_phylum	33	0.5	0.49230769230769234
gram	family	18	taxonomy	different_phylum	2	1.0	1.0
gram	family	18	taxonomy	same_class	186	0.9531531531531532	0.9551158301158301
gram	family	18	taxonomy	same_order	950	0.9768673355629878	0.9712160859385759
gram	family	18	taxonomy	same_phylum	33	0.96875	0.7338709677419355
gram	family	19	prevalence	different_phylum	1	1.0	1.0
gram	family	19	prevalence	same_class	31	0.5	0.43636363636363634
gram	family	19	prevalence	same_order	1115	0.5	0.31929181929181927
gram	family	19	prevalence	same_phylum	9	0.5	0.25
gram	family	19	taxonomy	different_phylum	1	1.0	1.0
gram	family	19	taxonomy	same_class	31	0.9166666666666667	0.8434343434343434
gram	family	19	taxonomy	same_order	1115	0.9604800785489123	0.9587037037037036
gram	family	19	taxonomy	same_phylum	9	1.0	1.0
gram	order	0	prevalence	different_phylum	1	1.0	1.0
gram	order	0	prevalence	same_class	1183	0.5	0.4004054738976178
gram	order	0	prevalence	same_phylum	22	0.5	0.4883720930232558
gram	order	0	taxonomy	different_phylum	1	1.0	1.0
gram	order	0	taxonomy	same_class	1183	0.9911199149676297	0.9895547127405535
gram	order	0	taxonomy	same_phylum	22	0.42857142857142855	0.45
gram	order	1	prevalence	same_class	1164	0.5	0.473064735174287
gram	order	1	prevalence	same_phylum	6	0.0	0.0
gram	order	1	taxonomy	same_class	1164	0.9934059748301234	0.9861651466288439
gram	order	1	taxonomy	same_phylum	6	0.0	0.0
gram	order	2	prevalence	different_phylum	1	1.0	1.0
gram	order	2	prevalence	same_class	1406	0.5	0.3870967741935484
gram	order	2	prevalence	same_phylum	23	0.5	0.3235294117647059
gram	order	2	taxonomy	different_phylum	1	1.0	1.0
gram	order	2	taxonomy	same_class	1406	0.9843951093951093	0.979566274502627
gram	order	2	taxonomy	same_phylum	23	0.6553030303030303	0.6515151515151515
gram	order	3	prevalence	same_class	1125	0.5	0.48700410396716826
gram	order	3	prevalence	same_phylum	2	0.5	0.3333333333333333
gram	order	3	taxonomy	same_class	1125	0.9528631973191406	0.945464240700643
gram	order	3	taxonomy	same_phylum	2	0.5	0.3333333333333333
gram	order	4	prevalence	different_phylum	1	1.0	1.0
gram	order	4	prevalence	same_class	1269	0.5	0.1138268156424581
gram	order	4	prevalence	same_phylum	39	0.5	0.36065573770491804
gram	order	4	taxonomy	different_phylum	1	1.0	1.0
gram	order	4	taxonomy	same_class	1269	0.9259282885321558	0.9531530334241478
gram	order	4	taxonomy	same_phylum	39	0.7620320855614974	0.7636363636363637
gram	order	5	prevalence	different_phylum	115	0.5	0.4221105527638191
gram	order	5	prevalence	same_class	961	0.5	0.31258941344778257
gram	order	5	prevalence	same_phylum	63	0.5	0.26744186046511625
gram	order	5	taxonomy	different_phylum	115	0.5	0.4221105527638191
gram	order	5	taxonomy	same_class	961	0.953084877810191	0.9556379639318028
gram	order	5	taxonomy	same_phylum	63	0.9032608695652173	0.8847058823529412
gram	order	6	prevalence	same_class	1407	0.5	0.49821683309557774
gram	order	6	prevalence	same_phylum	10	0.5	0.3333333333333333
gram	order	6	taxonomy	same_class	1407	0.7992841803865426	0.8322603719599427
gram	order	6	taxonomy	same_phylum	10	0.5	0.3333333333333333
gram	order	7	prevalence	different_phylum	2	1.0	1.0
gram	order	7	prevalence	same_class	1168	0.5	0.43190661478599224
gram	order	7	prevalence	same_phylum	1	1.0	1.0
gram	order	7	taxonomy	different_phylum	2	1.0	1.0
gram	order	7	taxonomy	same_class	1168	0.9936132561132561	0.9918092484564701
gram	order	7	taxonomy	same_phylum	1	0.0	0.0
gram	order	8	prevalence	different_phylum	22	1.0	1.0
gram	order	8	prevalence	same_class	1399	0.5	0.34808946877912395
gram	order	8	prevalence	same_phylum	13	0.5	0.2777777777777778
gram	order	8	taxonomy	different_phylum	22	1.0	1.0
gram	order	8	taxonomy	same_class	1399	0.9670912689613258	0.965620059470662
gram	order	8	taxonomy	same_phylum	13	1.0	1.0
gram	order	9	prevalence	different_phylum	4	1.0	1.0
gram	order	9	prevalence	same_class	1131	0.5	0.3466204506065858
gram	order	9	prevalence	same_phylum	66	0.5	0.2978723404255319
gram	order	9	taxonomy	different_phylum	4	1.0	1.0
gram	order	9	taxonomy	same_class	1131	0.9682250470809792	0.9663727865096803
gram	order	9	taxonomy	same_phylum	66	0.8571428571428572	0.8690476190476191
gram	order	10	prevalence	different_phylum	19	1.0	1.0
gram	order	10	prevalence	same_class	1096	0.5	0.4728234728234728
gram	order	10	prevalence	same_phylum	13	1.0	1.0
gram	order	10	taxonomy	different_phylum	19	1.0	1.0
gram	order	10	taxonomy	same_class	1096	0.9722809892058806	0.9614356087262491
gram	order	10	taxonomy	same_phylum	13	1.0	1.0
gram	order	11	prevalence	same_class	1180	0.5	0.3838120104438642
gram	order	11	prevalence	same_phylum	37	0.5	0.17777777777777778
gram	order	11	taxonomy	same_class	1180	0.9775815944355271	0.9723334656910017
gram	order	11	taxonomy	same_phylum	37	0.875	0.9119047619047619
gram	order	12	prevalence	different_phylum	6	1.0	1.0
gram	order	12	prevalence	same_class	1321	0.5	0.4308487720809996
gram	order	12	prevalence	same_phylum	44	0.5	0.4942528735632184
gram	order	12	taxonomy	different_phylum	6	0.0	0.0
gram	order	12	taxonomy	same_class	1321	0.977923676012461	0.9764119046787234
gram	order	12	taxonomy	same_phylum	44	0.5	0.4942528735632184
gram	order	13	prevalence	different_phylum	54	1.0	1.0
gram	order	13	prevalence	same_class	1048	0.5	0.4307441607821836
gram	order	13	prevalence	same_phylum	39	0.5	0.38095238095238093
gram	order	13	taxonomy	different_phylum	54	1.0	1.0
gram	order	13	taxonomy	same_class	1048	0.9731028855426156	0.9620245825602969
gram	order	13	taxonomy	same_phylum	39	0.8541666666666667	0.8200395517468688
gram	order	14	prevalence	different_phylum	16	0.5	0.058823529411764705
gram	order	14	prevalence	same_class	1224	0.5	0.3805668016194332
gram	order	14	prevalence	same_phylum	32	0.5	0.49206349206349204
gram	order	14	taxonomy	different_phylum	16	0.5	0.058823529411764705
gram	order	14	taxonomy	same_class	1224	0.9799292282726288	0.9752321981424148
gram	order	14	taxonomy	same_phylum	32	0.9838709677419355	0.825136612021858
gram	order	15	prevalence	different_phylum	15	1.0	1.0
gram	order	15	prevalence	same_class	1105	0.5	0.4829199812821713
gram	order	15	prevalence	same_phylum	11	0.5	0.35294117647058826
gram	order	15	taxonomy	different_phylum	15	1.0	1.0
gram	order	15	taxonomy	same_class	1105	0.9716337474779654	0.977714585350113
gram	order	15	taxonomy	same_phylum	11	0.3333333333333333	0.26666666666666666
gram	order	16	prevalence	different_phylum	10	1.0	1.0
gram	order	16	prevalence	same_class	1223	0.5	0.43089809213587715
gram	order	16	prevalence	same_phylum	4	0.5	0.42857142857142855
gram	order	16	taxonomy	different_phylum	10	1.0	1.0
gram	order	16	taxonomy	same_class	1223	0.9833558769843866	0.9822528568837294
gram	order	16	taxonomy	same_phylum	4	1.0	1.0
gram	order	17	prevalence	different_phylum	65	0.5	0.49612403100775193
gram	order	17	prevalence	same_class	1266	0.5	0.3695219123505976
gram	order	17	prevalence	same_phylum	59	0.5	0.37894736842105264
gram	order	17	taxonomy	different_phylum	65	0.5	0.49612403100775193
gram	order	17	taxonomy	same_class	1266	0.9769809263183885	0.9756459154647795
gram	order	17	taxonomy	same_phylum	59	0.7977053140096618	0.7626436781609196
gram	order	18	prevalence	different_phylum	31	0.5	0.3404255319148936
gram	order	18	prevalence	same_class	1034	0.5	0.1620745542949757
gram	order	18	prevalence	same_phylum	67	0.5	0.45528455284552843
gram	order	18	taxonomy	different_phylum	31	0.5	0.3404255319148936
gram	order	18	taxonomy	same_class	1034	0.8988009592326139	0.9296794543794084
gram	order	18	taxonomy	same_phylum	67	0.9464285714285714	0.8645552560646901
gram	order	19	prevalence	different_phylum	2	1.0	1.0
gram	order	19	prevalence	same_class	1213	0.5	0.412590799031477
gram	order	19	prevalence	same_phylum	36	0.5	0.4461538461538462
gram	order	19	taxonomy	different_phylum	2	1.0	1.0
gram	order	19	taxonomy	same_class	1213	0.9866193931827345	0.9842995638048642
gram	order	19	taxonomy	same_phylum	36	0.6083743842364532	0.624441132637854
shape	within	0	prevalence	same_class	8	0.3333333333333333	0.2857142857142857
shape	within	0	prevalence	same_family	225	0.3333333333333333	0.30258899676375406
shape	within	0	prevalence	same_genus	859	0.3333333333333333	0.3085261621846988
shape	within	0	prevalence	same_order	30	0.3333333333333333	0.30952380952380953
shape	within	0	prevalence	same_phylum	5	0.5	0.4444444444444444
shape	within	0	taxonomy	same_class	8	0.4444444444444444	0.3
shape	within	0	taxonomy	same_family	225	0.6316618874163631	0.5056601411005169
shape	within	0	taxonomy	same_genus	859	0.668083047836569	0.6017319715932736
shape	within	0	taxonomy	same_order	30	0.6923076923076922	0.4994579945799458
shape	within	0	taxonomy	same_phylum	5	0.25	0.2857142857142857
shape	within	1	prevalence	same_class	7	0.3333333333333333	0.2777777777777778
shape	within	1	prevalence	same_family	228	0.3333333333333333	0.2959349593495935
shape	within	1	prevalence	same_genus	862	0.3333333333333333	0.3083956774729842
shape	within	1	prevalence	same_order	29	0.3333333333333333	0.30864197530864196
shape	within	1	prevalence	same_phylum	1	0.0	0.0
shape	within	1	taxonomy	same_class	7	0.4666666666666666	0.5
shape	within	1	taxonomy	same_family	228	0.595970695970696	0.5018866621787237
shape	within	1	taxonomy	same_genus	862	0.6985958879964422	0.6227651818262647
shape	within	1	taxonomy	same_order	29	0.3377777777777778	0.3185185185185185
shape	within	1	taxonomy	same_phylum	1	0.0	0.0
shape	within	2	prevalence	different_phylum	1	1.0	1.0
shape	within	2	prevalence	same_class	9	0.3333333333333333	0.26666666666666666
shape	within	2	prevalence	same_family	226	0.3333333333333333	0.3053557154276579
shape	within	2	prevalence	same_genus	858	0.3333333333333333	0.3075957313245449
shape	within	2	prevalence	same_order	30	0.3333333333333333	0.30303030303030304
shape	within	2	prevalence	same_phylum	3	0.3333333333333333	0.16666666666666666
shape	within	2	taxonomy	different_phylum	1	0.0	0.0
shape	within	2	taxonomy	same_class	9	0.7222222222222222	0.6
shape	within	2	taxonomy	same_family	226	0.6216129328556995	0.5066884217211015
shape	within	2	taxonomy	same_genus	858	0.7157099203317691	0.6115855335955969
shape	within	2	taxonomy	same_order	30	0.6566666666666666	0.4505050505050505
shape	within	2	taxonomy	same_phylum	3	0.3333333333333333	0.3333333333333333
shape	within	3	prevalence	different_phylum	1	1.0	1.0
shape	within	3	prevalence	same_class	8	0.5	0.42857142857142855
shape	within	3	prevalence	same_family	212	0.3333333333333333	0.3024054982817869
shape	within	3	prevalence	same_genus	883	0.3333333333333333	0.30662589194699286
shape	within	3	prevalence	same_order	20	0.3333333333333333	0.3157894736842105
shape	within	3	prevalence	same_phylum	3	0.0	0.0
shape	within	3	taxonomy	different_phylum	1	0.0	0.0
shape	within	3	taxonomy	same_class	8	0.6666666666666666	0.35714285714285715
shape	within	3	taxonomy	same_family	212	0.7192044281827563	0.5962374499639084
shape	within	3	taxonomy	same_genus	883	0.723541072647857	0.6277824659048147
shape	within	3	taxonomy	same_order	20	0.5370370370370371	0.4666666666666666
shape	within	3	taxonomy	same_phylum	3	0.3333333333333333	0.16666666666666666
shape	within	4	prevalence	different_phylum	2	0.5	0.3333333333333333
shape	within	4	prevalence	same_class	11	0.3333333333333333	0.2807017543859649
shape	within	4	prevalence	same_family	218	0.3333333333333333	0.29873417721518986
shape	within	4	prevalence	same_genus	874	0.3333333333333333	0.30677372863907765
shape	within	4	prevalence	same_order	17	0.3333333333333333	0.27586206896551724
shape	within	4	prevalence	same_phylum	5	1.0	1.0
shape	within	4	taxonomy	different_phylum	2	0.5	0.3333333333333333
shape	within	4	taxonomy	same_class	11	0.2916666666666667	0.27705627705627706
shape	within	4	taxonomy	same_family	218	0.6103059581320451	0.5194942116686626
shape	within	4	taxonomy	same_genus	874	0.7061346399003954	0.6079180986104445
shape	within	4	taxonomy	same_order	17	0.6666666666666666	0.5227743271221532
shape	within	4	taxonomy	same_phylum	5	0.0	0.0
shape	within	5	prevalence	different_phylum	1	1.0	1.0
shape	within	5	prevalence	same_class	15	0.3333333333333333	0.28205128205128205
shape	within	5	prevalence	same_family	192	0.3333333333333333	0.297790585975024
shape	within	5	prevalence	same_genus	891	0.3333333333333333	0.30491270807957777
shape	within	5	prevalence	same_order	27	0.3333333333333333	0.3066666666666667
shape	within	5	prevalence	same_phylum	1	0.0	0.0
shape	within	5	taxonomy	different_phylum	1	0.0	0.0
shape	within	5	taxonomy	same_class	15	0.5151515151515151	0.4507936507936508
shape	within	5	taxonomy	same_family	192	0.5485452245414294	0.4770433450482113
shape	within	5	taxonomy	same_genus	891	0.6885384325356836	0.6165065718675962
shape	within	5	taxonomy	same_order	27	0.5652173913043478	0.45063879210220675
shape	within	5	taxonomy	same_phylum	1	1.0	1.0
shape	within	6	prevalence	different_phylum	1	1.0	1.0
shape	within	6	prevalence	same_class	14	0.3333333333333333	0.2608695652173913
shape	within	6	prevalence	same_family	233	0.3333333333333333	0.29594272076372313
shape	within	6	prevalence	same_genus	842	0.3333333333333333	0.3095843935538592
shape	within	6	prevalence	same_order	33	0.3333333333333333	0.31746031746031744
shape	within	6	prevalence	same_phylum	4	1.0	1.0
shape	within	6	taxonomy	different_phylum	1	0.0	0.0
shape	within	6	taxonomy	same_class	14	0.20370370370370372	0.24603174603174602
shape	within	6	taxonomy	same_family	233	0.5798212005108557	0.4957144408354421
shape	within	6	taxonomy	same_genus	842	0.6993954068859344	0.5996104500995046
shape	within	6	taxonomy	same_order	33	0.43333333333333335	0.3703703703703704
shape	within	6	taxonomy	same_phylum	4	0.25	0.2
shape	within	7	prevalence	different_phylum	2	1.0	1.0
shape	within	7	prevalence	same_class	7	0.5	0.4166666666666667
shape	within	7	prevalence	same_family	214	0.3333333333333333	0.30548523206751055
shape	within	7	prevalence	same_genus	874	0.3333333333333333	0.30854333128457284
shape	within	7	prevalence	same_order	26	0.3333333333333333	0.2898550724637681
shape	within	7	prevalence	same_phylum	4	0.5	0.42857142857142855
shape	within	7	taxonomy	different_phylum	2	0.0	0.0
shape	within	7	taxonomy	same_class	7	0.35	0.22857142857142856
shape	within	7	taxonomy	same_family	214	0.6266317300400823	0.4900914546057294
shape	within	7	taxonomy	same_genus	874	0.689078541238395	0.6046028535705915
shape	within	7	taxonomy	same_order	26	0.43333333333333335	0.3640350877192982
shape	within	7	taxonomy	same_phylum	4	0.3333333333333333	0.3333333333333333
shape	within	8	prevalence	different_phylum	1	1.0	1.0
shape	within	8	prevalence	same_class	6	0.3333333333333333	0.26666666666666666
shape	within	8	prevalence	same_family	231	0.3333333333333333	0.30935808197989173
shape	within	8	prevalence	same_genus	859	0.3333333333333333	0.3085261621846988
shape	within	8	prevalence	same_order	26	0.3333333333333333	0.2898550724637681
shape	within	8	prevalence	same_phylum	4	0.3333333333333333	0.13333333333333333
shape	within	8	taxonomy	different_phylum	1	0.0	0.0
shape	within	8	taxonomy	same_class	6	0.5	0.38888888888888884
shape	within	8	taxonomy	same_family	231	0.6315242165242165	0.5173474715156389
shape	within	8	taxonomy	same_genus	859	0.6996996996996998	0.6143962143962144
shape	within	8	taxonomy	same_order	26	0.48333333333333334	0.4522522522522523
shape	within	8	taxonomy	same_phylum	4	0.3333333333333333	0.3333333333333333
shape	within	9	prevalence	same_class	10	0.5	0.4444444444444444
shape	within	9	prevalence	same_family	212	0.3333333333333333	0.29956709956709954
shape	within	9	prevalence	same_genus	873	0.3333333333333333	0.31092094539527304
shape	within	9	prevalence	same_order	29	0.5	0.4727272727272727
shape	within	9	prevalence	same_phylum	3	0.3333333333333333	0.16666666666666666
shape	within	9	taxonomy	same_class	10	0.5	0.38888888888888884
shape	within	9	taxonomy	same_family	212	0.503364141242414	0.44462399399443314
shape	within	9	taxonomy	same_genus	873	0.729525586733042	0.6026870790436142
shape	within	9	taxonomy	same_order	29	0.7756410256410255	0.5034013605442177
shape	within	9	taxonomy	same_phylum	3	0.6666666666666666	0.5555555555555555
shape	within	10	prevalence	different_phylum	1	1.0	1.0
shape	within	10	prevalence	same_class	9	0.3333333333333333	0.2380952380952381
shape	within	10	prevalence	same_family	190	0.3333333333333333	0.29521016617790813
shape	within	10	prevalence	same_genus	892	0.3333333333333333	0.3126984126984127
shape	within	10	prevalence	same_order	32	0.3333333333333333	0.3050847457627119
shape	within	10	prevalence	same_phylum	3	0.3333333333333333	0.16666666666666666
shape	within	10	taxonomy	different_phylum	1	0.0	0.0
shape	within	10	taxonomy	same_class	9	0.39999999999999997	0.33968253968253964
shape	within	10	taxonomy	same_family	190	0.6029278494248868	0.5531945260683401
shape	within	10	taxonomy	same_genus	892	0.7224513536379019	0.6006039759944993
shape	within	10	taxonomy	same_order	32	0.691358024691358	0.5423280423280423
shape	within	10	taxonomy	same_phylum	3	0.0	0.0
shape	within	11	prevalence	same_class	8	0.3333333333333333	0.25641025641025644
shape	within	11	prevalence	same_family	221	0.3333333333333333	0.2964824120603015
shape	within	11	prevalence	same_genus	864	0.3333333333333333	0.3073404034102724
shape	within	11	prevalence	same_order	30	0.3333333333333333	0.30303030303030304
shape	within	11	prevalence	same_phylum	4	0.3333333333333333	0.2222222222222222
shape	within	11	taxonomy	same_class	8	0.4666666666666666	0.30158730158730157
shape	within	11	taxonomy	same_family	221	0.6426125663413799	0.5447033240136688
shape	within	11	taxonomy	same_genus	864	0.7183821591128763	0.6222035344451878
shape	within	11	taxonomy	same_order	30	0.5044444444444444	0.4353535353535354
shape	within	11	taxonomy	same_phylum	4	0.6666666666666666	0.6
shape	within	12	prevalence	different_phylum	1	1.0	1.0
shape	within	12	prevalence	same_class	10	0.3333333333333333	0.2745098039215686
shape	within	12	prevalence	same_family	203	0.3333333333333333	0.2948717948717949
shape	within	12	prevalence	same_genus	878	0.3333333333333333	0.3082261686058379
shape	within	12	prevalence	same_order	29	0.3333333333333333	0.3018867924528302
shape	within	12	prevalence	same_phylum	6	0.3333333333333333	0.2222222222222222
shape	within	12	taxonomy	different_phylum	1	1.0	1.0
shape	within	12	taxonomy	same_class	10	0.6428571428571429	0.4666666666666666
shape	within	12	taxonomy	same_family	203	0.5590062111801242	0.5052844407683118
shape	within	12	taxonomy	same_genus	878	0.7098464791124058	0.5932008102991388
shape	within	12	taxonomy	same_order	29	0.7361111111111112	0.5969355847404628
shape	within	12	taxonomy	same_phylum	6	0.4444444444444444	0.4444444444444444
shape	within	13	prevalence	different_phylum	3	1.0	1.0
shape	within	13	prevalence	same_class	11	0.3333333333333333	0.25925925925925924
shape	within	13	prevalence	same_family	211	0.3333333333333333	0.29155555555555557
shape	within	13	prevalence	same_genus	875	0.3333333333333333	0.3094509083486426
shape	within	13	prevalence	same_order	24	0.5	0.4782608695652174
shape	within	13	prevalence	same_phylum	3	0.5	0.4
shape	within	13	taxonomy	different_phylum	3	0.0	0.0
shape	within	13	taxonomy	same_class	11	0.6031746031746031	0.3611111111111111
shape	within	13	taxonomy	same_family	211	0.5672135994087214	0.4920059167792141
shape	within	13	taxonomy	same_genus	875	0.6720809891434342	0.6010613074675842
shape	within	13	taxonomy	same_order	24	0.4090909090909091	0.2926829268292683
shape	within	13	taxonomy	same_phylum	3	0.75	0.6666666666666666
shape	within	14	prevalence	different_phylum	2	1.0	1.0
shape	within	14	prevalence	same_class	7	0.5	0.4166666666666667
shape	within	14	prevalence	same_family	217	0.3333333333333333	0.30134680134680136
shape	within	14	prevalence	same_genus	864	0.3333333333333333	0.3091247672253259
shape	within	14	prevalence	same_order	34	0.5	0.45161290322580644
shape	within	14	prevalence	same_phylum	3	0.5	0.4
shape	within	14	taxonomy	different_phylum	2	0.0	0.0
shape	within	14	taxonomy	same_class	7	0.35	0.20634920634920637
shape	within	14	taxonomy	same_family	217	0.5932585324632645	0.4701234567901234
shape	within	14	taxonomy	same_genus	864	0.6196993100607558	0.5685304576059073
shape	within	14	taxonomy	same_order	34	0.8095238095238095	0.5155555555555555
shape	within	14	taxonomy	same_phylum	3	0.0	0.0
shape	within	15	prevalence	different_phylum	1	1.0	1.0
shape	within	15	prevalence	same_class	16	0.3333333333333333	0.2028985507246377
shape	within	15	prevalence	same_family	234	0.3333333333333333	0.2996078431372549
shape	within	15	prevalence	same_genus	842	0.3333333333333333	0.30521571152607857
shape	within	15	prevalence	same_order	32	0.3333333333333333	0.2988505747126437
shape	within	15	prevalence	same_phylum	2	1.0	1.0
shape	within	15	taxonomy	different_phylum	1	0.0	0.0
shape	within	15	taxonomy	same_class	16	0.484126984126984	0.4444444444444445
shape	within	15	taxonomy	same_family	234	0.5682365393316527	0.5131254061078622
shape	within	15	taxonomy	same_genus	842	0.7164819869780129	0.645976715410952
shape	within	15	taxonomy	same_order	32	0.7769230769230769	0.5848861283643892
shape	within	15	taxonomy	same_phylum	2	0.5	0.3333333333333333
shape	within	16	prevalence	different_phylum	1	1.0	1.0
shape	within	16	prevalence	same_class	11	0.3333333333333333	0.2807017543859649
shape	within	16	prevalence	same_family	196	0.3333333333333333	0.3006535947712418
shape	within	16	prevalence	same_genus	886	0.3333333333333333	0.3071616960843985
shape	within	16	prevalence	same_order	29	0.3333333333333333	0.28758169934640526
shape	within	16	prevalence	same_phylum	4	0.3333333333333333	0.2222222222222222
shape	within	16	taxonomy	different_phylum	1	0.0	0.0
shape	within	16	taxonomy	same_class	11	0.8333333333333334	0.6349206349206349
shape	within	16	taxonomy	same_family	196	0.610969025291276	0.5220217905231781
shape	within	16	taxonomy	same_genus	886	0.6767650724492134	0.6189356082669796
shape	within	16	taxonomy	same_order	29	0.7212121212121212	0.6904761904761904
shape	within	16	taxonomy	same_phylum	4	0.5	0.5
shape	within	17	prevalence	same_class	11	0.3333333333333333	0.17777777777777778
shape	within	17	prevalence	same_family	209	0.3333333333333333	0.2921146953405018
shape	within	17	prevalence	same_genus	874	0.3333333333333333	0.3022722534917657
shape	within	17	prevalence	same_order	31	0.5	0.44642857142857145
shape	within	17	prevalence	same_phylum	2	0.0	0.0
shape	within	17	taxonomy	same_class	11	0.3611111111111111	0.3055555555555555
shape	within	17	taxonomy	same_family	209	0.6638214635013782	0.5616583122466426
shape	within	17	taxonomy	same_genus	874	0.6901607667926833	0.6110138579144119
shape	within	17	taxonomy	same_order	31	0.4033333333333333	0.2937062937062937
shape	within	17	taxonomy	same_phylum	2	0.5	0.3333333333333333
shape	within	18	prevalence	different_phylum	1	1.0	1.0
shape	within	18	prevalence	same_class	8	0.3333333333333333	0.2222222222222222
shape	within	18	prevalence	same_family	223	0.3333333333333333	0.30843373493975906
shape	within	18	prevalence	same_genus	869	0.3333333333333333	0.3079463364293086
shape	within	18	prevalence	same_order	22	0.3333333333333333	0.31746031746031744
shape	within	18	prevalence	same_phylum	4	0.5	0.42857142857142855
shape	within	18	taxonomy	different_phylum	1	0.0	0.0
shape	within	18	taxonomy	same_class	8	0.1111111111111111	0.08333333333333333
shape	within	18	taxonomy	same_family	223	0.6107317927170869	0.48575832785331946
shape	within	18	taxonomy	same_genus	869	0.7758177795701369	0.680286805907322
shape	within	18	taxonomy	same_order	22	0.5666666666666667	0.4411764705882353
shape	within	18	taxonomy	same_phylum	4	0.16666666666666666	0.2
shape	within	19	prevalence	different_phylum	3	1.0	1.0
shape	within	19	prevalence	same_class	9	0.3333333333333333	0.20512820512820515
shape	within	19	prevalence	same_family	228	0.3333333333333333	0.302158273381295
shape	within	19	prevalence	same_genus	858	0.3333333333333333	0.3078209953994145
shape	within	19	prevalence	same_order	28	0.3333333333333333	0.2857142857142857
shape	within	19	prevalence	same_phylum	1	1.0	1.0
shape	within	19	taxonomy	different_phylum	3	0.0	0.0
shape	within	19	taxonomy	same_class	9	0.5555555555555555	0.38888888888888884
shape	within	19	taxonomy	same_family	228	0.6772486772486772	0.5328469965089684
shape	within	19	taxonomy	same_genus	858	0.7161191767170028	0.6239156806826888
shape	within	19	taxonomy	same_order	28	0.5539682539682539	0.5020757020757021
shape	within	19	taxonomy	same_phylum	1	0.0	0.0
shape	genus	0	prevalence	same_class	21	0.3333333333333333	0.3076923076923077
shape	genus	0	prevalence	same_family	1062	0.3333333333333333	0.29906542056074764
shape	genus	0	prevalence	same_order	38	0.3333333333333333	0.3148148148148148
shape	genus	0	prevalence	same_phylum	6	0.5	0.45454545454545453
shape	genus	0	taxonomy	same_class	21	0.7592592592592592	0.35233494363929146
shape	genus	0	taxonomy	same_family	1062	0.6097459639126306	0.49701831530685664
shape	genus	0	taxonomy	same_order	38	0.1568627450980392	0.20915032679738563
shape	genus	0	taxonomy	same_phylum	6	0.5	0.16666666666666666
shape	genus	1	prevalence	same_class	14	0.3333333333333333	0.19999999999999998
shape	genus	1	prevalence	same_family	1047	0.3333333333333333	0.3092677931387609
shape	genus	1	prevalence	same_order	67	0.3333333333333333	0.288135593220339
shape	genus	1	prevalence	same_phylum	4	0.5	0.42857142857142855
shape	genus	1	taxonomy	same_class	14	0.7000000000000001	0.6944444444444445
shape	genus	1	taxonomy	same_family	1047	0.5864888537694829	0.4529220674825667
shape	genus	1	taxonomy	same_order	67	0.5571895424836603	0.5222832722832723
shape	genus	1	taxonomy	same_phylum	4	0.0	0.0
shape	genus	2	prevalence	different_phylum	6	0.5	0.45454545454545453
shape	genus	2	prevalence	same_class	16	0.3333333333333333	0.2716049382716049
shape	genus	2	prevalence	same_family	1077	0.3333333333333333	0.30694722778891115
shape	genus	2	prevalence	same_order	66	0.3333333333333333	0.3089430894308943
shape	genus	2	prevalence	same_phylum	4	0.5	0.3333333333333333
shape	genus	2	taxonomy	different_phylum	6	0.5	0.14285714285714285
shape	genus	2	taxonomy	same_class	16	0.5656565656565656	0.49393939393939396
shape	genus	2	taxonomy	same_family	1077	0.5434345829127226	0.45719035431095056
shape	genus	2	taxonomy	same_order	66	0.43304093567251467	0.38505568505568505
shape	genus	2	taxonomy	same_phylum	4	0.5	0.26666666666666666
shape	genus	3	prevalence	different_phylum	5	0.5	0.4444444444444444
shape	genus	3	prevalence	same_class	20	0.3333333333333333	0.2745098039215686
shape	genus	3	prevalence	same_family	1058	0.3333333333333333	0.31043771043771046
shape	genus	3	prevalence	same_order	45	0.3333333333333333	0.3218390804597701
shape	genus	3	prevalence	same_phylum	6	0.5	0.4
shape	genus	3	taxonomy	different_phylum	5	0.0	0.0
shape	genus	3	taxonomy	same_class	20	0.480952380952381	0.5275362318840581
shape	genus	3	taxonomy	same_family	1058	0.6357198258448398	0.4863128342768837
shape	genus	3	taxonomy	same_order	45	0.2619047619047619	0.2894736842105263
shape	genus	3	taxonomy	same_phylum	6	0.0	0.0
shape	genus	4	prevalence	different_phylum	4	1.0	1.0
shape	genus	4	prevalence	same_class	9	0.3333333333333333	0.26666666666666666
shape	genus	4	prevalence	same_family	1066	0.3333333333333333	0.3057389537836465
shape	genus	4	prevalence	same_order	47	0.3333333333333333	0.2891566265060241
shape	genus	4	prevalence	same_phylum	7	0.3333333333333333	0.2777777777777778
shape	genus	4	taxonomy	different_phylum	4	0.0	0.0
shape	genus	4	taxonomy	same_class	9	0.27777777777777773	0.27777777777777773
shape	genus	4	taxonomy	same_family	1066	0.5446665953062878	0.4370840168958409
shape	genus	4	taxonomy	same_order	47	0.47407407407407404	0.4861768368617683
shape	genus	4	taxonomy	same_phylum	7	0.39999999999999997	0.3333333333333333
shape	genus	5	prevalence	different_phylum	3	1.0	1.0
shape	genus	5	prevalence	same_class	12	0.5	0.42857142857142855
shape	genus	5	prevalence	same_family	1061	0.3333333333333333	0.3052290921478453
shape	genus	5	prevalence	same_order	49	0.3333333333333333	0.3037037037037037
shape	genus	5	prevalence	same_phylum	4	0.5	0.42857142857142855
shape	genus	5	taxonomy	different_phylum	3	1.0	1.0
shape	genus	5	taxonomy	same_class	12	0.5	0.1818181818181818
shape	genus	5	taxonomy	same_family	1061	0.6089754188712522	0.503379569841042
shape	genus	5	taxonomy	same_order	49	0.5020325203252033	0.4477777777777778
shape	genus	5	taxonomy	same_phylum	4	0.5	0.16666666666666666
shape	genus	6	prevalence	different_phylum	7	1.0	1.0
shape	genus	6	prevalence	same_class	27	0.3333333333333333	0.2916666666666667
shape	genus	6	prevalence	same_family	1021	0.3333333333333333	0.30169794459338695
shape	genus	6	prevalence	same_order	73	0.3333333333333333	0.30617283950617286
shape	genus	6	prevalence	same_phylum	4	0.5	0.42857142857142855
shape	genus	6	taxonomy	different_phylum	7	0.0	0.0
shape	genus	6	taxonomy	same_class	27	0.6666666666666666	0.570947570947571
shape	genus	6	taxonomy	same_family	1021	0.5987787251021971	0.48425175878424415
shape	genus	6	taxonomy	same_order	73	0.6045400238948626	0.506915765322845
shape	genus	6	taxonomy	same_phylum	4	0.16666666666666666	0.2
shape	genus	7	prevalence	different_phylum	6	1.0	1.0
shape	genus	7	prevalence	same_class	22	0.3333333333333333	0.3
shape	genus	7	prevalence	same_family	1021	0.3333333333333333	0.30633492147520736
shape	genus	7	prevalence	same_order	86	0.3333333333333333	0.3105590062111801
shape	genus	7	prevalence	same_phylum	7	0.3333333333333333	0.2777777777777778
shape	genus	7	taxonomy	different_phylum	6	0.0	0.0
shape	genus	7	taxonomy	same_class	22	0.3148148148148148	0.25
shape	genus	7	taxonomy	same_family	1021	0.6103034804753821	0.5048644596142898
shape	genus	7	taxonomy	same_order	86	0.4777777777777778	0.36084416807989445
shape	genus	7	taxonomy	same_phylum	7	0.4666666666666666	0.41269841269841273
shape	genus	8	prevalence	different_phylum	1	1.0	1.0
shape	genus	8	prevalence	same_class	12	0.3333333333333333	0.24561403508771928
shape	genus	8	prevalence	same_family	1060	0.3333333333333333	0.30575417092271023
shape	genus	8	prevalence	same_order	49	0.3333333333333333	0.29545454545454547
shape	genus	8	prevalence	same_phylum	6	0.3333333333333333	0.26666666666666666
shape	genus	8	taxonomy	different_phylum	1	0.0	0.0
shape	genus	8	taxonomy	same_class	12	0.43650793650793646	0.3703703703703704
shape	genus	8	taxonomy	same_family	1060	0.6630871799350772	0.5195724710552657
shape	genus	8	taxonomy	same_order	49	0.6141636141636142	0.43795773174304253
shape	genus	8	taxonomy	same_phylum	6	0.4166666666666667	0.3333333333333333
shape	genus	9	prevalence	different_phylum	1	1.0	1.0
shape	genus	9	prevalence	same_class	33	0.5	0.49230769230769234
shape	genus	9	prevalence	same_family	1021	0.3333333333333333	0.31233732431025507
shape	genus	9	prevalence	same_order	66	0.3333333333333333	0.3089430894308943
shape	genus	9	prevalence	same_phylum	6	0.5	0.3333333333333333
shape	genus	9	taxonomy	different_phylum	1	1.0	1.0
shape	genus	9	taxonomy	same_class	33	0.71875	0.26956521739130435
shape	genus	9	taxonomy	same_family	1021	0.565105678128934	0.5052876703378376
shape	genus	9	taxonomy	same_order	66	0.4497076023391813	0.387162665513181
shape	genus	9	taxonomy	same_phylum	6	0.3333333333333333	0.25
shape	genus	10	prevalence	different_phylum	5	1.0	1.0
shape	genus	10	prevalence	same_class	25	0.3333333333333333	0.2962962962962963
shape	genus	10	prevalence	same_family	1061	0.3333333333333333	0.31458437033349923
shape	genus	10	prevalence	same_order	64	0.3333333333333333	0.3050847457627119
shape	genus	10	prevalence	same_phylum	4	0.5	0.42857142857142855
shape	genus	10	taxonomy	different_phylum	5	0.0	0.0
shape	genus	10	taxonomy	same_class	25	0.6388888888888888	0.35042735042735046
shape	genus	10	taxonomy	same_family	1061	0.5543025188594809	0.4385104505905135
shape	genus	10	taxonomy	same_order	64	0.23456790123456792	0.26666666666666666
shape	genus	10	taxonomy	same_phylum	4	0.16666666666666666	0.16666666666666666
shape	genus	11	prevalence	different_phylum	5	0.3333333333333333	0.25
shape	genus	11	prevalence	same_class	22	0.3333333333333333	0.24761904761904763
shape	genus	11	prevalence	same_family	1016	0.3333333333333333	0.29511793746571585
shape	genus	11	prevalence	same_order	78	0.3333333333333333	0.3055555555555555
shape	genus	11	prevalence	same_phylum	6	0.5	0.45454545454545453
shape	genus	11	taxonomy	different_phylum	5	0.3333333333333333	0.1111111111111111
shape	genus	11	taxonomy	same_class	22	0.4794871794871795	0.4545454545454546
shape	genus	11	taxonomy	same_family	1016	0.6681486247471379	0.5447711574082742
shape	genus	11	taxonomy	same_order	78	0.3538239538239538	0.3145979988085251
shape	genus	11	taxonomy	same_phylum	6	0.1	0.1111111111111111
shape	genus	12	prevalence	different_phylum	5	1.0	1.0
shape	genus	12	prevalence	same_class	28	0.3333333333333333	0.2857142857142857
shape	genus	12	prevalence	same_family	1055	0.3333333333333333	0.3110886417256488
shape	genus	12	prevalence	same_order	64	0.3333333333333333	0.3169398907103825
shape	genus	12	prevalence	same_phylum	7	0.3333333333333333	0.24242424242424243
shape	genus	12	taxonomy	different_phylum	5	0.0	0.0
shape	genus	12	taxonomy	same_class	28	0.484126984126984	0.36296296296296293
shape	genus	12	taxonomy	same_family	1055	0.5337396171903214	0.4315773051915368
shape	genus	12	taxonomy	same_order	64	0.40229885057471265	0.3568627450980392
shape	genus	12	taxonomy	same_phylum	7	0.4166666666666667	0.27777777777777773
shape	genus	13	prevalence	same_class	19	0.3333333333333333	0.29411764705882354
shape	genus	13	prevalence	same_family	1036	0.3333333333333333	0.3088082901554404
shape	genus	13	prevalence	same_order	69	0.3333333333333333	0.2986666666666667
shape	genus	13	prevalence	same_phylum	7	0.3333333333333333	0.2777777777777778
shape	genus	13	taxonomy	same_class	19	0.5111111111111111	0.4541062801932367
shape	genus	13	taxonomy	same_family	1036	0.6166766471576315	0.5121727346444155
shape	genus	13	taxonomy	same_order	69	0.6884920634920634	0.5536368393511251
shape	genus	13	taxonomy	same_phylum	7	0.3333333333333333	0.08333333333333333
shape	genus	14	prevalence	same_class	12	0.3333333333333333	0.2857142857142857
shape	genus	14	prevalence	same_family	1062	0.3333333333333333	0.311423314935608
shape	genus	14	prevalence	same_order	46	0.3333333333333333	0.2833333333333333
shape	genus	14	prevalence	same_phylum	7	0.5	0.46153846153846156
shape	genus	14	taxonomy	same_class	12	0.6851851851851851	0.5555555555555555
shape	genus	14	taxonomy	same_family	1062	0.6287644555294613	0.49958730927477263
shape	genus	14	taxonomy	same_order	46	0.39215686274509803	0.38473818646232444
shape	genus	14	taxonomy	same_phylum	7	0.0	0.0
shape	genus	15	prevalence	different_phylum	3	1.0	1.0
shape	genus	15	prevalence	same_class	18	0.3333333333333333	0.2795698924731183
shape	genus	15	prevalence	same_family	1039	0.3333333333333333	0.30037017451084086
shape	genus	15	prevalence	same_order	63	0.3333333333333333	0.3076923076923077
shape	genus	15	prevalence	same_phylum	5	0.3333333333333333	0.25
shape	genus	15	taxonomy	different_phylum	3	0.0	0.0
shape	genus	15	taxonomy	same_class	18	0.6538461538461539	0.4433862433862434
shape	genus	15	taxonomy	same_family	1039	0.5938616929922284	0.5234265222741811
shape	genus	15	taxonomy	same_order	63	0.6225749559082893	0.5745454545454546
shape	genus	15	taxonomy	same_phylum	5	0.0	0.0
shape	genus	16	prevalence	different_phylum	3	1.0	1.0
shape	genus	16	prevalence	same_class	17	0.5	0.45161290322580644
shape	genus	16	prevalence	same_family	1035	0.3333333333333333	0.31044570641886077
shape	genus	16	prevalence	same_order	69	0.3333333333333333	0.30446194225721784
shape	genus	16	prevalence	same_phylum	5	0.3333333333333333	0.25
shape	genus	16	taxonomy	different_phylum	3	0.0	0.0
shape	genus	16	taxonomy	same_class	17	0.21428571428571427	0.19999999999999998
shape	genus	16	taxonomy	same_family	1035	0.6551444551080517	0.5220203600065692
shape	genus	16	taxonomy	same_order	69	0.6044061302681992	0.5232348772171781
shape	genus	16	taxonomy	same_phylum	5	0.4444444444444444	0.4666666666666666
shape	genus	17	prevalence	same_class	16	0.3333333333333333	0.2716049382716049
shape	genus	17	prevalence	same_family	1043	0.3333333333333333	0.30806257521058966
shape	genus	17	prevalence	same_order	65	0.3333333333333333	0.2962962962962963
shape	genus	17	prevalence	same_phylum	4	1.0	1.0
shape	genus	17	taxonomy	same_class	16	0.202020202020202	0.18888888888888888
shape	genus	17	taxonomy	same_family	1043	0.5619680460782156	0.4630409017471127
shape	genus	17	taxonomy	same_order	65	0.7167277167277167	0.6403508771929824
shape	genus	17	taxonomy	same_phylum	4	0.5	0.3333333333333333
shape	genus	18	prevalence	different_phylum	5	0.5	0.4444444444444444
shape	genus	18	prevalence	same_class	18	0.3333333333333333	0.3137254901960784
shape	genus	18	prevalence	same_family	1071	0.3333333333333333	0.29652669777086577
shape	genus	18	prevalence	same_order	56	0.3333333333333333	0.281786941580756
shape	genus	18	prevalence	same_phylum	3	0.5	0.4
shape	genus	18	taxonomy	different_phylum	5	0.5	0.16666666666666666
shape	genus	18	taxonomy	same_class	18	0.8333333333333334	0.4507936507936508
shape	genus	18	taxonomy	same_family	1071	0.6462492606328224	0.5341328451913977
shape	genus	18	taxonomy	same_order	56	0.6470673635307781	0.6060036454773297
shape	genus	18	taxonomy	same_phylum	3	0.25	0.25
shape	genus	19	prevalence	different_phylum	4	1.0	1.0
shape	genus	19	prevalence	same_class	14	0.3333333333333333	0.2777777777777778
shape	genus	19	prevalence	same_family	1083	0.3333333333333333	0.31047525078112154
shape	genus	19	prevalence	same_order	60	0.3333333333333333	0.30630630630630634
shape	genus	19	prevalence	same_phylum	5	0.3333333333333333	0.25
shape	genus	19	taxonomy	different_phylum	4	0.0	0.0
shape	genus	19	taxonomy	same_class	14	0.5666666666666667	0.544973544973545
shape	genus	19	taxonomy	same_family	1083	0.6998989863396643	0.5151562486440516
shape	genus	19	taxonomy	same_order	60	0.6091503267973856	0.42119233423581254
shape	genus	19	taxonomy	same_phylum	5	0.6666666666666666	0.6190476190476191
shape	family	0	prevalence	different_phylum	4	1.0	1.0
shape	family	0	prevalence	same_class	37	0.3333333333333333	0.2555555555555556
shape	family	0	prevalence	same_order	1104	0.3333333333333333	0.3008614976805832
shape	family	0	prevalence	same_phylum	35	0.3333333333333333	0.3020833333333333
shape	family	0	taxonomy	different_phylum	4	0.0	0.0
shape	family	0	taxonomy	same_class	37	0.5810276679841897	0.49785367674505415
shape	family	0	taxonomy	same_order	1104	0.6563277687611098	0.5007566257648163
shape	family	0	taxonomy	same_phylum	35	0.5977011494252874	0.6226415094339622
shape	family	1	prevalence	different_phylum	3	0.5	0.4
shape	family	1	prevalence	same_class	153	0.3333333333333333	0.2971014492753623
shape	family	1	prevalence	same_order	1096	0.3333333333333333	0.29912810194500333
shape	family	1	prevalence	same_phylum	9	0.5	0.47058823529411764
shape	family	1	taxonomy	different_phylum	3	0.5	0.4
shape	family	1	taxonomy	same_class	153	0.4778842431281456	0.30851063829787234
shape	family	1	taxonomy	same_order	1096	0.578229172579516	0.40480165188177475
shape	family	1	taxonomy	same_phylum	9	0.0	0.0
shape	family	2	prevalence	different_phylum	15	0.5	0.4642857142857143
shape	family	2	prevalence	same_class	126	0.3333333333333333	0.3061516452074392
shape	family	2	prevalence	same_order	1017	0.3333333333333333	0.30545196235126976
shape	family	2	taxonomy	different_phylum	15	0.5	0.4642857142857143
shape	family	2	taxonomy	same_class	126	0.7483558324679819	0.4706926863572433
shape	family	2	taxonomy	same_order	1017	0.4701004476471231	0.2846068653674258
shape	family	3	prevalence	different_phylum	3	1.0	1.0
shape	family	3	prevalence	same_class	136	0.3333333333333333	0.31928480204342274
shape	family	3	prevalence	same_order	1004	0.3333333333333333	0.30987917555081734
shape	family	3	prevalence	same_phylum	6	1.0	1.0
shape	family	3	taxonomy	different_phylum	3	0.0	0.0
shape	family	3	taxonomy	same_class	136	0.8859259259259259	0.6440677966101694
shape	family	3	taxonomy	same_order	1004	0.36688594686201387	0.29998904107891544
shape	family	3	taxonomy	same_phylum	6	0.0	0.0
shape	family	4	prevalence	same_class	66	0.3333333333333333	0.28735632183908044
shape	family	4	prevalence	same_order	1035	0.3333333333333333	0.3204549255728383
shape	family	4	prevalence	same_phylum	26	0.5	0.49019607843137253
shape	family	4	taxonomy	same_class	66	0.5333333333333333	0.33035714285714285
shape	family	4	taxonomy	same_order	1035	0.6245655596519541	0.43510590281125766
shape	family	4	taxonomy	same_phylum	26	0.46	0.46938775510204084
shape	family	5	prevalence	different_phylum	1	0.0	0.0
shape	family	5	prevalence	same_class	104	0.3333333333333333	0.2814814814814815
shape	family	5	prevalence	same_order	1017	0.3333333333333333	0.2912513842746401
shape	family	5	prevalence	same_phylum	6	0.5	0.45454545454545453
shape	family	5	taxonomy	different_phylum	1	0.0	0.0
shape	family	5	taxonomy	same_class	104	0.44244851258581236	0.26951799789328396
shape	family	5	taxonomy	same_order	1017	0.5561194341251547	0.4572352120130856
shape	family	5	taxonomy	same_phylum	6	0.5	0.2222222222222222
shape	family	6	prevalence	same_class	29	0.3333333333333333	0.3018867924528302
shape	family	6	prevalence	same_order	1084	0.3333333333333333	0.31032215647600264
shape	family	6	prevalence	same_phylum	28	0.5	0.48148148148148145
shape	family	6	taxonomy	same_class	29	0.4305555555555555	0.20423280423280424
shape	family	6	taxonomy	same_order	1084	0.5985527716367806	0.43232226731539564
shape	family	6	taxonomy	same_phylum	28	0.4230769230769231	0.29931972789115646
shape	family	7	prevalence	same_class	242	0.3333333333333333	0.2957854406130268
shape	family	7	prevalence	same_order	985	0.3333333333333333	0.3042678440029433
shape	family	7	prevalence	same_phylum	37	0.3333333333333333	0.32407407407407407
shape	family	7	taxonomy	same_class	242	0.35676748889184123	0.3480303322408586
shape	family	7	taxonomy	same_order	985	0.5683920405806742	0.46859264119161553
shape	family	7	taxonomy	same_phylum	37	0.20952380952380953	0.2528735632183908
shape	family	8	prevalence	different_phylum	6	0.5	0.45454545454545453
shape	family	8	prevalence	same_class	34	0.3333333333333333	0.29508196721311475
shape	family	8	prevalence	same_order	1088	0.3333333333333333	0.3077684314695695
shape	family	8	prevalence	same_phylum	23	0.3333333333333333	0.21568627450980393
shape	family	8	taxonomy	different_phylum	6	0.0	0.0
shape	family	8	taxonomy	same_class	34	0.5740740740740741	0.5582970488630866
shape	family	8	taxonomy	same_order	1088	0.46021184801303083	0.3085929562969099
shape	family	8	taxonomy	same_phylum	23	0.3636363636363636	0.3282828282828283
shape	family	9	prevalence	different_phylum	24	0.5	0.4782608695652174
shape	family	9	prevalence	same_class	65	0.3333333333333333	0.2962962962962963
shape	family	9	prevalence	same_order	1028	0.3333333333333333	0.31771894093686354
shape	family	9	prevalence	same_phylum	10	0.3333333333333333	0.2222222222222222
shape	family	9	taxonomy	different_phylum	24	0.5	0.07692307692307693
shape	family	9	taxonomy	same_class	65	0.5628205128205128	0.5372053872053871
shape	family	9	taxonomy	same_order	1028	0.6310667518294637	0.5486325547962742
shape	family	9	taxonomy	same_phylum	10	0.39999999999999997	0.3376623376623377
shape	family	10	prevalence	different_phylum	4	1.0	1.0
shape	family	10	prevalence	same_class	62	0.3333333333333333	0.273015873015873
shape	family	10	prevalence	same_order	1089	0.3333333333333333	0.302939211756847
shape	family	10	prevalence	same_phylum	21	0.3333333333333333	0.24242424242424243
shape	family	10	taxonomy	different_phylum	4	0.0	0.0
shape	family	10	taxonomy	same_class	62	0.5257404094613397	0.4211201079622133
shape	family	10	taxonomy	same_order	1089	0.680687485979658	0.4763215313360207
shape	family	10	taxonomy	same_phylum	21	0.3611111111111111	0.26180836707152494
shape	family	11	prevalence	different_phylum	17	0.5	0.46875
shape	family	11	prevalence	same_class	282	0.3333333333333333	0.29731499672560574
shape	family	11	prevalence	same_order	797	0.3333333333333333	0.3131514748281215
shape	family	11	prevalence	same_phylum	31	0.3333333333333333	0.3163841807909605
shape	family	11	taxonomy	different_phylum	17	0.5	0.10526315789473684
shape	family	11	taxonomy	same_class	282	0.42887796104679615	0.44023123027272404
shape	family	11	taxonomy	same_order	797	0.5705966343236943	0.5000325289882617
shape	family	11	taxonomy	same_phylum	31	0.5952380952380952	0.6153846153846154
shape	family	12	prevalence	different_phylum	3	1.0	1.0
shape	family	12	prevalence	same_class	13	0.5	0.48
shape	family	12	prevalence	same_order	1122	0.3333333333333333	0.31466666666666665
shape	family	12	prevalence	same_phylum	11	0.3333333333333333	0.3
shape	family	12	taxonomy	different_phylum	3	0.0	0.0
shape	family	12	taxonomy	same_class	13	0.625	0.21666666666666667
shape	family	12	taxonomy	same_order	1122	0.5819993722536095	0.3968370539856639
shape	family	12	taxonomy	same_phylum	11	0.6666666666666666	0.20634920634920637
shape	family	13	prevalence	same_class	279	0.3333333333333333	0.2954091816367265
shape	family	13	prevalence	same_order	855	0.3333333333333333	0.29581435697245717
shape	family	13	prevalence	same_phylum	10	0.5	0.375
shape	family	13	taxonomy	same_class	279	0.46379115688578604	0.40948049977395345
shape	family	13	taxonomy	same_order	855	0.37911510092234574	0.2506882873065764
shape	family	13	taxonomy	same_phylum	10	0.5	0.26666666666666666
shape	family	14	prevalence	same_class	228	0.3333333333333333	0.2977346278317152
shape	family	14	prevalence	same_order	927	0.3333333333333333	0.31592886870979947
shape	family	14	prevalence	same_phylum	8	0.3333333333333333	0.2857142857142857
shape	family	14	taxonomy	same_class	228	0.34782608695652173	0.1152832538584866
shape	family	14	taxonomy	same_order	927	0.6977693735336344	0.5599191155615303
shape	family	14	taxonomy	same_phylum	8	0.3333333333333333	0.3333333333333333
shape	family	15	prevalence	different_phylum	2	1.0	1.0
shape	family	15	prevalence	same_class	294	0.3333333333333333	0.29333333333333333
shape	family	15	prevalence	same_order	833	0.3333333333333333	0.3005932762030323
shape	family	15	prevalence	same_phylum	4	0.0	0.0
shape	family	15	taxonomy	different_phylum	2	0.0	0.0
shape	family	15	taxonomy	same_class	294	0.3538816738816739	0.11554417208145677
shape	family	15	taxonomy	same_order	833	0.5350121868672343	0.5367971983675534
shape	family	15	taxonomy	same_phylum	4	1.0	1.0
shape	family	16	prevalence	different_phylum	2	0.5	0.3333333333333333
shape	family	16	prevalence	same_class	252	0.3333333333333333	0.3006535947712418
shape	family	16	prevalence	same_order	873	0.3333333333333333	0.3139393939393939
shape	family	16	prevalence	same_phylum	4	0.5	0.3333333333333333
shape	family	16	taxonomy	different_phylum	2	0.5	0.3333333333333333
shape	family	16	taxonomy	same_class	252	0.586220778499639	0.42459255127966783
shape	family	16	taxonomy	same_order	873	0.6151627818294485	0.5029771944741754
shape	family	16	taxonomy	same_phylum	4	0.0	0.0
shape	family	17	prevalence	different_phylum	3	1.0	1.0
shape	family	17	prevalence	same_class	146	0.5	0.4804270462633452
shape	family	17	prevalence	same_order	1089	0.3333333333333333	0.30475240943835163
shape	family	17	prevalence	same_phylum	20	0.3333333333333333	0.2745098039215686
shape	family	17	taxonomy	different_phylum	3	0.0	0.0
shape	family	17	taxonomy	same_class	146	0.8545454545454545	0.4752621473932949
shape	family	17	taxonomy	same_order	1089	0.6239669764354464	0.4435710347728783
shape	family	17	taxonomy	same_phylum	20	0.3333333333333333	0.2962962962962963
shape	family	18	prevalence	different_phylum	2	0.5	0.3333333333333333
shape	family	18	prevalence	same_class	186	0.3333333333333333	0.2976190476190476
shape	family	18	prevalence	same_order	950	0.3333333333333333	0.3118580765639589
shape	family	18	prevalence	same_phylum	33	0.3333333333333333	0.2937853107344633
shape	family	18	taxonomy	different_phylum	2	0.0	0.0
shape	family	18	taxonomy	same_class	186	0.5038095238095238	0.3692178913272919
shape	family	18	taxonomy	same_order	950	0.6205820243570829	0.5159751199565656
shape	family	18	taxonomy	same_phylum	33	0.7264957264957265	0.6711111111111111
shape	family	19	prevalence	different_phylum	1	1.0	1.0
shape	family	19	prevalence	same_class	31	0.3333333333333333	0.30409356725146197
shape	family	19	prevalence	same_order	1115	0.3333333333333333	0.3126984126984127
shape	family	19	prevalence	same_phylum	9	1.0	1.0
shape	family	19	taxonomy	different_phylum	1	0.0	0.0
shape	family	19	taxonomy	same_class	31	0.40598290598290593	0.28654970760233917
shape	family	19	taxonomy	same_order	1115	0.5916966300056401	0.3837471991141716
shape	family	19	taxonomy	same_phylum	9	0.2222222222222222	0.12121212121212122
shape	order	0	prevalence	different_phylum	1	1.0	1.0
shape	order	0	prevalence	same_class	1183	0.3333333333333333	0.29465408805031446
shape	order	0	prevalence	same_phylum	22	0.3333333333333333	0.24761904761904763
shape	order	0	taxonomy	different_phylum	1	0.0	0.0
shape	order	0	taxonomy	same_class	1183	0.553430736387109	0.36363599335444263
shape	order	0	taxonomy	same_phylum	22	0.358974358974359	0.2577777777777778
shape	order	1	prevalence	same_class	1164	0.3333333333333333	0.31711711711711715
shape	order	1	prevalence	same_phylum	6	0.3333333333333333	0.09523809523809523
shape	order	1	taxonomy	same_class	1164	0.3434626111864918	0.33594219058238267
shape	order	1	taxonomy	same_phylum	6	0.3333333333333333	0.2962962962962963
shape	order	2	prevalence	different_phylum	1	0.0	0.0
shape	order	2	prevalence	same_class	1406	0.3333333333333333	0.30180355520954977
shape	order	2	prevalence	same_phylum	23	0.3333333333333333	0.24074074074074073
shape	order	2	taxonomy	different_phylum	1	0.0	0.0
shape	order	2	taxonomy	same_class	1406	0.35524373188626895	0.32653508943241855
shape	order	2	taxonomy	same_phylum	23	0.3333333333333333	0.23076923076923075
shape	order	3	prevalence	same_class	1125	0.3333333333333333	0.3202463433410316
shape	order	3	prevalence	same_phylum	2	1.0	1.0
shape	order	3	taxonomy	same_class	1125	0.5836251711251711	0.5582210401820797
shape	order	3	taxonomy	same_phylum	2	0.0	0.0
shape	order	4	prevalence	different_phylum	1	1.0	1.0
shape	order	4	prevalence	same_class	1269	0.3333333333333333	0.2843801777376111
shape	order	4	prevalence	same_phylum	39	0.5	0.4090909090909091
shape	order	4	taxonomy	different_phylum	1	0.0	0.0
shape	order	4	taxonomy	same_class	1269	0.4653899683745313	0.2729377104377104
shape	order	4	taxonomy	same_phylum	39	0.5185185185185185	0.25910364145658266
shape	order	5	prevalence	different_phylum	115	0.3333333333333333	0.2871287128712871
shape	order	5	prevalence	same_class	961	0.3333333333333333	0.30593093093093093
shape	order	5	prevalence	same_phylum	63	0.3333333333333333	0.24666666666666667
shape	order	5	taxonomy	different_phylum	115	0.3333333333333333	0.0945273631840796
shape	order	5	taxonomy	same_class	961	0.3276089472265817	0.24888596395626014
shape	order	5	taxonomy	same_phylum	63	0.5137709137709138	0.2965266412074923
shape	order	6	prevalence	same_class	1407	0.3333333333333333	0.3197731755424063
shape	order	6	prevalence	same_phylum	10	0.5	0.375
shape	order	6	taxonomy	same_class	1407	0.33936411036357167	0.06251011148466341
shape	order	6	taxonomy	same_phylum	10	0.5	0.2857142857142857
shape	order	7	prevalence	different_phylum	2	1.0	1.0
shape	order	7	prevalence	same_class	1168	0.3333333333333333	0.32737835875090776
shape	order	7	prevalence	same_phylum	1	1.0	1.0
shape	order	7	taxonomy	different_phylum	2	1.0	1.0
shape	order	7	taxonomy	same_class	1168	0.500329784087548	0.37672254222215956
shape	order	7	taxonomy	same_phylum	1	0.0	0.0
shape	order	8	prevalence	different_phylum	22	0.5	0.4358974358974359
shape	order	8	prevalence	same_class	1399	0.3333333333333333	0.31351760696705794
shape	order	8	prevalence	same_phylum	13	0.3333333333333333	0.2898550724637681
shape	order	8	taxonomy	different_phylum	22	0.5	0.4358974358974359
shape	order	8	taxonomy	same_class	1399	0.4712694727573526	0.3472734549750169
shape	order	8	taxonomy	same_phylum	13	0.19999999999999998	0.18888888888888888
shape	order	9	prevalence	different_phylum	4	0.5	0.3333333333333333
shape	order	9	prevalence	same_class	1131	0.3333333333333333	0.28334180647347906
shape	order	9	prevalence	same_phylum	66	0.3333333333333333	0.2969187675070028
shape	order	9	taxonomy	different_phylum	4	0.0	0.0
shape	order	9	taxonomy	same_class	1131	0.36132747301657947	0.24066626473265476
shape	order	9	taxonomy	same_phylum	66	0.4042452830188679	0.1560971055088702
shape	order	10	prevalence	different_phylum	19	0.5	0.4864864864864865
shape	order	10	prevalence	same_class	1096	0.3333333333333333	0.3109380071405388
shape	order	10	prevalence	same_phylum	13	0.5	0.4583333333333333
shape	order	10	taxonomy	different_phylum	19	0.0	0.0
shape	order	10	taxonomy	same_class	1096	0.4116156344235676	0.3744373932870821
shape	order	10	taxonomy	same_phylum	13	0.5	0.13333333333333333
shape	order	11	prevalence	same_class	1180	0.3333333333333333	0.3150052153181344
shape	order	11	prevalence	same_phylum	37	0.3333333333333333	0.2555555555555556
shape	order	11	taxonomy	same_class	1180	0.33285679245944144	0.2928893816709924
shape	order	11	taxonomy	same_phylum	37	0.34782608695652173	0.17929292929292928
shape	order	12	prevalence	different_phylum	6	0.5	0.45454545454545453
shape	order	12	prevalence	same_class	1321	0.3333333333333333	0.31298527443105756
shape	order	12	prevalence	same_phylum	44	0.3333333333333333	0.2857142857142857
shape	order	12	taxonomy	different_phylum	6	0.0	0.0
shape	order	12	taxonomy	same_class	1321	0.3190881395104528	0.2653171296801196
shape	order	12	taxonomy	same_phylum	44	0.5757575757575758	0.4611111111111111
shape	order	13	prevalence	different_phylum	54	0.3333333333333333	0.31023102310231027
shape	order	13	prevalence	same_class	1048	0.3333333333333333	0.30466321243523314
shape	order	13	prevalence	same_phylum	39	0.3333333333333333	0.3105022831050228
shape	order	13	taxonomy	different_phylum	54	0.3333333333333333	0.012121212121212121
shape	order	13	taxonomy	same_class	1048	0.48523566380709243	0.39670230673162826
shape	order	13	taxonomy	same_phylum	39	0.5098039215686274	0.1574074074074074
shape	order	14	prevalence	different_phylum	16	0.5	0.4666666666666667
shape	order	14	prevalence	same_class	1224	0.3333333333333333	0.32279814580699534
shape	order	14	prevalence	same_phylum	32	0.3333333333333333	0.2988505747126437
shape	order	14	taxonomy	different_phylum	16	0.5	0.1111111111111111
shape	order	14	taxonomy	same_class	1224	0.36110813346979437	0.2236339665938769
shape	order	14	taxonomy	same_phylum	32	0.6410256410256411	0.5042016806722689
shape	order	15	prevalence	different_phylum	15	0.5	0.4642857142857143
shape	order	15	prevalence	same_class	1105	0.3333333333333333	0.32065132299984345
shape	order	15	prevalence	same_phylum	11	0.3333333333333333	0.14285714285714285
shape	order	15	taxonomy	different_phylum	15	0.5	0.4642857142857143
shape	order	15	taxonomy	same_class	1105	0.42459338450292394	0.34802079138926123
shape	order	15	taxonomy	same_phylum	11	0.3333333333333333	0.2380952380952381
shape	order	16	prevalence	different_phylum	10	1.0	1.0
shape	order	16	prevalence	same_class	1223	0.3333333333333333	0.3243772739994402
shape	order	16	prevalence	same_phylum	4	0.5	0.42857142857142855
shape	order	16	taxonomy	different_phylum	10	0.0	0.0
shape	order	16	taxonomy	same_class	1223	0.5108832768105223	0.3012875192133213
shape	order	16	taxonomy	same_phylum	4	0.3333333333333333	0.3333333333333333
shape	order	17	prevalence	different_phylum	65	0.3333333333333333	0.3114754098360656
shape	order	17	prevalence	same_class	1266	0.3333333333333333	0.29055258467023176
shape	order	17	prevalence	same_phylum	59	0.3333333333333333	0.284789644012945
shape	order	17	taxonomy	different_phylum	65	0.3333333333333333	0.01990049751243781
shape	order	17	taxonomy	same_class	1266	0.5077991108020168	0.31412864712886757
shape	order	17	taxonomy	same_phylum	59	0.4969696969696969	0.25282828282828285
shape	order	18	prevalence	different_phylum	31	0.3333333333333333	0.30409356725146197
shape	order	18	prevalence	same_class	1034	0.3333333333333333	0.3027103132699754
shape	order	18	prevalence	same_phylum	67	0.3333333333333333	0.32569974554707376
shape	order	18	taxonomy	different_phylum	31	0.3333333333333333	0.04040404040404041
shape	order	18	taxonomy	same_class	1034	0.33654949997041245	0.15280476955167055
shape	order	18	taxonomy	same_phylum	67	0.375	0.3182389937106918
shape	order	19	prevalence	different_phylum	2	0.5	0.3333333333333333
shape	order	19	prevalence	same_class	1213	0.3333333333333333	0.3080561714708056
shape	order	19	prevalence	same_phylum	36	0.3333333333333333	0.2857142857142857
shape	order	19	taxonomy	different_phylum	2	0.5	0.3333333333333333
shape	order	19	taxonomy	same_class	1213	0.2711005494114899	0.20947369078532138
shape	order	19	taxonomy	same_phylum	36	0.6049382716049383	0.6070588235294118
motility	within	0	prevalence	same_class	8	0.5	0.2
motility	within	0	prevalence	same_family	225	0.5	0.3902439024390244
motility	within	0	prevalence	same_genus	859	0.5	0.36228656273199705
motility	within	0	prevalence	same_order	30	0.5	0.34782608695652173
motility	within	0	prevalence	same_phylum	5	0.5	0.16666666666666666
motility	within	0	taxonomy	same_class	8	0.5	0.42857142857142855
motility	within	0	taxonomy	same_family	225	0.7496141975308642	0.7417624840883954
motility	within	0	taxonomy	same_genus	859	0.85776423931775	0.8541500071202445
motility	within	0	taxonomy	same_order	30	0.7455357142857143	0.7285067873303167
motility	within	0	taxonomy	same_phylum	5	0.875	0.7619047619047619
motility	within	1	prevalence	same_class	7	0.5	0.2222222222222222
motility	within	1	prevalence	same_family	228	0.5	0.35410764872521244
motility	within	1	prevalence	same_genus	862	0.5	0.37034331628926226
motility	within	1	prevalence	same_order	29	0.5	0.2926829268292683
motility	within	1	prevalence	same_phylum	1	0.0	0.0
motility	within	1	taxonomy	same_class	7	0.45	0.41666666666666663
motility	within	1	taxonomy	same_family	228	0.7215145631067961	0.7213200628601362
motility	within	1	taxonomy	same_genus	862	0.8322304636497486	0.8290586991010047
motility	within	1	taxonomy	same_order	29	0.47794117647058826	0.46578947368421053
motility	within	1	taxonomy	same_phylum	1	1.0	1.0
motility	within	2	prevalence	different_phylum	1	1.0	1.0
motility	within	2	prevalence	same_class	9	0.5	0.4
motility	within	2	prevalence	same_family	226	0.5	0.37047353760445684
motility	within	2	prevalence	same_genus	858	0.5	0.3568215892053973
motility	within	2	prevalence	same_order	30	0.5	0.34782608695652173
motility	within	2	prevalence	same_phylum	3	0.5	0.25
motility	within	2	taxonomy	different_phylum	1	1.0	1.0
motility	within	2	taxonomy	same_class	9	0.8333333333333333	0.775
motility	within	2	taxonomy	same_family	226	0.7861185221117309	0.7856523055191202
motility	within	2	taxonomy	same_genus	858	0.8471116195169167	0.8441480753078074
motility	within	2	taxonomy	same_order	30	0.6875	0.6411483253588517
motility	within	2	taxonomy	same_phylum	3	0.5	0.4
motility	within	3	prevalence	different_phylum	1	0.0	0.0
motility	within	3	prevalence	same_class	8	0.5	0.3333333333333333
motility	within	3	prevalence	same_family	212	0.5	0.38372093023255816
motility	within	3	prevalence	same_genus	883	0.5	0.3619942196531792
motility	within	3	prevalence	same_order	20	0.5	0.3103448275862069
motility	within	3	prevalence	same_phylum	3	0.5	0.4
motility	within	3	taxonomy	different_phylum	1	0.0	0.0
motility	within	3	taxonomy	same_class	8	0.875	0.873015873015873
motility	within	3	taxonomy	same_family	212	0.7912878787878788	0.777290581894583
motility	within	3	taxonomy	same_genus	883	0.8366852682070414	0.8303659264588514
motility	within	3	taxonomy	same_order	20	0.6767676767676767	0.6703296703296704
motility	within	3	taxonomy	same_phylum	3	0.5	0.25
motility	within	4	prevalence	different_phylum	2	0.0	0.0
motility	within	4	prevalence	same_class	11	0.5	0.35294117647058826
motility	within	4	prevalence	same_family	218	0.5	0.36627906976744184
motility	within	4	prevalence	same_genus	874	0.5	0.37077033837293016
motility	within	4	prevalence	same_order	17	0.5	0.32
motility	within	4	prevalence	same_phylum	5	0.5	0.375
motility	within	4	taxonomy	different_phylum	2	0.0	0.0
motility	within	4	taxonomy	same_class	11	0.48333333333333334	0.4107142857142857
motility	within	4	taxonomy	same_family	218	0.7613871635610766	0.7580259562841529
motility	within	4	taxonomy	same_genus	874	0.8411282689239257	0.838187233357482
motility	within	4	taxonomy	same_order	17	0.7013888888888888	0.7017543859649122
motility	within	4	taxonomy	same_phylum	5	0.5	0.2857142857142857
motility	within	5	prevalence	different_phylum	1	0.0	0.0
motility	within	5	prevalence	same_class	15	0.5	0.3181818181818182
motility	within	5	prevalence	same_family	192	0.5	0.3447098976109215
motility	within	5	prevalence	same_genus	891	0.5	0.3729767769176636
motility	within	5	prevalence	same_order	27	0.5	0.325
motility	within	5	prevalence	same_phylum	1	1.0	1.0
motility	within	5	taxonomy	different_phylum	1	0.0	0.0
motility	within	5	taxonomy	same_class	15	0.33035714285714285	0.33035714285714285
motility	within	5	taxonomy	same_family	192	0.7371885540202372	0.7343101343101344
motility	within	5	taxonomy	same_genus	891	0.8526263523754769	0.8497821237744463
motility	within	5	taxonomy	same_order	27	0.6565934065934066	0.6345864661654135
motility	within	5	taxonomy	same_phylum	1	0.0	0.0
motility	within	6	prevalence	different_phylum	1	0.0	0.0
motility	within	6	prevalence	same_class	14	0.5	0.3
motility	within	6	prevalence	same_family	233	0.5	0.3753351206434316
motility	within	6	prevalence	same_genus	842	0.5	0.3654860587792012
motility	within	6	prevalence	same_order	33	0.5	0.25
motility	within	6	prevalence	same_phylum	4	0.5	0.2
motility	within	6	taxonomy	different_phylum	1	0.0	0.0
motility	within	6	taxonomy	same_class	14	0.5625	0.5625
motility	within	6	taxonomy	same_family	233	0.7405913978494624	0.735827664399093
motility	within	6	taxonomy	same_genus	842	0.8584683357879235	0.8561702335342493
motility	within	6	taxonomy	same_order	33	0.6590909090909091	0.6590909090909091
motility	within	6	taxonomy	same_phylum	4	0.3333333333333333	0.3333333333333333
motility	within	7	prevalence	different_phylum	2	0.5	0.3333333333333333
motility	within	7	prevalence	same_class	7	0.5	0.3
motility	within	7	prevalence	same_family	214	0.5	0.3495440729483283
motility	within	7	prevalence	same_genus	874	0.5	0.36666666666666664
motility	within	7	prevalence	same_order	26	0.5	0.3333333333333333
motility	within	7	prevalence	same_phylum	4	0.5	0.3333333333333333
motility	within	7	taxonomy	different_phylum	2	0.5	0.3333333333333333
motility	within	7	taxonomy	same_class	7	0.7083333333333333	0.7083333333333333
motility	within	7	taxonomy	same_family	214	0.7476504172156346	0.7468676071146938
motility	within	7	taxonomy	same_genus	874	0.8517786561264822	0.8495185088790567
motility	within	7	taxonomy	same_order	26	0.6923076923076923	0.6904761904761905
motility	within	7	taxonomy	same_phylum	4	0.75	0.7333333333333334
motility	within	8	prevalence	different_phylum	1	0.0	0.0
motility	within	8	prevalence	same_class	6	0.5	0.4
motility	within	8	prevalence	same_family	231	0.5	0.34375
motility	within	8	prevalence	same_genus	859	0.5	0.36930983847283405
motility	within	8	prevalence	same_order	26	0.5	0.35
motility	within	8	prevalence	same_phylum	4	0.5	0.2
motility	within	8	taxonomy	different_phylum	1	0.0	0.0
motility	within	8	taxonomy	same_class	6	0.5	0.4857142857142857
motility	within	8	taxonomy	same_family	231	0.7247933884297522	0.7229385307346328
motility	within	8	taxonomy	same_genus	859	0.8406136216409409	0.8317617104735139
motility	within	8	taxonomy	same_order	26	0.7440476190476191	0.7271364317841079
motility	within	8	taxonomy	same_phylum	4	0.5	0.42857142857142855
motility	within	9	prevalence	same_class	10	0.5	0.375
motility	within	9	prevalence	same_family	212	0.5	0.3614457831325301
motility	within	9	prevalence	same_genus	873	0.5	0.3646288209606987
motility	within	9	prevalence	same_order	29	0.5	0.2926829268292683
motility	within	9	prevalence	same_phylum	3	0.5	0.25
motility	within	9	taxonomy	same_class	10	0.5416666666666666	0.4949494949494949
motility	within	9	taxonomy	same_family	212	0.719927536231884	0.7183834290217268
motility	within	9	taxonomy	same_genus	873	0.8686578455991243	0.8652490951671279
motility	within	9	taxonomy	same_order	29	0.5906862745098039	0.5894465894465895
motility	within	9	taxonomy	same_phylum	3	1.0	1.0
motility	within	10	prevalence	different_phylum	1	0.0	0.0
motility	within	10	prevalence	same_class	9	0.5	0.3076923076923077
motility	within	10	prevalence	same_family	190	0.5	0.36666666666666664
motility	within	10	prevalence	same_genus	892	0.5	0.36512455516014236
motility	within	10	prevalence	same_order	32	0.5	0.3191489361702128
motility	within	10	prevalence	same_phylum	3	0.5	0.25
motility	within	10	taxonomy	different_phylum	1	0.0	0.0
motility	within	10	taxonomy	same_class	9	0.325	0.325
motility	within	10	taxonomy	same_family	190	0.678409090909091	0.6749768641857596
motility	within	10	taxonomy	same_genus	892	0.8532585494812963	0.8472011622964237
motility	within	10	taxonomy	same_order	32	0.7450980392156863	0.746031746031746
motility	within	10	taxonomy	same_phylum	3	0.5	0.4
motility	within	11	prevalence	same_class	8	0.5	0.42857142857142855
motility	within	11	prevalence	same_family	221	0.5	0.3402985074626866
motility	within	11	prevalence	same_genus	864	0.5	0.37026239067055394
motility	within	11	prevalence	same_order	30	0.5	0.2682926829268293
motility	within	11	prevalence	same_phylum	4	0.5	0.3333333333333333
motility	within	11	taxonomy	same_class	8	0.6666666666666666	0.5
motility	within	11	taxonomy	same_family	221	0.7098294802426628	0.7099261689909762
motility	within	11	taxonomy	same_genus	864	0.8548283641511103	0.8500686611418928
motility	within	11	taxonomy	same_order	30	0.6411483253588517	0.6411483253588517
motility	within	11	taxonomy	same_phylum	4	1.0	1.0
motility	within	12	prevalence	different_phylum	1	0.0	0.0
motility	within	12	prevalence	same_class	10	0.5	0.375
motility	within	12	prevalence	same_family	203	0.5	0.365625
motility	within	12	prevalence	same_genus	878	0.5	0.36743515850144093
motility	within	12	prevalence	same_order	29	0.5	0.275
motility	within	12	prevalence	same_phylum	6	0.5	0.3333333333333333
motility	within	12	taxonomy	different_phylum	1	0.0	0.0
motility	within	12	taxonomy	same_class	10	0.41666666666666663	0.4
motility	within	12	taxonomy	same_family	203	0.7597893063009342	0.7557519950890117
motility	within	12	taxonomy	same_genus	878	0.8361945865302642	0.8346437059672354
motility	within	12	taxonomy	same_order	29	0.654040404040404	0.6547619047619048
motility	within	12	taxonomy	same_phylum	6	0.8333333333333333	0.8285714285714285
motility	within	13	prevalence	different_phylum	3	0.5	0.25
motility	within	13	prevalence	same_class	11	0.5	0.42105263157894735
motility	within	13	prevalence	same_family	211	0.5	0.3663663663663664
motility	within	13	prevalence	same_genus	875	0.5	0.35661764705882354
motility	within	13	prevalence	same_order	24	0.5	0.2
motility	within	13	prevalence	same_phylum	3	0.5	0.4
motility	within	13	taxonomy	different_phylum	3	0.5	0.25
motility	within	13	taxonomy	same_class	11	0.47916666666666663	0.47619047619047616
motility	within	13	taxonomy	same_family	211	0.7176275557192853	0.7127949183303086
motility	within	13	taxonomy	same_genus	875	0.845228654507005	0.8434210526315788
motility	within	13	taxonomy	same_order	24	0.7222222222222222	0.6974789915966386
motility	within	13	taxonomy	same_phylum	3	0.75	0.6666666666666666
motility	within	14	prevalence	different_phylum	2	0.5	0.3333333333333333
motility	within	14	prevalence	same_class	7	0.5	0.2222222222222222
motility	within	14	prevalence	same_family	217	0.5	0.35798816568047337
motility	within	14	prevalence	same_genus	864	0.5	0.36749633967789164
motility	within	14	prevalence	same_order	34	0.5	0.2916666666666667
motility	within	14	prevalence	same_phylum	3	0.5	0.25
motility	within	14	taxonomy	different_phylum	2	0.5	0.3333333333333333
motility	within	14	taxonomy	same_class	7	0.45	0.41666666666666663
motility	within	14	taxonomy	same_family	217	0.7147469008264462	0.7125213675213675
motility	within	14	taxonomy	same_genus	864	0.8461182892738439	0.8422567143355424
motility	within	14	taxonomy	same_order	34	0.7464285714285714	0.7509157509157509
motility	within	14	taxonomy	same_phylum	3	0.5	0.4
motility	within	15	prevalence	different_phylum	1	0.0	0.0
motility	within	15	prevalence	same_class	16	0.5	0.4074074074074074
motility	within	15	prevalence	same_family	234	0.5	0.3641304347826087
motility	within	15	prevalence	same_genus	842	0.5	0.3669172932330827
motility	within	15	prevalence	same_order	32	0.5	0.30434782608695654
motility	within	15	prevalence	same_phylum	2	1.0	1.0
motility	within	15	taxonomy	different_phylum	1	0.0	0.0
motility	within	15	taxonomy	same_class	16	0.5272727272727272	0.4920634920634921
motility	within	15	taxonomy	same_family	234	0.7432089552238805	0.7375861751999264
motility	within	15	taxonomy	same_genus	842	0.870120172270075	0.8650803188719305
motility	within	15	taxonomy	same_order	32	0.503968253968254	0.4909862142099682
motility	within	15	taxonomy	same_phylum	2	0.5	0.3333333333333333
motility	within	16	prevalence	different_phylum	1	0.0	0.0
motility	within	16	prevalence	same_class	11	0.5	0.42105263157894735
motility	within	16	prevalence	same_family	196	0.5	0.36156351791530944
motility	within	16	prevalence	same_genus	886	0.5	0.35797101449275365
motility	within	16	prevalence	same_order	29	0.5	0.275
motility	within	16	prevalence	same_phylum	4	0.5	0.42857142857142855
motility	within	16	taxonomy	different_phylum	1	1.0	1.0
motility	within	16	taxonomy	same_class	11	0.6458333333333333	0.6071428571428572
motility	within	16	taxonomy	same_family	196	0.7444621091679915	0.7422138047138047
motility	within	16	taxonomy	same_genus	886	0.8437732380401554	0.8417928279175526
motility	within	16	taxonomy	same_order	29	0.5808080808080808	0.5684523809523809
motility	within	16	taxonomy	same_phylum	4	0.8333333333333333	0.7333333333333334
motility	within	17	prevalence	same_class	11	0.5	0.26666666666666666
motility	within	17	prevalence	same_family	209	0.5	0.3704819277108434
motility	within	17	prevalence	same_genus	874	0.5	0.36712527154236063
motility	within	17	prevalence	same_order	31	0.5	0.32608695652173914
motility	within	17	prevalence	same_phylum	2	0.5	0.3333333333333333
motility	within	17	taxonomy	same_class	11	0.7321428571428572	0.717948717948718
motility	within	17	taxonomy	same_family	209	0.7420117224428058	0.7372415719873348
motility	within	17	taxonomy	same_genus	874	0.8593693737269508	0.8574491978609626
motility	within	17	taxonomy	same_order	31	0.6791666666666667	0.6770833333333333
motility	within	17	taxonomy	same_phylum	2	0.5	0.3333333333333333
motility	within	18	prevalence	different_phylum	1	1.0	1.0
motility	within	18	prevalence	same_class	8	0.5	0.3333333333333333
motility	within	18	prevalence	same_family	223	0.5	0.3664772727272727
motility	within	18	prevalence	same_genus	869	0.5	0.3734679163662581
motility	within	18	prevalence	same_order	22	0.5	0.3333333333333333
motility	within	18	prevalence	same_phylum	4	0.5	0.3333333333333333
motility	within	18	taxonomy	different_phylum	1	1.0	1.0
motility	within	18	taxonomy	same_class	8	0.5	0.4666666666666667
motility	within	18	taxonomy	same_family	223	0.6689757545769421	0.6689757545769421
motility	within	18	taxonomy	same_genus	869	0.8464095964095963	0.8435003274394237
motility	within	18	taxonomy	same_order	22	0.45454545454545453	0.4358974358974359
motility	within	18	taxonomy	same_phylum	4	0.75	0.7333333333333334
motility	within	19	prevalence	different_phylum	3	0.5	0.4
motility	within	19	prevalence	same_class	9	0.5	0.4
motility	within	19	prevalence	same_family	228	0.5	0.35410764872521244
motility	within	19	prevalence	same_genus	858	0.5	0.3649148778682457
motility	within	19	prevalence	same_order	28	0.5	0.37777777777777777
motility	within	19	prevalence	same_phylum	1	0.0	0.0
motility	within	19	taxonomy	different_phylum	3	0.5	0.4
motility	within	19	taxonomy	same_class	9	0.75	0.6666666666666666
motility	within	19	taxonomy	same_family	228	0.6972427184466019	0.6978249006002963
motility	within	19	taxonomy	same_genus	858	0.8571674678373947	0.853487641910092
motility	within	19	taxonomy	same_order	28	0.6443850267379679	0.6066411238825031
motility	within	19	taxonomy	same_phylum	1	1.0	1.0
motility	genus	0	prevalence	same_class	21	0.5	0.34375
motility	genus	0	prevalence	same_family	1062	0.5	0.3875432525951557
motility	genus	0	prevalence	same_order	38	0.5	0.3770491803278688
motility	genus	0	prevalence	same_phylum	6	0.5	0.25
motility	genus	0	taxonomy	same_class	21	0.6818181818181819	0.6370370370370371
motility	genus	0	taxonomy	same_family	1062	0.8253891941391942	0.8209654405982323
motility	genus	0	taxonomy	same_order	38	0.7927536231884058	0.7629937629937631
motility	genus	0	taxonomy	same_phylum	6	0.5	0.4
motility	genus	1	prevalence	same_class	14	0.5	0.36363636363636365
motility	genus	1	prevalence	same_family	1047	0.5	0.3521039603960396
motility	genus	1	prevalence	same_order	67	0.5	0.2872340425531915
motility	genus	1	prevalence	same_phylum	4	0.0	0.0
motility	genus	1	taxonomy	same_class	14	0.5416666666666667	0.47593582887700536
motility	genus	1	taxonomy	same_family	1047	0.8404526770153907	0.8381559197763089
motility	genus	1	taxonomy	same_order	67	0.7648148148148148	0.7727713178294574
motility	genus	1	taxonomy	same_phylum	4	1.0	1.0
motility	genus	2	prevalence	different_phylum	6	0.5	0.4
motility	genus	2	prevalence	same_class	16	0.5	0.38461538461538464
motility	genus	2	prevalence	same_family	1077	0.5	0.3547034152186938
motility	genus	2	prevalence	same_order	66	0.5	0.2826086956521739
motility	genus	2	prevalence	same_phylum	4	0.5	0.3333333333333333
motility	genus	2	taxonomy	different_phylum	6	0.5	0.4
motility	genus	2	taxonomy	same_class	16	0.55	0.5465587044534412
motility	genus	2	taxonomy	same_family	1077	0.7624303427138479	0.7589977441380853
motility	genus	2	taxonomy	same_order	66	0.5788461538461538	0.5695652173913044
motility	genus	2	taxonomy	same_phylum	4	0.75	0.7333333333333334
motility	genus	3	prevalence	different_phylum	5	0.5	0.375
motility	genus	3	prevalence	same_class	20	0.5	0.3103448275862069
motility	genus	3	prevalence	same_family	1058	0.5	0.3630343166767008
motility	genus	3	prevalence	same_order	45	0.5	0.3181818181818182
motility	genus	3	prevalence	same_phylum	6	0.5	0.14285714285714285
motility	genus	3	taxonomy	different_phylum	5	0.5	0.375
motility	genus	3	taxonomy	same_class	20	0.7222222222222222	0.7150997150997151
motility	genus	3	taxonomy	same_family	1058	0.8255626628760957	0.8229013131524254
motility	genus	3	taxonomy	same_order	45	0.8184523809523809	0.8200000000000001
motility	genus	3	taxonomy	same_phylum	6	0.5	0.45454545454545453
motility	genus	4	prevalence	different_phylum	4	0.5	0.42857142857142855
motility	genus	4	prevalence	same_class	9	0.5	0.4
motility	genus	4	prevalence	same_family	1066	0.5	0.3823870220162225
motility	genus	4	prevalence	same_order	47	0.5	0.3188405797101449
motility	genus	4	prevalence	same_phylum	7	0.5	0.3
motility	genus	4	taxonomy	different_phylum	4	0.5	0.42857142857142855
motility	genus	4	taxonomy	same_class	9	0.6666666666666666	0.55
motility	genus	4	taxonomy	same_family	1066	0.7905844155844155	0.7836660816147434
motility	genus	4	taxonomy	same_order	47	0.5163636363636364	0.4931372549019608
motility	genus	4	taxonomy	same_phylum	7	0.6666666666666666	0.65
motility	genus	5	prevalence	different_phylum	3	0.5	0.4
motility	genus	5	prevalence	same_class	12	0.5	0.29411764705882354
motility	genus	5	prevalence	same_family	1061	0.5	0.3888248847926267
motility	genus	5	prevalence	same_order	49	0.5	0.35526315789473684
motility	genus	5	prevalence	same_phylum	4	0.5	0.2
motility	genus	5	taxonomy	different_phylum	3	0.5	0.4
motility	genus	5	taxonomy	same_class	12	0.5571428571428572	0.5555555555555556
motility	genus	5	taxonomy	same_family	1061	0.8272788332373825	0.8140145075528868
motility	genus	5	taxonomy	same_order	49	0.5345117845117845	0.49310344827586206
motility	genus	5	taxonomy	same_phylum	4	0.5	0.42857142857142855
motility	genus	6	prevalence	different_phylum	7	0.5	0.3
motility	genus	6	prevalence	same_class	27	0.5	0.325
motility	genus	6	prevalence	same_family	1021	0.5	0.39550029603315573
motility	genus	6	prevalence	same_order	73	0.5	0.3652173913043478
motility	genus	6	prevalence	same_phylum	4	0.5	0.3333333333333333
motility	genus	6	taxonomy	different_phylum	7	0.5	0.3
motility	genus	6	taxonomy	same_class	27	0.6593406593406593	0.6493506493506493
motility	genus	6	taxonomy	same_family	1021	0.7751352818442435	0.7670097897996504
motility	genus	6	taxonomy	same_order	73	0.7534562211981566	0.7247360482654601
motility	genus	6	taxonomy	same_phylum	4	0.25	0.2
motility	genus	7	prevalence	different_phylum	6	0.0	0.0
motility	genus	7	prevalence	same_class	22	0.5	0.37142857142857144
motility	genus	7	prevalence	same_family	1021	0.5	0.3622735790131168
motility	genus	7	prevalence	same_order	86	0.5	0.3333333333333333
motility	genus	7	prevalence	same_phylum	7	0.5	0.2222222222222222
motility	genus	7	taxonomy	different_phylum	6	0.0	0.0
motility	genus	7	taxonomy	same_class	22	0.5085470085470085	0.4989648033126294
motility	genus	7	taxonomy	same_family	1021	0.8011259676284307	0.7951729139982407
motility	genus	7	taxonomy	same_order	86	0.7441860465116279	0.735014005602241
motility	genus	7	taxonomy	same_phylum	7	0.45	0.41666666666666663
motility	genus	8	prevalence	different_phylum	1	0.0	0.0
motility	genus	8	prevalence	same_class	12	0.5	0.3684210526315789
motility	genus	8	prevalence	same_family	1060	0.5	0.39150401836969
motility	genus	8	prevalence	same_order	49	0.5	0.3717948717948718
motility	genus	8	prevalence	same_phylum	6	0.5	0.3333333333333333
motility	genus	8	taxonomy	different_phylum	1	1.0	1.0
motility	genus	8	taxonomy	same_class	12	0.6857142857142857	0.6666666666666666
motility	genus	8	taxonomy	same_family	1060	0.7963389656938045	0.7933407668423242
motility	genus	8	taxonomy	same_order	49	0.7043103448275863	0.7043103448275863
motility	genus	8	taxonomy	same_phylum	6	0.6666666666666666	0.625
motility	genus	9	prevalence	different_phylum	1	0.0	0.0
motility	genus	9	prevalence	same_class	33	0.5	0.32653061224489793
motility	genus	9	prevalence	same_family	1021	0.5	0.35542929292929293
motility	genus	9	prevalence	same_order	66	0.5	0.3465346534653465
motility	genus	9	prevalence	same_phylum	6	0.5	0.3333333333333333
motility	genus	9	taxonomy	different_phylum	1	0.0	0.0
motility	genus	9	taxonomy	same_class	33	0.6875	0.6590909090909091
motility	genus	9	taxonomy	same_family	1021	0.8008543594437162	0.8003527480271666
motility	genus	9	taxonomy	same_order	66	0.6907834101382488	0.6781982818667285
motility	genus	9	taxonomy	same_phylum	6	0.6666666666666666	0.6666666666666666
motility	genus	10	prevalence	different_phylum	5	0.5	0.16666666666666666
motility	genus	10	prevalence	same_class	25	0.5	0.3902439024390244
motility	genus	10	prevalence	same_family	1061	0.5	0.34586929716399506
motility	genus	10	prevalence	same_order	64	0.5	0.3786407766990291
motility	genus	10	prevalence	same_phylum	4	0.5	0.3333333333333333
motility	genus	10	taxonomy	different_phylum	5	0.5	0.16666666666666666
motility	genus	10	taxonomy	same_class	25	0.5763888888888888	0.5192307692307692
motility	genus	10	taxonomy	same_family	1061	0.7538538324420678	0.7520774749561316
motility	genus	10	taxonomy	same_order	64	0.6876923076923077	0.6698599852616065
motility	genus	10	taxonomy	same_phylum	4	0.75	0.7333333333333334
motility	genus	11	prevalence	different_phylum	5	0.5	0.16666666666666666
motility	genus	11	prevalence	same_class	22	0.5	0.37142857142857144
motility	genus	11	prevalence	same_family	1016	0.5	0.3930704898446834
motility	genus	11	prevalence	same_order	78	0.5	0.30357142857142855
motility	genus	11	prevalence	same_phylum	6	0.5	0.14285714285714285
motility	genus	11	taxonomy	different_phylum	5	0.5	0.16666666666666666
motility	genus	11	taxonomy	same_class	22	0.5427350427350428	0.4905263157894737
motility	genus	11	taxonomy	same_family	1016	0.753765431050585	0.7550480482018196
motility	genus	11	taxonomy	same_order	78	0.6524064171122994	0.648964896489649
motility	genus	11	taxonomy	same_phylum	6	1.0	1.0
motility	genus	12	prevalence	different_phylum	5	0.0	0.0
motility	genus	12	prevalence	same_class	28	0.5	0.3333333333333333
motility	genus	12	prevalence	same_family	1055	0.5	0.3859138533178114
motility	genus	12	prevalence	same_order	64	0.5	0.2967032967032967
motility	genus	12	prevalence	same_phylum	7	0.5	0.2222222222222222
motility	genus	12	taxonomy	different_phylum	5	0.0	0.0
motility	genus	12	taxonomy	same_class	28	0.6785714285714286	0.6571428571428571
motility	genus	12	taxonomy	same_family	1055	0.7686093668236524	0.7635220446994266
motility	genus	12	taxonomy	same_order	64	0.6461461461461462	0.6469661150512214
motility	genus	12	taxonomy	same_phylum	7	0.65	0.65
motility	genus	13	prevalence	same_class	19	0.5	0.32142857142857145
motility	genus	13	prevalence	same_family	1036	0.5	0.3430564362714014
motility	genus	13	prevalence	same_order	69	0.5	0.28865979381443296
motility	genus	13	prevalence	same_phylum	7	0.0	0.0
motility	genus	13	taxonomy	same_class	19	0.4611111111111111	0.43452380952380953
motility	genus	13	taxonomy	same_family	1036	0.8267704774174275	0.8261453263970464
motility	genus	13	taxonomy	same_order	69	0.7482578397212544	0.7531305903398926
motility	genus	13	taxonomy	same_phylum	7	1.0	1.0
motility	genus	14	prevalence	same_class	12	0.5	0.3333333333333333
motility	genus	14	prevalence	same_family	1062	0.5	0.3738207547169811
motility	genus	14	prevalence	same_order	46	0.5	0.3235294117647059
motility	genus	14	prevalence	same_phylum	7	0.5	0.2222222222222222
motility	genus	14	taxonomy	same_class	12	0.6666666666666667	0.6571428571428571
motility	genus	14	taxonomy	same_family	1062	0.7597695981603231	0.753904086029292
motility	genus	14	taxonomy	same_order	46	0.6950757575757576	0.6950757575757576
motility	genus	14	taxonomy	same_phylum	7	0.75	0.7878787878787878
motility	genus	15	prevalence	different_phylum	3	1.0	1.0
motility	genus	15	prevalence	same_class	18	0.5	0.3333333333333333
motility	genus	15	prevalence	same_family	1039	0.5	0.38810365135453473
motility	genus	15	prevalence	same_order	63	0.5	0.3225806451612903
motility	genus	15	prevalence	same_phylum	5	0.5	0.16666666666666666
motility	genus	15	taxonomy	different_phylum	3	1.0	1.0
motility	genus	15	taxonomy	same_class	18	0.6666666666666666	0.6493506493506493
motility	genus	15	taxonomy	same_family	1039	0.755870138167878	0.752803919613567
motility	genus	15	taxonomy	same_order	63	0.603030303030303	0.5604651162790697
motility	genus	15	taxonomy	same_phylum	5	0.5	0.4444444444444444
motility	genus	16	prevalence	different_phylum	3	0.5	0.25
motility	genus	16	prevalence	same_class	17	0.5	0.32
motility	genus	16	prevalence	same_family	1035	0.5	0.39224897240164414
motility	genus	16	prevalence	same_order	69	0.5	0.28865979381443296
motility	genus	16	prevalence	same_phylum	5	0.5	0.2857142857142857
motility	genus	16	taxonomy	different_phylum	3	0.5	0.4
motility	genus	16	taxonomy	same_class	17	0.3333333333333333	0.2608695652173913
motility	genus	16	taxonomy	same_family	1035	0.7476504756155264	0.746113706028317
motility	genus	16	taxonomy	same_order	69	0.6711672473867596	0.6739130434782609
motility	genus	16	taxonomy	same_phylum	5	1.0	1.0
motility	genus	17	prevalence	same_class	16	0.5	0.38461538461538464
motility	genus	17	prevalence	same_family	1043	0.5	0.36324786324786323
motility	genus	17	prevalence	same_order	65	0.5	0.2857142857142857
motility	genus	17	prevalence	same_phylum	4	0.5	0.3333333333333333
motility	genus	17	taxonomy	same_class	16	0.4833333333333333	0.43529411764705883
motility	genus	17	taxonomy	same_family	1043	0.7908613445378152	0.7869926850098399
motility	genus	17	taxonomy	same_order	65	0.576923076923077	0.5751633986928104
motility	genus	17	taxonomy	same_phylum	4	0.5	0.5
motility	genus	18	prevalence	different_phylum	5	0.0	0.0
motility	genus	18	prevalence	same_class	18	0.5	0.28
motility	genus	18	prevalence	same_family	1071	0.5	0.3736842105263158
motility	genus	18	prevalence	same_order	56	0.5	0.3563218390804598
motility	genus	18	prevalence	same_phylum	3	1.0	1.0
motility	genus	18	taxonomy	different_phylum	5	0.0	0.0
motility	genus	18	taxonomy	same_class	18	0.7402597402597402	0.75
motility	genus	18	taxonomy	same_family	1071	0.7858796296296297	0.7797600872410033
motility	genus	18	taxonomy	same_order	56	0.6987096774193549	0.6955548448992644
motility	genus	18	taxonomy	same_phylum	3	0.3333333333333333	0.25
motility	genus	19	prevalence	different_phylum	4	0.0	0.0
motility	genus	19	prevalence	same_class	14	0.5	0.36363636363636365
motility	genus	19	prevalence	same_family	1083	0.5	0.3925967470555244
motility	genus	19	prevalence	same_order	60	0.5	0.3548387096774194
motility	genus	19	prevalence	same_phylum	5	0.5	0.375
motility	genus	19	taxonomy	different_phylum	4	0.0	0.0
motility	genus	19	taxonomy	same_class	14	0.8125	0.7846153846153847
motility	genus	19	taxonomy	same_family	1083	0.7985397239835882	0.8035906731372718
motility	genus	19	taxonomy	same_order	60	0.7407407407407407	0.7333333333333333
motility	genus	19	taxonomy	same_phylum	5	0.5833333333333333	0.5833333333333333
motility	family	0	prevalence	different_phylum	4	0.0	0.0
motility	family	0	prevalence	same_class	37	0.5	0.4032258064516129
motility	family	0	prevalence	same_order	1104	0.5	0.38427216954824317
motility	family	0	prevalence	same_phylum	35	0.5	0.4067796610169492
motility	family	0	taxonomy	different_phylum	4	1.0	1.0
motility	family	0	taxonomy	same_class	37	0.7583333333333333	0.6991869918699187
motility	family	0	taxonomy	same_order	1104	0.781628691835557	0.7621444676409186
motility	family	0	taxonomy	same_phylum	35	0.4507575757575758	0.2857142857142857
motility	family	1	prevalence	different_phylum	3	0.5	0.4
motility	family	1	prevalence	same_class	153	0.5	0.2644230769230769
motility	family	1	prevalence	same_order	1096	0.5	0.3701149425287356
motility	family	1	prevalence	same_phylum	9	0.5	0.35714285714285715
motility	family	1	taxonomy	different_phylum	3	0.5	0.25
motility	family	1	taxonomy	same_class	153	0.6083487940630797	0.6024193548387098
motility	family	1	taxonomy	same_order	1096	0.8291032265156928	0.8155986456340951
motility	family	1	taxonomy	same_phylum	9	0.7	0.6493506493506493
motility	family	2	prevalence	different_phylum	15	1.0	1.0
motility	family	2	prevalence	same_class	126	0.5	0.3333333333333333
motility	family	2	prevalence	same_order	1017	0.5	0.4134948096885813
motility	family	2	taxonomy	different_phylum	15	1.0	1.0
motility	family	2	taxonomy	same_class	126	0.6111111111111112	0.5418181818181818
motility	family	2	taxonomy	same_order	1017	0.8749721059972106	0.8260203783598842
motility	family	3	prevalence	different_phylum	3	0.5	0.4
motility	family	3	prevalence	same_class	136	0.5	0.4493927125506073
motility	family	3	prevalence	same_order	1004	0.5	0.39518072289156625
motility	family	3	prevalence	same_phylum	6	0.5	0.3333333333333333
motility	family	3	taxonomy	different_phylum	3	0.5	0.4
motility	family	3	taxonomy	same_class	136	0.705945945945946	0.705945945945946
motility	family	3	taxonomy	same_order	1004	0.8779524109896271	0.8556172468987595
motility	family	3	taxonomy	same_phylum	6	0.5	0.3333333333333333
motility	family	4	prevalence	same_class	66	0.5	0.1951219512195122
motility	family	4	prevalence	same_order	1035	0.5	0.38098086124401914
motility	family	4	prevalence	same_phylum	26	0.5	0.44680851063829785
motility	family	4	taxonomy	same_class	66	0.46	0.4107142857142857
motility	family	4	taxonomy	same_order	1035	0.7363682620322964	0.7374616537062139
motility	family	4	taxonomy	same_phylum	26	0.3	0.10344827586206896
motility	family	5	prevalence	different_phylum	1	0.0	0.0
motility	family	5	prevalence	same_class	104	0.5	0.44385026737967914
motility	family	5	prevalence	same_order	1017	0.5	0.3802559414990859
motility	family	5	prevalence	same_phylum	6	0.5	0.25
motility	family	5	taxonomy	different_phylum	1	0.0	0.0
motility	family	5	taxonomy	same_class	104	0.6299483648881239	0.6252771618625277
motility	family	5	taxonomy	same_order	1017	0.8002728028968487	0.7928485274500563
motility	family	5	taxonomy	same_phylum	6	0.5	0.4
motility	family	6	prevalence	same_class	29	0.5	0.35555555555555557
motility	family	6	prevalence	same_order	1084	0.5	0.3006451612903226
motility	family	6	prevalence	same_phylum	28	0.5	0.44
motility	family	6	taxonomy	same_class	29	0.5552884615384616	0.46578947368421053
motility	family	6	taxonomy	same_order	1084	0.7755948164506854	0.7824519540585426
motility	family	6	taxonomy	same_phylum	28	0.7045454545454546	0.7171717171717171
motility	family	7	prevalence	same_class	242	0.5	0.39195979899497485
motility	family	7	prevalence	same_order	985	0.5	0.3968156766687079
motility	family	7	prevalence	same_phylum	37	0.5	0.421875
motility	family	7	taxonomy	same_class	242	0.4953786523553966	0.2831068554937599
motility	family	7	taxonomy	same_order	985	0.704800435945342	0.7158037246739923
motility	family	7	taxonomy	same_phylum	37	0.7	0.7357142857142858
motility	family	8	prevalence	different_phylum	6	0.5	0.25
motility	family	8	prevalence	same_class	34	0.5	0.34615384615384615
motility	family	8	prevalence	same_order	1088	0.5	0.3952195664257921
motility	family	8	prevalence	same_phylum	23	0.5	0.34285714285714286
motility	family	8	taxonomy	different_phylum	6	0.5	0.25
motility	family	8	taxonomy	same_class	34	0.9444444444444444	0.9411764705882353
motility	family	8	taxonomy	same_order	1088	0.853721548832854	0.8299121633258701
motility	family	8	taxonomy	same_phylum	23	0.821969696969697	0.823076923076923
motility	family	9	prevalence	different_phylum	24	0.5	0.48936170212765956
motility	family	9	prevalence	same_class	65	0.5	0.4090909090909091
motility	family	9	prevalence	same_order	1028	0.5	0.35629304946775203
motility	family	9	prevalence	same_phylum	10	0.5	0.4117647058823529
motility	family	9	taxonomy	different_phylum	24	0.5	0.48936170212765956
motility	family	9	taxonomy	same_class	65	0.49444444444444446	0.3062794738148424
motility	family	9	taxonomy	same_order	1028	0.7118133330270207	0.7090584458753586
motility	family	9	taxonomy	same_phylum	10	1.0	1.0
motility	family	10	prevalence	different_phylum	4	0.0	0.0
motility	family	10	prevalence	same_class	62	0.5	0.27058823529411763
motility	family	10	prevalence	same_order	1089	0.5	0.39634146341463417
motility	family	10	prevalence	same_phylum	21	0.5	0.2222222222222222
motility	family	10	taxonomy	different_phylum	4	0.0	0.0
motility	family	10	taxonomy	same_class	62	0.6059085841694537	0.607239819004525
motility	family	10	taxonomy	same_order	1089	0.9034965034965035	0.8935587919069494
motility	family	10	taxonomy	same_phylum	21	0.8	0.7083333333333333
motility	family	11	prevalence	different_phylum	17	0.5	0.46875
motility	family	11	prevalence	same_class	282	0.5	0.3961456102783726
motility	family	11	prevalence	same_order	797	0.5	0.29964850615114236
motility	family	11	prevalence	same_phylum	31	0.5	0.44642857142857145
motility	family	11	taxonomy	different_phylum	17	0.5	0.46875
motility	family	11	taxonomy	same_class	282	0.5624129283923098	0.3904380865432381
motility	family	11	taxonomy	same_order	797	0.6411836960436281	0.6229344358542225
motility	family	11	taxonomy	same_phylum	31	0.65	0.6309523809523809
motility	family	12	prevalence	different_phylum	3	0.5	0.4
motility	family	12	prevalence	same_class	13	0.5	0.35
motility	family	12	prevalence	same_order	1122	0.5	0.3628620102214651
motility	family	12	prevalence	same_phylum	11	0.5	0.21428571428571427
motility	family	12	taxonomy	different_phylum	3	0.5	0.4
motility	family	12	taxonomy	same_class	13	0.5714285714285714	0.4583333333333333
motility	family	12	taxonomy	same_order	1122	0.7679118187385181	0.7556993006993007
motility	family	12	taxonomy	same_phylum	11	0.375	0.35294117647058826
motility	family	13	prevalence	same_class	279	0.5	0.3716216216216216
motility	family	13	prevalence	same_order	855	0.5	0.4585180493983534
motility	family	13	prevalence	same_phylum	10	0.5	0.3333333333333333
motility	family	13	taxonomy	same_class	279	0.5121212121212121	0.31672776501726474
motility	family	13	taxonomy	same_order	855	0.8383872464257096	0.853796169630643
motility	family	13	taxonomy	same_phylum	10	0.8	0.7916666666666667
motility	family	14	prevalence	same_class	228	0.5	0.39037433155080214
motility	family	14	prevalence	same_order	927	0.5	0.3897300855826201
motility	family	14	prevalence	same_phylum	8	0.5	0.2727272727272727
motility	family	14	taxonomy	same_class	228	0.5007517540928834	0.27726646700041535
motility	family	14	taxonomy	same_order	927	0.7622831787010892	0.7678455246770146
motility	family	14	taxonomy	same_phylum	8	0.5333333333333333	0.5
motility	family	15	prevalence	different_phylum	2	1.0	1.0
motility	family	15	prevalence	same_class	294	0.5	0.39630390143737165
motility	family	15	prevalence	same_order	833	0.5	0.36266258607498086
motility	family	15	prevalence	same_phylum	4	0.0	0.0
motility	family	15	taxonomy	different_phylum	2	1.0	1.0
motility	family	15	taxonomy	same_class	294	0.5051813471502591	0.2672538657271482
motility	family	15	taxonomy	same_order	833	0.6368252177285709	0.5820308696987171
motility	family	15	taxonomy	same_phylum	4	1.0	1.0
motility	family	16	prevalence	different_phylum	2	0.5	0.3333333333333333
motility	family	16	prevalence	same_class	252	0.5	0.4098360655737705
motility	family	16	prevalence	same_order	873	0.5	0.32378001549186675
motility	family	16	prevalence	same_phylum	4	0.5	0.42857142857142855
motility	family	16	taxonomy	different_phylum	2	0.5	0.3333333333333333
motility	family	16	taxonomy	same_class	252	0.5194805194805194	0.5195873205741627
motility	family	16	taxonomy	same_order	873	0.7583837215416163	0.7561469127475626
motility	family	16	taxonomy	same_phylum	4	1.0	1.0
motility	family	17	prevalence	different_phylum	3	0.5	0.4
motility	family	17	prevalence	same_class	146	0.5	0.4112903225806452
motility	family	17	prevalence	same_order	1089	0.5	0.3447653429602888
motility	family	17	prevalence	same_phylum	20	0.5	0.23076923076923078
motility	family	17	taxonomy	different_phylum	3	0.5	0.4
motility	family	17	taxonomy	same_class	146	0.7823083778966131	0.8043372319688109
motility	family	17	taxonomy	same_order	1089	0.7811853159624985	0.7683853041062056
motility	family	17	taxonomy	same_phylum	20	0.75	0.7849462365591398
motility	family	18	prevalence	different_phylum	2	1.0	1.0
motility	family	18	prevalence	same_class	186	0.5	0.41139240506329117
motility	family	18	prevalence	same_order	950	0.5	0.33797909407665505
motility	family	18	prevalence	same_phylum	33	0.5	0.4
motility	family	18	taxonomy	different_phylum	2	1.0	1.0
motility	family	18	taxonomy	same_class	186	0.8287087912087912	0.8154761904761905
motility	family	18	taxonomy	same_order	950	0.7239441303624875	0.7043633935096314
motility	family	18	taxonomy	same_phylum	33	0.8181818181818181	0.8253968253968254
motility	family	19	prevalence	different_phylum	1	0.0	0.0
motility	family	19	prevalence	same_class	31	0.5	0.32608695652173914
motility	family	19	prevalence	same_order	1115	0.5	0.3577188940092166
motility	family	19	prevalence	same_phylum	9	0.5	0.25
motility	family	19	taxonomy	different_phylum	1	1.0	1.0
motility	family	19	taxonomy	same_class	31	0.5770833333333334	0.5735449735449736
motility	family	19	taxonomy	same_order	1115	0.8465401240000783	0.8400745840504877
motility	family	19	taxonomy	same_phylum	9	0.5833333333333334	0.41558441558441556
motility	order	0	prevalence	different_phylum	1	1.0	1.0
motility	order	0	prevalence	same_class	1183	0.5	0.40492957746478875
motility	order	0	prevalence	same_phylum	22	0.5	0.15384615384615385
motility	order	0	taxonomy	different_phylum	1	1.0	1.0
motility	order	0	taxonomy	same_class	1183	0.589602024384633	0.4892846488359551
motility	order	0	taxonomy	same_phylum	22	0.4722222222222222	0.4358974358974359
motility	order	1	prevalence	same_class	1164	0.5	0.3337149398969662
motility	order	1	prevalence	same_phylum	6	1.0	1.0
motility	order	1	taxonomy	same_class	1164	0.6662567938994399	0.6415163801068335
motility	order	1	taxonomy	same_phylum	6	1.0	1.0
motility	order	2	prevalence	different_phylum	1	0.0	0.0
motility	order	2	prevalence	same_class	1406	0.5	0.31846825012118274
motility	order	2	prevalence	same_phylum	23	0.5	0.3235294117647059
motility	order	2	taxonomy	different_phylum	1	0.0	0.0
motility	order	2	taxonomy	same_class	1406	0.7330250582715057	0.7320797881409389
motility	order	2	taxonomy	same_phylum	23	0.8712121212121212	0.8695652173913043
motility	order	3	prevalence	same_class	1125	0.5	0.3541905855338691
motility	order	3	prevalence	same_phylum	2	1.0	1.0
motility	order	3	taxonomy	same_class	1125	0.6933616432062686	0.6871088861076345
motility	order	3	taxonomy	same_phylum	2	0.0	0.0
motility	order	4	prevalence	different_phylum	1	1.0	1.0
motility	order	4	prevalence	same_class	1269	0.5	0.14198782961460446
motility	order	4	prevalence	same_phylum	39	0.5	0.417910447761194
motility	order	4	taxonomy	different_phylum	1	1.0	1.0
motility	order	4	taxonomy	same_class	1269	0.5604680965870767	0.521012609833856
motility	order	4	taxonomy	same_phylum	39	0.7727272727272727	0.8119575699132112
motility	order	5	prevalence	different_phylum	115	0.5	0.3783783783783784
motility	order	5	prevalence	same_class	961	0.5	0.3974921630094044
motility	order	5	prevalence	same_phylum	63	0.5	0.3883495145631068
motility	order	5	taxonomy	different_phylum	115	0.5	0.3783783783783784
motility	order	5	taxonomy	same_class	961	0.5565483942542374	0.5534094624258559
motility	order	5	taxonomy	same_phylum	63	0.9097826086956522	0.9135802469135802
motility	order	6	prevalence	same_class	1407	0.5	0.25908372827804105
motility	order	6	prevalence	same_phylum	10	0.5	0.3333333333333333
motility	order	6	taxonomy	same_class	1407	0.5514460882313741	0.5015109052085717
motility	order	6	taxonomy	same_phylum	10	1.0	1.0
motility	order	7	prevalence	different_phylum	2	1.0	1.0
motility	order	7	prevalence	same_class	1168	0.5	0.2882388787324802
motility	order	7	prevalence	same_phylum	1	1.0	1.0
motility	order	7	taxonomy	different_phylum	2	1.0	1.0
motility	order	7	taxonomy	same_class	1168	0.6533727774651314	0.6292783762090286
motility	order	7	taxonomy	same_phylum	1	1.0	1.0
motility	order	8	prevalence	different_phylum	22	0.5	0.26666666666666666
motility	order	8	prevalence	same_class	1399	0.5	0.3842429577464789
motility	order	8	prevalence	same_phylum	13	0.5	0.38095238095238093
motility	order	8	taxonomy	different_phylum	22	0.5	0.26666666666666666
motility	order	8	taxonomy	same_class	1399	0.5227418237884311	0.45341593189419277
motility	order	8	taxonomy	same_phylum	13	0.9	0.9150326797385621
motility	order	9	prevalence	different_phylum	4	0.5	0.3333333333333333
motility	order	9	prevalence	same_class	1131	0.5	0.3826419213973799
motility	order	9	prevalence	same_phylum	66	0.5	0.3465346534653465
motility	order	9	taxonomy	different_phylum	4	0.5	0.3333333333333333
motility	order	9	taxonomy	same_class	1131	0.5238795076800584	0.3345086779364075
motility	order	9	taxonomy	same_phylum	66	0.7907834101382489	0.7878787878787878
motility	order	10	prevalence	different_phylum	19	0.5	0.3870967741935484
motility	order	10	prevalence	same_class	1096	0.5	0.3280196198651134
motility	order	10	prevalence	same_phylum	13	0.5	0.07142857142857142
motility	order	10	taxonomy	different_phylum	19	0.5	0.3870967741935484
motility	order	10	taxonomy	same_class	1096	0.6885118363403135	0.6815950248576086
motility	order	10	taxonomy	same_phylum	13	0.5	0.48
motility	order	11	prevalence	same_class	1180	0.5	0.2679900744416873
motility	order	11	prevalence	same_phylum	37	0.5	0.4307692307692308
motility	order	11	taxonomy	same_class	1180	0.5038126361655774	0.48963715529753266
motility	order	11	taxonomy	same_phylum	37	0.7777777777777778	0.8238095238095238
motility	order	12	prevalence	different_phylum	6	0.5	0.45454545454545453
motility	order	12	prevalence	same_class	1321	0.5	0.27537026878771254
motility	order	12	prevalence	same_phylum	44	0.5	0.38028169014084506
motility	order	12	taxonomy	different_phylum	6	0.5	0.45454545454545453
motility	order	12	taxonomy	same_class	1321	0.5564409030544488	0.5565431530130251
motility	order	12	taxonomy	same_phylum	44	0.7712418300653594	0.7649572649572649
motility	order	13	prevalence	different_phylum	54	0.5	0.22857142857142856
motility	order	13	prevalence	same_class	1048	0.5	0.352686843730698
motility	order	13	prevalence	same_phylum	39	0.5	0.25
motility	order	13	taxonomy	different_phylum	54	0.5	0.22857142857142856
motility	order	13	taxonomy	same_class	1048	0.5813277673139551	0.49998335644937586
motility	order	13	taxonomy	same_phylum	39	0.576923076923077	0.5666666666666667
motility	order	14	prevalence	different_phylum	16	0.5	0.4838709677419355
motility	order	14	prevalence	same_class	1224	0.5	0.32263420033204204
motility	order	14	prevalence	same_phylum	32	0.5	0.4482758620689655
motility	order	14	taxonomy	different_phylum	16	0.5	0.4838709677419355
motility	order	14	taxonomy	same_class	1224	0.5624466488093486	0.5273109243697479
motility	order	14	taxonomy	same_phylum	32	0.5833333333333334	0.5989974937343359
motility	order	15	prevalence	different_phylum	15	0.5	0.25
motility	order	15	prevalence	same_class	1105	0.5	0.30807764558547274
motility	order	15	prevalence	same_phylum	11	0.5	0.45
motility	order	15	taxonomy	different_phylum	15	0.5	0.25
motility	order	15	taxonomy	same_class	1105	0.7518998925715195	0.7549589662999825
motility	order	15	taxonomy	same_phylum	11	1.0	1.0
motility	order	16	prevalence	different_phylum	10	0.5	0.4444444444444444
motility	order	16	prevalence	same_class	1223	0.5	0.36828512396694213
motility	order	16	prevalence	same_phylum	4	0.5	0.3333333333333333
motility	order	16	taxonomy	different_phylum	10	0.5	0.16666666666666666
motility	order	16	taxonomy	same_class	1223	0.5366815169265462	0.5243303630201652
motility	order	16	taxonomy	same_phylum	4	0.75	0.7333333333333334
motility	order	17	prevalence	different_phylum	65	0.5	0.21686746987951808
motility	order	17	prevalence	same_class	1266	0.5	0.4056338028169014
motility	order	17	prevalence	same_phylum	59	0.5	0.3218390804597701
motility	order	17	taxonomy	different_phylum	65	0.5	0.21686746987951808
motility	order	17	taxonomy	same_class	1266	0.5536812465450526	0.46437563861000963
motility	order	17	taxonomy	same_phylum	59	0.7033410138248848	0.6994306263110579
motility	order	18	prevalence	different_phylum	31	0.5	0.45614035087719296
motility	order	18	prevalence	same_class	1034	0.5	0.3577639751552795
motility	order	18	prevalence	same_phylum	67	0.5	0.4017857142857143
motility	order	18	taxonomy	different_phylum	31	0.5	0.45614035087719296
motility	order	18	taxonomy	same_class	1034	0.5217317139737991	0.4657689765347282
motility	order	18	taxonomy	same_phylum	67	0.5464646464646464	0.5275641025641026
motility	order	19	prevalence	different_phylum	2	1.0	1.0
motility	order	19	prevalence	same_class	1213	0.5	0.38488843813387424
motility	order	19	prevalence	same_phylum	36	0.5	0.41935483870967744
motility	order	19	taxonomy	different_phylum	2	1.0	1.0
motility	order	19	taxonomy	same_class	1213	0.7519675784854869	0.7088902259524028
motility	order	19	taxonomy	same_phylum	36	0.8307692307692307	0.8518518518518519
spore	within	0	prevalence	different_phylum	1	1.0	1.0
spore	within	0	prevalence	same_class	10	0.5	0.2857142857142857
spore	within	0	prevalence	same_family	152	0.5	0.44727272727272727
spore	within	0	prevalence	same_genus	328	0.5	0.42657342657342656
spore	within	0	prevalence	same_order	23	0.5	0.43902439024390244
spore	within	0	prevalence	same_phylum	2	1.0	1.0
spore	within	0	taxonomy	different_phylum	1	1.0	1.0
spore	within	0	taxonomy	same_class	10	1.0	1.0
spore	within	0	taxonomy	same_family	152	0.9208017942248388	0.875558914289313
spore	within	0	taxonomy	same_genus	328	0.9679937548790007	0.9679937548790007
spore	within	0	taxonomy	same_order	23	0.9722222222222222	0.9402597402597402
spore	within	0	taxonomy	same_phylum	2	0.0	0.0
spore	within	1	prevalence	different_phylum	1	1.0	1.0
spore	within	1	prevalence	same_class	5	0.5	0.2857142857142857
spore	within	1	prevalence	same_family	148	0.5	0.4372623574144487
spore	within	1	prevalence	same_genus	334	0.5	0.43197278911564624
spore	within	1	prevalence	same_order	26	0.5	0.36585365853658536
spore	within	1	prevalence	same_phylum	2	1.0	1.0
spore	within	1	taxonomy	different_phylum	1	0.0	0.0
spore	within	1	taxonomy	same_class	5	1.0	1.0
spore	within	1	taxonomy	same_family	148	0.9110671936758893	0.8818109220468088
spore	within	1	taxonomy	same_genus	334	0.9690944881889764	0.9711111934858089
spore	within	1	taxonomy	same_order	26	0.9666666666666667	0.9610194902548725
spore	within	1	taxonomy	same_phylum	2	0.5	0.3333333333333333
spore	within	2	prevalence	different_phylum	1	1.0	1.0
spore	within	2	prevalence	same_class	9	0.5	0.4375
spore	within	2	prevalence	same_family	153	0.5	0.43956043956043955
spore	within	2	prevalence	same_genus	325	0.5	0.4288224956063269
spore	within	2	prevalence	same_order	22	0.5	0.45
spore	within	2	prevalence	same_phylum	6	0.5	0.45454545454545453
spore	within	2	taxonomy	different_phylum	1	0.0	0.0
spore	within	2	taxonomy	same_class	9	1.0	1.0
spore	within	2	taxonomy	same_family	153	0.9431818181818181	0.9028571428571428
spore	within	2	taxonomy	same_genus	325	0.9589151993523578	0.9514587274718709
spore	within	2	taxonomy	same_order	22	1.0	1.0
spore	within	2	taxonomy	same_phylum	6	0.9	0.7777777777777777
spore	within	3	prevalence	different_phylum	1	1.0	1.0
spore	within	3	prevalence	same_class	11	0.5	0.42105263157894735
spore	within	3	prevalence	same_family	137	0.5	0.43621399176954734
spore	within	3	prevalence	same_genus	336	0.5	0.4371859296482412
spore	within	3	prevalence	same_order	29	0.5	0.42
spore	within	3	prevalence	same_phylum	2	1.0	1.0
spore	within	3	taxonomy	different_phylum	1	1.0	1.0
spore	within	3	taxonomy	same_class	11	1.0	1.0
spore	within	3	taxonomy	same_family	137	0.9319841752891054	0.886963696369637
spore	within	3	taxonomy	same_genus	336	0.9704214559386972	0.965991902834008
spore	within	3	taxonomy	same_order	29	0.8422619047619048	0.8043184885290149
spore	within	3	taxonomy	same_phylum	2	0.0	0.0
spore	within	4	prevalence	different_phylum	3	1.0	1.0
spore	within	4	prevalence	same_class	11	0.5	0.3888888888888889
spore	within	4	prevalence	same_family	156	0.5	0.417910447761194
spore	within	4	prevalence	same_genus	318	0.5	0.44014084507042256
spore	within	4	prevalence	same_order	24	0.5	0.4418604651162791
spore	within	4	prevalence	same_phylum	4	0.5	0.3333333333333333
spore	within	4	taxonomy	different_phylum	3	0.0	0.0
spore	within	4	taxonomy	same_class	11	0.6428571428571428	0.5299145299145299
spore	within	4	taxonomy	same_family	156	0.9074675324675325	0.8991596638655461
spore	within	4	taxonomy	same_genus	318	0.9585882352941176	0.9537279552994586
spore	within	4	taxonomy	same_order	24	0.9473684210526316	0.8888888888888888
spore	within	4	taxonomy	same_phylum	4	0.75	0.7333333333333334
spore	within	5	prevalence	different_phylum	2	1.0	1.0
spore	within	5	prevalence	same_class	5	0.5	0.4444444444444444
spore	within	5	prevalence	same_family	146	0.5	0.44061302681992337
spore	within	5	prevalence	same_genus	336	0.5	0.4246575342465753
spore	within	5	prevalence	same_order	25	0.5	0.4186046511627907
spore	within	5	prevalence	same_phylum	2	1.0	1.0
spore	within	5	taxonomy	different_phylum	2	0.0	0.0
spore	within	5	taxonomy	same_class	5	0.5	0.4444444444444444
spore	within	5	taxonomy	same_family	146	0.9093969144460028	0.8999451754385965
spore	within	5	taxonomy	same_genus	336	0.9648093841642229	0.9547880690737833
spore	within	5	taxonomy	same_order	25	0.9444444444444444	0.9080882352941176
spore	within	5	taxonomy	same_phylum	2	0.0	0.0
spore	within	6	prevalence	different_phylum	3	1.0	1.0
spore	within	6	prevalence	same_class	11	0.5	0.3888888888888889
spore	within	6	prevalence	same_family	143	0.5	0.4302788844621514
spore	within	6	prevalence	same_genus	332	0.5	0.4185639229422067
spore	within	6	prevalence	same_order	21	0.5	0.34375
spore	within	6	prevalence	same_phylum	6	1.0	1.0
spore	within	6	taxonomy	different_phylum	3	1.0	1.0
spore	within	6	taxonomy	same_class	11	0.9285714285714286	0.905982905982906
spore	within	6	taxonomy	same_family	143	0.9390211640211641	0.9186729857819905
spore	within	6	taxonomy	same_genus	332	0.9426373329734107	0.9340572033898304
spore	within	6	taxonomy	same_order	21	0.7636363636363637	0.7619047619047619
spore	within	6	taxonomy	same_phylum	6	1.0	1.0
spore	within	7	prevalence	different_phylum	2	1.0	1.0
spore	within	7	prevalence	same_class	6	0.5	0.3333333333333333
spore	within	7	prevalence	same_family	156	0.5	0.43478260869565216
spore	within	7	prevalence	same_genus	324	0.5	0.42857142857142855
spore	within	7	prevalence	same_order	26	0.5	0.43478260869565216
spore	within	7	prevalence	same_phylum	2	1.0	1.0
spore	within	7	taxonomy	different_phylum	2	1.0	1.0
spore	within	7	taxonomy	same_class	6	1.0	1.0
spore	within	7	taxonomy	same_family	156	0.9083333333333333	0.8749398749398749
spore	within	7	taxonomy	same_genus	324	0.9629629629629629	0.9517857142857142
spore	within	7	taxonomy	same_order	26	0.8416666666666667	0.8045112781954887
spore	within	7	taxonomy	same_phylum	2	0.5	0.3333333333333333
spore	within	8	prevalence	different_phylum	1	1.0	1.0
spore	within	8	prevalence	same_class	7	0.5	0.46153846153846156
spore	within	8	prevalence	same_family	135	0.5	0.4351464435146444
spore	within	8	prevalence	same_genus	343	0.5	0.42833333333333334
spore	within	8	prevalence	same_order	26	0.5	0.4583333333333333
spore	within	8	prevalence	same_phylum	4	0.5	0.42857142857142855
spore	within	8	taxonomy	different_phylum	1	0.0	0.0
spore	within	8	taxonomy	same_class	7	0.9166666666666667	0.7878787878787878
spore	within	8	taxonomy	same_family	135	0.906637717121588	0.8976031553398058
spore	within	8	taxonomy	same_genus	343	0.9495068319609086	0.9326923076923077
spore	within	8	taxonomy	same_order	26	0.9318181818181819	0.8270509977827052
spore	within	8	taxonomy	same_phylum	4	0.6666666666666666	0.5
spore	within	9	prevalence	different_phylum	1	1.0	1.0
spore	within	9	prevalence	same_class	8	0.5	0.42857142857142855
spore	within	9	prevalence	same_family	154	0.5	0.4144486692015209
spore	within	9	prevalence	same_genus	327	0.5	0.42123893805309737
spore	within	9	prevalence	same_order	23	0.5	0.41025641025641024
spore	within	9	prevalence	same_phylum	3	1.0	1.0
spore	within	9	taxonomy	different_phylum	1	0.0	0.0
spore	within	9	taxonomy	same_class	8	1.0	1.0
spore	within	9	taxonomy	same_family	154	0.890112130479103	0.890112130479103
spore	within	9	taxonomy	same_genus	327	0.9740581625908791	0.9658556959381852
spore	within	9	taxonomy	same_order	23	0.9375	0.9041666666666667
spore	within	9	taxonomy	same_phylum	3	0.3333333333333333	0.25
spore	within	10	prevalence	different_phylum	1	1.0	1.0
spore	within	10	prevalence	same_class	6	0.5	0.4
spore	within	10	prevalence	same_family	139	0.5	0.41841004184100417
spore	within	10	prevalence	same_genus	348	0.5	0.4440894568690096
spore	within	10	prevalence	same_order	19	0.5	0.42424242424242425
spore	within	10	prevalence	same_phylum	3	1.0	1.0
spore	within	10	taxonomy	different_phylum	1	0.0	0.0
spore	within	10	taxonomy	same_class	6	1.0	1.0
spore	within	10	taxonomy	same_family	139	0.8830769230769231	0.8771464646464646
spore	within	10	taxonomy	same_genus	348	0.9623843782117163	0.9479950186799502
spore	within	10	taxonomy	same_order	19	0.8642857142857143	0.8642857142857143
spore	within	10	taxonomy	same_phylum	3	0.6666666666666666	0.4
spore	within	11	prevalence	different_phylum	2	1.0	1.0
spore	within	11	prevalence	same_class	2	1.0	1.0
spore	within	11	prevalence	same_family	138	0.5	0.425
spore	within	11	prevalence	same_genus	341	0.5	0.4239864864864865
spore	within	11	prevalence	same_order	28	0.5	0.40425531914893614
spore	within	11	prevalence	same_phylum	5	0.5	0.4444444444444444
spore	within	11	taxonomy	different_phylum	2	1.0	1.0
spore	within	11	taxonomy	same_class	2	1.0	1.0
spore	within	11	taxonomy	same_family	138	0.886437908496732	0.8728947368421053
spore	within	11	taxonomy	same_genus	341	0.9658255865427181	0.9625274725274725
spore	within	11	taxonomy	same_order	28	0.9473684210526316	0.9222222222222223
spore	within	11	taxonomy	same_phylum	5	0.75	0.5833333333333333
spore	within	12	prevalence	different_phylum	3	1.0	1.0
spore	within	12	prevalence	same_class	6	0.5	0.4
spore	within	12	prevalence	same_family	146	0.5	0.43410852713178294
spore	within	12	prevalence	same_genus	331	0.5	0.4322469982847341
spore	within	12	prevalence	same_order	25	0.5	0.3902439024390244
spore	within	12	prevalence	same_phylum	5	0.5	0.375
spore	within	12	taxonomy	different_phylum	3	1.0	1.0
spore	within	12	taxonomy	same_class	6	1.0	1.0
spore	within	12	taxonomy	same_family	146	0.9598214285714286	0.920628209000302
spore	within	12	taxonomy	same_genus	331	0.9675005023106289	0.9517586474931986
spore	within	12	taxonomy	same_order	25	0.9375	0.9166666666666667
spore	within	12	taxonomy	same_phylum	5	0.8333333333333333	0.8
spore	within	13	prevalence	different_phylum	1	1.0	1.0
spore	within	13	prevalence	same_class	7	0.5	0.4166666666666667
spore	within	13	prevalence	same_family	152	0.5	0.4220532319391635
spore	within	13	prevalence	same_genus	327	0.5	0.4400684931506849
spore	within	13	prevalence	same_order	24	0.5	0.4146341463414634
spore	within	13	prevalence	same_phylum	5	1.0	1.0
spore	within	13	taxonomy	different_phylum	1	1.0	1.0
spore	within	13	taxonomy	same_class	7	1.0	1.0
spore	within	13	taxonomy	same_family	152	0.9183695891012964	0.8967337339952965
spore	within	13	taxonomy	same_genus	327	0.964313507504169	0.9435045517974616
spore	within	13	taxonomy	same_order	24	0.8571428571428572	0.8888888888888888
spore	within	13	taxonomy	same_phylum	5	0.8	0.4444444444444444
spore	within	14	prevalence	different_phylum	1	1.0	1.0
spore	within	14	prevalence	same_class	8	0.5	0.42857142857142855
spore	within	14	prevalence	same_family	165	0.5	0.4290657439446367
spore	within	14	prevalence	same_genus	321	0.5	0.431858407079646
spore	within	14	prevalence	same_order	16	0.5	0.42857142857142855
spore	within	14	prevalence	same_phylum	5	0.5	0.4444444444444444
spore	within	14	taxonomy	different_phylum	1	0.0	0.0
spore	within	14	taxonomy	same_class	8	1.0	1.0
spore	within	14	taxonomy	same_family	165	0.9555468135326515	0.9307660030770666
spore	within	14	taxonomy	same_genus	321	0.9661752182243986	0.9580238518673501
spore	within	14	taxonomy	same_order	16	0.7916666666666667	0.7681159420289855
spore	within	14	taxonomy	same_phylum	5	1.0	1.0
spore	within	15	prevalence	different_phylum	1	1.0	1.0
spore	within	15	prevalence	same_class	8	0.5	0.4666666666666667
spore	within	15	prevalence	same_family	141	0.5	0.4268292682926829
spore	within	15	prevalence	same_genus	343	0.5	0.43399339933993397
spore	within	15	prevalence	same_order	23	0.5	0.3783783783783784
spore	within	15	taxonomy	different_phylum	1	1.0	1.0
spore	within	15	taxonomy	same_class	8	0.5	0.4666666666666667
spore	within	15	taxonomy	same_family	141	0.9765873015873016	0.9722750213016975
spore	within	15	taxonomy	same_genus	343	0.9622385931558936	0.9485537595329572
spore	within	15	taxonomy	same_order	23	0.9285714285714286	0.9115384615384616
spore	within	16	prevalence	same_class	9	0.5	0.4375
spore	within	16	prevalence	same_family	158	0.5	0.44366197183098594
spore	within	16	prevalence	same_genus	318	0.5	0.42391304347826086
spore	within	16	prevalence	same_order	29	0.5	0.43137254901960786
spore	within	16	prevalence	same_phylum	2	0.5	0.3333333333333333
spore	within	16	taxonomy	same_class	9	0.9285714285714286	0.8615384615384616
spore	within	16	taxonomy	same_family	158	0.9213789682539683	0.8980226485947309
spore	within	16	taxonomy	same_genus	318	0.9693223443223443	0.964006791171477
spore	within	16	taxonomy	same_order	29	0.8831168831168831	0.8651162790697675
spore	within	16	taxonomy	same_phylum	2	1.0	1.0
spore	within	17	prevalence	different_phylum	2	1.0	1.0
spore	within	17	prevalence	same_class	3	1.0	1.0
spore	within	17	prevalence	same_family	143	0.5	0.43700787401574803
spore	within	17	prevalence	same_genus	335	0.5	0.4341216216216216
spore	within	17	prevalence	same_order	31	0.5	0.40384615384615385
spore	within	17	prevalence	same_phylum	2	1.0	1.0
spore	within	17	taxonomy	different_phylum	2	1.0	1.0
spore	within	17	taxonomy	same_class	3	1.0	1.0
spore	within	17	taxonomy	same_family	143	0.8879504504504505	0.859482476252866
spore	within	17	taxonomy	same_genus	335	0.972188965379627	0.9519506597819851
spore	within	17	taxonomy	same_order	31	0.9523809523809523	0.9295454545454545
spore	within	17	taxonomy	same_phylum	2	0.5	0.3333333333333333
spore	within	18	prevalence	same_class	4	0.5	0.42857142857142855
spore	within	18	prevalence	same_family	147	0.5	0.4189723320158103
spore	within	18	prevalence	same_genus	334	0.5	0.43389830508474575
spore	within	18	prevalence	same_order	29	0.5	0.4528301886792453
spore	within	18	prevalence	same_phylum	2	0.5	0.3333333333333333
spore	within	18	taxonomy	same_class	4	1.0	1.0
spore	within	18	taxonomy	same_family	147	0.9182006442705937	0.9089783281733745
spore	within	18	taxonomy	same_genus	334	0.9478665865384616	0.9458785695588767
spore	within	18	taxonomy	same_order	29	0.9583333333333333	0.894927536231884
spore	within	18	taxonomy	same_phylum	2	0.5	0.3333333333333333
spore	within	19	prevalence	different_phylum	4	1.0	1.0
spore	within	19	prevalence	same_class	12	0.5	0.45454545454545453
spore	within	19	prevalence	same_family	145	0.5	0.437984496124031
spore	within	19	prevalence	same_genus	330	0.5	0.4397283531409168
spore	within	19	prevalence	same_order	21	0.5	0.43243243243243246
spore	within	19	prevalence	same_phylum	4	0.5	0.3333333333333333
spore	within	19	taxonomy	different_phylum	4	0.0	0.0
spore	within	19	taxonomy	same_class	12	0.8	0.625
spore	within	19	taxonomy	same_family	145	0.9000276548672566	0.8626980619910358
spore	within	19	taxonomy	same_genus	330	0.9627494697917234	0.9401678408619976
spore	within	19	taxonomy	same_order	21	0.86875	0.86875
spore	within	19	taxonomy	same_phylum	4	0.75	0.7333333333333334
spore	genus	0	prevalence	different_phylum	1	1.0	1.0
spore	genus	0	prevalence	same_class	24	0.5	0.4
spore	genus	0	prevalence	same_family	436	0.5	0.4293193717277487
spore	genus	0	prevalence	same_order	54	0.5	0.41935483870967744
spore	genus	0	prevalence	same_phylum	6	0.5	0.4
spore	genus	0	taxonomy	different_phylum	1	1.0	1.0
spore	genus	0	taxonomy	same_class	24	0.96875	0.9544592030360531
spore	genus	0	taxonomy	same_family	436	0.9138437217705511	0.9138437217705511
spore	genus	0	taxonomy	same_order	54	0.9102564102564102	0.8561096307575181
spore	genus	0	taxonomy	same_phylum	6	0.875	0.8285714285714285
spore	genus	1	prevalence	different_phylum	1	1.0	1.0
spore	genus	1	prevalence	same_class	11	0.5	0.3888888888888889
spore	genus	1	prevalence	same_family	452	0.5	0.4212548015364917
spore	genus	1	prevalence	same_order	46	0.5	0.4588235294117647
spore	genus	1	prevalence	same_phylum	6	0.5	0.25
spore	genus	1	taxonomy	different_phylum	1	1.0	1.0
spore	genus	1	taxonomy	same_class	11	0.9285714285714286	0.905982905982906
spore	genus	1	taxonomy	same_family	452	0.9421380384016607	0.9365722408985803
spore	genus	1	taxonomy	same_order	46	0.8901098901098901	0.8486842105263157
spore	genus	1	taxonomy	same_phylum	6	0.75	0.7777777777777777
spore	genus	2	prevalence	different_phylum	2	1.0	1.0
spore	genus	2	prevalence	same_class	7	0.5	0.4166666666666667
spore	genus	2	prevalence	same_family	455	0.5	0.41516709511568123
spore	genus	2	prevalence	same_order	49	0.5	0.4235294117647059
spore	genus	2	prevalence	same_phylum	3	1.0	1.0
spore	genus	2	taxonomy	different_phylum	2	0.0	0.0
spore	genus	2	taxonomy	same_class	7	0.75	0.7878787878787878
spore	genus	2	taxonomy	same_family	455	0.9554367201426025	0.9405563223875171
spore	genus	2	taxonomy	same_order	49	0.9861111111111112	0.9744392279603546
spore	genus	2	taxonomy	same_phylum	3	0.6666666666666666	0.4
spore	genus	3	prevalence	different_phylum	3	1.0	1.0
spore	genus	3	prevalence	same_class	16	0.5	0.36
spore	genus	3	prevalence	same_family	463	0.5	0.4428399518652226
spore	genus	3	prevalence	same_order	31	0.5	0.32608695652173914
spore	genus	3	prevalence	same_phylum	3	0.5	0.25
spore	genus	3	taxonomy	different_phylum	3	1.0	1.0
spore	genus	3	taxonomy	same_class	16	1.0	1.0
spore	genus	3	taxonomy	same_family	463	0.8898026315789473	0.877941502941503
spore	genus	3	taxonomy	same_order	31	0.8666666666666667	0.8675213675213675
spore	genus	3	taxonomy	same_phylum	3	0.5	0.4
spore	genus	4	prevalence	same_class	6	0.5	0.45454545454545453
spore	genus	4	prevalence	same_family	458	0.5	0.44078144078144077
spore	genus	4	prevalence	same_order	48	0.5	0.4606741573033708
spore	genus	4	prevalence	same_phylum	4	0.5	0.3333333333333333
spore	genus	4	taxonomy	same_class	6	0.9	0.7777777777777777
spore	genus	4	taxonomy	same_family	458	0.936987748807722	0.9320968914806944
spore	genus	4	taxonomy	same_order	48	0.9146341463414633	0.7866666666666666
spore	genus	4	taxonomy	same_phylum	4	0.75	0.7333333333333334
spore	genus	5	prevalence	different_phylum	1	1.0	1.0
spore	genus	5	prevalence	same_class	13	0.5	0.35
spore	genus	5	prevalence	same_family	465	0.5	0.4470868014268728
spore	genus	5	prevalence	same_order	30	0.5	0.4
spore	genus	5	prevalence	same_phylum	7	1.0	1.0
spore	genus	5	taxonomy	different_phylum	1	1.0	1.0
spore	genus	5	taxonomy	same_class	13	1.0	1.0
spore	genus	5	taxonomy	same_family	465	0.9460464977289027	0.9385173649879532
spore	genus	5	taxonomy	same_order	30	1.0	1.0
spore	genus	5	taxonomy	same_phylum	7	0.5714285714285714	0.36363636363636365
spore	genus	6	prevalence	different_phylum	2	1.0	1.0
spore	genus	6	prevalence	same_class	10	0.5	0.47368421052631576
spore	genus	6	prevalence	same_family	447	0.5	0.45085995085995084
spore	genus	6	prevalence	same_order	56	0.5	0.44554455445544555
spore	genus	6	prevalence	same_phylum	1	0.0	0.0
spore	genus	6	taxonomy	different_phylum	2	1.0	1.0
spore	genus	6	taxonomy	same_class	10	0.9444444444444444	0.803921568627451
spore	genus	6	taxonomy	same_family	447	0.9385388283378746	0.9260227724083145
spore	genus	6	taxonomy	same_order	56	0.9212121212121211	0.893939393939394
spore	genus	6	taxonomy	same_phylum	1	1.0	1.0
spore	genus	7	prevalence	different_phylum	1	1.0	1.0
spore	genus	7	prevalence	same_class	16	0.5	0.30434782608695654
spore	genus	7	prevalence	same_family	437	0.5	0.4272608125819135
spore	genus	7	prevalence	same_order	57	0.5	0.3870967741935484
spore	genus	7	prevalence	same_phylum	5	0.5	0.4444444444444444
spore	genus	7	taxonomy	different_phylum	1	1.0	1.0
spore	genus	7	taxonomy	same_class	16	0.9285714285714286	0.9352226720647774
spore	genus	7	taxonomy	same_family	437	0.9057784778643674	0.876146552612594
spore	genus	7	taxonomy	same_order	57	0.8392857142857142	0.845945945945946
spore	genus	7	taxonomy	same_phylum	5	1.0	1.0
spore	genus	8	prevalence	different_phylum	3	1.0	1.0
spore	genus	8	prevalence	same_class	8	1.0	1.0
spore	genus	8	prevalence	same_family	453	0.5	0.43796526054590573
spore	genus	8	prevalence	same_order	44	0.5	0.36231884057971014
spore	genus	8	prevalence	same_phylum	8	0.5	0.1111111111111111
spore	genus	8	taxonomy	different_phylum	3	1.0	1.0
spore	genus	8	taxonomy	same_class	8	0.5	0.3333333333333333
spore	genus	8	taxonomy	same_family	453	0.966501416430595	0.9648353974806817
spore	genus	8	taxonomy	same_order	44	0.96	0.9541666666666666
spore	genus	8	taxonomy	same_phylum	8	0.6428571428571428	0.36507936507936506
spore	genus	9	prevalence	different_phylum	1	1.0	1.0
spore	genus	9	prevalence	same_class	14	0.5	0.3333333333333333
spore	genus	9	prevalence	same_family	469	0.5	0.41594022415940224
spore	genus	9	prevalence	same_order	28	0.5	0.37777777777777777
spore	genus	9	prevalence	same_phylum	4	0.5	0.42857142857142855
spore	genus	9	taxonomy	different_phylum	1	1.0	1.0
spore	genus	9	taxonomy	same_class	14	0.9285714285714286	0.9282051282051282
spore	genus	9	taxonomy	same_family	469	0.9493346640053227	0.9367464192269307
spore	genus	9	taxonomy	same_order	28	0.9705882352941176	0.9631093544137023
spore	genus	9	taxonomy	same_phylum	4	0.8333333333333333	0.7333333333333334
spore	genus	10	prevalence	different_phylum	1	1.0	1.0
spore	genus	10	prevalence	same_class	12	0.5	0.42857142857142855
spore	genus	10	prevalence	same_family	460	0.5	0.42355889724310775
spore	genus	10	prevalence	same_order	41	0.5	0.39705882352941174
spore	genus	10	prevalence	same_phylum	2	0.5	0.3333333333333333
spore	genus	10	taxonomy	different_phylum	1	1.0	1.0
spore	genus	10	taxonomy	same_class	12	0.8888888888888888	0.8125
spore	genus	10	taxonomy	same_family	460	0.9495828887379959	0.9281212563154331
spore	genus	10	taxonomy	same_order	41	0.7645502645502645	0.7599219258295381
spore	genus	10	taxonomy	same_phylum	2	1.0	1.0
spore	genus	11	prevalence	different_phylum	2	1.0	1.0
spore	genus	11	prevalence	same_class	11	0.5	0.3888888888888889
spore	genus	11	prevalence	same_family	455	0.5	0.4498186215235792
spore	genus	11	prevalence	same_order	44	0.5	0.42105263157894735
spore	genus	11	prevalence	same_phylum	4	0.5	0.3333333333333333
spore	genus	11	taxonomy	different_phylum	2	1.0	1.0
spore	genus	11	taxonomy	same_class	11	0.6428571428571428	0.5299145299145299
spore	genus	11	taxonomy	same_family	455	0.9342855292136287	0.9038461538461539
spore	genus	11	taxonomy	same_order	44	0.984375	0.9720634920634921
spore	genus	11	taxonomy	same_phylum	4	0.5	0.3333333333333333
spore	genus	12	prevalence	different_phylum	4	1.0	1.0
spore	genus	12	prevalence	same_class	15	0.5	0.2857142857142857
spore	genus	12	prevalence	same_family	463	0.5	0.44417767106842737
spore	genus	12	prevalence	same_order	37	0.5	0.463768115942029
spore	genus	12	prevalence	same_phylum	5	1.0	1.0
spore	genus	12	taxonomy	different_phylum	4	1.0	1.0
spore	genus	12	taxonomy	same_class	15	0.9166666666666667	0.9282296650717703
spore	genus	12	taxonomy	same_family	463	0.8910345829700669	0.8974211272598369
spore	genus	12	taxonomy	same_order	37	0.86875	0.8398268398268398
spore	genus	12	taxonomy	same_phylum	5	0.4	0.2857142857142857
spore	genus	13	prevalence	different_phylum	3	1.0	1.0
spore	genus	13	prevalence	same_class	16	0.5	0.30434782608695654
spore	genus	13	prevalence	same_family	454	0.5	0.4223918575063613
spore	genus	13	prevalence	same_order	46	0.5	0.4523809523809524
spore	genus	13	prevalence	same_phylum	3	1.0	1.0
spore	genus	13	taxonomy	different_phylum	3	1.0	1.0
spore	genus	13	taxonomy	same_class	16	0.7142857142857143	0.7090909090909091
spore	genus	13	taxonomy	same_family	454	0.9549920995457238	0.9378788870314294
spore	genus	13	taxonomy	same_order	46	0.9078947368421053	0.7971014492753623
spore	genus	13	taxonomy	same_phylum	3	0.3333333333333333	0.25
spore	genus	14	prevalence	different_phylum	5	1.0	1.0
spore	genus	14	prevalence	same_class	10	0.5	0.4117647058823529
spore	genus	14	prevalence	same_family	448	0.5	0.4576271186440678
spore	genus	14	prevalence	same_order	58	0.5	0.42574257425742573
spore	genus	14	prevalence	same_phylum	4	0.5	0.42857142857142855
spore	genus	14	taxonomy	different_phylum	5	1.0	1.0
spore	genus	14	taxonomy	same_class	10	1.0	1.0
spore	genus	14	taxonomy	same_family	448	0.9547619047619047	0.9180880240302991
spore	genus	14	taxonomy	same_order	58	0.9418604651162791	0.8977072310405643
spore	genus	14	taxonomy	same_phylum	4	0.6666666666666666	0.5
spore	genus	15	prevalence	same_class	13	0.5	0.35
spore	genus	15	prevalence	same_family	459	0.5	0.41229193341869397
spore	genus	15	prevalence	same_order	41	0.5	0.4225352112676056
spore	genus	15	prevalence	same_phylum	3	0.5	0.4
spore	genus	15	taxonomy	same_class	13	0.9285714285714286	0.9230769230769231
spore	genus	15	taxonomy	same_family	459	0.9116380287437095	0.9031301372906206
spore	genus	15	taxonomy	same_order	41	0.9333333333333333	0.8873626373626373
spore	genus	15	taxonomy	same_phylum	3	0.75	0.6666666666666666
spore	genus	16	prevalence	different_phylum	4	1.0	1.0
spore	genus	16	prevalence	same_class	15	0.5	0.4230769230769231
spore	genus	16	prevalence	same_family	459	0.5	0.41078305519897307
spore	genus	16	prevalence	same_order	38	0.5	0.4647887323943662
spore	genus	16	prevalence	same_phylum	3	1.0	1.0
spore	genus	16	taxonomy	different_phylum	4	1.0	1.0
spore	genus	16	taxonomy	same_class	15	0.6818181818181819	0.5333333333333333
spore	genus	16	taxonomy	same_family	459	0.9138489208633094	0.9146921833552042
spore	genus	16	taxonomy	same_order	38	0.9393939393939394	0.8248847926267281
spore	genus	16	taxonomy	same_phylum	3	0.6666666666666666	0.4
spore	genus	17	prevalence	same_class	10	0.5	0.2857142857142857
spore	genus	17	prevalence	same_family	448	0.5	0.42929936305732486
spore	genus	17	prevalence	same_order	56	0.5	0.3170731707317073
spore	genus	17	prevalence	same_phylum	2	0.5	0.3333333333333333
spore	genus	17	taxonomy	same_class	10	0.875	0.8901098901098901
spore	genus	17	taxonomy	same_family	448	0.9122490442965221	0.8633615405316508
spore	genus	17	taxonomy	same_order	56	0.8807692307692307	0.8749601275917065
spore	genus	17	taxonomy	same_phylum	2	0.5	0.3333333333333333
spore	genus	18	prevalence	different_phylum	2	1.0	1.0
spore	genus	18	prevalence	same_class	13	0.5	0.2777777777777778
spore	genus	18	prevalence	same_family	449	0.5	0.42435897435897435
spore	genus	18	prevalence	same_order	54	0.5	0.43157894736842106
spore	genus	18	taxonomy	different_phylum	2	1.0	1.0
spore	genus	18	taxonomy	same_class	13	0.9	0.9150326797385621
spore	genus	18	taxonomy	same_family	449	0.9561549490501307	0.9440121701830515
spore	genus	18	taxonomy	same_order	54	0.876172607879925	0.8223684210526316
spore	genus	19	prevalence	different_phylum	2	1.0	1.0
spore	genus	19	prevalence	same_class	11	1.0	1.0
spore	genus	19	prevalence	same_family	441	0.5	0.41743725231175693
spore	genus	19	prevalence	same_order	59	0.5	0.4485981308411215
spore	genus	19	prevalence	same_phylum	4	0.5	0.42857142857142855
spore	genus	19	taxonomy	different_phylum	2	1.0	1.0
spore	genus	19	taxonomy	same_class	11	0.9090909090909091	0.47619047619047616
spore	genus	19	taxonomy	same_family	441	0.9042658227848102	0.9072141285982976
spore	genus	19	taxonomy	same_order	59	0.8428030303030303	0.8551791850760923
spore	genus	19	taxonomy	same_phylum	4	0.8333333333333333	0.7333333333333334
spore	family	0	prevalence	same_class	93	0.5	0.489010989010989
spore	family	0	prevalence	same_order	448	0.5	0.4608904933814681
spore	family	0	prevalence	same_phylum	10	0.5	0.2857142857142857
spore	family	0	taxonomy	same_class	93	0.7219101123595506	0.6618181818181819
spore	family	0	taxonomy	same_order	448	0.9753364129343243	0.9414204057234654
spore	family	0	taxonomy	same_phylum	10	0.5833333333333334	0.45054945054945056
spore	family	1	prevalence	different_phylum	3	1.0	1.0
spore	family	1	prevalence	same_class	22	0.5	0.4634146341463415
spore	family	1	prevalence	same_order	476	0.5	0.4603174603174603
spore	family	1	prevalence	same_phylum	16	1.0	1.0
spore	family	1	taxonomy	different_phylum	3	1.0	1.0
spore	family	1	taxonomy	same_class	22	0.7807017543859649	0.7451737451737452
spore	family	1	taxonomy	same_order	476	0.924384236453202	0.907482993197279
spore	family	1	taxonomy	same_phylum	16	0.875	0.4666666666666667
spore	family	2	prevalence	different_phylum	2	1.0	1.0
spore	family	2	prevalence	same_class	134	0.5	0.4345991561181435
spore	family	2	prevalence	same_order	397	0.5	0.467828418230563
spore	family	2	prevalence	same_phylum	11	1.0	1.0
spore	family	2	taxonomy	different_phylum	2	1.0	1.0
spore	family	2	taxonomy	same_class	134	0.8787973692452239	0.8319866258010589
spore	family	2	taxonomy	same_order	397	0.984240687679083	0.9405923084248187
spore	family	2	taxonomy	same_phylum	11	0.5454545454545454	0.35294117647058826
spore	family	3	prevalence	different_phylum	5	1.0	1.0
spore	family	3	prevalence	same_class	132	0.5	0.42105263157894735
spore	family	3	prevalence	same_order	461	0.5	0.4627039627039627
spore	family	3	prevalence	same_phylum	13	0.5	0.48
spore	family	3	taxonomy	different_phylum	5	1.0	1.0
spore	family	3	taxonomy	same_class	132	0.5399305555555556	0.5138377354519625
spore	family	3	taxonomy	same_order	461	0.913058879093199	0.9213350062735257
spore	family	3	taxonomy	same_phylum	13	1.0	1.0
spore	family	4	prevalence	different_phylum	2	1.0	1.0
spore	family	4	prevalence	same_class	164	0.5	0.38113207547169814
spore	family	4	prevalence	same_order	345	0.5	0.4541139240506329
spore	family	4	prevalence	same_phylum	11	0.5	0.26666666666666666
spore	family	4	taxonomy	different_phylum	2	1.0	1.0
spore	family	4	taxonomy	same_class	164	0.8999685682854	0.8818219744377442
spore	family	4	taxonomy	same_order	345	0.9550642797068365	0.948885859902809
spore	family	4	taxonomy	same_phylum	11	0.5178571428571428	0.45
spore	family	5	prevalence	same_class	155	0.5	0.4343065693430657
spore	family	5	prevalence	same_order	347	0.5	0.36446886446886445
spore	family	5	prevalence	same_phylum	16	1.0	1.0
spore	family	5	taxonomy	same_class	155	0.919234360410831	0.9112459917544664
spore	family	5	taxonomy	same_order	347	0.9630924894743991	0.9590829458931339
spore	family	5	taxonomy	same_phylum	16	0.875	0.4666666666666667
spore	family	6	prevalence	same_class	57	0.5	0.2875
spore	family	6	prevalence	same_order	471	0.5	0.40152477763659467
spore	family	6	prevalence	same_phylum	3	1.0	1.0
spore	family	6	taxonomy	same_class	57	0.4789002557544757	0.3452702702702703
spore	family	6	taxonomy	same_order	471	0.8875969783585136	0.845350669818755
spore	family	6	taxonomy	same_phylum	3	1.0	1.0
spore	family	7	prevalence	different_phylum	1	1.0	1.0
spore	family	7	prevalence	same_class	194	0.5	0.465564738292011
spore	family	7	prevalence	same_order	339	0.5	0.3675373134328358
spore	family	7	prevalence	same_phylum	4	0.5	0.3333333333333333
spore	family	7	taxonomy	different_phylum	1	1.0	1.0
spore	family	7	taxonomy	same_class	194	0.8192899408284025	0.8248148817048944
spore	family	7	taxonomy	same_order	339	0.9052691785229141	0.895826931350255
spore	family	7	taxonomy	same_phylum	4	0.75	0.7333333333333334
spore	family	8	prevalence	same_class	22	0.5	0.37142857142857144
spore	family	8	prevalence	same_order	520	0.5	0.474216380182002
spore	family	8	prevalence	same_phylum	15	1.0	1.0
spore	family	8	taxonomy	same_class	22	0.8846153846153846	0.8633540372670807
spore	family	8	taxonomy	same_order	520	0.9347798821020945	0.9347798821020945
spore	family	8	taxonomy	same_phylum	15	0.9333333333333333	0.4827586206896552
spore	family	9	prevalence	same_class	101	0.5	0.49246231155778897
spore	family	9	prevalence	same_order	422	0.5	0.40226628895184136
spore	family	9	prevalence	same_phylum	6	0.5	0.45454545454545453
spore	family	9	taxonomy	same_class	101	0.6258503401360545	0.5570175438596491
spore	family	9	taxonomy	same_order	422	0.957542355582772	0.9425850340136055
spore	family	9	taxonomy	same_phylum	6	1.0	1.0
spore	family	10	prevalence	different_phylum	23	1.0	1.0
spore	family	10	prevalence	same_class	101	0.5	0.2937062937062937
spore	family	10	prevalence	same_order	393	0.5	0.3981623277182236
spore	family	10	taxonomy	different_phylum	23	1.0	1.0
spore	family	10	taxonomy	same_class	101	0.8401937046004843	0.8507179054054055
spore	family	10	taxonomy	same_order	393	0.9465876229034124	0.9360989162477996
spore	family	11	prevalence	different_phylum	2	1.0	1.0
spore	family	11	prevalence	same_class	91	0.5	0.20869565217391303
spore	family	11	prevalence	same_order	460	0.5	0.4221105527638191
spore	family	11	prevalence	same_phylum	21	0.5	0.43243243243243246
spore	family	11	taxonomy	different_phylum	2	1.0	1.0
spore	family	11	taxonomy	same_class	91	0.4032960199004975	0.1880105567424909
spore	family	11	taxonomy	same_order	460	0.865255376344086	0.8035416666666666
spore	family	11	taxonomy	same_phylum	21	0.46875	0.4166666666666667
spore	family	12	prevalence	different_phylum	24	1.0	1.0
spore	family	12	prevalence	same_class	39	0.5	0.390625
spore	family	12	prevalence	same_order	445	0.5	0.4265463917525773
spore	family	12	prevalence	same_phylum	10	0.5	0.3333333333333333
spore	family	12	taxonomy	different_phylum	24	1.0	1.0
spore	family	12	taxonomy	same_class	39	0.9085714285714286	0.9150326797385621
spore	family	12	taxonomy	same_order	445	0.9537552340064663	0.9349005539972395
spore	family	12	taxonomy	same_phylum	10	0.4	0.2857142857142857
spore	family	13	prevalence	different_phylum	4	1.0	1.0
spore	family	13	prevalence	same_class	103	0.5	0.46632124352331605
spore	family	13	prevalence	same_order	431	0.5	0.43733681462140994
spore	family	13	prevalence	same_phylum	2	0.5	0.3333333333333333
spore	family	13	taxonomy	different_phylum	4	1.0	1.0
spore	family	13	taxonomy	same_class	103	0.8952991452991452	0.8595363335281512
spore	family	13	taxonomy	same_order	431	0.8486162935323383	0.7696946564885496
spore	family	13	taxonomy	same_phylum	2	0.5	0.3333333333333333
spore	family	14	prevalence	different_phylum	3	1.0	1.0
spore	family	14	prevalence	same_class	141	0.5	0.43824701195219123
spore	family	14	prevalence	same_order	416	0.5	0.42461964038727523
spore	family	14	prevalence	same_phylum	10	0.5	0.4117647058823529
spore	family	14	taxonomy	different_phylum	3	1.0	1.0
spore	family	14	taxonomy	same_class	141	0.8995601173020528	0.8456038647342995
spore	family	14	taxonomy	same_order	416	0.8575740369960853	0.7843360392484131
spore	family	14	taxonomy	same_phylum	10	0.5714285714285714	0.375
spore	family	15	prevalence	different_phylum	4	1.0	1.0
spore	family	15	prevalence	same_class	33	0.5	0.45901639344262296
spore	family	15	prevalence	same_order	478	0.5	0.4448315911730546
spore	family	15	prevalence	same_phylum	18	0.5	0.45454545454545453
spore	family	15	taxonomy	different_phylum	4	1.0	1.0
spore	family	15	taxonomy	same_class	33	0.8285714285714285	0.760522496371553
spore	family	15	taxonomy	same_order	478	0.9423113920571664	0.9189872757613684
spore	family	15	taxonomy	same_phylum	18	0.9666666666666667	0.9113300492610837
spore	family	16	prevalence	different_phylum	2	1.0	1.0
spore	family	16	prevalence	same_class	58	0.5	0.275
spore	family	16	prevalence	same_order	459	0.5	0.4092664092664093
spore	family	16	prevalence	same_phylum	4	0.5	0.42857142857142855
spore	family	16	taxonomy	different_phylum	2	1.0	1.0
spore	family	16	taxonomy	same_class	58	0.7045454545454546	0.7138519924098672
spore	family	16	taxonomy	same_order	459	0.9319215843704001	0.9202224732771356
spore	family	16	taxonomy	same_phylum	4	0.6666666666666666	0.5
spore	family	17	prevalence	different_phylum	10	1.0	1.0
spore	family	17	prevalence	same_class	53	0.5	0.45918367346938777
spore	family	17	prevalence	same_order	440	0.5	0.458128078817734
spore	family	17	prevalence	same_phylum	17	0.5	0.46875
spore	family	17	taxonomy	different_phylum	10	1.0	1.0
spore	family	17	taxonomy	same_class	53	0.8083333333333333	0.7534883720930232
spore	family	17	taxonomy	same_order	440	0.855708412397217	0.7350505458383808
spore	family	17	taxonomy	same_phylum	17	1.0	1.0
spore	family	18	prevalence	different_phylum	1	1.0	1.0
spore	family	18	prevalence	same_class	75	0.5	0.49324324324324326
spore	family	18	prevalence	same_order	488	0.5	0.4684095860566449
spore	family	18	prevalence	same_phylum	9	1.0	1.0
spore	family	18	taxonomy	different_phylum	1	1.0	1.0
spore	family	18	taxonomy	same_class	75	0.7089041095890412	0.5862884160756501
spore	family	18	taxonomy	same_order	488	0.9566960705693666	0.9190742924528301
spore	family	18	taxonomy	same_phylum	9	0.8888888888888888	0.47058823529411764
spore	family	19	prevalence	different_phylum	2	1.0	1.0
spore	family	19	prevalence	same_class	102	0.5	0.23308270676691728
spore	family	19	prevalence	same_order	412	0.5	0.4317241379310345
spore	family	19	prevalence	same_phylum	5	0.5	0.4444444444444444
spore	family	19	taxonomy	different_phylum	2	1.0	1.0
spore	family	19	taxonomy	same_class	102	0.6905951840072694	0.7085714285714286
spore	family	19	taxonomy	same_order	412	0.9528996030593475	0.9276282124718371
spore	family	19	taxonomy	same_phylum	5	0.875	0.7619047619047619
spore	order	0	prevalence	same_class	664	0.5	0.3603082851637765
spore	order	0	prevalence	same_phylum	10	0.5	0.4117647058823529
spore	order	0	taxonomy	same_class	664	0.7033837359395169	0.6536892161374444
spore	order	0	taxonomy	same_phylum	10	0.5	0.23076923076923078
spore	order	1	prevalence	different_phylum	4	1.0	1.0
spore	order	1	prevalence	same_class	523	0.5	0.46903553299492384
spore	order	1	prevalence	same_phylum	17	0.5	0.2916666666666667
spore	order	1	taxonomy	different_phylum	4	1.0	1.0
spore	order	1	taxonomy	same_class	523	0.7892626499183876	0.583418675041533
spore	order	1	taxonomy	same_phylum	17	0.39285714285714285	0.39285714285714285
spore	order	2	prevalence	different_phylum	55	1.0	1.0
spore	order	2	prevalence	same_class	413	0.5	0.43579234972677594
spore	order	2	prevalence	same_phylum	55	0.5	0.47115384615384615
spore	order	2	taxonomy	different_phylum	55	1.0	1.0
spore	order	2	taxonomy	same_class	413	0.644534115920763	0.4623152709359606
spore	order	2	taxonomy	same_phylum	55	0.7244897959183674	0.4637053087757313
spore	order	3	prevalence	different_phylum	28	1.0	1.0
spore	order	3	prevalence	same_class	500	0.5	0.437570303712036
spore	order	3	prevalence	same_phylum	20	0.5	0.4117647058823529
spore	order	3	taxonomy	different_phylum	28	1.0	1.0
spore	order	3	taxonomy	same_class	500	0.7922022279348757	0.7969525222028003
spore	order	3	taxonomy	same_phylum	20	0.5119047619047619	0.4982078853046595
spore	order	4	prevalence	different_phylum	5	1.0	1.0
spore	order	4	prevalence	same_class	585	0.5	0.4696282864913871
spore	order	4	prevalence	same_phylum	18	1.0	1.0
spore	order	4	taxonomy	different_phylum	5	1.0	1.0
spore	order	4	taxonomy	same_class	585	0.41253673716360284	0.42544642857142856
spore	order	4	taxonomy	same_phylum	18	1.0	1.0
spore	order	5	prevalence	different_phylum	14	1.0	1.0
spore	order	5	prevalence	same_class	569	0.5	0.35995500562429694
spore	order	5	prevalence	same_phylum	27	0.5	0.4489795918367347
spore	order	5	taxonomy	different_phylum	14	1.0	1.0
spore	order	5	taxonomy	same_class	569	0.8381714357429719	0.8185412583558582
spore	order	5	taxonomy	same_phylum	27	0.3409090909090909	0.35714285714285715
spore	order	6	prevalence	different_phylum	3	1.0	1.0
spore	order	6	prevalence	same_class	546	0.5	0.47449470644850816
spore	order	6	prevalence	same_phylum	28	0.5	0.42857142857142855
spore	order	6	taxonomy	different_phylum	3	1.0	1.0
spore	order	6	taxonomy	same_class	546	0.6010371617742738	0.6297357814599194
spore	order	6	taxonomy	same_phylum	28	0.6190476190476191	0.6347826086956522
spore	order	7	prevalence	different_phylum	1	1.0	1.0
spore	order	7	prevalence	same_class	649	0.5	0.45232067510548524
spore	order	7	prevalence	same_phylum	18	0.5	0.47058823529411764
spore	order	7	taxonomy	different_phylum	1	1.0	1.0
spore	order	7	taxonomy	same_class	649	0.7483737287016246	0.563967468175389
spore	order	7	taxonomy	same_phylum	18	0.6875	0.6516129032258065
spore	order	8	prevalence	different_phylum	47	1.0	1.0
spore	order	8	prevalence	same_class	476	0.5	0.4633596392333709
spore	order	8	prevalence	same_phylum	23	0.5	0.425
spore	order	8	taxonomy	different_phylum	47	1.0	1.0
spore	order	8	taxonomy	same_class	476	0.6930563353921018	0.6981436642453591
spore	order	8	taxonomy	same_phylum	23	0.553921568627451	0.5460526315789473
spore	order	9	prevalence	different_phylum	7	1.0	1.0
spore	order	9	prevalence	same_class	573	0.5	0.4304174950298211
spore	order	9	prevalence	same_phylum	21	0.5	0.43243243243243246
spore	order	9	taxonomy	different_phylum	7	1.0	1.0
spore	order	9	taxonomy	same_class	573	0.967452985813263	0.9458156028368794
spore	order	9	taxonomy	same_phylum	21	0.71875	0.5675057208237986
spore	order	10	prevalence	different_phylum	1	1.0	1.0
spore	order	10	prevalence	same_class	587	0.5	0.3667745415318231
spore	order	10	prevalence	same_phylum	4	0.5	0.3333333333333333
spore	order	10	taxonomy	different_phylum	1	1.0	1.0
spore	order	10	taxonomy	same_class	587	0.6944808287687545	0.6345253241655613
spore	order	10	taxonomy	same_phylum	4	1.0	1.0
spore	order	11	prevalence	different_phylum	8	1.0	1.0
spore	order	11	prevalence	same_class	603	0.5	0.37706611570247933
spore	order	11	prevalence	same_phylum	4	0.5	0.42857142857142855
spore	order	11	taxonomy	different_phylum	8	1.0	1.0
spore	order	11	taxonomy	same_class	603	0.7163462645332106	0.6530068382944489
spore	order	11	taxonomy	same_phylum	4	0.6666666666666666	0.5
spore	order	12	prevalence	different_phylum	1	1.0	1.0
spore	order	12	prevalence	same_class	638	0.5	0.3894736842105263
spore	order	12	prevalence	same_phylum	5	0.5	0.375
spore	order	12	taxonomy	different_phylum	1	1.0	1.0
spore	order	12	taxonomy	same_class	638	0.9634374634374634	0.9519232518195732
spore	order	12	taxonomy	same_phylum	5	0.8333333333333333	0.8
spore	order	13	prevalence	different_phylum	22	1.0	1.0
spore	order	13	prevalence	same_class	488	0.5	0.4758324382384533
spore	order	13	prevalence	same_phylum	6	1.0	1.0
spore	order	13	taxonomy	different_phylum	22	1.0	1.0
spore	order	13	taxonomy	same_class	488	0.8528467519438174	0.6721891064395467
spore	order	13	taxonomy	same_phylum	6	0.3333333333333333	0.25
spore	order	14	prevalence	different_phylum	13	1.0	1.0
spore	order	14	prevalence	same_class	498	0.5	0.4435754189944134
spore	order	14	prevalence	same_phylum	30	0.5	0.4444444444444444
spore	order	14	taxonomy	different_phylum	13	1.0	1.0
spore	order	14	taxonomy	same_class	498	0.6839040327206524	0.7086309889268507
spore	order	14	taxonomy	same_phylum	30	0.8333333333333333	0.7
spore	order	15	prevalence	different_phylum	10	1.0	1.0
spore	order	15	prevalence	same_class	491	0.5	0.45625692137320045
spore	order	15	prevalence	same_phylum	21	1.0	1.0
spore	order	15	taxonomy	different_phylum	10	1.0	1.0
spore	order	15	taxonomy	same_class	491	0.6251382573430011	0.5535243948325599
spore	order	15	taxonomy	same_phylum	21	0.7619047619047619	0.43243243243243246
spore	order	16	prevalence	different_phylum	31	1.0	1.0
spore	order	16	prevalence	same_class	515	0.5	0.44919786096256686
spore	order	16	prevalence	same_phylum	32	0.5	0.42857142857142855
spore	order	16	taxonomy	different_phylum	31	1.0	1.0
spore	order	16	taxonomy	same_class	515	0.7371553884711779	0.7733673649005457
spore	order	16	taxonomy	same_phylum	32	0.6041666666666667	0.6081632653061224
spore	order	17	prevalence	different_phylum	6	1.0	1.0
spore	order	17	prevalence	same_class	540	0.5	0.45509586276488395
spore	order	17	prevalence	same_phylum	9	0.5	0.4375
spore	order	17	taxonomy	different_phylum	6	1.0	1.0
spore	order	17	taxonomy	same_class	540	0.6844340915319266	0.7248677248677249
spore	order	17	taxonomy	same_phylum	9	1.0	1.0
spore	order	18	prevalence	same_class	504	0.5	0.47114375655823715
spore	order	18	prevalence	same_phylum	35	0.5	0.4696969696969697
spore	order	18	taxonomy	same_class	504	0.7611459809678072	0.5393598431573116
spore	order	18	taxonomy	same_phylum	35	0.5362903225806451	0.34523809523809523
spore	order	19	prevalence	same_class	510	0.5	0.4731404958677686
spore	order	19	prevalence	same_phylum	6	0.5	0.45454545454545453
spore	order	19	taxonomy	same_class	510	0.6492693987235472	0.6817307192261688
spore	order	19	taxonomy	same_phylum	6	0.6	0.3333333333333333
oxygen	within	0	prevalence	same_class	8	0.3333333333333333	0.2222222222222222
oxygen	within	0	prevalence	same_family	225	0.3333333333333333	0.2623539982030548
oxygen	within	0	prevalence	same_genus	859	0.3333333333333333	0.2838680926916221
oxygen	within	0	prevalence	same_order	30	0.3333333333333333	0.17886178861788618
oxygen	within	0	prevalence	same_phylum	5	0.3333333333333333	0.1111111111111111
oxygen	within	0	taxonomy	same_class	8	0.4166666666666667	0.38888888888888884
oxygen	within	0	taxonomy	same_family	225	0.7543737129555019	0.7326432022084196
oxygen	within	0	taxonomy	same_genus	859	0.8224402409185018	0.7904622358787603
oxygen	within	0	taxonomy	same_order	30	0.6458333333333334	0.6159139784946236
oxygen	within	0	taxonomy	same_phylum	5	0.8888888888888888	0.8222222222222223
oxygen	within	1	prevalence	same_class	7	0.3333333333333333	0.14814814814814814
oxygen	within	1	prevalence	same_family	228	0.3333333333333333	0.25474254742547425
oxygen	within	1	prevalence	same_genus	862	0.3333333333333333	0.28124301363737986
oxygen	within	1	prevalence	same_order	29	0.3333333333333333	0.17094017094017092
oxygen	within	1	prevalence	same_phylum	1	0.0	0.0
oxygen	within	1	taxonomy	same_class	7	0.5	0.41904761904761906
oxygen	within	1	taxonomy	same_family	228	0.7611054823820781	0.7434600821700889
oxygen	within	1	taxonomy	same_genus	862	0.849401830750887	0.8166084152334152
oxygen	within	1	taxonomy	same_order	29	0.6481481481481481	0.6565656565656565
oxygen	within	1	taxonomy	same_phylum	1	0.0	0.0
oxygen	within	2	prevalence	different_phylum	1	0.0	0.0
oxygen	within	2	prevalence	same_class	9	0.3333333333333333	0.16666666666666666
oxygen	within	2	prevalence	same_family	226	0.3333333333333333	0.2594594594594595
oxygen	within	2	prevalence	same_genus	858	0.3333333333333333	0.28199955167002916
oxygen	within	2	prevalence	same_order	30	0.3333333333333333	0.15384615384615385
oxygen	within	2	prevalence	same_phylum	3	0.0	0.0
oxygen	within	2	taxonomy	different_phylum	1	0.0	0.0
oxygen	within	2	taxonomy	same_class	9	0.6666666666666666	0.6412698412698412
oxygen	within	2	taxonomy	same_family	226	0.7426529790660226	0.7309218158942784
oxygen	within	2	taxonomy	same_genus	858	0.8198939218380893	0.8169402159101181
oxygen	within	2	taxonomy	same_order	30	0.6842592592592592	0.6779372674109516
oxygen	within	2	taxonomy	same_phylum	3	0.5	0.3333333333333333
oxygen	within	3	prevalence	different_phylum	1	1.0	1.0
oxygen	within	3	prevalence	same_class	8	0.3333333333333333	0.2857142857142857
oxygen	within	3	prevalence	same_family	212	0.3333333333333333	0.25219941348973607
oxygen	within	3	prevalence	same_genus	883	0.3333333333333333	0.281917211328976
oxygen	within	3	prevalence	same_order	20	0.3333333333333333	0.20689655172413793
oxygen	within	3	prevalence	same_phylum	3	0.3333333333333333	0.16666666666666666
oxygen	within	3	taxonomy	different_phylum	1	1.0	1.0
oxygen	within	3	taxonomy	same_class	8	0.5555555555555555	0.48888888888888893
oxygen	within	3	taxonomy	same_family	212	0.7614307085543315	0.760650051994706
oxygen	within	3	taxonomy	same_genus	883	0.8511762437573877	0.8169477090785215
oxygen	within	3	taxonomy	same_order	20	0.5092592592592592	0.531328320802005
oxygen	within	3	taxonomy	same_phylum	3	1.0	1.0
oxygen	within	4	prevalence	different_phylum	2	0.5	0.3333333333333333
oxygen	within	4	prevalence	same_class	11	0.3333333333333333	0.23529411764705885
oxygen	within	4	prevalence	same_family	218	0.3333333333333333	0.2526115859449193
oxygen	within	4	prevalence	same_genus	874	0.3333333333333333	0.2795127353266888
oxygen	within	4	prevalence	same_order	17	0.3333333333333333	0.12698412698412698
oxygen	within	4	prevalence	same_phylum	5	0.5	0.16666666666666666
oxygen	within	4	taxonomy	different_phylum	2	0.5	0.3333333333333333
oxygen	within	4	taxonomy	same_class	11	0.5555555555555555	0.5595959595959595
oxygen	within	4	taxonomy	same_family	218	0.7689561204598799	0.7633177231690244
oxygen	within	4	taxonomy	same_genus	874	0.8508540235957035	0.8335503703764005
oxygen	within	4	taxonomy	same_order	17	0.375	0.37777777777777777
oxygen	within	4	taxonomy	same_phylum	5	0.5	0.4444444444444444
oxygen	within	5	prevalence	different_phylum	1	0.0	0.0
oxygen	within	5	prevalence	same_class	15	0.5	0.3181818181818182
oxygen	within	5	prevalence	same_family	192	0.3333333333333333	0.253763440860215
oxygen	within	5	prevalence	same_genus	891	0.3333333333333333	0.2784313725490196
oxygen	within	5	prevalence	same_order	27	0.3333333333333333	0.16666666666666666
oxygen	within	5	prevalence	same_phylum	1	0.0	0.0
oxygen	within	5	taxonomy	different_phylum	1	1.0	1.0
oxygen	within	5	taxonomy	same_class	15	0.5803571428571428	0.407843137254902
oxygen	within	5	taxonomy	same_family	192	0.6984966580628208	0.6827766304510491
oxygen	within	5	taxonomy	same_genus	891	0.8614565594504419	0.8398921421696187
oxygen	within	5	taxonomy	same_order	27	0.5300925925925926	0.544464609800363
oxygen	within	5	taxonomy	same_phylum	1	1.0	1.0
oxygen	within	6	prevalence	different_phylum	1	1.0	1.0
oxygen	within	6	prevalence	same_class	14	0.3333333333333333	0.19999999999999998
oxygen	within	6	prevalence	same_family	233	0.3333333333333333	0.26109660574412535
oxygen	within	6	prevalence	same_genus	842	0.3333333333333333	0.27980702963473464
oxygen	within	6	prevalence	same_order	33	0.3333333333333333	0.21768707482993196
oxygen	within	6	prevalence	same_phylum	4	0.5	0.2
oxygen	within	6	taxonomy	different_phylum	1	1.0	1.0
oxygen	within	6	taxonomy	same_class	14	0.27777777777777773	0.3164983164983165
oxygen	within	6	taxonomy	same_family	233	0.8322997416020671	0.80638890775286
oxygen	within	6	taxonomy	same_genus	842	0.8376700987631372	0.8266783702393621
oxygen	within	6	taxonomy	same_order	33	0.7152777777777778	0.7108860342555995
oxygen	within	6	taxonomy	same_phylum	4	1.0	1.0
oxygen	within	7	prevalence	different_phylum	2	0.0	0.0
oxygen	within	7	prevalence	same_class	7	0.5	0.46153846153846156
oxygen	within	7	prevalence	same_family	214	0.3333333333333333	0.26020892687559355
oxygen	within	7	prevalence	same_genus	874	0.3333333333333333	0.280794701986755
oxygen	within	7	prevalence	same_order	26	0.3333333333333333	0.10752688172043011
oxygen	within	7	prevalence	same_phylum	4	0.5	0.3333333333333333
oxygen	within	7	taxonomy	different_phylum	2	1.0	1.0
oxygen	within	7	taxonomy	same_class	7	0.75	0.4444444444444444
oxygen	within	7	taxonomy	same_family	214	0.7953458933385941	0.7744594434497265
oxygen	within	7	taxonomy	same_genus	874	0.8500771204808063	0.8302123902996313
oxygen	within	7	taxonomy	same_order	26	0.7166666666666667	0.7000000000000001
oxygen	within	7	taxonomy	same_phylum	4	0.75	0.7333333333333334
oxygen	within	8	prevalence	different_phylum	1	1.0	1.0
oxygen	within	8	prevalence	same_class	6	0.3333333333333333	0.09523809523809523
oxygen	within	8	prevalence	same_family	231	0.3333333333333333	0.2549019607843137
oxygen	within	8	prevalence	same_genus	859	0.3333333333333333	0.2807726864330638
oxygen	within	8	prevalence	same_order	26	0.3333333333333333	0.1714285714285714
oxygen	within	8	prevalence	same_phylum	4	0.0	0.0
oxygen	within	8	taxonomy	different_phylum	1	0.0	0.0
oxygen	within	8	taxonomy	same_class	6	0.38888888888888884	0.43333333333333335
oxygen	within	8	taxonomy	same_family	231	0.7923115531811185	0.7696948344555213
oxygen	within	8	taxonomy	same_genus	859	0.8620716620413198	0.8224367332526725
oxygen	within	8	taxonomy	same_order	26	0.6225071225071225	0.6074074074074073
oxygen	within	8	taxonomy	same_phylum	4	0.75	0.5555555555555555
oxygen	within	9	prevalence	same_class	10	0.3333333333333333	0.2222222222222222
oxygen	within	9	prevalence	same_family	212	0.3333333333333333	0.25936599423631124
oxygen	within	9	prevalence	same_genus	873	0.3333333333333333	0.27814864263462397
oxygen	within	9	prevalence	same_order	29	0.3333333333333333	0.18333333333333335
oxygen	within	9	prevalence	same_phylum	3	0.5	0.25
oxygen	within	9	taxonomy	same_class	10	0.8222222222222223	0.8222222222222223
oxygen	within	9	taxonomy	same_family	212	0.7983705703003947	0.7786175710594315
oxygen	within	9	taxonomy	same_genus	873	0.8578582306582306	0.8361667306597825
oxygen	within	9	taxonomy	same_order	29	0.5737373737373738	0.562962962962963
oxygen	within	9	taxonomy	same_phylum	3	0.75	0.6666666666666666
oxygen	within	10	prevalence	different_phylum	1	1.0	1.0
oxygen	within	10	prevalence	same_class	9	0.3333333333333333	0.16666666666666666
oxygen	within	10	prevalence	same_family	190	0.3333333333333333	0.25
oxygen	within	10	prevalence	same_genus	892	0.3333333333333333	0.2797657774886142
oxygen	within	10	prevalence	same_order	32	0.3333333333333333	0.1818181818181818
oxygen	within	10	prevalence	same_phylum	3	0.0	0.0
oxygen	within	10	taxonomy	different_phylum	1	1.0	1.0
oxygen	within	10	taxonomy	same_class	9	0.7555555555555555	0.6626984126984127
oxygen	within	10	taxonomy	same_family	190	0.8112539872408293	0.7996003883427819
oxygen	within	10	taxonomy	same_genus	892	0.8338639961037378	0.8173843071000769
oxygen	within	10	taxonomy	same_order	32	0.7023809523809524	0.6995596995596997
oxygen	within	10	taxonomy	same_phylum	3	1.0	1.0
oxygen	within	11	prevalence	same_class	8	0.3333333333333333	0.2222222222222222
oxygen	within	11	prevalence	same_family	221	0.3333333333333333	0.2574074074074074
oxygen	within	11	prevalence	same_genus	864	0.3333333333333333	0.28368794326241137
oxygen	within	11	prevalence	same_order	30	0.3333333333333333	0.2222222222222222
oxygen	within	11	prevalence	same_phylum	4	0.3333333333333333	0.13333333333333333
oxygen	within	11	taxonomy	same_class	8	0.6666666666666666	0.6222222222222222
oxygen	within	11	taxonomy	same_family	221	0.7835941247002398	0.7679138034621307
oxygen	within	11	taxonomy	same_genus	864	0.8283737244897958	0.8193503352691485
oxygen	within	11	taxonomy	same_order	30	0.5658730158730159	0.5625
oxygen	within	11	taxonomy	same_phylum	4	0.5	0.38888888888888884
oxygen	within	12	prevalence	different_phylum	1	1.0	1.0
oxygen	within	12	prevalence	same_class	10	0.3333333333333333	0.2745098039215686
oxygen	within	12	prevalence	same_family	203	0.3333333333333333	0.25903614457831325
oxygen	within	12	prevalence	same_genus	878	0.3333333333333333	0.2774822695035461
oxygen	within	12	prevalence	same_order	29	0.3333333333333333	0.17094017094017092
oxygen	within	12	prevalence	same_phylum	6	0.3333333333333333	0.09523809523809523
oxygen	within	12	taxonomy	different_phylum	1	0.0	0.0
oxygen	within	12	taxonomy	same_class	10	0.4761904761904762	0.4222222222222222
oxygen	within	12	taxonomy	same_family	203	0.7669771975157532	0.7490594650242105
oxygen	within	12	taxonomy	same_genus	878	0.8551937231208605	0.8336594037505892
oxygen	within	12	taxonomy	same_order	29	0.5857142857142857	0.584045584045584
oxygen	within	12	taxonomy	same_phylum	6	0.5	0.5238095238095238
oxygen	within	13	prevalence	different_phylum	3	0.5	0.25
oxygen	within	13	prevalence	same_class	11	0.3333333333333333	0.20833333333333334
oxygen	within	13	prevalence	same_family	211	0.3333333333333333	0.2541544477028348
oxygen	within	13	prevalence	same_genus	875	0.3333333333333333	0.2821357943309163
oxygen	within	13	prevalence	same_order	24	0.3333333333333333	0.20952380952380953
oxygen	within	13	prevalence	same_phylum	3	0.0	0.0
oxygen	within	13	taxonomy	different_phylum	3	0.5	0.25
oxygen	within	13	taxonomy	same_class	11	0.6	0.5740740740740741
oxygen	within	13	taxonomy	same_family	211	0.8311965811965812	0.819588308191863
oxygen	within	13	taxonomy	same_genus	875	0.8412732984846084	0.8214932618461092
oxygen	within	13	taxonomy	same_order	24	0.5696969696969697	0.5584795321637427
oxygen	within	13	taxonomy	same_phylum	3	0.6666666666666666	0.4
oxygen	within	14	prevalence	different_phylum	2	0.0	0.0
oxygen	within	14	prevalence	same_class	7	0.5	0.3
oxygen	within	14	prevalence	same_family	217	0.3333333333333333	0.2580037664783427
oxygen	within	14	prevalence	same_genus	864	0.3333333333333333	0.2798298634430266
oxygen	within	14	prevalence	same_order	34	0.3333333333333333	0.20408163265306123
oxygen	within	14	prevalence	same_phylum	3	0.0	0.0
oxygen	within	14	taxonomy	different_phylum	2	0.0	0.0
oxygen	within	14	taxonomy	same_class	7	0.6666666666666666	0.5
oxygen	within	14	taxonomy	same_family	217	0.8399353058461617	0.8234290833058502
oxygen	within	14	taxonomy	same_genus	864	0.8374589065255732	0.8146969141369592
oxygen	within	14	taxonomy	same_order	34	0.6476190476190476	0.6183908045977011
oxygen	within	14	taxonomy	same_phylum	3	0.5	0.3333333333333333
oxygen	within	15	prevalence	different_phylum	1	0.0	0.0
oxygen	within	15	prevalence	same_class	16	0.3333333333333333	0.2028985507246377
oxygen	within	15	prevalence	same_family	234	0.3333333333333333	0.24618149146451032
oxygen	within	15	prevalence	same_genus	842	0.3333333333333333	0.28113553113553114
oxygen	within	15	prevalence	same_order	32	0.3333333333333333	0.13333333333333333
oxygen	within	15	prevalence	same_phylum	2	1.0	1.0
oxygen	within	15	taxonomy	different_phylum	1	0.0	0.0
oxygen	within	15	taxonomy	same_class	16	0.23809523809523805	0.27777777777777773
oxygen	within	15	taxonomy	same_family	234	0.7530196385123392	0.743469059397678
oxygen	within	15	taxonomy	same_genus	842	0.8386596717858087	0.8229163841860164
oxygen	within	15	taxonomy	same_order	32	0.603641456582633	0.6052287581699346
oxygen	within	15	taxonomy	same_phylum	2	0.5	0.3333333333333333
oxygen	within	16	prevalence	different_phylum	1	0.0	0.0
oxygen	within	16	prevalence	same_class	11	0.3333333333333333	0.25925925925925924
oxygen	within	16	prevalence	same_family	196	0.3333333333333333	0.24379719525350593
oxygen	within	16	prevalence	same_genus	886	0.3333333333333333	0.28111401218450827
oxygen	within	16	prevalence	same_order	29	0.3333333333333333	0.2170542635658915
oxygen	within	16	prevalence	same_phylum	4	0.5	0.2
oxygen	within	16	taxonomy	different_phylum	1	0.0	0.0
oxygen	within	16	taxonomy	same_class	11	0.6428571428571429	0.5333333333333333
oxygen	within	16	taxonomy	same_family	196	0.7967088564176442	0.7993265993265993
oxygen	within	16	taxonomy	same_genus	886	0.8301763263313248	0.8132601102989944
oxygen	within	16	taxonomy	same_order	29	0.5608465608465608	0.5567251461988304
oxygen	within	16	taxonomy	same_phylum	4	0.8333333333333333	0.7333333333333334
oxygen	within	17	prevalence	same_class	11	0.3333333333333333	0.20833333333333334
oxygen	within	17	prevalence	same_family	209	0.3333333333333333	0.26396917148362237
oxygen	within	17	prevalence	same_genus	874	0.3333333333333333	0.27976980965028775
oxygen	within	17	prevalence	same_order	31	0.3333333333333333	0.16260162601626016
oxygen	within	17	prevalence	same_phylum	2	0.0	0.0
oxygen	within	17	taxonomy	same_class	11	0.6	0.6
oxygen	within	17	taxonomy	same_family	209	0.7568937550689375	0.7387874184072011
oxygen	within	17	taxonomy	same_genus	874	0.8211265776925819	0.7999616999989577
oxygen	within	17	taxonomy	same_order	31	0.6142857142857142	0.593939393939394
oxygen	within	17	taxonomy	same_phylum	2	0.5	0.3333333333333333
oxygen	within	18	prevalence	different_phylum	1	0.0	0.0
oxygen	within	18	prevalence	same_class	8	0.3333333333333333	0.2857142857142857
oxygen	within	18	prevalence	same_family	223	0.3333333333333333	0.2548476454293629
oxygen	within	18	prevalence	same_genus	869	0.3333333333333333	0.27863362357669125
oxygen	within	18	prevalence	same_order	22	0.3333333333333333	0.12345679012345678
oxygen	within	18	prevalence	same_phylum	4	0.3333333333333333	0.2222222222222222
oxygen	within	18	taxonomy	different_phylum	1	0.0	0.0
oxygen	within	18	taxonomy	same_class	8	0.6111111111111112	0.5252525252525252
oxygen	within	18	taxonomy	same_family	223	0.8018200202224469	0.7898482829002643
oxygen	within	18	taxonomy	same_genus	869	0.8509971509971509	0.8194236329943226
oxygen	within	18	taxonomy	same_order	22	0.5833333333333334	0.5786435786435786
oxygen	within	18	taxonomy	same_phylum	4	0.5	0.38888888888888884
oxygen	within	19	prevalence	different_phylum	3	0.5	0.25
oxygen	within	19	prevalence	same_class	9	0.3333333333333333	0.20512820512820515
oxygen	within	19	prevalence	same_family	228	0.3333333333333333	0.268760907504363
oxygen	within	19	prevalence	same_genus	858	0.3333333333333333	0.28405797101449276
oxygen	within	19	prevalence	same_order	28	0.3333333333333333	0.2222222222222222
oxygen	within	19	prevalence	same_phylum	1	0.0	0.0
oxygen	within	19	taxonomy	different_phylum	3	0.5	0.25
oxygen	within	19	taxonomy	same_class	9	0.5555555555555555	0.546031746031746
oxygen	within	19	taxonomy	same_family	228	0.8031714662149444	0.784647676161919
oxygen	within	19	taxonomy	same_genus	858	0.8422955843912207	0.8189282705119316
oxygen	within	19	taxonomy	same_order	28	0.5380952380952381	0.5469135802469136
oxygen	within	19	taxonomy	same_phylum	1	1.0	1.0
oxygen	genus	0	prevalence	same_class	21	0.3333333333333333	0.26666666666666666
oxygen	genus	0	prevalence	same_family	1062	0.3333333333333333	0.26913718884521803
oxygen	genus	0	prevalence	same_order	38	0.3333333333333333	0.23728813559322035
oxygen	genus	0	prevalence	same_phylum	6	0.0	0.0
oxygen	genus	0	taxonomy	same_class	21	0.5714285714285714	0.49206349206349204
oxygen	genus	0	taxonomy	same_family	1062	0.6569228278546777	0.5646756517760868
oxygen	genus	0	taxonomy	same_order	38	0.4920634920634921	0.4362544362544363
oxygen	genus	0	taxonomy	same_phylum	6	1.0	1.0
oxygen	genus	1	prevalence	same_class	14	0.3333333333333333	0.19999999999999998
oxygen	genus	1	prevalence	same_family	1047	0.3333333333333333	0.28773072747014117
oxygen	genus	1	prevalence	same_order	67	0.3333333333333333	0.26785714285714285
oxygen	genus	1	prevalence	same_phylum	4	0.5	0.2
oxygen	genus	1	taxonomy	same_class	14	0.4523809523809524	0.4857142857142857
oxygen	genus	1	taxonomy	same_family	1047	0.770073181993561	0.7592166389634745
oxygen	genus	1	taxonomy	same_order	67	0.587037037037037	0.6053617189040016
oxygen	genus	1	taxonomy	same_phylum	4	1.0	1.0
oxygen	genus	2	prevalence	different_phylum	6	0.0	0.0
oxygen	genus	2	prevalence	same_class	16	0.3333333333333333	0.1818181818181818
oxygen	genus	2	prevalence	same_family	1077	0.3333333333333333	0.26666666666666666
oxygen	genus	2	prevalence	same_order	66	0.3333333333333333	0.20350877192982456
oxygen	genus	2	prevalence	same_phylum	4	0.5	0.42857142857142855
oxygen	genus	2	taxonomy	different_phylum	6	0.0	0.0
oxygen	genus	2	taxonomy	same_class	16	0.6666666666666666	0.625
oxygen	genus	2	taxonomy	same_family	1077	0.7837150366588127	0.7836186738192144
oxygen	genus	2	taxonomy	same_order	66	0.5735267286991425	0.539510787592629
oxygen	genus	2	taxonomy	same_phylum	4	0.5	0.42857142857142855
oxygen	genus	3	prevalence	different_phylum	5	0.5	0.16666666666666666
oxygen	genus	3	prevalence	same_class	20	0.3333333333333333	0.2222222222222222
oxygen	genus	3	prevalence	same_family	1058	0.3333333333333333	0.2771949199337383
oxygen	genus	3	prevalence	same_order	45	0.3333333333333333	0.14942528735632185
oxygen	genus	3	prevalence	same_phylum	6	0.3333333333333333	0.16666666666666666
oxygen	genus	3	taxonomy	different_phylum	5	0.5	0.16666666666666666
oxygen	genus	3	taxonomy	same_class	20	0.6944444444444445	0.6538461538461539
oxygen	genus	3	taxonomy	same_family	1058	0.7731866375801274	0.7679408361443377
oxygen	genus	3	taxonomy	same_order	45	0.6820512820512822	0.6585231193926845
oxygen	genus	3	taxonomy	same_phylum	6	0.5	0.4523809523809524
oxygen	genus	4	prevalence	different_phylum	4	0.5	0.2
oxygen	genus	4	prevalence	same_class	9	0.5	0.47058823529411764
oxygen	genus	4	prevalence	same_family	1066	0.3333333333333333	0.2764049057294527
oxygen	genus	4	prevalence	same_order	47	0.3333333333333333	0.19191919191919193
oxygen	genus	4	prevalence	same_phylum	7	0.5	0.2222222222222222
oxygen	genus	4	taxonomy	different_phylum	4	0.5	0.2
oxygen	genus	4	taxonomy	same_class	9	0.75	0.5555555555555555
oxygen	genus	4	taxonomy	same_family	1066	0.7777540343359782	0.7793732372057621
oxygen	genus	4	taxonomy	same_order	47	0.5563530037214248	0.5592185592185591
oxygen	genus	4	taxonomy	same_phylum	7	1.0	1.0
oxygen	genus	5	prevalence	different_phylum	3	0.5	0.25
oxygen	genus	5	prevalence	same_class	12	0.3333333333333333	0.2222222222222222
oxygen	genus	5	prevalence	same_family	1061	0.3333333333333333	0.28370330265295074
oxygen	genus	5	prevalence	same_order	49	0.3333333333333333	0.24242424242424243
oxygen	genus	5	prevalence	same_phylum	4	0.5	0.2
oxygen	genus	5	taxonomy	different_phylum	3	0.5	0.25
oxygen	genus	5	taxonomy	same_class	12	0.6666666666666666	0.603988603988604
oxygen	genus	5	taxonomy	same_family	1061	0.7778674421422513	0.7397186563516472
oxygen	genus	5	taxonomy	same_order	49	0.630952380952381	0.6221756347542511
oxygen	genus	5	taxonomy	same_phylum	4	0.5	0.42857142857142855
oxygen	genus	6	prevalence	different_phylum	7	0.5	0.46153846153846156
oxygen	genus	6	prevalence	same_class	27	0.3333333333333333	0.21666666666666667
oxygen	genus	6	prevalence	same_family	1021	0.3333333333333333	0.27480330071003645
oxygen	genus	6	prevalence	same_order	73	0.3333333333333333	0.21604938271604937
oxygen	genus	6	prevalence	same_phylum	4	0.3333333333333333	0.13333333333333333
oxygen	genus	6	taxonomy	different_phylum	7	0.5	0.46153846153846156
oxygen	genus	6	taxonomy	same_class	27	0.5914529914529915	0.5237931429881895
oxygen	genus	6	taxonomy	same_family	1021	0.837178187412944	0.7932892812852833
oxygen	genus	6	taxonomy	same_order	73	0.6011904761904762	0.5799189429269376
oxygen	genus	6	taxonomy	same_phylum	4	1.0	1.0
oxygen	genus	7	prevalence	different_phylum	6	0.5	0.45454545454545453
oxygen	genus	7	prevalence	same_class	22	0.3333333333333333	0.23529411764705885
oxygen	genus	7	prevalence	same_family	1021	0.3333333333333333	0.2761522279594569
oxygen	genus	7	prevalence	same_order	86	0.3333333333333333	0.22564102564102564
oxygen	genus	7	prevalence	same_phylum	7	0.3333333333333333	0.14814814814814814
oxygen	genus	7	taxonomy	different_phylum	6	0.5	0.45454545454545453
oxygen	genus	7	taxonomy	same_class	22	0.8111111111111112	0.8164983164983166
oxygen	genus	7	taxonomy	same_family	1021	0.8063568765778887	0.7920540020921677
oxygen	genus	7	taxonomy	same_order	86	0.592777911743429	0.5898639930621655
oxygen	genus	7	taxonomy	same_phylum	7	0.8888888888888888	0.8666666666666667
oxygen	genus	8	prevalence	different_phylum	1	1.0	1.0
oxygen	genus	8	prevalence	same_class	12	0.3333333333333333	0.26666666666666666
oxygen	genus	8	prevalence	same_family	1060	0.3333333333333333	0.27987593504834885
oxygen	genus	8	prevalence	same_order	49	0.3333333333333333	0.24786324786324787
oxygen	genus	8	prevalence	same_phylum	6	0.0	0.0
oxygen	genus	8	taxonomy	different_phylum	1	1.0	1.0
oxygen	genus	8	taxonomy	same_class	12	0.5416666666666666	0.48809523809523814
oxygen	genus	8	taxonomy	same_family	1060	0.8195968177930144	0.799923138744654
oxygen	genus	8	taxonomy	same_order	49	0.6278735632183908	0.6278735632183908
oxygen	genus	8	taxonomy	same_phylum	6	0.9	0.6296296296296297
oxygen	genus	9	prevalence	different_phylum	1	0.0	0.0
oxygen	genus	9	prevalence	same_class	33	0.3333333333333333	0.28735632183908044
oxygen	genus	9	prevalence	same_family	1021	0.3333333333333333	0.28448437207561295
oxygen	genus	9	prevalence	same_order	66	0.3333333333333333	0.23529411764705885
oxygen	genus	9	prevalence	same_phylum	6	0.3333333333333333	0.16666666666666666
oxygen	genus	9	taxonomy	different_phylum	1	0.0	0.0
oxygen	genus	9	taxonomy	same_class	33	0.7155555555555555	0.6221205186880244
oxygen	genus	9	taxonomy	same_family	1021	0.8049784336531937	0.7937471102045962
oxygen	genus	9	taxonomy	same_order	66	0.7537037037037037	0.7567892333573659
oxygen	genus	9	taxonomy	same_phylum	6	0.8333333333333334	0.8222222222222223
oxygen	genus	10	prevalence	different_phylum	5	0.5	0.4444444444444444
oxygen	genus	10	prevalence	same_class	25	0.3333333333333333	0.23931623931623933
oxygen	genus	10	prevalence	same_family	1061	0.3333333333333333	0.2896233120113717
oxygen	genus	10	prevalence	same_order	64	0.3333333333333333	0.2222222222222222
oxygen	genus	10	prevalence	same_phylum	4	0.5	0.2
oxygen	genus	10	taxonomy	different_phylum	5	0.0	0.0
oxygen	genus	10	taxonomy	same_class	25	0.7222222222222222	0.6565656565656566
oxygen	genus	10	taxonomy	same_family	1061	0.7825188955557053	0.7602849069625116
oxygen	genus	10	taxonomy	same_order	64	0.7447691197691197	0.7510822510822511
oxygen	genus	10	taxonomy	same_phylum	4	0.8333333333333333	0.7333333333333334
oxygen	genus	11	prevalence	different_phylum	5	0.5	0.2857142857142857
oxygen	genus	11	prevalence	same_class	22	0.3333333333333333	0.24761904761904763
oxygen	genus	11	prevalence	same_family	1016	0.3333333333333333	0.2668240850059032
oxygen	genus	11	prevalence	same_order	78	0.3333333333333333	0.2333333333333333
oxygen	genus	11	prevalence	same_phylum	6	0.5	0.14285714285714285
oxygen	genus	11	taxonomy	different_phylum	5	0.0	0.0
oxygen	genus	11	taxonomy	same_class	22	0.5982905982905983	0.544011544011544
oxygen	genus	11	taxonomy	same_family	1016	0.8038521048361228	0.7997227249331716
oxygen	genus	11	taxonomy	same_order	78	0.6171319102353584	0.6215728715728716
oxygen	genus	11	taxonomy	same_phylum	6	0.9	0.7777777777777777
oxygen	genus	12	prevalence	different_phylum	5	0.5	0.4444444444444444
oxygen	genus	12	prevalence	same_class	28	0.3333333333333333	0.24242424242424243
oxygen	genus	12	prevalence	same_family	1055	0.3333333333333333	0.27527360415507324
oxygen	genus	12	prevalence	same_order	64	0.3333333333333333	0.24
oxygen	genus	12	prevalence	same_phylum	7	0.5	0.2222222222222222
oxygen	genus	12	taxonomy	different_phylum	5	0.5	0.4444444444444444
oxygen	genus	12	taxonomy	same_class	28	0.5958333333333333	0.5063492063492064
oxygen	genus	12	taxonomy	same_family	1055	0.7785774119075283	0.7831315148780176
oxygen	genus	12	taxonomy	same_order	64	0.5362943157060803	0.5509259259259259
oxygen	genus	12	taxonomy	same_phylum	7	0.9	0.8444444444444444
oxygen	genus	13	prevalence	same_class	19	0.5	0.32142857142857145
oxygen	genus	13	prevalence	same_family	1036	0.3333333333333333	0.2786516853932584
oxygen	genus	13	prevalence	same_order	69	0.3333333333333333	0.20202020202020202
oxygen	genus	13	prevalence	same_phylum	7	0.5	0.125
oxygen	genus	13	taxonomy	same_class	19	0.7777777777777778	0.5714285714285715
oxygen	genus	13	taxonomy	same_family	1036	0.8302812897974189	0.8208920248508164
oxygen	genus	13	taxonomy	same_order	69	0.6316239316239316	0.6065359477124184
oxygen	genus	13	taxonomy	same_phylum	7	1.0	1.0
oxygen	genus	14	prevalence	same_class	12	0.5	0.3333333333333333
oxygen	genus	14	prevalence	same_family	1062	0.3333333333333333	0.2795698924731183
oxygen	genus	14	prevalence	same_order	46	0.3333333333333333	0.20895522388059704
oxygen	genus	14	prevalence	same_phylum	7	0.0	0.0
oxygen	genus	14	taxonomy	same_class	12	0.5	0.39826839826839827
oxygen	genus	14	taxonomy	same_family	1062	0.7245477693546407	0.7460650901060307
oxygen	genus	14	taxonomy	same_order	46	0.5793650793650794	0.5839311334289814
oxygen	genus	14	taxonomy	same_phylum	7	1.0	1.0
oxygen	genus	15	prevalence	different_phylum	3	0.5	0.4
oxygen	genus	15	prevalence	same_class	18	0.3333333333333333	0.18666666666666668
oxygen	genus	15	prevalence	same_family	1039	0.3333333333333333	0.25631911532385465
oxygen	genus	15	prevalence	same_order	63	0.3333333333333333	0.1839080459770115
oxygen	genus	15	prevalence	same_phylum	5	0.0	0.0
oxygen	genus	15	taxonomy	different_phylum	3	0.5	0.4
oxygen	genus	15	taxonomy	same_class	18	0.48412698412698413	0.4398395721925134
oxygen	genus	15	taxonomy	same_family	1039	0.8334594833256742	0.811833155858772
oxygen	genus	15	taxonomy	same_order	63	0.6396316102198455	0.6135477582846004
oxygen	genus	15	taxonomy	same_phylum	5	1.0	1.0
oxygen	genus	16	prevalence	different_phylum	3	0.5	0.25
oxygen	genus	16	prevalence	same_class	17	0.3333333333333333	0.24691358024691357
oxygen	genus	16	prevalence	same_family	1035	0.3333333333333333	0.29023458810692854
oxygen	genus	16	prevalence	same_order	69	0.3333333333333333	0.2522522522522523
oxygen	genus	16	prevalence	same_phylum	5	0.5	0.16666666666666666
oxygen	genus	16	taxonomy	different_phylum	3	0.5	0.25
oxygen	genus	16	taxonomy	same_class	17	0.6	0.51996151996152
oxygen	genus	16	taxonomy	same_family	1035	0.7756019678826696	0.7602713561835092
oxygen	genus	16	taxonomy	same_order	69	0.6571428571428571	0.6667995746943115
oxygen	genus	16	taxonomy	same_phylum	5	1.0	1.0
oxygen	genus	17	prevalence	same_class	16	0.3333333333333333	0.2222222222222222
oxygen	genus	17	prevalence	same_family	1043	0.3333333333333333	0.27624929814710836
oxygen	genus	17	prevalence	same_order	65	0.3333333333333333	0.2376237623762376
oxygen	genus	17	prevalence	same_phylum	4	0.5	0.2
oxygen	genus	17	taxonomy	same_class	16	0.6527777777777778	0.6363636363636364
oxygen	genus	17	taxonomy	same_family	1043	0.770967311194276	0.715790910384294
oxygen	genus	17	taxonomy	same_order	65	0.6181917211328977	0.6061100239182431
oxygen	genus	17	taxonomy	same_phylum	4	0.8333333333333333	0.7333333333333334
oxygen	genus	18	prevalence	different_phylum	5	1.0	1.0
oxygen	genus	18	prevalence	same_class	18	0.3333333333333333	0.20512820512820515
oxygen	genus	18	prevalence	same_family	1071	0.3333333333333333	0.2648658788219846
oxygen	genus	18	prevalence	same_order	56	0.3333333333333333	0.16216216216216217
oxygen	genus	18	prevalence	same_phylum	3	0.3333333333333333	0.16666666666666666
oxygen	genus	18	taxonomy	different_phylum	5	1.0	1.0
oxygen	genus	18	taxonomy	same_class	18	0.5083333333333333	0.46060606060606063
oxygen	genus	18	taxonomy	same_family	1071	0.7989763889504132	0.7894366056872185
oxygen	genus	18	taxonomy	same_order	56	0.6064814814814815	0.578853046594982
oxygen	genus	18	taxonomy	same_phylum	3	0.3333333333333333	0.3333333333333333
oxygen	genus	19	prevalence	different_phylum	4	1.0	1.0
oxygen	genus	19	prevalence	same_class	14	0.3333333333333333	0.17543859649122806
oxygen	genus	19	prevalence	same_family	1083	0.3333333333333333	0.2890516039051604
oxygen	genus	19	prevalence	same_order	60	0.3333333333333333	0.21212121212121213
oxygen	genus	19	prevalence	same_phylum	5	0.5	0.2857142857142857
oxygen	genus	19	taxonomy	different_phylum	4	1.0	1.0
oxygen	genus	19	taxonomy	same_class	14	0.4916666666666667	0.5138888888888888
oxygen	genus	19	taxonomy	same_family	1083	0.7804353017528092	0.7284423655290929
oxygen	genus	19	taxonomy	same_order	60	0.4935587761674718	0.47660545699761386
oxygen	genus	19	taxonomy	same_phylum	5	0.8333333333333333	0.8
oxygen	family	0	prevalence	different_phylum	4	1.0	1.0
oxygen	family	0	prevalence	same_class	37	0.3333333333333333	0.16326530612244897
oxygen	family	0	prevalence	same_order	1104	0.3333333333333333	0.26382047071702247
oxygen	family	0	prevalence	same_phylum	35	0.3333333333333333	0.2962962962962963
oxygen	family	0	taxonomy	different_phylum	4	1.0	1.0
oxygen	family	0	taxonomy	same_class	37	0.4777777777777778	0.47878787878787876
oxygen	family	0	taxonomy	same_order	1104	0.7567427104120997	0.7491621247686201
oxygen	family	0	taxonomy	same_phylum	35	0.8190476190476191	0.7962962962962963
oxygen	family	1	prevalence	different_phylum	3	0.5	0.25
oxygen	family	1	prevalence	same_class	153	0.3333333333333333	0.2192982456140351
oxygen	family	1	prevalence	same_order	1096	0.3333333333333333	0.24480369515011546
oxygen	family	1	prevalence	same_phylum	9	0.3333333333333333	0.16666666666666666
oxygen	family	1	taxonomy	different_phylum	3	0.5	0.25
oxygen	family	1	taxonomy	same_class	153	0.6596031746031746	0.4639674467322694
oxygen	family	1	taxonomy	same_order	1096	0.7961660440409198	0.8068892089224003
oxygen	family	1	taxonomy	same_phylum	9	0.8888888888888888	0.903030303030303
oxygen	family	2	prevalence	different_phylum	15	0.0	0.0
oxygen	family	2	prevalence	same_class	126	0.3333333333333333	0.2528735632183908
oxygen	family	2	prevalence	same_order	1017	0.3333333333333333	0.26690251572327045
oxygen	family	2	taxonomy	different_phylum	15	0.5	0.4444444444444444
oxygen	family	2	taxonomy	same_class	126	0.47747662965054266	0.4255211912943872
oxygen	family	2	taxonomy	same_order	1017	0.7053481345657219	0.7575174333547059
oxygen	family	3	prevalence	different_phylum	3	0.5	0.25
oxygen	family	3	prevalence	same_class	136	0.3333333333333333	0.3010752688172043
oxygen	family	3	prevalence	same_order	1004	0.3333333333333333	0.26125580456289116
oxygen	family	3	prevalence	same_phylum	6	0.5	0.14285714285714285
oxygen	family	3	taxonomy	different_phylum	3	0.5	0.25
oxygen	family	3	taxonomy	same_class	136	0.477501665001665	0.4745419804428459
oxygen	family	3	taxonomy	same_order	1004	0.6880452162795372	0.6984115495096946
oxygen	family	3	taxonomy	same_phylum	6	0.5	0.45454545454545453
oxygen	family	4	prevalence	same_class	66	0.3333333333333333	0.31466666666666665
oxygen	family	4	prevalence	same_order	1035	0.3333333333333333	0.2652705061082024
oxygen	family	4	prevalence	same_phylum	26	0.3333333333333333	0.3055555555555555
oxygen	family	4	taxonomy	same_class	66	0.583804143126177	0.36095947063689
oxygen	family	4	taxonomy	same_order	1035	0.6700732793281582	0.7149725542018112
oxygen	family	4	taxonomy	same_phylum	26	0.6666666666666666	0.6521739130434783
oxygen	family	5	prevalence	different_phylum	1	1.0	1.0
oxygen	family	5	prevalence	same_class	104	0.3333333333333333	0.27932960893854747
oxygen	family	5	prevalence	same_order	1017	0.3333333333333333	0.22294938917975568
oxygen	family	5	prevalence	same_phylum	6	0.0	0.0
oxygen	family	5	taxonomy	different_phylum	1	1.0	1.0
oxygen	family	5	taxonomy	same_class	104	0.8493650793650794	0.7988072482605704
oxygen	family	5	taxonomy	same_order	1017	0.756780027647371	0.7648966133198911
oxygen	family	5	taxonomy	same_phylum	6	1.0	1.0
oxygen	family	6	prevalence	same_class	29	0.3333333333333333	0.2638888888888889
oxygen	family	6	prevalence	same_order	1084	0.3333333333333333	0.28165512342390336
oxygen	family	6	prevalence	same_phylum	28	0.3333333333333333	0.29333333333333333
oxygen	family	6	taxonomy	same_class	29	0.6710526315789473	0.4526143790849673
oxygen	family	6	taxonomy	same_order	1084	0.6613795850476178	0.6128468535147361
oxygen	family	6	taxonomy	same_phylum	28	0.6666666666666666	0.4375
oxygen	family	7	prevalence	same_class	242	0.3333333333333333	0.3041198501872659
oxygen	family	7	prevalence	same_order	985	0.3333333333333333	0.28752886836027713
oxygen	family	7	prevalence	same_phylum	37	0.5	0.463768115942029
oxygen	family	7	taxonomy	same_class	242	0.5551618766628909	0.5893387832734389
oxygen	family	7	taxonomy	same_order	985	0.6749779868135644	0.7405920497151031
oxygen	family	7	taxonomy	same_phylum	37	0.65625	0.3943452380952381
oxygen	family	8	prevalence	different_phylum	6	0.5	0.4
oxygen	family	8	prevalence	same_class	34	0.3333333333333333	0.23899371069182387
oxygen	family	8	prevalence	same_order	1088	0.3333333333333333	0.25779782036828264
oxygen	family	8	prevalence	same_phylum	23	0.3333333333333333	0.21568627450980393
oxygen	family	8	taxonomy	different_phylum	6	0.5	0.4
oxygen	family	8	taxonomy	same_class	34	0.4990601503759399	0.4325786415547986
oxygen	family	8	taxonomy	same_order	1088	0.6918382071443295	0.7188948705564521
oxygen	family	8	taxonomy	same_phylum	23	0.6464646464646465	0.6317460317460317
oxygen	family	9	prevalence	different_phylum	24	0.0	0.0
oxygen	family	9	prevalence	same_class	65	0.3333333333333333	0.17424242424242423
oxygen	family	9	prevalence	same_order	1028	0.3333333333333333	0.2978112665949049
oxygen	family	9	prevalence	same_phylum	10	0.3333333333333333	0.19047619047619047
oxygen	family	9	taxonomy	different_phylum	24	0.0	0.0
oxygen	family	9	taxonomy	same_class	65	0.7049961861174676	0.6843434343434343
oxygen	family	9	taxonomy	same_order	1028	0.7086336101311891	0.7290799255364133
oxygen	family	9	taxonomy	same_phylum	10	0.26666666666666666	0.19047619047619047
oxygen	family	10	prevalence	different_phylum	4	1.0	1.0
oxygen	family	10	prevalence	same_class	62	0.3333333333333333	0.24054982817869416
oxygen	family	10	prevalence	same_order	1089	0.3333333333333333	0.28090683669854766
oxygen	family	10	prevalence	same_phylum	21	0.3333333333333333	0.21505376344086022
oxygen	family	10	taxonomy	different_phylum	4	1.0	1.0
oxygen	family	10	taxonomy	same_class	62	0.5603174603174604	0.590958605664488
oxygen	family	10	taxonomy	same_order	1089	0.6812649354192525	0.7185381637040607
oxygen	family	10	taxonomy	same_phylum	21	0.8666666666666667	0.8560606060606061
oxygen	family	11	prevalence	different_phylum	17	0.3333333333333333	0.037037037037037035
oxygen	family	11	prevalence	same_class	282	0.3333333333333333	0.29658792650918636
oxygen	family	11	prevalence	same_order	797	0.3333333333333333	0.29010158280179543
oxygen	family	11	prevalence	same_phylum	31	0.3333333333333333	0.2839506172839506
oxygen	family	11	taxonomy	different_phylum	17	0.3333333333333333	0.037037037037037035
oxygen	family	11	taxonomy	same_class	282	0.518825768389	0.5404644303322718
oxygen	family	11	taxonomy	same_order	797	0.7445180037882015	0.7759478615230129
oxygen	family	11	taxonomy	same_phylum	31	0.6666666666666666	0.4594594594594595
oxygen	family	12	prevalence	different_phylum	3	0.0	0.0
oxygen	family	12	prevalence	same_class	13	0.3333333333333333	0.21052631578947367
oxygen	family	12	prevalence	same_order	1122	0.3333333333333333	0.2459692538432696
oxygen	family	12	prevalence	same_phylum	11	0.0	0.0
oxygen	family	12	taxonomy	different_phylum	3	0.0	0.0
oxygen	family	12	taxonomy	same_class	13	0.7111111111111111	0.7193732193732193
oxygen	family	12	taxonomy	same_order	1122	0.8057459898923313	0.8406521582992171
oxygen	family	12	taxonomy	same_phylum	11	1.0	1.0
oxygen	family	13	prevalence	same_class	279	0.3333333333333333	0.31305449936628643
oxygen	family	13	prevalence	same_order	855	0.3333333333333333	0.26355492692126353
oxygen	family	13	prevalence	same_phylum	10	0.3333333333333333	0.19047619047619047
oxygen	family	13	taxonomy	same_class	279	0.343295301190038	0.3601365467037109
oxygen	family	13	taxonomy	same_order	855	0.7406140890621572	0.7731507798760863
oxygen	family	13	taxonomy	same_phylum	10	0.5555555555555555	0.4484848484848485
oxygen	family	14	prevalence	same_class	228	0.3333333333333333	0.3056215360253365
oxygen	family	14	prevalence	same_order	927	0.3333333333333333	0.30076968620485495
oxygen	family	14	prevalence	same_phylum	8	0.3333333333333333	0.25641025641025644
oxygen	family	14	taxonomy	same_class	228	0.4566062176165803	0.4861081654294804
oxygen	family	14	taxonomy	same_order	927	0.5358029090850884	0.5866744947106343
oxygen	family	14	taxonomy	same_phylum	8	1.0	1.0
oxygen	family	15	prevalence	different_phylum	2	0.0	0.0
oxygen	family	15	prevalence	same_class	294	0.3333333333333333	0.3115942028985507
oxygen	family	15	prevalence	same_order	833	0.3333333333333333	0.29395973154362415
oxygen	family	15	prevalence	same_phylum	4	1.0	1.0
oxygen	family	15	taxonomy	different_phylum	2	0.0	0.0
oxygen	family	15	taxonomy	same_class	294	0.4266795865633075	0.47282973071602546
oxygen	family	15	taxonomy	same_order	833	0.7504732076649884	0.7894315115374453
oxygen	family	15	taxonomy	same_phylum	4	0.0	0.0
oxygen	family	16	prevalence	different_phylum	2	0.5	0.3333333333333333
oxygen	family	16	prevalence	same_class	252	0.3333333333333333	0.3137254901960784
oxygen	family	16	prevalence	same_order	873	0.3333333333333333	0.27995570321151714
oxygen	family	16	prevalence	same_phylum	4	0.0	0.0
oxygen	family	16	taxonomy	different_phylum	2	0.5	0.3333333333333333
oxygen	family	16	taxonomy	same_class	252	0.6299576648841355	0.578972159790574
oxygen	family	16	taxonomy	same_order	873	0.668562267619167	0.6843646208806117
oxygen	family	16	taxonomy	same_phylum	4	0.8333333333333333	0.6
oxygen	family	17	prevalence	different_phylum	3	0.5	0.4
oxygen	family	17	prevalence	same_class	146	0.3333333333333333	0.2993710691823899
oxygen	family	17	prevalence	same_order	1089	0.3333333333333333	0.28008519701810436
oxygen	family	17	prevalence	same_phylum	20	0.5	0.25925925925925924
oxygen	family	17	taxonomy	different_phylum	3	0.5	0.4
oxygen	family	17	taxonomy	same_class	146	0.6443043884220355	0.6311193568336425
oxygen	family	17	taxonomy	same_order	1089	0.6619613761483789	0.6535451537204471
oxygen	family	17	taxonomy	same_phylum	20	0.6758241758241759	0.6865203761755485
oxygen	family	18	prevalence	different_phylum	2	0.0	0.0
oxygen	family	18	prevalence	same_class	186	0.3333333333333333	0.3202979515828678
oxygen	family	18	prevalence	same_order	950	0.3333333333333333	0.2749948464234178
oxygen	family	18	prevalence	same_phylum	33	0.3333333333333333	0.2937853107344633
oxygen	family	18	taxonomy	different_phylum	2	0.0	0.0
oxygen	family	18	taxonomy	same_class	186	0.7325581395348837	0.6205454150369405
oxygen	family	18	taxonomy	same_order	950	0.6866047098774772	0.6999068701196361
oxygen	family	18	taxonomy	same_phylum	33	0.6666666666666666	0.4385964912280702
oxygen	family	19	prevalence	different_phylum	1	1.0	1.0
oxygen	family	19	prevalence	same_class	31	0.3333333333333333	0.21739130434782608
oxygen	family	19	prevalence	same_order	1115	0.3333333333333333	0.2948140737035184
oxygen	family	19	prevalence	same_phylum	9	0.5	0.4
oxygen	family	19	taxonomy	different_phylum	1	0.0	0.0
oxygen	family	19	taxonomy	same_class	31	0.6111111111111112	0.6124999999999999
oxygen	family	19	taxonomy	same_order	1115	0.6955381800607566	0.7229639519359146
oxygen	family	19	taxonomy	same_phylum	9	0.8333333333333333	0.8615384615384616
oxygen	order	0	prevalence	different_phylum	1	0.0	0.0
oxygen	order	0	prevalence	same_class	1183	0.3333333333333333	0.24036036036036035
oxygen	order	0	prevalence	same_phylum	22	0.3333333333333333	0.028985507246376812
oxygen	order	0	taxonomy	different_phylum	1	0.0	0.0
oxygen	order	0	taxonomy	same_class	1183	0.6061882054159887	0.6185665580732606
oxygen	order	0	taxonomy	same_phylum	22	1.0	1.0
oxygen	order	1	prevalence	same_class	1164	0.3333333333333333	0.2711518858307849
oxygen	order	1	prevalence	same_phylum	6	0.3333333333333333	0.26666666666666666
oxygen	order	1	taxonomy	same_class	1164	0.38797975330483064	0.3699554642000685
oxygen	order	1	taxonomy	same_phylum	6	0.0	0.0
oxygen	order	2	prevalence	different_phylum	1	1.0	1.0
oxygen	order	2	prevalence	same_class	1406	0.3333333333333333	0.30392156862745096
oxygen	order	2	prevalence	same_phylum	23	0.3333333333333333	0.24074074074074073
oxygen	order	2	taxonomy	different_phylum	1	0.0	0.0
oxygen	order	2	taxonomy	same_class	1406	0.4249090711288705	0.3701555138335008
oxygen	order	2	taxonomy	same_phylum	23	0.7115384615384616	0.6613756613756614
oxygen	order	3	prevalence	same_class	1125	0.3333333333333333	0.31020278833967047
oxygen	order	3	prevalence	same_phylum	2	0.0	0.0
oxygen	order	3	taxonomy	same_class	1125	0.4874097514031542	0.14956126882814935
oxygen	order	3	taxonomy	same_phylum	2	1.0	1.0
oxygen	order	4	prevalence	different_phylum	1	1.0	1.0
oxygen	order	4	prevalence	same_class	1269	0.3333333333333333	0.25737784228350263
oxygen	order	4	prevalence	same_phylum	39	0.3333333333333333	0.07575757575757576
oxygen	order	4	taxonomy	different_phylum	1	0.0	0.0
oxygen	order	4	taxonomy	same_class	1269	0.6967560745836222	0.733799257527448
oxygen	order	4	taxonomy	same_phylum	39	0.39999999999999997	0.4209702660406886
oxygen	order	5	prevalence	different_phylum	115	0.3333333333333333	0.1688311688311688
oxygen	order	5	prevalence	same_class	961	0.3333333333333333	0.29483459082994773
oxygen	order	5	prevalence	same_phylum	63	0.3333333333333333	0.12820512820512822
oxygen	order	5	taxonomy	different_phylum	115	0.3333333333333333	0.1688311688311688
oxygen	order	5	taxonomy	same_class	961	0.7056721770072859	0.6950995793548985
oxygen	order	5	taxonomy	same_phylum	63	0.43768115942028984	0.47444444444444445
oxygen	order	6	prevalence	same_class	1407	0.3333333333333333	0.27038445289395857
oxygen	order	6	prevalence	same_phylum	10	0.3333333333333333	0.19047619047619047
oxygen	order	6	taxonomy	same_class	1407	0.38132530170745055	0.35844395093763387
oxygen	order	6	taxonomy	same_phylum	10	0.3333333333333333	0.2222222222222222
oxygen	order	7	prevalence	different_phylum	2	0.0	0.0
oxygen	order	7	prevalence	same_class	1168	0.3333333333333333	0.2652920962199313
oxygen	order	7	prevalence	same_phylum	1	0.0	0.0
oxygen	order	7	taxonomy	different_phylum	2	0.0	0.0
oxygen	order	7	taxonomy	same_class	1168	0.2652236893420246	0.16656528540981816
oxygen	order	7	taxonomy	same_phylum	1	0.0	0.0
oxygen	order	8	prevalence	different_phylum	22	0.5	0.2413793103448276
oxygen	order	8	prevalence	same_class	1399	0.3333333333333333	0.28614171086631307
oxygen	order	8	prevalence	same_phylum	13	0.3333333333333333	0.21052631578947367
oxygen	order	8	taxonomy	different_phylum	22	0.5	0.2413793103448276
oxygen	order	8	taxonomy	same_class	1399	0.5406349113063075	0.5160413786528102
oxygen	order	8	taxonomy	same_phylum	13	0.5555555555555556	0.5341880341880342
oxygen	order	9	prevalence	different_phylum	4	0.5	0.3333333333333333
oxygen	order	9	prevalence	same_class	1131	0.3333333333333333	0.2249560632688928
oxygen	order	9	prevalence	same_phylum	66	0.3333333333333333	0.009950248756218905
oxygen	order	9	taxonomy	different_phylum	4	0.5	0.3333333333333333
oxygen	order	9	taxonomy	same_class	1131	0.7658638752388752	0.787471773681534
oxygen	order	9	taxonomy	same_phylum	66	0.8494623655913979	0.5916666666666667
oxygen	order	10	prevalence	different_phylum	19	0.0	0.0
oxygen	order	10	prevalence	same_class	1096	0.3333333333333333	0.28827895736233383
oxygen	order	10	prevalence	same_phylum	13	0.0	0.0
oxygen	order	10	taxonomy	different_phylum	19	0.5	0.05
oxygen	order	10	taxonomy	same_class	1096	0.4577934695114982	0.41686955420165234
oxygen	order	10	taxonomy	same_phylum	13	1.0	1.0
oxygen	order	11	prevalence	same_class	1180	0.3333333333333333	0.30246913580246915
oxygen	order	11	prevalence	same_phylum	37	0.5	0.1590909090909091
oxygen	order	11	taxonomy	same_class	1180	0.6167637400556655	0.4861000715703992
oxygen	order	11	taxonomy	same_phylum	37	0.2642857142857143	0.16216216216216217
oxygen	order	12	prevalence	different_phylum	6	0.5	0.14285714285714285
oxygen	order	12	prevalence	same_class	1321	0.3333333333333333	0.2862491000719942
oxygen	order	12	prevalence	same_phylum	44	0.3333333333333333	0.2535211267605634
oxygen	order	12	taxonomy	different_phylum	6	0.0	0.0
oxygen	order	12	taxonomy	same_class	1321	0.4329513759201918	0.3811690650416535
oxygen	order	12	taxonomy	same_phylum	44	0.5440917107583774	0.45241090146750523
oxygen	order	13	prevalence	different_phylum	54	0.3333333333333333	0.03508771929824561
oxygen	order	13	prevalence	same_class	1048	0.3333333333333333	0.31020408163265306
oxygen	order	13	prevalence	same_phylum	39	0.3333333333333333	0.047619047619047616
oxygen	order	13	taxonomy	different_phylum	54	0.3333333333333333	0.03508771929824561
oxygen	order	13	taxonomy	same_class	1048	0.5714679152837048	0.5320147679324895
oxygen	order	13	taxonomy	same_phylum	39	1.0	1.0
oxygen	order	14	prevalence	different_phylum	16	0.0	0.0
oxygen	order	14	prevalence	same_class	1224	0.3333333333333333	0.2971014492753623
oxygen	order	14	prevalence	same_phylum	32	0.3333333333333333	0.2716049382716049
oxygen	order	14	taxonomy	different_phylum	16	0.5	0.15789473684210525
oxygen	order	14	taxonomy	same_class	1224	0.5632585724565882	0.33958001521589937
oxygen	order	14	taxonomy	same_phylum	32	0.3333333333333333	0.14634146341463414
oxygen	order	15	prevalence	different_phylum	15	0.5	0.25
oxygen	order	15	prevalence	same_class	1105	0.3333333333333333	0.24256380733064672
oxygen	order	15	prevalence	same_phylum	11	0.3333333333333333	0.17777777777777778
oxygen	order	15	taxonomy	different_phylum	15	0.5	0.25
oxygen	order	15	taxonomy	same_class	1105	0.3497392885321258	0.2829243061996148
oxygen	order	15	taxonomy	same_phylum	11	0.4444444444444444	0.2333333333333333
oxygen	order	16	prevalence	different_phylum	10	0.3333333333333333	0.06060606060606061
oxygen	order	16	prevalence	same_class	1223	0.3333333333333333	0.29906822963630897
oxygen	order	16	prevalence	same_phylum	4	0.3333333333333333	0.13333333333333333
oxygen	order	16	taxonomy	different_phylum	10	0.3333333333333333	0.2962962962962963
oxygen	order	16	taxonomy	same_class	1223	0.4600410030355924	0.40341892064496365
oxygen	order	16	taxonomy	same_phylum	4	0.0	0.0
oxygen	order	17	prevalence	different_phylum	65	0.3333333333333333	0.08108108108108109
oxygen	order	17	prevalence	same_class	1266	0.3333333333333333	0.2360544217687075
oxygen	order	17	prevalence	same_phylum	59	0.3333333333333333	0.0966183574879227
oxygen	order	17	taxonomy	different_phylum	65	0.3333333333333333	0.08108108108108109
oxygen	order	17	taxonomy	same_class	1266	0.701618102252108	0.7165253010303806
oxygen	order	17	taxonomy	same_phylum	59	0.7695035460992908	0.6496875673346262
oxygen	order	18	prevalence	different_phylum	31	0.0	0.0
oxygen	order	18	prevalence	same_class	1034	0.3333333333333333	0.27809094325441563
oxygen	order	18	prevalence	same_phylum	67	0.3333333333333333	0.22442244224422445
oxygen	order	18	taxonomy	different_phylum	31	0.0	0.0
oxygen	order	18	taxonomy	same_class	1034	0.6336820962753799	0.6042197427668835
oxygen	order	18	taxonomy	same_phylum	67	0.11538461538461538	0.07894736842105263
oxygen	order	19	prevalence	different_phylum	2	0.0	0.0
oxygen	order	19	prevalence	same_class	1213	0.3333333333333333	0.28467957801920957
oxygen	order	19	prevalence	same_phylum	36	0.3333333333333333	0.30303030303030304
oxygen	order	19	taxonomy	different_phylum	2	0.0	0.0
oxygen	order	19	taxonomy	same_class	1213	0.4696476419254411	0.464879370142528
oxygen	order	19	taxonomy	same_phylum	36	0.3333333333333333	0.08130081300813008
temperature	within	0	prevalence	same_class	8	0.5	0.38461538461538464
temperature	within	0	prevalence	same_family	225	0.3333333333333333	0.32575757575757575
temperature	within	0	prevalence	same_genus	859	0.3333333333333333	0.3290094339622642
temperature	within	0	prevalence	same_order	30	0.5	0.45454545454545453
temperature	within	0	prevalence	same_phylum	5	0.5	0.375
temperature	within	0	taxonomy	same_class	8	0.8	0.5833333333333334
temperature	within	0	taxonomy	same_family	225	0.7310938845822568	0.37791040192095604
temperature	within	0	taxonomy	same_genus	859	0.7367724867724869	0.48041694851749267
temperature	within	0	taxonomy	same_order	30	0.78	0.5239057239057239
temperature	within	0	taxonomy	same_phylum	5	0.41666666666666663	0.3
temperature	within	1	prevalence	same_class	7	0.5	0.36363636363636365
temperature	within	1	prevalence	same_family	228	0.5	0.4818181818181818
temperature	within	1	prevalence	same_genus	862	0.3333333333333333	0.32822928936003143
temperature	within	1	prevalence	same_order	29	0.5	0.46296296296296297
temperature	within	1	prevalence	same_phylum	1	1.0	1.0
temperature	within	1	taxonomy	same_class	7	0.625	0.4666666666666666
temperature	within	1	taxonomy	same_family	228	0.6350235849056604	0.37774272192743436
temperature	within	1	taxonomy	same_genus	862	0.7415128730918205	0.5251818248604173
temperature	within	1	taxonomy	same_order	29	0.385	0.3277777777777778
temperature	within	1	taxonomy	same_phylum	1	0.0	0.0
temperature	within	2	prevalence	different_phylum	1	0.0	0.0
temperature	within	2	prevalence	same_class	9	0.5	0.3076923076923077
temperature	within	2	prevalence	same_family	226	0.3333333333333333	0.3234624145785877
temperature	within	2	prevalence	same_genus	858	0.3333333333333333	0.32840528287009657
temperature	within	2	prevalence	same_order	30	0.5	0.4230769230769231
temperature	within	2	prevalence	same_phylum	3	0.5	0.4
temperature	within	2	taxonomy	different_phylum	1	0.0	0.0
temperature	within	2	taxonomy	same_class	9	0.775	0.582010582010582
temperature	within	2	taxonomy	same_family	226	0.6182244985061885	0.3912687026029924
temperature	within	2	taxonomy	same_genus	858	0.7240896358543417	0.5305577208967495
temperature	within	2	taxonomy	same_order	30	0.6704545454545454	0.45645645645645644
temperature	within	2	taxonomy	same_phylum	3	0.5	0.2222222222222222
temperature	within	3	prevalence	different_phylum	1	0.0	0.0
temperature	within	3	prevalence	same_class	8	0.5	0.4666666666666667
temperature	within	3	prevalence	same_family	212	0.5	0.48166259168704156
temperature	within	3	prevalence	same_genus	883	0.3333333333333333	0.3295150820924017
temperature	within	3	prevalence	same_order	20	0.5	0.4117647058823529
temperature	within	3	prevalence	same_phylum	3	1.0	1.0
temperature	within	3	taxonomy	different_phylum	1	0.0	0.0
temperature	within	3	taxonomy	same_class	8	0.7857142857142857	0.4090909090909091
temperature	within	3	taxonomy	same_family	212	0.7600676818950931	0.45050010206164526
temperature	within	3	taxonomy	same_genus	883	0.7555813055233681	0.4847769359047554
temperature	within	3	taxonomy	same_order	20	0.4285714285714286	0.2920634920634921
temperature	within	3	taxonomy	same_phylum	3	0.6666666666666666	0.4
temperature	within	4	prevalence	different_phylum	2	0.5	0.3333333333333333
temperature	within	4	prevalence	same_class	11	0.5	0.47619047619047616
temperature	within	4	prevalence	same_family	218	0.3333333333333333	0.32145684877276326
temperature	within	4	prevalence	same_genus	874	0.3333333333333333	0.3292800617641382
temperature	within	4	prevalence	same_order	17	0.5	0.46875
temperature	within	4	prevalence	same_phylum	5	0.5	0.2857142857142857
temperature	within	4	taxonomy	different_phylum	2	0.5	0.3333333333333333
temperature	within	4	taxonomy	same_class	11	0.7	0.3238095238095238
temperature	within	4	taxonomy	same_family	218	0.7837564734116458	0.48012381883349625
temperature	within	4	taxonomy	same_genus	874	0.7282978842181657	0.49215986835152764
temperature	within	4	taxonomy	same_order	17	0.23333333333333334	0.19444444444444445
temperature	within	4	taxonomy	same_phylum	5	0.5	0.375
temperature	within	5	prevalence	different_phylum	1	0.0	0.0
temperature	within	5	prevalence	same_class	15	0.5	0.375
temperature	within	5	prevalence	same_family	192	0.3333333333333333	0.31884057971014496
temperature	within	5	prevalence	same_genus	891	0.3333333333333333	0.32878270762229805
temperature	within	5	prevalence	same_order	27	0.5	0.4489795918367347
temperature	within	5	prevalence	same_phylum	1	1.0	1.0
temperature	within	5	taxonomy	different_phylum	1	0.0	0.0
temperature	within	5	taxonomy	same_class	15	0.8333333333333333	0.5743589743589744
temperature	within	5	taxonomy	same_family	192	0.49393939393939396	0.4121212121212121
temperature	within	5	taxonomy	same_genus	891	0.760006237514888	0.48950954597584834
temperature	within	5	taxonomy	same_order	27	0.5045454545454545	0.28750000000000003
temperature	within	5	taxonomy	same_phylum	1	0.0	0.0
temperature	within	6	prevalence	different_phylum	1	0.0	0.0
temperature	within	6	prevalence	same_class	14	0.5	0.391304347826087
temperature	within	6	prevalence	same_family	233	0.3333333333333333	0.31760299625468164
temperature	within	6	prevalence	same_genus	842	0.3333333333333333	0.3289209787404733
temperature	within	6	prevalence	same_order	33	0.3333333333333333	0.2937853107344633
temperature	within	6	prevalence	same_phylum	4	0.5	0.3333333333333333
temperature	within	6	taxonomy	different_phylum	1	0.0	0.0
temperature	within	6	taxonomy	same_class	14	0.6111111111111112	0.3593073593073593
temperature	within	6	taxonomy	same_family	233	0.774495200264813	0.4954018419134698
temperature	within	6	taxonomy	same_genus	842	0.6715968313529289	0.47479981796041865
temperature	within	6	taxonomy	same_order	33	0.6923076923076922	0.44948935646610066
temperature	within	6	taxonomy	same_phylum	4	0.5	0.3333333333333333
temperature	within	7	prevalence	different_phylum	2	0.0	0.0
temperature	within	7	prevalence	same_class	7	0.5	0.46153846153846156
temperature	within	7	prevalence	same_family	214	0.3333333333333333	0.32371794871794873
temperature	within	7	prevalence	same_genus	874	0.3333333333333333	0.3302540415704388
temperature	within	7	prevalence	same_order	26	0.5	0.3953488372093023
temperature	within	7	prevalence	same_phylum	4	0.5	0.42857142857142855
temperature	within	7	taxonomy	different_phylum	2	0.0	0.0
temperature	within	7	taxonomy	same_class	7	0.8333333333333333	0.48888888888888893
temperature	within	7	taxonomy	same_family	214	0.7952295229522953	0.41215144835054335
temperature	within	7	taxonomy	same_genus	874	0.7204739704739705	0.483318363518626
temperature	within	7	taxonomy	same_order	26	0.6013071895424837	0.42524509803921573
temperature	within	7	taxonomy	same_phylum	4	0.5	0.16666666666666666
temperature	within	8	prevalence	different_phylum	1	0.0	0.0
temperature	within	8	prevalence	same_class	6	0.5	0.45454545454545453
temperature	within	8	prevalence	same_family	231	0.3333333333333333	0.31981981981981983
temperature	within	8	prevalence	same_genus	859	0.3333333333333333	0.32940714566156265
temperature	within	8	prevalence	same_order	26	0.5	0.3953488372093023
temperature	within	8	prevalence	same_phylum	4	0.5	0.42857142857142855
temperature	within	8	taxonomy	different_phylum	1	0.0	0.0
temperature	within	8	taxonomy	same_class	6	0.8	0.5833333333333334
temperature	within	8	taxonomy	same_family	231	0.8253705237963729	0.46047790528320615
temperature	within	8	taxonomy	same_genus	859	0.7364682066708288	0.5515864235845283
temperature	within	8	taxonomy	same_order	26	0.4607843137254902	0.3400537634408602
temperature	within	8	taxonomy	same_phylum	4	0.6666666666666666	0.38888888888888884
temperature	within	9	prevalence	same_class	10	0.5	0.4444444444444444
temperature	within	9	prevalence	same_family	212	0.5	0.4891566265060241
temperature	within	9	prevalence	same_genus	873	0.3333333333333333	0.3271100739012058
temperature	within	9	prevalence	same_order	29	0.3333333333333333	0.3018867924528302
temperature	within	9	prevalence	same_phylum	3	0.5	0.25
temperature	within	9	taxonomy	same_class	10	0.625	0.5079365079365079
temperature	within	9	taxonomy	same_family	212	0.7151067323481116	0.42037037037037034
temperature	within	9	taxonomy	same_genus	873	0.7606907142547671	0.6086647244026301
temperature	within	9	taxonomy	same_order	29	0.736111111111111	0.4322751322751323
temperature	within	9	taxonomy	same_phylum	3	0.75	0.6666666666666666
temperature	within	10	prevalence	different_phylum	1	0.0	0.0
temperature	within	10	prevalence	same_class	9	0.5	0.4
temperature	within	10	prevalence	same_family	190	0.3333333333333333	0.3252470799640611
temperature	within	10	prevalence	same_genus	892	0.3333333333333333	0.328979746356237
temperature	within	10	prevalence	same_order	32	0.5	0.43859649122807015
temperature	within	10	prevalence	same_phylum	3	0.5	0.4
temperature	within	10	taxonomy	different_phylum	1	0.0	0.0
temperature	within	10	taxonomy	same_class	9	0.9166666666666667	0.6363636363636364
temperature	within	10	taxonomy	same_family	190	0.7283609576427256	0.360990860990861
temperature	within	10	taxonomy	same_genus	892	0.7840886258607777	0.5525511003441487
temperature	within	10	taxonomy	same_order	32	0.6371428571428572	0.44986449864498645
temperature	within	10	taxonomy	same_phylum	3	0.75	0.6666666666666666
temperature	within	11	prevalence	same_class	8	0.5	0.38461538461538464
temperature	within	11	prevalence	same_family	221	0.5	0.48
temperature	within	11	prevalence	same_genus	864	0.3333333333333333	0.32982456140350874
temperature	within	11	prevalence	same_order	30	0.5	0.47368421052631576
temperature	within	11	prevalence	same_phylum	4	0.5	0.3333333333333333
temperature	within	11	taxonomy	same_class	8	0.5333333333333333	0.38095238095238093
temperature	within	11	taxonomy	same_family	221	0.6568627450980392	0.4366644310306282
temperature	within	11	taxonomy	same_genus	864	0.5771980186873804	0.49195377392560485
temperature	within	11	taxonomy	same_order	30	0.5925925925925926	0.33875338753387535
temperature	within	11	taxonomy	same_phylum	4	0.5	0.38888888888888884
temperature	within	12	prevalence	different_phylum	1	0.0	0.0
temperature	within	12	prevalence	same_class	10	0.5	0.4444444444444444
temperature	within	12	prevalence	same_family	203	0.5	0.48737373737373735
temperature	within	12	prevalence	same_genus	878	0.3333333333333333	0.32890940565493365
temperature	within	12	prevalence	same_order	29	0.3333333333333333	0.27999999999999997
temperature	within	12	prevalence	same_phylum	6	0.5	0.4
temperature	within	12	taxonomy	different_phylum	1	0.0	0.0
temperature	within	12	taxonomy	same_class	10	0.75	0.48888888888888893
temperature	within	12	taxonomy	same_family	203	0.6290155440414508	0.3510147918816649
temperature	within	12	taxonomy	same_genus	878	0.6340830709251762	0.4930799545324429
temperature	within	12	taxonomy	same_order	29	0.6666666666666666	0.4230889724310776
temperature	within	12	taxonomy	same_phylum	6	0.25	0.13333333333333333
temperature	within	13	prevalence	different_phylum	3	0.0	0.0
temperature	within	13	prevalence	same_class	11	0.5	0.45
temperature	within	13	prevalence	same_family	211	0.3333333333333333	0.32524271844660196
temperature	within	13	prevalence	same_genus	875	0.3333333333333333	0.3269268103280916
temperature	within	13	prevalence	same_order	24	0.5	0.42857142857142855
temperature	within	13	prevalence	same_phylum	3	0.5	0.4
temperature	within	13	taxonomy	different_phylum	3	0.0	0.0
temperature	within	13	taxonomy	same_class	11	0.7777777777777778	0.6071428571428572
temperature	within	13	taxonomy	same_family	211	0.8297401879491432	0.40648723257418906
temperature	within	13	taxonomy	same_genus	875	0.6728363481332602	0.5204411048493703
temperature	within	13	taxonomy	same_order	24	0.75	0.5079365079365079
temperature	within	13	taxonomy	same_phylum	3	0.0	0.0
temperature	within	14	prevalence	different_phylum	2	0.0	0.0
temperature	within	14	prevalence	same_class	7	0.5	0.4166666666666667
temperature	within	14	prevalence	same_family	217	0.3333333333333333	0.32385466034755134
temperature	within	14	prevalence	same_genus	864	0.3333333333333333	0.3266430539157812
temperature	within	14	prevalence	same_order	34	0.5	0.43333333333333335
temperature	within	14	prevalence	same_phylum	3	0.5	0.25
temperature	within	14	taxonomy	different_phylum	2	0.0	0.0
temperature	within	14	taxonomy	same_class	7	0.7	0.45714285714285713
temperature	within	14	taxonomy	same_family	217	0.7837398373983739	0.43138401559454187
temperature	within	14	taxonomy	same_genus	864	0.7884107860011474	0.590448987491373
temperature	within	14	taxonomy	same_order	34	0.6057692307692308	0.36000000000000004
temperature	within	14	taxonomy	same_phylum	3	0.5	0.3333333333333333
temperature	within	15	prevalence	different_phylum	1	0.0	0.0
temperature	within	15	prevalence	same_class	16	0.5	0.4666666666666667
temperature	within	15	prevalence	same_family	234	0.5	0.48344370860927155
temperature	within	15	prevalence	same_genus	842	0.3333333333333333	0.3276972624798712
temperature	within	15	prevalence	same_order	32	0.5	0.42857142857142855
temperature	within	15	prevalence	same_phylum	2	1.0	1.0
temperature	within	15	taxonomy	different_phylum	1	0.0	0.0
temperature	within	15	taxonomy	same_class	16	0.6428571428571428	0.26936026936026936
temperature	within	15	taxonomy	same_family	234	0.584931506849315	0.3723375779128905
temperature	within	15	taxonomy	same_genus	842	0.7393561393561393	0.5277105876945404
temperature	within	15	taxonomy	same_order	32	0.4583333333333333	0.31746031746031744
temperature	within	15	taxonomy	same_phylum	2	0.0	0.0
temperature	within	16	prevalence	different_phylum	1	0.0	0.0
temperature	within	16	prevalence	same_class	11	0.5	0.45
temperature	within	16	prevalence	same_family	196	0.3333333333333333	0.3237095363079615
temperature	within	16	prevalence	same_genus	886	0.3333333333333333	0.3283696067201222
temperature	within	16	prevalence	same_order	29	0.3333333333333333	0.3018867924528302
temperature	within	16	prevalence	same_phylum	4	0.5	0.42857142857142855
temperature	within	16	taxonomy	different_phylum	1	0.0	0.0
temperature	within	16	taxonomy	same_class	11	0.5277777777777778	0.37142857142857144
temperature	within	16	taxonomy	same_family	196	0.7783783783783784	0.4204323941166046
temperature	within	16	taxonomy	same_genus	886	0.759995301855767	0.5077443431908656
temperature	within	16	taxonomy	same_order	29	0.7638888888888888	0.4780701754385965
temperature	within	16	taxonomy	same_phylum	4	0.5	0.16666666666666666
temperature	within	17	prevalence	same_class	11	0.5	0.47619047619047616
temperature	within	17	prevalence	same_family	209	0.5	0.4852216748768473
temperature	within	17	prevalence	same_genus	874	0.3333333333333333	0.32947530864197533
temperature	within	17	prevalence	same_order	31	0.5	0.45614035087719296
temperature	within	17	prevalence	same_phylum	2	1.0	1.0
temperature	within	17	taxonomy	same_class	11	0.7	0.30158730158730157
temperature	within	17	taxonomy	same_family	209	0.7165820642978002	0.4279699248120301
temperature	within	17	taxonomy	same_genus	874	0.7064467863648192	0.5097257989658942
temperature	within	17	taxonomy	same_order	31	0.5692307692307692	0.3704994192799071
temperature	within	17	taxonomy	same_phylum	2	0.0	0.0
temperature	within	18	prevalence	different_phylum	1	0.0	0.0
temperature	within	18	prevalence	same_class	8	0.5	0.4666666666666667
temperature	within	18	prevalence	same_family	223	0.5	0.4908675799086758
temperature	within	18	prevalence	same_genus	869	0.3333333333333333	0.32866588875923763
temperature	within	18	prevalence	same_order	22	0.5	0.3888888888888889
temperature	within	18	prevalence	same_phylum	4	1.0	1.0
temperature	within	18	taxonomy	different_phylum	1	0.0	0.0
temperature	within	18	taxonomy	same_class	8	0.7857142857142857	0.4646464646464647
temperature	within	18	taxonomy	same_family	223	0.6613372093023255	0.36771765927079275
temperature	within	18	taxonomy	same_genus	869	0.7678680294064909	0.5153167067801214
temperature	within	18	taxonomy	same_order	22	0.6607142857142857	0.45751633986928103
temperature	within	18	taxonomy	same_phylum	4	0.0	0.0
temperature	within	19	prevalence	different_phylum	3	0.0	0.0
temperature	within	19	prevalence	same_class	9	0.5	0.47058823529411764
temperature	within	19	prevalence	same_family	228	0.5	0.4841628959276018
temperature	within	19	prevalence	same_genus	858	0.3333333333333333	0.32860520094562645
temperature	within	19	prevalence	same_order	28	0.5	0.45098039215686275
temperature	within	19	prevalence	same_phylum	1	0.0	0.0
temperature	within	19	taxonomy	different_phylum	3	0.0	0.0
temperature	within	19	taxonomy	same_class	9	0.75	0.35555555555555557
temperature	within	19	taxonomy	same_family	228	0.557743658210948	0.3875164690382082
temperature	within	19	taxonomy	same_genus	858	0.6106614708233413	0.47941665363183583
temperature	within	19	taxonomy	same_order	28	0.682608695652174	0.40090090090090086
temperature	within	19	taxonomy	same_phylum	1	1.0	1.0
temperature	genus	0	prevalence	same_class	21	0.5	0.4473684210526316
temperature	genus	0	prevalence	same_family	1062	0.3333333333333333	0.3287191726332538
temperature	genus	0	prevalence	same_order	38	0.5	0.4722222222222222
temperature	genus	0	prevalence	same_phylum	6	0.5	0.25
temperature	genus	0	taxonomy	same_class	21	0.5220588235294118	0.28484848484848485
temperature	genus	0	taxonomy	same_family	1062	0.585611333917239	0.390876835604913
temperature	genus	0	taxonomy	same_order	38	0.47794117647058826	0.3135771332492644
temperature	genus	0	taxonomy	same_phylum	6	0.5	0.4
temperature	genus	1	prevalence	same_class	14	0.5	0.391304347826087
temperature	genus	1	prevalence	same_family	1047	0.3333333333333333	0.3306050393195314
temperature	genus	1	prevalence	same_order	67	0.5	0.4596774193548387
temperature	genus	1	prevalence	same_phylum	4	1.0	1.0
temperature	genus	1	taxonomy	same_class	14	0.6666666666666666	0.4230769230769231
temperature	genus	1	taxonomy	same_family	1047	0.6283024418946749	0.343531678885647
temperature	genus	1	taxonomy	same_order	67	0.4982456140350877	0.3145424836601307
temperature	genus	1	taxonomy	same_phylum	4	0.25	0.2
temperature	genus	2	prevalence	different_phylum	6	0.5	0.3333333333333333
temperature	genus	2	prevalence	same_class	16	0.5	0.36
temperature	genus	2	prevalence	same_family	1077	0.3333333333333333	0.33083879014655443
temperature	genus	2	prevalence	same_order	66	0.3333333333333333	0.28735632183908044
temperature	genus	2	prevalence	same_phylum	4	1.0	1.0
temperature	genus	2	taxonomy	different_phylum	6	0.5	0.3333333333333333
temperature	genus	2	taxonomy	same_class	16	0.6507936507936507	0.47179487179487184
temperature	genus	2	taxonomy	same_family	1077	0.4484737868338245	0.291737368866026
temperature	genus	2	taxonomy	same_order	66	0.7200000000000001	0.4501424501424502
temperature	genus	2	taxonomy	same_phylum	4	0.25	0.13333333333333333
temperature	genus	3	prevalence	different_phylum	5	0.5	0.16666666666666666
temperature	genus	3	prevalence	same_class	20	0.5	0.4444444444444444
temperature	genus	3	prevalence	same_family	1058	0.3333333333333333	0.32641903843061587
temperature	genus	3	prevalence	same_order	45	0.5	0.4375
temperature	genus	3	prevalence	same_phylum	6	1.0	1.0
temperature	genus	3	taxonomy	different_phylum	5	0.5	0.16666666666666666
temperature	genus	3	taxonomy	same_class	20	0.5	0.3
temperature	genus	3	taxonomy	same_family	1058	0.6571820420958352	0.3619972677692993
temperature	genus	3	taxonomy	same_order	45	0.7857142857142857	0.4574780058651027
temperature	genus	3	taxonomy	same_phylum	6	0.16666666666666666	0.09523809523809523
temperature	genus	4	prevalence	different_phylum	4	0.0	0.0
temperature	genus	4	prevalence	same_class	9	0.5	0.47058823529411764
temperature	genus	4	prevalence	same_family	1066	0.3333333333333333	0.32857595940374246
temperature	genus	4	prevalence	same_order	47	0.5	0.4268292682926829
temperature	genus	4	prevalence	same_phylum	7	0.5	0.3
temperature	genus	4	taxonomy	different_phylum	4	0.0	0.0
temperature	genus	4	taxonomy	same_class	9	0.75	0.4444444444444444
temperature	genus	4	taxonomy	same_family	1066	0.5163288288288288	0.37673967683757925
temperature	genus	4	taxonomy	same_order	47	0.7333333333333334	0.4919402985074626
temperature	genus	4	taxonomy	same_phylum	7	0.6666666666666666	0.65
temperature	genus	5	prevalence	different_phylum	3	0.0	0.0
temperature	genus	5	prevalence	same_class	12	0.5	0.42857142857142855
temperature	genus	5	prevalence	same_family	1061	0.3333333333333333	0.327418065547562
temperature	genus	5	prevalence	same_order	49	0.5	0.46153846153846156
temperature	genus	5	prevalence	same_phylum	4	1.0	1.0
temperature	genus	5	taxonomy	different_phylum	3	0.0	0.0
temperature	genus	5	taxonomy	same_class	12	0.9444444444444444	0.8991596638655461
temperature	genus	5	taxonomy	same_family	1061	0.5857872596153846	0.4786836506565683
temperature	genus	5	taxonomy	same_order	49	0.5	0.34055727554179566
temperature	genus	5	taxonomy	same_phylum	4	0.5	0.3333333333333333
temperature	genus	6	prevalence	different_phylum	7	0.5	0.46153846153846156
temperature	genus	6	prevalence	same_class	27	0.5	0.41304347826086957
temperature	genus	6	prevalence	same_family	1021	0.3333333333333333	0.326843068730238
temperature	genus	6	prevalence	same_order	73	0.5	0.4632352941176471
temperature	genus	6	prevalence	same_phylum	4	0.5	0.3333333333333333
temperature	genus	6	taxonomy	different_phylum	7	0.5	0.125
temperature	genus	6	taxonomy	same_class	27	0.6578947368421053	0.41396825396825393
temperature	genus	6	taxonomy	same_family	1021	0.7505748636751856	0.3836501198401643
temperature	genus	6	taxonomy	same_order	73	0.665079365079365	0.3963864306784661
temperature	genus	6	taxonomy	same_phylum	4	0.75	0.7333333333333334
temperature	genus	7	prevalence	different_phylum	6	0.5	0.4
temperature	genus	7	prevalence	same_class	22	0.5	0.47619047619047616
temperature	genus	7	prevalence	same_family	1021	0.3333333333333333	0.32819492789656884
temperature	genus	7	prevalence	same_order	86	0.5	0.4658385093167702
temperature	genus	7	prevalence	same_phylum	7	0.5	0.4166666666666667
temperature	genus	7	taxonomy	different_phylum	6	0.5	0.4
temperature	genus	7	taxonomy	same_class	22	0.825	0.48484848484848486
temperature	genus	7	taxonomy	same_family	1021	0.7102693602693603	0.3961628377312958
temperature	genus	7	taxonomy	same_order	86	0.636969696969697	0.3528505392912173
temperature	genus	7	taxonomy	same_phylum	7	0.65	0.65
temperature	genus	8	prevalence	different_phylum	1	0.0	0.0
temperature	genus	8	prevalence	same_class	12	0.5	0.4782608695652174
temperature	genus	8	prevalence	same_family	1060	0.3333333333333333	0.32838678793681186
temperature	genus	8	prevalence	same_order	49	0.5	0.4787234042553192
temperature	genus	8	prevalence	same_phylum	6	0.5	0.25
temperature	genus	8	taxonomy	different_phylum	1	0.0	0.0
temperature	genus	8	taxonomy	same_class	12	0.8181818181818181	0.3925925925925926
temperature	genus	8	taxonomy	same_family	1060	0.6175251052802073	0.3409256215457131
temperature	genus	8	taxonomy	same_order	49	0.4361111111111111	0.3094949494949495
temperature	genus	8	taxonomy	same_phylum	6	0.625	0.625
temperature	genus	9	prevalence	different_phylum	1	0.0	0.0
temperature	genus	9	prevalence	same_class	33	0.5	0.46774193548387094
temperature	genus	9	prevalence	same_family	1021	0.3333333333333333	0.3285312137771154
temperature	genus	9	prevalence	same_order	66	0.5	0.45454545454545453
temperature	genus	9	prevalence	same_phylum	6	0.5	0.45454545454545453
temperature	genus	9	taxonomy	different_phylum	1	0.0	0.0
temperature	genus	9	taxonomy	same_class	33	0.5991379310344828	0.36019536019536025
temperature	genus	9	taxonomy	same_family	1021	0.5817346855653307	0.32845192927861633
temperature	genus	9	taxonomy	same_order	66	0.6090909090909091	0.3859767025089606
temperature	genus	9	taxonomy	same_phylum	6	0.6	0.27777777777777773
temperature	genus	10	prevalence	different_phylum	5	0.5	0.4444444444444444
temperature	genus	10	prevalence	same_class	25	0.5	0.45652173913043476
temperature	genus	10	prevalence	same_family	1061	0.3333333333333333	0.3277431720172496
temperature	genus	10	prevalence	same_order	64	0.3333333333333333	0.3081232492997199
temperature	genus	10	prevalence	same_phylum	4	0.5	0.3333333333333333
temperature	genus	10	taxonomy	different_phylum	5	0.5	0.4444444444444444
temperature	genus	10	taxonomy	same_class	25	0.4642857142857143	0.2900641025641026
temperature	genus	10	taxonomy	same_family	1061	0.5444282001299546	0.3650801405321074
temperature	genus	10	taxonomy	same_order	64	0.7234848484848485	0.4030969030969031
temperature	genus	10	taxonomy	same_phylum	4	0.5	0.5
temperature	genus	11	prevalence	different_phylum	5	0.5	0.4444444444444444
temperature	genus	11	prevalence	same_class	22	0.5	0.47619047619047616
temperature	genus	11	prevalence	same_family	1016	0.3333333333333333	0.3286759813705921
temperature	genus	11	prevalence	same_order	78	0.5	0.4583333333333333
temperature	genus	11	prevalence	same_phylum	6	0.5	0.25
temperature	genus	11	taxonomy	different_phylum	5	0.5	0.4444444444444444
temperature	genus	11	taxonomy	same_class	22	0.675	0.32098765432098764
temperature	genus	11	taxonomy	same_family	1016	0.5618226802437328	0.37694701355967597
temperature	genus	11	taxonomy	same_order	78	0.4053030303030303	0.29374416433239964
temperature	genus	11	taxonomy	same_phylum	6	0.625	0.625
temperature	genus	12	prevalence	different_phylum	5	0.5	0.4444444444444444
temperature	genus	12	prevalence	same_class	28	0.5	0.46153846153846156
temperature	genus	12	prevalence	same_family	1055	0.3333333333333333	0.32949824224992014
temperature	genus	12	prevalence	same_order	64	0.3333333333333333	0.2988505747126437
temperature	genus	12	prevalence	same_phylum	7	0.5	0.36363636363636365
temperature	genus	12	taxonomy	different_phylum	5	0.5	0.4444444444444444
temperature	genus	12	taxonomy	same_class	28	0.625	0.26666666666666666
temperature	genus	12	taxonomy	same_family	1055	0.6977759627001549	0.34059388047877953
temperature	genus	12	taxonomy	same_order	64	0.7505827505827506	0.46241502904461745
temperature	genus	12	taxonomy	same_phylum	7	0.625	0.3833333333333333
temperature	genus	13	prevalence	same_class	19	0.5	0.3870967741935484
temperature	genus	13	prevalence	same_family	1036	0.3333333333333333	0.3281045751633987
temperature	genus	13	prevalence	same_order	69	0.5	0.4523809523809524
temperature	genus	13	prevalence	same_phylum	7	0.5	0.125
temperature	genus	13	taxonomy	same_class	19	0.7083333333333334	0.4705882352941176
temperature	genus	13	taxonomy	same_family	1036	0.47386816370880114	0.3418435794800599
temperature	genus	13	taxonomy	same_order	69	0.6096491228070176	0.3459349593495935
temperature	genus	13	taxonomy	same_phylum	7	1.0	1.0
temperature	genus	14	prevalence	same_class	12	0.5	0.45454545454545453
temperature	genus	14	prevalence	same_family	1062	0.3333333333333333	0.3282345442957298
temperature	genus	14	prevalence	same_order	46	0.5	0.4457831325301205
temperature	genus	14	prevalence	same_phylum	7	0.5	0.36363636363636365
temperature	genus	14	taxonomy	same_class	12	0.65	0.37606837606837606
temperature	genus	14	taxonomy	same_family	1062	0.5463721213826743	0.4047315618683383
temperature	genus	14	taxonomy	same_order	46	0.6591591591591592	0.43278360819590206
temperature	genus	14	taxonomy	same_phylum	7	0.5	0.2222222222222222
temperature	genus	15	prevalence	different_phylum	3	0.5	0.4
temperature	genus	15	prevalence	same_class	18	0.5	0.35714285714285715
temperature	genus	15	prevalence	same_family	1039	0.3333333333333333	0.3281199087650701
temperature	genus	15	prevalence	same_order	63	0.5	0.4473684210526316
temperature	genus	15	prevalence	same_phylum	5	0.5	0.4444444444444444
temperature	genus	15	taxonomy	different_phylum	3	0.0	0.0
temperature	genus	15	taxonomy	same_class	18	0.6375	0.4360902255639097
temperature	genus	15	taxonomy	same_family	1039	0.6567446676682028	0.4254612588493653
temperature	genus	15	taxonomy	same_order	63	0.45588235294117646	0.2747252747252747
temperature	genus	15	taxonomy	same_phylum	5	0.75	0.5833333333333333
temperature	genus	16	prevalence	different_phylum	3	0.0	0.0
temperature	genus	16	prevalence	same_class	17	0.5	0.45161290322580644
temperature	genus	16	prevalence	same_family	1035	0.3333333333333333	0.3260941099045739
temperature	genus	16	prevalence	same_order	69	0.3333333333333333	0.3155216284987277
temperature	genus	16	prevalence	same_phylum	5	0.5	0.375
temperature	genus	16	taxonomy	different_phylum	3	0.0	0.0
temperature	genus	16	taxonomy	same_class	17	0.6428571428571428	0.3481481481481481
temperature	genus	16	taxonomy	same_family	1035	0.58186175580222	0.3899268794963213
temperature	genus	16	taxonomy	same_order	69	0.8369175627240143	0.4993894993894994
temperature	genus	16	taxonomy	same_phylum	5	0.6666666666666666	0.5833333333333333
temperature	genus	17	prevalence	same_class	16	0.5	0.4666666666666667
temperature	genus	17	prevalence	same_family	1043	0.3333333333333333	0.32797532066893975
temperature	genus	17	prevalence	same_order	65	0.5	0.4628099173553719
temperature	genus	17	prevalence	same_phylum	4	0.5	0.3333333333333333
temperature	genus	17	taxonomy	same_class	16	0.7857142857142857	0.5090909090909091
temperature	genus	17	taxonomy	same_family	1043	0.5454596194913609	0.37760480180971623
temperature	genus	17	taxonomy	same_order	65	0.5744047619047619	0.3631484794275492
temperature	genus	17	taxonomy	same_phylum	4	0.5	0.5
temperature	genus	18	prevalence	different_phylum	5	1.0	1.0
temperature	genus	18	prevalence	same_class	18	0.5	0.4375
temperature	genus	18	prevalence	same_family	1071	0.3333333333333333	0.32843833885994
temperature	genus	18	prevalence	same_order	56	0.5	0.45098039215686275
temperature	genus	18	prevalence	same_phylum	3	0.5	0.4
temperature	genus	18	taxonomy	different_phylum	5	1.0	1.0
temperature	genus	18	taxonomy	same_class	18	0.6071428571428571	0.36007130124777187
temperature	genus	18	taxonomy	same_family	1071	0.600566563066563	0.3727574165943328
temperature	genus	18	taxonomy	same_order	56	0.6543478260869565	0.3929618768328446
temperature	genus	18	taxonomy	same_phylum	3	0.25	0.25
temperature	genus	19	prevalence	different_phylum	4	1.0	1.0
temperature	genus	19	prevalence	same_class	14	0.5	0.391304347826087
temperature	genus	19	prevalence	same_family	1083	0.3333333333333333	0.3276995305164319
temperature	genus	19	prevalence	same_order	60	0.5	0.42857142857142855
temperature	genus	19	prevalence	same_phylum	5	0.5	0.4444444444444444
temperature	genus	19	taxonomy	different_phylum	4	1.0	1.0
temperature	genus	19	taxonomy	same_class	14	0.6666666666666666	0.38888888888888884
temperature	genus	19	taxonomy	same_family	1083	0.7038124801018784	0.3503572983667618
temperature	genus	19	taxonomy	same_order	60	0.7111111111111111	0.44286359530261965
temperature	genus	19	taxonomy	same_phylum	5	0.25	0.2857142857142857
temperature	family	0	prevalence	different_phylum	4	1.0	1.0
temperature	family	0	prevalence	same_class	37	0.5	0.421875
temperature	family	0	prevalence	same_order	1104	0.3333333333333333	0.33013260173754
temperature	family	0	prevalence	same_phylum	35	0.5	0.46153846153846156
temperature	family	0	taxonomy	different_phylum	4	1.0	1.0
temperature	family	0	taxonomy	same_class	37	0.7407407407407407	0.4635802469135803
temperature	family	0	taxonomy	same_order	1104	0.33979686057248387	0.2950814748066381
temperature	family	0	taxonomy	same_phylum	35	0.7333333333333334	0.6982758620689655
temperature	family	1	prevalence	different_phylum	3	0.5	0.25
temperature	family	1	prevalence	same_class	153	0.3333333333333333	0.31002331002331
temperature	family	1	prevalence	same_order	1096	0.3333333333333333	0.3277674706246135
temperature	family	1	prevalence	same_phylum	9	0.5	0.35714285714285715
temperature	family	1	taxonomy	different_phylum	3	0.5	0.4
temperature	family	1	taxonomy	same_class	153	0.39097744360902253	0.21425891181988743
temperature	family	1	taxonomy	same_order	1096	0.620252811599591	0.29305942203315527
temperature	family	1	taxonomy	same_phylum	9	0.675	0.47222222222222215
temperature	family	2	prevalence	different_phylum	15	1.0	1.0
temperature	family	2	prevalence	same_class	126	0.5	0.4878048780487805
temperature	family	2	prevalence	same_order	1017	0.3333333333333333	0.331023102310231
temperature	family	2	taxonomy	different_phylum	15	1.0	1.0
temperature	family	2	taxonomy	same_class	126	0.37916666666666665	0.16875179752660338
temperature	family	2	taxonomy	same_order	1017	0.6367637827258964	0.40920598482628373
temperature	family	3	prevalence	different_phylum	3	0.0	0.0
temperature	family	3	prevalence	same_class	136	0.3333333333333333	0.3125
temperature	family	3	prevalence	same_order	1004	0.3333333333333333	0.32638535841382815
temperature	family	3	prevalence	same_phylum	6	0.5	0.3333333333333333
temperature	family	3	taxonomy	different_phylum	3	0.0	0.0
temperature	family	3	taxonomy	same_class	136	0.6527777777777778	0.2616370079784714
temperature	family	3	taxonomy	same_order	1004	0.6696062651436483	0.36593255615487164
temperature	family	3	taxonomy	same_phylum	6	0.5	0.3333333333333333
temperature	family	4	prevalence	same_class	66	0.3333333333333333	0.31746031746031744
temperature	family	4	prevalence	same_order	1035	0.3333333333333333	0.32659766715952027
temperature	family	4	prevalence	same_phylum	26	0.5	0.49019607843137253
temperature	family	4	taxonomy	same_class	66	0.561111111111111	0.17985347985347985
temperature	family	4	taxonomy	same_order	1035	0.4695076441555315	0.43380083406380326
temperature	family	4	taxonomy	same_phylum	26	0.5	0.49019607843137253
temperature	family	5	prevalence	different_phylum	1	1.0	1.0
temperature	family	5	prevalence	same_class	104	0.5	0.4720812182741117
temperature	family	5	prevalence	same_order	1017	0.3333333333333333	0.32664660648612504
temperature	family	5	prevalence	same_phylum	6	0.0	0.0
temperature	family	5	taxonomy	different_phylum	1	0.0	0.0
temperature	family	5	taxonomy	same_class	104	0.6520039100684262	0.49363022044976185
temperature	family	5	taxonomy	same_order	1017	0.5620735243944046	0.21684269840798875
temperature	family	5	taxonomy	same_phylum	6	1.0	1.0
temperature	family	6	prevalence	same_class	29	0.5	0.35555555555555557
temperature	family	6	prevalence	same_order	1084	0.3333333333333333	0.3286560648581229
temperature	family	6	prevalence	same_phylum	28	0.5	0.48148148148148145
temperature	family	6	taxonomy	same_class	29	0.84375	0.8267622461170848
temperature	family	6	taxonomy	same_order	1084	0.6871002881439314	0.3476092777983768
temperature	family	6	taxonomy	same_phylum	28	0.5	0.04597701149425287
temperature	family	7	prevalence	same_class	242	0.5	0.4905263157894737
temperature	family	7	prevalence	same_order	985	0.3333333333333333	0.32677708764665286
temperature	family	7	prevalence	same_phylum	37	0.5	0.4861111111111111
temperature	family	7	taxonomy	same_class	242	0.854554124940391	0.5067256637168142
temperature	family	7	taxonomy	same_order	985	0.5886931618188218	0.38290363071448885
temperature	family	7	taxonomy	same_phylum	37	0.6428571428571428	0.29118773946360155
temperature	family	8	prevalence	different_phylum	6	0.5	0.4
temperature	family	8	prevalence	same_class	34	0.5	0.4603174603174603
temperature	family	8	prevalence	same_order	1088	0.3333333333333333	0.3283582089552239
temperature	family	8	prevalence	same_phylum	23	0.5	0.425
temperature	family	8	taxonomy	different_phylum	6	0.5	0.4
temperature	family	8	taxonomy	same_class	34	0.7275862068965517	0.5009276437847866
temperature	family	8	taxonomy	same_order	1088	0.6829618650270824	0.3242488546175541
temperature	family	8	taxonomy	same_phylum	23	0.6225490196078431	0.5180952380952382
temperature	family	9	prevalence	different_phylum	24	1.0	1.0
temperature	family	9	prevalence	same_class	65	0.5	0.49612403100775193
temperature	family	9	prevalence	same_order	1028	0.3333333333333333	0.3260437375745527
temperature	family	9	prevalence	same_phylum	10	0.5	0.375
temperature	family	9	taxonomy	different_phylum	24	0.0	0.0
temperature	family	9	taxonomy	same_class	65	0.609375	0.20299145299145302
temperature	family	9	taxonomy	same_order	1028	0.6464092140921409	0.39622131293364166
temperature	family	9	taxonomy	same_phylum	10	0.375	0.16666666666666666
temperature	family	10	prevalence	different_phylum	4	1.0	1.0
temperature	family	10	prevalence	same_class	62	0.3333333333333333	0.30088495575221236
temperature	family	10	prevalence	same_order	1089	0.3333333333333333	0.32741433021806854
temperature	family	10	prevalence	same_phylum	21	0.5	0.43243243243243246
temperature	family	10	taxonomy	different_phylum	4	1.0	1.0
temperature	family	10	taxonomy	same_class	62	0.5071895424836601	0.5264293419633225
temperature	family	10	taxonomy	same_order	1089	0.6826831588962893	0.34062414251658835
temperature	family	10	taxonomy	same_phylum	21	0.71875	0.5675057208237986
temperature	family	11	prevalence	different_phylum	17	0.5	0.46875
temperature	family	11	prevalence	same_class	282	0.5	0.48256880733944957
temperature	family	11	prevalence	same_order	797	0.3333333333333333	0.3271565495207668
temperature	family	11	prevalence	same_phylum	31	0.5	0.45614035087719296
temperature	family	11	taxonomy	different_phylum	17	0.5	0.46875
temperature	family	11	taxonomy	same_class	282	0.8545127076245747	0.4922244759972954
temperature	family	11	taxonomy	same_order	797	0.5894435425685426	0.42761999737812983
temperature	family	11	taxonomy	same_phylum	31	0.5192307692307693	0.17989417989417988
temperature	family	12	prevalence	different_phylum	3	0.0	0.0
temperature	family	12	prevalence	same_class	13	0.5	0.43478260869565216
temperature	family	12	prevalence	same_order	1122	0.3333333333333333	0.32972972972972975
temperature	family	12	prevalence	same_phylum	11	0.5	0.42105263157894735
temperature	family	12	taxonomy	different_phylum	3	0.0	0.0
temperature	family	12	taxonomy	same_class	13	0.9	0.582010582010582
temperature	family	12	taxonomy	same_order	1122	0.444937765634487	0.36936936936936937
temperature	family	12	taxonomy	same_phylum	11	0.625	0.45
temperature	family	13	prevalence	same_class	279	0.5	0.4945652173913043
temperature	family	13	prevalence	same_order	855	0.3333333333333333	0.32998621775940146
temperature	family	13	prevalence	same_phylum	10	0.5	0.375
temperature	family	13	taxonomy	same_class	279	0.6529304029304029	0.3296296296296296
temperature	family	13	taxonomy	same_order	855	0.4334228321400159	0.42200528143388855
temperature	family	13	taxonomy	same_phylum	10	0.6666666666666666	0.5833333333333333
temperature	family	14	prevalence	same_class	228	0.5	0.49333333333333335
temperature	family	14	prevalence	same_order	927	0.3333333333333333	0.32766502102761014
temperature	family	14	prevalence	same_phylum	8	0.5	0.4666666666666667
temperature	family	14	taxonomy	same_class	228	0.8243243243243243	0.5510306686777274
temperature	family	14	taxonomy	same_order	927	0.6977430555555556	0.49066650555574637
temperature	family	14	taxonomy	same_phylum	8	0.9285714285714286	0.7948717948717949
temperature	family	15	prevalence	different_phylum	2	0.0	0.0
temperature	family	15	prevalence	same_class	294	0.5	0.4939759036144578
temperature	family	15	prevalence	same_order	833	0.3333333333333333	0.32948795790325847
temperature	family	15	prevalence	same_phylum	4	1.0	1.0
temperature	family	15	taxonomy	different_phylum	2	0.0	0.0
temperature	family	15	taxonomy	same_class	294	0.632404181184669	0.46026759744037227
temperature	family	15	taxonomy	same_order	833	0.5051480051480052	0.35175408208041753
temperature	family	15	taxonomy	same_phylum	4	0.0	0.0
temperature	family	16	prevalence	different_phylum	2	0.5	0.3333333333333333
temperature	family	16	prevalence	same_class	252	0.3333333333333333	0.32727272727272727
temperature	family	16	prevalence	same_order	873	0.3333333333333333	0.3251173708920188
temperature	family	16	prevalence	same_phylum	4	0.5	0.3333333333333333
temperature	family	16	taxonomy	different_phylum	2	0.5	0.3333333333333333
temperature	family	16	taxonomy	same_class	252	0.651406035665295	0.21677806840661729
temperature	family	16	taxonomy	same_order	873	0.43875793397984947	0.357056383051078
temperature	family	16	taxonomy	same_phylum	4	0.5	0.3333333333333333
temperature	family	17	prevalence	different_phylum	3	0.5	0.4
temperature	family	17	prevalence	same_class	146	0.3333333333333333	0.3310344827586207
temperature	family	17	prevalence	same_order	1089	0.3333333333333333	0.327572785302818
temperature	family	17	prevalence	same_phylum	20	0.5	0.3333333333333333
temperature	family	17	taxonomy	different_phylum	3	0.5	0.4
temperature	family	17	taxonomy	same_class	146	0.40972222222222227	0.1296561116785836
temperature	family	17	taxonomy	same_order	1089	0.44310157523085286	0.2757565643079662
temperature	family	17	taxonomy	same_phylum	20	0.55	0.3333333333333333
temperature	family	18	prevalence	different_phylum	2	0.0	0.0
temperature	family	18	prevalence	same_class	186	0.5	0.4918032786885246
temperature	family	18	prevalence	same_order	950	0.3333333333333333	0.32798573975044565
temperature	family	18	prevalence	same_phylum	33	0.5	0.49230769230769234
temperature	family	18	taxonomy	different_phylum	2	0.0	0.0
temperature	family	18	taxonomy	same_class	186	0.32499999999999996	0.17757684606015564
temperature	family	18	taxonomy	same_order	950	0.5916149068322981	0.28343623976901233
temperature	family	18	taxonomy	same_phylum	33	0.5	0.020202020202020204
temperature	family	19	prevalence	different_phylum	1	0.0	0.0
temperature	family	19	prevalence	same_class	31	0.5	0.43636363636363634
temperature	family	19	prevalence	same_order	1115	0.3333333333333333	0.3312274368231047
temperature	family	19	prevalence	same_phylum	9	0.5	0.4
temperature	family	19	taxonomy	different_phylum	1	0.0	0.0
temperature	family	19	taxonomy	same_class	31	0.7619047619047619	0.5523809523809523
temperature	family	19	taxonomy	same_order	1115	0.48577051165607027	0.29066807644110276
temperature	family	19	taxonomy	same_phylum	9	0.8333333333333333	0.8615384615384616
temperature	order	0	prevalence	different_phylum	1	0.0	0.0
temperature	order	0	prevalence	same_class	1183	0.3333333333333333	0.3286183740534362
temperature	order	0	prevalence	same_phylum	22	0.5	0.4634146341463415
temperature	order	0	taxonomy	different_phylum	1	0.0	0.0
temperature	order	0	taxonomy	same_class	1183	0.6528332537028189	0.24666987216321923
temperature	order	0	taxonomy	same_phylum	22	0.5263157894736842	0.175
temperature	order	1	prevalence	same_class	1164	0.3333333333333333	0.327802037845706
temperature	order	1	prevalence	same_phylum	6	0.5	0.3333333333333333
temperature	order	1	taxonomy	same_class	1164	0.7128136812861502	0.48582054382538065
temperature	order	1	taxonomy	same_phylum	6	0.5	0.25
temperature	order	2	prevalence	different_phylum	1	1.0	1.0
temperature	order	2	prevalence	same_class	1406	0.3333333333333333	0.3294964028776978
temperature	order	2	prevalence	same_phylum	23	0.5	0.39473684210526316
temperature	order	2	taxonomy	different_phylum	1	1.0	1.0
temperature	order	2	taxonomy	same_class	1406	0.5110672119405745	0.23657079261760364
temperature	order	2	taxonomy	same_phylum	23	0.7333333333333334	0.44400527009222657
temperature	order	3	prevalence	same_class	1125	0.3333333333333333	0.32943645083932854
temperature	order	3	prevalence	same_phylum	2	0.0	0.0
temperature	order	3	taxonomy	same_class	1125	0.33520105997477767	0.04857179582555559
temperature	order	3	taxonomy	same_phylum	2	1.0	1.0
temperature	order	4	prevalence	different_phylum	1	0.0	0.0
temperature	order	4	prevalence	same_class	1269	0.3333333333333333	0.32974910394265233
temperature	order	4	prevalence	same_phylum	39	0.5	0.390625
temperature	order	4	taxonomy	different_phylum	1	0.0	0.0
temperature	order	4	taxonomy	same_class	1269	0.5481785179534989	0.2904812750490996
temperature	order	4	taxonomy	same_phylum	39	0.5	0.2641509433962264
temperature	order	5	prevalence	different_phylum	115	0.3333333333333333	0.30672926447574334
temperature	order	5	prevalence	same_class	961	0.3333333333333333	0.3264294565409807
temperature	order	5	prevalence	same_phylum	63	0.5	0.475
temperature	order	5	taxonomy	different_phylum	115	0.3333333333333333	0.30672926447574334
temperature	order	5	taxonomy	same_class	961	0.4991792226065545	0.3476119046066219
temperature	order	5	taxonomy	same_phylum	63	0.8245614035087719	0.5811170212765957
temperature	order	6	prevalence	same_class	1407	0.3333333333333333	0.3282828282828283
temperature	order	6	prevalence	same_phylum	10	0.5	0.2857142857142857
temperature	order	6	taxonomy	same_class	1407	0.4058608058608058	0.42704183635690485
temperature	order	6	taxonomy	same_phylum	10	0.5	0.375
temperature	order	7	prevalence	different_phylum	2	0.0	0.0
temperature	order	7	prevalence	same_class	1168	0.3333333333333333	0.324996343425479
temperature	order	7	prevalence	same_phylum	1	0.0	0.0
temperature	order	7	taxonomy	different_phylum	2	0.0	0.0
temperature	order	7	taxonomy	same_class	1168	0.6598624148129099	0.08917202176759392
temperature	order	7	taxonomy	same_phylum	1	1.0	1.0
temperature	order	8	prevalence	different_phylum	22	0.5	0.40540540540540543
temperature	order	8	prevalence	same_class	1399	0.3333333333333333	0.32402645113886847
temperature	order	8	prevalence	same_phylum	13	0.5	0.4090909090909091
temperature	order	8	taxonomy	different_phylum	22	0.5	0.40540540540540543
temperature	order	8	taxonomy	same_class	1399	0.5269492412349556	0.3156337533604708
temperature	order	8	taxonomy	same_phylum	13	0.6527777777777778	0.4222222222222222
temperature	order	9	prevalence	different_phylum	4	0.5	0.2
temperature	order	9	prevalence	same_class	1131	0.3333333333333333	0.3291554759773202
temperature	order	9	prevalence	same_phylum	66	0.5	0.42105263157894735
temperature	order	9	taxonomy	different_phylum	4	0.5	0.2
temperature	order	9	taxonomy	same_class	1131	0.4323118766999093	0.23123993558776168
temperature	order	9	taxonomy	same_phylum	66	0.7847222222222222	0.47111327491074323
temperature	order	10	prevalence	different_phylum	19	0.5	0.4411764705882353
temperature	order	10	prevalence	same_class	1096	0.3333333333333333	0.3265052762259466
temperature	order	10	prevalence	same_phylum	13	0.5	0.2777777777777778
temperature	order	10	taxonomy	different_phylum	19	0.5	0.4411764705882353
temperature	order	10	taxonomy	same_class	1096	0.5886622882820601	0.22566971151150692
temperature	order	10	taxonomy	same_phylum	13	0.5	0.38095238095238093
temperature	order	11	prevalence	same_class	1180	0.3333333333333333	0.32626568585028126
temperature	order	11	prevalence	same_phylum	37	0.5	0.4861111111111111
temperature	order	11	taxonomy	same_class	1180	0.598197268886924	0.08704302433221363
temperature	order	11	taxonomy	same_phylum	37	0.65	0.5375
temperature	order	12	prevalence	different_phylum	6	0.0	0.0
temperature	order	12	prevalence	same_class	1321	0.3333333333333333	0.3262466177039041
temperature	order	12	prevalence	same_phylum	44	0.5	0.4634146341463415
temperature	order	12	taxonomy	different_phylum	6	0.0	0.0
temperature	order	12	taxonomy	same_class	1321	0.701918013529388	0.2218668067752644
temperature	order	12	taxonomy	same_phylum	44	0.12280701754385964	0.06171470805617146
temperature	order	13	prevalence	different_phylum	54	0.3333333333333333	0.31715210355987056
temperature	order	13	prevalence	same_class	1048	0.3333333333333333	0.3288201160541586
temperature	order	13	prevalence	same_phylum	39	0.5	0.36065573770491804
temperature	order	13	taxonomy	different_phylum	54	0.3333333333333333	0.04597701149425287
temperature	order	13	taxonomy	same_class	1048	0.49747474747474757	0.27682705557934917
temperature	order	13	taxonomy	same_phylum	39	0.5842245989304813	0.336734693877551
temperature	order	14	prevalence	different_phylum	16	0.5	0.4838709677419355
temperature	order	14	prevalence	same_class	1224	0.3333333333333333	0.326241134751773
temperature	order	14	prevalence	same_phylum	32	0.5	0.4666666666666667
temperature	order	14	taxonomy	different_phylum	16	0.5	0.4838709677419355
temperature	order	14	taxonomy	same_class	1224	0.7130970833656255	0.22171388409361606
temperature	order	14	taxonomy	same_phylum	32	0.25	0.0392156862745098
temperature	order	15	prevalence	different_phylum	15	0.5	0.4230769230769231
temperature	order	15	prevalence	same_class	1105	0.3333333333333333	0.3262476894639556
temperature	order	15	prevalence	same_phylum	11	0.5	0.42105263157894735
temperature	order	15	taxonomy	different_phylum	15	0.5	0.4230769230769231
temperature	order	15	taxonomy	same_class	1105	0.625792526642385	0.3675481479029516
temperature	order	15	taxonomy	same_phylum	11	0.5	0.21428571428571427
temperature	order	16	prevalence	different_phylum	10	0.5	0.47368421052631576
temperature	order	16	prevalence	same_class	1223	0.3333333333333333	0.3256656907848878
temperature	order	16	prevalence	same_phylum	4	0.5	0.3333333333333333
temperature	order	16	taxonomy	different_phylum	10	0.0	0.0
temperature	order	16	taxonomy	same_class	1223	0.6230085553715691	0.20344851909324024
temperature	order	16	taxonomy	same_phylum	4	0.0	0.0
temperature	order	17	prevalence	different_phylum	65	0.3333333333333333	0.3114754098360656
temperature	order	17	prevalence	same_class	1266	0.3333333333333333	0.32593190687659807
temperature	order	17	prevalence	same_phylum	59	0.5	0.3917525773195876
temperature	order	17	taxonomy	different_phylum	65	0.3333333333333333	0.3114754098360656
temperature	order	17	taxonomy	same_class	1266	0.5123536890671491	0.2633775082793241
temperature	order	17	taxonomy	same_phylum	59	0.5100250626566416	0.291005291005291
temperature	order	18	prevalence	different_phylum	31	0.5	0.45614035087719296
temperature	order	18	prevalence	same_class	1034	0.3333333333333333	0.3238852975302503
temperature	order	18	prevalence	same_phylum	67	0.5	0.45081967213114754
temperature	order	18	taxonomy	different_phylum	31	0.5	0.45614035087719296
temperature	order	18	taxonomy	same_class	1034	0.5569838307209611	0.3111108743535124
temperature	order	18	taxonomy	same_phylum	67	0.4583333333333333	0.11827956989247312
temperature	order	19	prevalence	different_phylum	2	0.0	0.0
temperature	order	19	prevalence	same_class	1213	0.3333333333333333	0.3290187891440501
temperature	order	19	prevalence	same_phylum	36	0.5	0.4626865671641791
temperature	order	19	taxonomy	different_phylum	2	0.0	0.0
temperature	order	19	taxonomy	same_class	1213	0.6116046249294981	0.30566187618589363
temperature	order	19	taxonomy	same_phylum	36	0.5	0.12195121951219512
