trait	panel_n	split	repeat	train_n	test_n	train_accessions_sha256	test_accessions_sha256	train_classes	test_classes	model	balanced_accuracy	macro_f1
gram	5634	within	0	4507	1127	e6e6a084cc35b1b9910d4eda744019b35cf21b0a0bd3bc54a6cdc755ad700a75	30b2e2096bd300924361f95d664c680ca811e4db8a132e9a9d15de5ef5addacd	2	2	prevalence	0.5	0.3966809421841542
gram	5634	within	0	4507	1127	e6e6a084cc35b1b9910d4eda744019b35cf21b0a0bd3bc54a6cdc755ad700a75	30b2e2096bd300924361f95d664c680ca811e4db8a132e9a9d15de5ef5addacd	2	2	taxonomy	0.9720934460503591	0.9668689908003043
gram	5634	within	1	4507	1127	9bc0d90a27357d0bb0620754ee54c2399d10a4c24f5fdee11a1a66fb8dc0f8dd	ef6a299b99675e2373fe61b75342d1d60aebf2df0be10869025f93f2039e8ef0	2	2	prevalence	0.5	0.38982133188955065
gram	5634	within	1	4507	1127	9bc0d90a27357d0bb0620754ee54c2399d10a4c24f5fdee11a1a66fb8dc0f8dd	ef6a299b99675e2373fe61b75342d1d60aebf2df0be10869025f93f2039e8ef0	2	2	taxonomy	0.9852033852033852	0.9818553734379886
gram	5634	within	2	4507	1127	84e685a4751f77f955f245707afd180e242e3191c4e5738de537cc4edfc89026	08b50c2e3bff34f4089ed4df52b40b5398bcce27ec102c885df63f6d770e16c1	2	2	prevalence	0.5	0.39861259338313765
gram	5634	within	2	4507	1127	84e685a4751f77f955f245707afd180e242e3191c4e5738de537cc4edfc89026	08b50c2e3bff34f4089ed4df52b40b5398bcce27ec102c885df63f6d770e16c1	2	2	taxonomy	0.9740100753892764	0.9667517006802722
gram	5634	within	3	4507	1127	fd6dde83675e73c82aff9b80d2ff6839de64372a363b6cfed6a881c22c195719	eb9eaa3cf643167e3d37c77d7f1f45c37d443726a0043e05173977c984024f7f	2	2	prevalence	0.5	0.39146868250539957
gram	5634	within	3	4507	1127	fd6dde83675e73c82aff9b80d2ff6839de64372a363b6cfed6a881c22c195719	eb9eaa3cf643167e3d37c77d7f1f45c37d443726a0043e05173977c984024f7f	2	2	taxonomy	0.9777834963115457	0.9722772865110164
gram	5634	within	4	4507	1127	df7c28af09dcbb8e33355071558a87b6fad6b03047fce57f2a1bb3de12a15b69	1cca842ee86bb810738c74b025ea8e487cc171a595f1b8451d1b883e1fd35ac2	2	2	prevalence	0.5	0.3875
gram	5634	within	4	4507	1127	df7c28af09dcbb8e33355071558a87b6fad6b03047fce57f2a1bb3de12a15b69	1cca842ee86bb810738c74b025ea8e487cc171a595f1b8451d1b883e1fd35ac2	2	2	taxonomy	0.9771310581268505	0.9725751408248016
gram	5634	within	5	4507	1127	9b97f99de20115e17bc5f08b6adfaa3ffd088d72cdf0a8fb72bf2665715cfae5	861abca7eb052988f4e4e87711fc4cb4c00a7ca6e76d9448a72f0012ce861d78	2	2	prevalence	0.5	0.3937600860677784
gram	5634	within	5	4507	1127	9b97f99de20115e17bc5f08b6adfaa3ffd088d72cdf0a8fb72bf2665715cfae5	861abca7eb052988f4e4e87711fc4cb4c00a7ca6e76d9448a72f0012ce861d78	2	2	taxonomy	0.9760116206681884	0.9710621995809539
gram	5634	within	6	4507	1127	6fccbd7dd271bb17f8f9e1a5158bafa404e1b48a103c776003520ffc867288ea	fb52f8f4256d4f01c90552adef51f6a7eab19957bb663123a890d82cec1605e7	2	2	prevalence	0.5	0.3931071620893915
gram	5634	within	6	4507	1127	6fccbd7dd271bb17f8f9e1a5158bafa404e1b48a103c776003520ffc867288ea	fb52f8f4256d4f01c90552adef51f6a7eab19957bb663123a890d82cec1605e7	2	2	taxonomy	0.9732652427452468	0.9673446917014372
gram	5634	within	7	4507	1127	6568a5a506a8b7a0753a07d71af9c2fb1f4856921f2494f8fca62d2011c102ec	8e04ee20c2fd978a4f02c7232dadecedeaf994344bbb0b6cc375066f7273023d	2	2	prevalence	0.5	0.3944116066630844
gram	5634	within	7	4507	1127	6568a5a506a8b7a0753a07d71af9c2fb1f4856921f2494f8fca62d2011c102ec	8e04ee20c2fd978a4f02c7232dadecedeaf994344bbb0b6cc375066f7273023d	2	2	taxonomy	0.9794236329221873	0.9757643790132855
gram	5634	within	8	4507	1127	1e7b2297820a0b8b53b7fc9607d23c188614761aa3de15d9287a4efe8def0971	1d61a28a20c48c27dc1ae1282a76e5f8522115f2e84dc605680cdf7c1c60f031	2	2	prevalence	0.5	0.389159891598916
gram	5634	within	8	4507	1127	1e7b2297820a0b8b53b7fc9607d23c188614761aa3de15d9287a4efe8def0971	1d61a28a20c48c27dc1ae1282a76e5f8522115f2e84dc605680cdf7c1c60f031	2	2	taxonomy	0.9694989477698851	0.9648415005029388
gram	5634	within	9	4507	1127	e4e8b3521179aba73cbfdd6ec51d0821883d51e7ccdaf1bebb9c6b01087c9a0f	a751f59a4a8eb84c3595f2a6c700b4b950a78743ce252566919f3bc633ba8e32	2	2	prevalence	0.5	0.3868335146898803
gram	5634	within	9	4507	1127	e4e8b3521179aba73cbfdd6ec51d0821883d51e7ccdaf1bebb9c6b01087c9a0f	a751f59a4a8eb84c3595f2a6c700b4b950a78743ce252566919f3bc633ba8e32	2	2	taxonomy	0.9817412501352374	0.980064606611438
gram	5634	within	10	4507	1127	b2156290f999bbd0d46bbc558b71b0daf21ebd522cfe62b2a656b422b2a0a4e0	25bf2845e858c47e651e38a87b4f7abd9dc53d7a3b5d8a03ba206db773231c55	2	2	prevalence	0.5	0.38816503800217156
gram	5634	within	10	4507	1127	b2156290f999bbd0d46bbc558b71b0daf21ebd522cfe62b2a656b422b2a0a4e0	25bf2845e858c47e651e38a87b4f7abd9dc53d7a3b5d8a03ba206db773231c55	2	2	taxonomy	0.9768195396836173	0.9734065504362013
gram	5634	within	11	4507	1127	2b6284f6a88c21bd753740ec78b33a96a58684d5fa9544d9b93a4a05915712fb	3f3885d524e7a8a5bf5a09f07b88f9262cfa3c13b5a1dd87120d0ad61fb49c38	2	2	prevalence	0.5	0.38849701573521433
gram	5634	within	11	4507	1127	2b6284f6a88c21bd753740ec78b33a96a58684d5fa9544d9b93a4a05915712fb	3f3885d524e7a8a5bf5a09f07b88f9262cfa3c13b5a1dd87120d0ad61fb49c38	2	2	taxonomy	0.9823838845165762	0.9781659977172892
gram	5634	within	12	4507	1127	64aa0a2912734ea7118fdcc58f1fa76c2dfb195a864f8eedab123a33ae8f0823	ba403a9728df4e8119d0aac154d867abfa432c8f0485bbf14d0b671cfe44cfce	2	2	prevalence	0.5	0.3894907908992416
gram	5634	within	12	4507	1127	64aa0a2912734ea7118fdcc58f1fa76c2dfb195a864f8eedab123a33ae8f0823	ba403a9728df4e8119d0aac154d867abfa432c8f0485bbf14d0b671cfe44cfce	2	2	taxonomy	0.976287872589926	0.9732741156303568
gram	5634	within	13	4507	1127	73747e8ad73df6bb30b740bca74b085c6314bb52c029f8f1605fc53642af1d4c	0464303ec37a688bf9a3f04d785d24a345b36e6e9a1594d54234969915564e19	2	2	prevalence	0.5	0.39015151515151514
gram	5634	within	13	4507	1127	73747e8ad73df6bb30b740bca74b085c6314bb52c029f8f1605fc53642af1d4c	0464303ec37a688bf9a3f04d785d24a345b36e6e9a1594d54234969915564e19	2	2	taxonomy	0.9839064517671816	0.983646213977754
gram	5634	within	14	4507	1127	876a4a52b488ad45a68cc8d1de83b795cccff0791be21ba0d8d2591d484ce8c0	d53ed6ca1233f808c18796b04428c9286853ecaff7f665a300328a64d9110b78	2	2	prevalence	0.5	0.38849701573521433
gram	5634	within	14	4507	1127	876a4a52b488ad45a68cc8d1de83b795cccff0791be21ba0d8d2591d484ce8c0	d53ed6ca1233f808c18796b04428c9286853ecaff7f665a300328a64d9110b78	2	2	taxonomy	0.9790944555451345	0.977115202382564
gram	5634	within	15	4507	1127	b430594c109853ab545b940a0d8d64c894cdce41c71fdb5b00bb9b8ade75fcff	53cc6b3c3977d0394d3cde23bd6ab38683ed53117fd8d24480bcd5fd423061d4	2	2	prevalence	0.5	0.38816503800217156
gram	5634	within	15	4507	1127	b430594c109853ab545b940a0d8d64c894cdce41c71fdb5b00bb9b8ade75fcff	53cc6b3c3977d0394d3cde23bd6ab38683ed53117fd8d24480bcd5fd423061d4	2	2	taxonomy	0.9768195396836173	0.9734065504362013
gram	5634	within	16	4507	1127	909644211fc8b81b4fa163eb68eaa3de67a70c478f7aedd950022b0db3e2279c	91761a1912e4dc02ac454f69581c002297dde5b8438044e921cf843eba18d2e4	2	2	prevalence	0.5	0.39473684210526316
gram	5634	within	16	4507	1127	909644211fc8b81b4fa163eb68eaa3de67a70c478f7aedd950022b0db3e2279c	91761a1912e4dc02ac454f69581c002297dde5b8438044e921cf843eba18d2e4	2	2	taxonomy	0.9805272108843537	0.974865328529765
gram	5634	within	17	4507	1127	22f4af329e671e5bf3c0245d9b58f5bfcb79b6451a87cfba74ad38dba763a277	fed63d34309242975a76c839e6d2cc7c6b773073050df6f2509cc39ee2045537	2	2	prevalence	0.5	0.38783269961977185
gram	5634	within	17	4507	1127	22f4af329e671e5bf3c0245d9b58f5bfcb79b6451a87cfba74ad38dba763a277	fed63d34309242975a76c839e6d2cc7c6b773073050df6f2509cc39ee2045537	2	2	taxonomy	0.9834425295541945	0.9809860913342466
gram	5634	within	18	4507	1127	d9ff895ad72e1982064f8e5f76df24cfc85ad85cbeb57c5842c3ea79197665e6	44ca9a8ee1b4f6b144b2bbb631da865755fdb3c7a872495583a9bf3701189272	2	2	prevalence	0.5	0.38381629305631493
gram	5634	within	18	4507	1127	d9ff895ad72e1982064f8e5f76df24cfc85ad85cbeb57c5842c3ea79197665e6	44ca9a8ee1b4f6b144b2bbb631da865755fdb3c7a872495583a9bf3701189272	2	2	taxonomy	0.9804005362828891	0.9801776116815318
gram	5634	within	19	4507	1127	a839b5980450bb17e63819f265552d96712b1df8f465c72ee835433e097ca9c2	604d8729df270d4e0495af958881a4026a2e60fc3326bd1b166aeb44d581b94b	2	2	prevalence	0.5	0.39015151515151514
gram	5634	within	19	4507	1127	a839b5980450bb17e63819f265552d96712b1df8f465c72ee835433e097ca9c2	604d8729df270d4e0495af958881a4026a2e60fc3326bd1b166aeb44d581b94b	2	2	taxonomy	0.9803553493710842	0.9752329465541492
gram	5634	genus	0	4507	1127	5db256713fec054056211bb56846fd93272e5cd4b486024a877ffbe39527b729	a9677e4ec24f74132d5bd441789e1b6ad53622420cce783bb29082264cee9338	2	2	prevalence	0.5	0.32956573468173705
gram	5634	genus	0	4507	1127	5db256713fec054056211bb56846fd93272e5cd4b486024a877ffbe39527b729	a9677e4ec24f74132d5bd441789e1b6ad53622420cce783bb29082264cee9338	2	2	taxonomy	0.9811666383150308	0.9813514248230052
gram	5634	genus	1	4502	1132	6d0c2e4242d7b0464fd54348b91299ffd84a2302921177dd127ed982d6415d8d	50311f4a070c0bc984871de484b827d4ef530be25db3fb5321437e30b2b63b44	2	2	prevalence	0.5	0.41103017689906346
gram	5634	genus	1	4502	1132	6d0c2e4242d7b0464fd54348b91299ffd84a2302921177dd127ed982d6415d8d	50311f4a070c0bc984871de484b827d4ef530be25db3fb5321437e30b2b63b44	2	2	taxonomy	0.9823673106817676	0.9791878097927607
gram	5634	genus	2	4465	1169	dfc6483609f6885269245d1c7a99c3c8ab354ff184745229179acf8f163b9833	00f30d30edbf0e7f952214ba3984ff63b6e1c666021c45ade14cfc39b3c4ce2d	2	2	prevalence	0.5	0.4104891578416541
gram	5634	genus	2	4465	1169	dfc6483609f6885269245d1c7a99c3c8ab354ff184745229179acf8f163b9833	00f30d30edbf0e7f952214ba3984ff63b6e1c666021c45ade14cfc39b3c4ce2d	2	2	taxonomy	0.981721285946638	0.977923705534954
gram	5634	genus	3	4500	1134	7c4e34ae259490e8588889b9606bb5ee2dea6cf707f87c26d14601c0c1801ecb	afcc8713f25cdb81252a2cc401913b4683878b01a3f506bcbfe48a51f1e5dfeb	2	2	prevalence	0.5	0.37034980566352027
gram	5634	genus	3	4500	1134	7c4e34ae259490e8588889b9606bb5ee2dea6cf707f87c26d14601c0c1801ecb	afcc8713f25cdb81252a2cc401913b4683878b01a3f506bcbfe48a51f1e5dfeb	2	2	taxonomy	0.9763346378202762	0.9737430207741999
gram	5634	genus	4	4501	1133	da586424c30125c3651e84cbb90da80a371c715d962263fd550b0d6ffe32e123	9400b08b0755775f2ea7b4d6ccb7219cec72a0db2ae71f387535db2f89288aac	2	2	prevalence	0.5	0.40147913365029053
gram	5634	genus	4	4501	1133	da586424c30125c3651e84cbb90da80a371c715d962263fd550b0d6ffe32e123	9400b08b0755775f2ea7b4d6ccb7219cec72a0db2ae71f387535db2f89288aac	2	2	taxonomy	0.9793830252575138	0.9780773966578715
gram	5634	genus	5	4505	1129	e21674587235880efba089ecc1f819dc86cd9e825fdbad90eebd79454caa9666	ad248e340d1a855cbb6014be0bfa3d3923da6da4bb01e63fac5dfe325a6be0eb	2	2	prevalence	0.5	0.3776185226019846
gram	5634	genus	5	4505	1129	e21674587235880efba089ecc1f819dc86cd9e825fdbad90eebd79454caa9666	ad248e340d1a855cbb6014be0bfa3d3923da6da4bb01e63fac5dfe325a6be0eb	2	2	taxonomy	0.9852765173933057	0.9833600812262544
gram	5634	genus	6	4502	1132	1d51bdefb05c1e8040693e951836e24118e94b14a3c89066e04f1c28f66bcdc1	55a32d71ac3dd6e10172d320636805d96c66d50f40cf682c3a5f8d0979b1b55d	2	2	prevalence	0.5	0.3756205184776613
gram	5634	genus	6	4502	1132	1d51bdefb05c1e8040693e951836e24118e94b14a3c89066e04f1c28f66bcdc1	55a32d71ac3dd6e10172d320636805d96c66d50f40cf682c3a5f8d0979b1b55d	2	2	taxonomy	0.9672615268403385	0.96342960522065
gram	5634	genus	7	4492	1142	8dee8937d2392063c0727ed0f00d7eacd3f9eed5dcd2bb298cbb73c727a20e43	0c6bca4d0ba71012b95422e98985ec29f77de79a5d51405b6f570186a3dfd2d2	2	2	prevalence	0.5	0.3931987247608927
gram	5634	genus	7	4492	1142	8dee8937d2392063c0727ed0f00d7eacd3f9eed5dcd2bb298cbb73c727a20e43	0c6bca4d0ba71012b95422e98985ec29f77de79a5d51405b6f570186a3dfd2d2	2	2	taxonomy	0.9846745999731075	0.980033685142987
gram	5634	genus	8	4506	1128	70aa13d765985ae93d507eb02e332dffa397ecc02cb4379e456d98443ba11718	4ef93017e524bad388e0273bda45058b6e1a35b274a307390838b269daf40833	2	2	prevalence	0.5	0.37576092971776426
gram	5634	genus	8	4506	1128	70aa13d765985ae93d507eb02e332dffa397ecc02cb4379e456d98443ba11718	4ef93017e524bad388e0273bda45058b6e1a35b274a307390838b269daf40833	2	2	taxonomy	0.9771362313896698	0.9733768046468512
gram	5634	genus	9	4507	1127	e4a71a63bc6221aee3cdafaa09a04e7a94ba3f1225dbaea610899bec05fe7b99	029f801d0d3a9ee63d236fbb8bc1c5febdd6c1e706dbadbacb9d98ca6a2ca1fd	2	2	prevalence	0.5	0.4172699069286453
gram	5634	genus	9	4507	1127	e4a71a63bc6221aee3cdafaa09a04e7a94ba3f1225dbaea610899bec05fe7b99	029f801d0d3a9ee63d236fbb8bc1c5febdd6c1e706dbadbacb9d98ca6a2ca1fd	2	2	taxonomy	0.9832171623296159	0.977361966535081
gram	5634	genus	10	4475	1159	b86b1d5d0f2b6ae3125bab048a52a32b44e028931f872923e40e430f8564b138	e323f02219df3e9b786689d3d30a4107867b1073d655b0173f9ce1c9df7630b4	2	2	prevalence	0.5	0.3985469641930462
gram	5634	genus	10	4475	1159	b86b1d5d0f2b6ae3125bab048a52a32b44e028931f872923e40e430f8564b138	e323f02219df3e9b786689d3d30a4107867b1073d655b0173f9ce1c9df7630b4	2	2	taxonomy	0.9799342631074168	0.97515664160401
gram	5634	genus	11	4507	1127	457ad70324ad19167972d683142879d0418972193ff47cdfdd171a222fc85d51	605b42d4254324874d9a9682a2f0667a4dea7c1cdf89ec548de8eaaa449f723b	2	2	prevalence	0.5	0.3908108108108108
gram	5634	genus	11	4507	1127	457ad70324ad19167972d683142879d0418972193ff47cdfdd171a222fc85d51	605b42d4254324874d9a9682a2f0667a4dea7c1cdf89ec548de8eaaa449f723b	2	2	taxonomy	0.9730649932213138	0.9666763257026949
gram	5634	genus	12	4475	1159	0b0141cb7bb68b69b0799ca70ade716974287ae2a00d7d045f8f75f9b116ed05	9730267c4276a2d424a2e98a2242c7e586250cbf39bf61e2c9ecd0be948b83d6	2	2	prevalence	0.5	0.3645833333333333
gram	5634	genus	12	4475	1159	0b0141cb7bb68b69b0799ca70ade716974287ae2a00d7d045f8f75f9b116ed05	9730267c4276a2d424a2e98a2242c7e586250cbf39bf61e2c9ecd0be948b83d6	2	2	taxonomy	0.9711393869288607	0.9675894119718815
gram	5634	genus	13	4503	1131	a74e4c0f7d509af37d4a255b45a1b5523c6a51fb54ad2ec26347e0f607680fa2	70362d3eee25e2d8cb1b931696c9a5d55d260db0d553e0bbc7fc0c0962918d12	2	2	prevalence	0.5	0.39486356340288925
gram	5634	genus	13	4503	1131	a74e4c0f7d509af37d4a255b45a1b5523c6a51fb54ad2ec26347e0f607680fa2	70362d3eee25e2d8cb1b931696c9a5d55d260db0d553e0bbc7fc0c0962918d12	2	2	taxonomy	0.9788990256314777	0.9757837624881702
gram	5634	genus	14	4507	1127	0748e627297848f83f769758e4929c51fe612dd33e2150b9983ba51d28df09ea	18be19d03c6d5d1597d8ede1741568518e95129741da5aa584fe83e4a848b8dd	2	2	prevalence	0.5	0.38178826110806363
gram	5634	genus	14	4507	1127	0748e627297848f83f769758e4929c51fe612dd33e2150b9983ba51d28df09ea	18be19d03c6d5d1597d8ede1741568518e95129741da5aa584fe83e4a848b8dd	2	2	taxonomy	0.9760747526468784	0.9729362246186536
gram	5634	genus	15	4506	1128	8784f528cdfdfa5ef30829296fa03062fd0a15f2d5d2f15e31d0d1facdc1c531	187b0520f4a590ec2e043540e9f58163a00db710ad4ddde470af237dd23b519e	2	2	prevalence	0.5	0.3712374581939799
gram	5634	genus	15	4506	1128	8784f528cdfdfa5ef30829296fa03062fd0a15f2d5d2f15e31d0d1facdc1c531	187b0520f4a590ec2e043540e9f58163a00db710ad4ddde470af237dd23b519e	2	2	taxonomy	0.9749132249132249	0.9734987957312258
gram	5634	genus	16	4505	1129	4adaac8d0a856f1447d3f13466644b8c4dfdf0e3f7a678c9e4af8fa611fa9d1b	fe9f57b16cc9d71bba2d60c5c1d0a2c79cd1eef60ac20498b1210754445e75f5	2	2	prevalence	0.5	0.42456676860346587
gram	5634	genus	16	4505	1129	4adaac8d0a856f1447d3f13466644b8c4dfdf0e3f7a678c9e4af8fa611fa9d1b	fe9f57b16cc9d71bba2d60c5c1d0a2c79cd1eef60ac20498b1210754445e75f5	2	2	taxonomy	0.9796607832322117	0.9739800494005301
gram	5634	genus	17	4506	1128	80146a43b08cc8e3da693ad8c2b907397f5d441b7221c23d2a6505a743a08ee9	9a24751173bcb3e9575042bb7456202965183b5031b0b34a8268da8a03dd5d4c	2	2	prevalence	0.5	0.37782680639823496
gram	5634	genus	17	4506	1128	80146a43b08cc8e3da693ad8c2b907397f5d441b7221c23d2a6505a743a08ee9	9a24751173bcb3e9575042bb7456202965183b5031b0b34a8268da8a03dd5d4c	2	2	taxonomy	0.9805556013247434	0.9769354396784047
gram	5634	genus	18	4481	1153	8762e0e041ca0bef356e80ef9bd947a0ed6c154389360828d0f41b92dd443996	57bae4ea06af69d1c4ab8c433eda3d5053903456b722ce64155cc5f5b5670a39	2	2	prevalence	0.5	0.34785067873303166
gram	5634	genus	18	4481	1153	8762e0e041ca0bef356e80ef9bd947a0ed6c154389360828d0f41b92dd443996	57bae4ea06af69d1c4ab8c433eda3d5053903456b722ce64155cc5f5b5670a39	2	2	taxonomy	0.9757246048296915	0.9747799268220385
gram	5634	genus	19	4468	1166	e4e700a871d9dc07d17ab4f18a7a82819976cd052008b012cf21adc5aadd551f	9d2e78b6792c2b8162f0af915117e702ecbc8f57672715f482b8910aff9c0b5a	2	2	prevalence	0.5	0.392391870766024
gram	5634	genus	19	4468	1166	e4e700a871d9dc07d17ab4f18a7a82819976cd052008b012cf21adc5aadd551f	9d2e78b6792c2b8162f0af915117e702ecbc8f57672715f482b8910aff9c0b5a	2	2	taxonomy	0.9750425256198773	0.9711738524687563
gram	5634	family	0	4454	1180	f197dc9122a73ecf39ace4a166158d62644ae75299a804c873e26f988fd8e4ab	605854d172946e1f0db5dd1f233ea8207c20c54384ae546f7101cad444355cc6	2	2	prevalence	0.5	0.37200638637573175
gram	5634	family	0	4454	1180	f197dc9122a73ecf39ace4a166158d62644ae75299a804c873e26f988fd8e4ab	605854d172946e1f0db5dd1f233ea8207c20c54384ae546f7101cad444355cc6	2	2	taxonomy	0.9772439987032262	0.9738549347702778
gram	5634	family	1	4373	1261	633be1787895a91a834b1bb6acd672125dcc994e0cb06b020a6f2da03c83281d	d28842000b2b0949474fa0d109fa3b65872bdab517979e12c57bf5affa4b97b8	2	2	prevalence	0.5	0.3698150924537731
gram	5634	family	1	4373	1261	633be1787895a91a834b1bb6acd672125dcc994e0cb06b020a6f2da03c83281d	d28842000b2b0949474fa0d109fa3b65872bdab517979e12c57bf5affa4b97b8	2	2	taxonomy	0.9460717435285573	0.94822620851459
gram	5634	family	2	4476	1158	b127102c03534688f8efe363c78bd0f8bd4e4b8f3c7d3dc734947946f307be65	45e4ee28ecc4e021ce15a06eafe854f7b3e844b8c6ebea1035d203c65019ec5e	2	2	prevalence	0.5	0.33562822719449226
gram	5634	family	2	4476	1158	b127102c03534688f8efe363c78bd0f8bd4e4b8f3c7d3dc734947946f307be65	45e4ee28ecc4e021ce15a06eafe854f7b3e844b8c6ebea1035d203c65019ec5e	2	2	taxonomy	0.9774913858683492	0.9775420694593627
gram	5634	family	3	4485	1149	c2568117d540120a19610c763c1b6be712d1c1052a7c122d7a872c261d2d21af	ece642300bb185ff8c481bfdd9d9b1589921f2f1214caaf871ba1a1b276864cc	2	2	prevalence	0.5	0.299390243902439
gram	5634	family	3	4485	1149	c2568117d540120a19610c763c1b6be712d1c1052a7c122d7a872c261d2d21af	ece642300bb185ff8c481bfdd9d9b1589921f2f1214caaf871ba1a1b276864cc	2	2	taxonomy	0.9758185329858424	0.9785313901345292
gram	5634	family	4	4507	1127	0acba4e9c755fd020d245870aff8202b2a00235c84998fd80cd4f66771df0612	cb3a825219fa1942da79054729ca5b8dbfe07368f759461cd8ab3017a02147ec	2	2	prevalence	0.5	0.389159891598916
gram	5634	family	4	4507	1127	0acba4e9c755fd020d245870aff8202b2a00235c84998fd80cd4f66771df0612	cb3a825219fa1942da79054729ca5b8dbfe07368f759461cd8ab3017a02147ec	2	2	taxonomy	0.9592541765703428	0.9466716143958998
gram	5634	family	5	4506	1128	171eb8de7386814e76fc8f5a18983011f7d9d81ec85dcfec990bb89422c51631	fade8d2a37f70acc66d5c6fe1d97506949c4f36e29c22d0d1ddde1879e97211b	2	2	prevalence	0.5	0.32211538461538464
gram	5634	family	5	4506	1128	171eb8de7386814e76fc8f5a18983011f7d9d81ec85dcfec990bb89422c51631	fade8d2a37f70acc66d5c6fe1d97506949c4f36e29c22d0d1ddde1879e97211b	2	2	taxonomy	0.9759227511093183	0.9768396114664771
gram	5634	family	6	4493	1141	d79d8dc2f9e4989ae668bd40d1c644af33cdef351ca9f936815890dda491ae9f	422d81dd8efefb3e3266b8e7d26f6b11014231067f5cf31995e57aaa6845b144	2	2	prevalence	0.5	0.37854030501089325
gram	5634	family	6	4493	1141	d79d8dc2f9e4989ae668bd40d1c644af33cdef351ca9f936815890dda491ae9f	422d81dd8efefb3e3266b8e7d26f6b11014231067f5cf31995e57aaa6845b144	2	2	taxonomy	0.9692147627189728	0.9636021436774276
gram	5634	family	7	4370	1264	7744bb14886cc8466043495b0e679edee63692b1e1cd3be6548ce6b0a82fc638	d87605c31cf17580260d4c2bb9d6ba7390465c7d3ad0399d0e82255bef33616c	2	2	prevalence	0.5	0.4037735849056604
gram	5634	family	7	4370	1264	7744bb14886cc8466043495b0e679edee63692b1e1cd3be6548ce6b0a82fc638	d87605c31cf17580260d4c2bb9d6ba7390465c7d3ad0399d0e82255bef33616c	2	2	taxonomy	0.9684808502840389	0.9708956942205849
gram	5634	family	8	4483	1151	e78f00f93e49eef75a8c497fe0bfe9ff28b757e9a6f71da262ca581a557c7bfa	84a1ca017b084c656254e13992db279fc51b367cccffb64878cf205bc3c99001	2	2	prevalence	0.5	0.29987834549878345
gram	5634	family	8	4483	1151	e78f00f93e49eef75a8c497fe0bfe9ff28b757e9a6f71da262ca581a557c7bfa	84a1ca017b084c656254e13992db279fc51b367cccffb64878cf205bc3c99001	2	2	taxonomy	0.9462536298451882	0.9506657262982345
gram	5634	family	9	4507	1127	74e127024e54629d338ea406287534e6c58be6ebd479a68bc3705bb6b2283b12	436d6a1f1e48abfa9acb8d6c7084f4c1d32fa4fe760557add6b245a2b816e8ae	2	2	prevalence	0.5	0.45104724792985873
gram	5634	family	9	4507	1127	74e127024e54629d338ea406287534e6c58be6ebd479a68bc3705bb6b2283b12	436d6a1f1e48abfa9acb8d6c7084f4c1d32fa4fe760557add6b245a2b816e8ae	2	2	taxonomy	0.8957534143537174	0.9117443057233633
gram	5634	family	10	4458	1176	1bcc057a57cdfe227ff9e9e396513eef409c6cd44c04c64d72835aa7f88f6ab8	069d3e4b4915a7b7462824a56831a114a0791b17a48300ce199b486999876e83	2	2	prevalence	0.5	0.34338358458961477
gram	5634	family	10	4458	1176	1bcc057a57cdfe227ff9e9e396513eef409c6cd44c04c64d72835aa7f88f6ab8	069d3e4b4915a7b7462824a56831a114a0791b17a48300ce199b486999876e83	2	2	taxonomy	0.9845528455284553	0.9838292138019078
gram	5634	family	11	4507	1127	66db9facac253745bd4a1067b8df64f34a3519d40a737929723e02e0588c1a29	aec9d5a265eeb1e034cf1db40fa6f2fb7ca2db38100a11ba5bfe562270dbccce	2	2	prevalence	0.5	0.4597315436241611
gram	5634	family	11	4507	1127	66db9facac253745bd4a1067b8df64f34a3519d40a737929723e02e0588c1a29	aec9d5a265eeb1e034cf1db40fa6f2fb7ca2db38100a11ba5bfe562270dbccce	2	2	taxonomy	0.9361531108793882	0.9415707141880842
gram	5634	family	12	4485	1149	cf88b9332b10953601cda6f4d90001138e3db51085d1ce01f8585ba661121337	02c6b0b788e724bab85301242c868814bf08126382ea2d3bcb727fbc296ec69d	2	2	prevalence	0.5	0.32767700409596257
gram	5634	family	12	4485	1149	cf88b9332b10953601cda6f4d90001138e3db51085d1ce01f8585ba661121337	02c6b0b788e724bab85301242c868814bf08126382ea2d3bcb727fbc296ec69d	2	2	taxonomy	0.9696868178510794	0.9703254132231405
gram	5634	family	13	4490	1144	9cde74e640e2f9d3946a4afc8096744a40dc349e1df41cf901c2f821fbb1cf18	eada87bd42fb127ce3a178be2810668d37f00b688a976e0f1fb623d8ddbd67fc	2	2	prevalence	0.5	0.28544659587757654
gram	5634	family	13	4490	1144	9cde74e640e2f9d3946a4afc8096744a40dc349e1df41cf901c2f821fbb1cf18	eada87bd42fb127ce3a178be2810668d37f00b688a976e0f1fb623d8ddbd67fc	2	2	taxonomy	0.971929455756962	0.9743579891130323
gram	5634	family	14	4471	1163	6acd2b21bba4c4bab4d43da2c8f27726ad08bd7c010404ef820c7e0bbc0429d7	0c0df4d9f8ab15bf35c67f31d70e7869e4ccaeb56e92efe2d7167adfc7128a47	2	2	prevalence	0.5	0.42196819085487075
gram	5634	family	14	4471	1163	6acd2b21bba4c4bab4d43da2c8f27726ad08bd7c010404ef820c7e0bbc0429d7	0c0df4d9f8ab15bf35c67f31d70e7869e4ccaeb56e92efe2d7167adfc7128a47	2	2	taxonomy	0.9932817177196102	0.9913096109874016
gram	5634	family	15	4501	1133	90bc11235c4013e89b17270ae42e33ed64e76630cdebd0a282cf21c336b34f82	c66a1fd236ff1393c1860dfcd7f8355539fda1a72fb4a2c0e4d7f5ef15b00b0a	2	2	prevalence	0.5	0.455026455026455
gram	5634	family	15	4501	1133	90bc11235c4013e89b17270ae42e33ed64e76630cdebd0a282cf21c336b34f82	c66a1fd236ff1393c1860dfcd7f8355539fda1a72fb4a2c0e4d7f5ef15b00b0a	2	2	taxonomy	0.9717385897276458	0.9667311265945442
gram	5634	family	16	4503	1131	f29fda952864412bf496ebacb121a887765caaf4e7e1364bfc8e499b5ec53338	e479e9d1b75dcfce45750cf6c013fe3f65154d805cbfd15fe30c1b6394bbb442	2	2	prevalence	0.5	0.41155046826222685
gram	5634	family	16	4503	1131	f29fda952864412bf496ebacb121a887765caaf4e7e1364bfc8e499b5ec53338	e479e9d1b75dcfce45750cf6c013fe3f65154d805cbfd15fe30c1b6394bbb442	2	2	taxonomy	0.9783278798244961	0.9739535594959656
gram	5634	family	17	4376	1258	4b211d895e987ab580214a78c9bbc0e8b42fba86d5b1de8a28f70078d307bd8d	3e959f5903811abcabc0456806c5ab457c2831e9821438102ed3f0a40e97b359	2	2	prevalence	0.5	0.4210768522779567
gram	5634	family	17	4376	1258	4b211d895e987ab580214a78c9bbc0e8b42fba86d5b1de8a28f70078d307bd8d	3e959f5903811abcabc0456806c5ab457c2831e9821438102ed3f0a40e97b359	2	2	taxonomy	0.9651993818604725	0.967755991285403
gram	5634	family	18	4463	1171	d0785fe000048ee474ce6761ba62eb2ac488de2c6762464e4161b83aae56e332	97d1042288d59e0beac5e52146640b8067b7504bfd2560ac9b93d2550f301318	2	2	prevalence	0.5	0.4055837563451777
gram	5634	family	18	4463	1171	d0785fe000048ee474ce6761ba62eb2ac488de2c6762464e4161b83aae56e332	97d1042288d59e0beac5e52146640b8067b7504bfd2560ac9b93d2550f301318	2	2	taxonomy	0.9735102345674028	0.9687908104794648
gram	5634	family	19	4478	1156	153468841d4feae5caff6a2b118d5182ef9cd9ad354814805145872afde59719	19af8bde54e6dbd1f6bf5d599955e370bf6ce1a12d1a87c1bc3f3e02a6cf1a70	2	2	prevalence	0.5	0.322788517867604
gram	5634	family	19	4478	1156	153468841d4feae5caff6a2b118d5182ef9cd9ad354814805145872afde59719	19af8bde54e6dbd1f6bf5d599955e370bf6ce1a12d1a87c1bc3f3e02a6cf1a70	2	2	taxonomy	0.9578677385969911	0.9567287536683237
gram	5634	order	0	4428	1206	6a1ffbf56a6a7533f6821692ff4eb69f02246271f7758fc91e0a1d5fb990f723	06809a746728393b900ba54d0a65a4893b4d16a27473e121b86c61c58d7ac52c	2	2	prevalence	0.5	0.40237859266600595
gram	5634	order	0	4428	1206	6a1ffbf56a6a7533f6821692ff4eb69f02246271f7758fc91e0a1d5fb990f723	06809a746728393b900ba54d0a65a4893b4d16a27473e121b86c61c58d7ac52c	2	2	taxonomy	0.9881504588532419	0.9859278188119158
gram	5634	order	1	4464	1170	327cbcd024ddc6747e19acfbcd9fd38c61989fb471e92fb05529cb1bfc13e639	b4b1919a475bfd3ee859f995af65c2f6a1efec38ec83ab8302e661b80bfffa80	2	2	prevalence	0.5	0.4717832957110609
gram	5634	order	1	4464	1170	327cbcd024ddc6747e19acfbcd9fd38c61989fb471e92fb05529cb1bfc13e639	b4b1919a475bfd3ee859f995af65c2f6a1efec38ec83ab8302e661b80bfffa80	2	2	taxonomy	0.9696076555023923	0.9729383827792513
gram	5634	order	2	4204	1430	cd056652cc60af020892eb5632857a0b3a6b24671bbc0d4c9f5596e7e67dddc0	65ddcc6c7752857fb710ae024ba3ffe882b00edfd80c0b7e518f799eb54d2620	2	2	prevalence	0.5	0.38626609442060084
gram	5634	order	2	4204	1430	cd056652cc60af020892eb5632857a0b3a6b24671bbc0d4c9f5596e7e67dddc0	65ddcc6c7752857fb710ae024ba3ffe882b00edfd80c0b7e518f799eb54d2620	2	2	taxonomy	0.9782285115303984	0.9739931233765188
gram	5634	order	3	4507	1127	e490f45b8d61515f16b28aa7f3509a7efd922c2068fddc70bd98239201f81923	34722873684e0dbd2f911342dea5070c1dd3ad256c1936e4bc4fcfe0bc1b2a63	2	2	prevalence	0.5	0.48679417122040075
gram	5634	order	3	4507	1127	e490f45b8d61515f16b28aa7f3509a7efd922c2068fddc70bd98239201f81923	34722873684e0dbd2f911342dea5070c1dd3ad256c1936e4bc4fcfe0bc1b2a63	2	2	taxonomy	0.9531547369439696	0.9423336547733847
gram	5634	order	4	4325	1309	eb1120f2fcb20692c81b590187e4fb6e5f926f34048e24eddcd670afe3310c09	517f6b82a661cc29e8d72ebe6c4d69d8a5904bc63cb67f2e9b8517f2a9a2bf02	2	2	prevalence	0.5	0.12441471571906354
gram	5634	order	4	4325	1309	eb1120f2fcb20692c81b590187e4fb6e5f926f34048e24eddcd670afe3310c09	517f6b82a661cc29e8d72ebe6c4d69d8a5904bc63cb67f2e9b8517f2a9a2bf02	2	2	taxonomy	0.9220597669452982	0.9439329805996473
gram	5634	order	5	4495	1139	c844508ae2d7794f28337cf00c3c6c05980026e000016cc1bf1a4fc801220c18	2c4d8af0c6049995d0c2b2aa1a6c70d64b02bfb0ea957cd034e6423fa4226699	2	2	prevalence	0.5	0.32323232323232326
gram	5634	order	5	4495	1139	c844508ae2d7794f28337cf00c3c6c05980026e000016cc1bf1a4fc801220c18	2c4d8af0c6049995d0c2b2aa1a6c70d64b02bfb0ea957cd034e6423fa4226699	2	2	taxonomy	0.9298581932773109	0.9296531449182273
gram	5634	order	6	4217	1417	67e2a89d30cf3bce91e7eaa099a9892c9ffdddcf7a2d8c55760505b7dbb6664f	405ddaae2bebc22a95f57d1c96bffc5bba9bdc921e5abc5db1efa2fcc5d77d2b	2	2	prevalence	0.5	0.49733948208584605
gram	5634	order	6	4217	1417	67e2a89d30cf3bce91e7eaa099a9892c9ffdddcf7a2d8c55760505b7dbb6664f	405ddaae2bebc22a95f57d1c96bffc5bba9bdc921e5abc5db1efa2fcc5d77d2b	2	2	taxonomy	0.6992867332382311	0.7589129661423291
gram	5634	order	7	4463	1171	8352dbc8fe2dc49a3fdc99c2ef7c1e9821186e921cd7da558e42aaa966d18184	06e9ef2184f843436f95ba063fb9e1cc706da9fa3c44f4c8c6ee5d1c81fcf076	2	2	prevalence	0.5	0.4321047526673133
gram	5634	order	7	4463	1171	8352dbc8fe2dc49a3fdc99c2ef7c1e9821186e921cd7da558e42aaa966d18184	06e9ef2184f843436f95ba063fb9e1cc706da9fa3c44f4c8c6ee5d1c81fcf076	2	2	taxonomy	0.9930615680615681	0.9906580826332878
gram	5634	order	8	4200	1434	24a7c54678c76c28de13a0d3a825f723473636f6d23e739272fcb2c949c9a91f	15e562b397cda6e119b7b5804029a605d5c18b0e48acb43a0eeac4e8d08a0f16	2	2	prevalence	0.5	0.35054347826086957
gram	5634	order	8	4200	1434	24a7c54678c76c28de13a0d3a825f723473636f6d23e739272fcb2c949c9a91f	15e562b397cda6e119b7b5804029a605d5c18b0e48acb43a0eeac4e8d08a0f16	2	2	taxonomy	0.9680996006577403	0.9664173861454154
gram	5634	order	9	4433	1201	1221275600b729e557a9241c2da5e71560a649ea13248c84a20eeea6c5139feb	3a2c5e00e856cd50a5f019f00b8e200dd3cdc55b5a6e6dcb0e472e1827da85fa	2	2	prevalence	0.5	0.3447899618112384
gram	5634	order	9	4433	1201	1221275600b729e557a9241c2da5e71560a649ea13248c84a20eeea6c5139feb	3a2c5e00e856cd50a5f019f00b8e200dd3cdc55b5a6e6dcb0e472e1827da85fa	2	2	taxonomy	0.9635199995550711	0.9616889961443511
gram	5634	order	10	4506	1128	d71e39cbae6a28b5cc998e9c509d0ccbd301c8d579c7b71782e92d0fe4e5a4d2	1db7c5b58bc7f0b857612dc45b5bb24f8e9d9c50927b551c681b4d9bda7afbf1	2	2	prevalence	0.5	0.47363509099393375
gram	5634	order	10	4506	1128	d71e39cbae6a28b5cc998e9c509d0ccbd301c8d579c7b71782e92d0fe4e5a4d2	1db7c5b58bc7f0b857612dc45b5bb24f8e9d9c50927b551c681b4d9bda7afbf1	2	2	taxonomy	0.9724573869828677	0.9615646722093498
gram	5634	order	11	4417	1217	5fcb52bfdf41b6a39d97f51501ca118485a21e2e8da935fd70d1c55de5e12bad	7e5735274f86b7f3a3965717656d59f4fca59ffeaeb380490ca830aac5ab0f7b	2	2	prevalence	0.5	0.3790816326530612
gram	5634	order	11	4417	1217	5fcb52bfdf41b6a39d97f51501ca118485a21e2e8da935fd70d1c55de5e12bad	7e5735274f86b7f3a3965717656d59f4fca59ffeaeb380490ca830aac5ab0f7b	2	2	taxonomy	0.9766470177351483	0.9717678072441609
gram	5634	order	12	4263	1371	c241a521c07fc66309954b8716c7249bf17cd107700ab55568419bb3781f0a77	22ce02829e760661237d3ff14a3c16cd92304eac1c05a64a5e1ede4879ff11ce	2	2	prevalence	0.5	0.4334710743801653
gram	5634	order	12	4263	1371	c241a521c07fc66309954b8716c7249bf17cd107700ab55568419bb3781f0a77	22ce02829e760661237d3ff14a3c16cd92304eac1c05a64a5e1ede4879ff11ce	2	2	taxonomy	0.9738630106164403	0.9698168315378519
gram	5634	order	13	4493	1141	366a4fb90884a33c0934ab88e23c4dec91ae1edc8d617b58ae63ccc6ee03c353	b563b4e42c0d6c8a2555e5bb6159c407e3f10a162e7f7edc038dfe7e28ba5c6f	2	2	prevalence	0.5	0.43290258449304175
gram	5634	order	13	4493	1141	366a4fb90884a33c0934ab88e23c4dec91ae1edc8d617b58ae63ccc6ee03c353	b563b4e42c0d6c8a2555e5bb6159c407e3f10a162e7f7edc038dfe7e28ba5c6f	2	2	taxonomy	0.9710932516902666	0.9564820302956896
gram	5634	order	14	4362	1272	0bbf717f8c2f3104a4cba8f2b50957063515b1462244e57ba9c0fae265c51136	80fdcf12ec119e9906d599821eb40e5e307cd437e1586d1d3de99d00a99487f4	2	2	prevalence	0.5	0.38132295719844356
gram	5634	order	14	4362	1272	0bbf717f8c2f3104a4cba8f2b50957063515b1462244e57ba9c0fae265c51136	80fdcf12ec119e9906d599821eb40e5e307cd437e1586d1d3de99d00a99487f4	2	2	taxonomy	0.9647248243559718	0.9627527803643903
gram	5634	order	15	4503	1131	80226e9598b64247708c503c216361f12f87c629113bac3ab517d2174b34e9c3	d8b1908ad928c132f5b121cd7ea0bfd7193d4a2d86d75a00cbdd5fe9e4613095	2	2	prevalence	0.5	0.48214285714285715
gram	5634	order	15	4503	1131	80226e9598b64247708c503c216361f12f87c629113bac3ab517d2174b34e9c3	d8b1908ad928c132f5b121cd7ea0bfd7193d4a2d86d75a00cbdd5fe9e4613095	2	2	taxonomy	0.9404083570750237	0.953874532957294
gram	5634	order	16	4397	1237	35a2c3699bd8e396e65fba16d579808ab4a6e5c1defc5b7e546cf6ac62de2ed0	b542901c7649325d18c31346733f6a0e160019d1ab55395f1eb469035cdde7a1	2	2	prevalence	0.5	0.43152573529411764
gram	5634	order	16	4397	1237	35a2c3699bd8e396e65fba16d579808ab4a6e5c1defc5b7e546cf6ac62de2ed0	b542901c7649325d18c31346733f6a0e160019d1ab55395f1eb469035cdde7a1	2	2	taxonomy	0.9834627012886763	0.9823576812545015
gram	5634	order	17	4244	1390	e780e3e53cb910953c0cef333518b6366ae4bcb38897ccbd6769f8b89bb532f4	30ca9bc641899d5064b7570e3a11f2b190977acbca4068caed11c5c1fb906580	2	2	prevalence	0.5	0.3772401433691756
gram	5634	order	17	4244	1390	e780e3e53cb910953c0cef333518b6366ae4bcb38897ccbd6769f8b89bb532f4	30ca9bc641899d5064b7570e3a11f2b190977acbca4068caed11c5c1fb906580	2	2	taxonomy	0.9694548953655704	0.9663269936923004
gram	5634	order	18	4502	1132	6186b1cd47225f9b48209b7ee05ce72523cf9a770711bc69cca65a0969feee1a	ec366608e671bda69165b60c00f6900ad398ad7cc3fd460fac6336c0784f44c8	2	2	prevalence	0.5	0.19373219373219372
gram	5634	order	18	4502	1132	6186b1cd47225f9b48209b7ee05ce72523cf9a770711bc69cca65a0969feee1a	ec366608e671bda69165b60c00f6900ad398ad7cc3fd460fac6336c0784f44c8	2	2	taxonomy	0.9055574555403557	0.9208246598611134
gram	5634	order	19	4383	1251	598256daf49348f6d3ae5541716348880304103dac81cb5a9aef7c512bf9e1c0	297948f105d096e002d36e1eafa4f3ba054b840333c4874286c448b17e24465f	2	2	prevalence	0.5	0.41377694470477977
gram	5634	order	19	4383	1251	598256daf49348f6d3ae5541716348880304103dac81cb5a9aef7c512bf9e1c0	297948f105d096e002d36e1eafa4f3ba054b840333c4874286c448b17e24465f	2	2	taxonomy	0.9790517750750898	0.9779154581047651
shape	5634	within	0	4507	1127	e6e6a084cc35b1b9910d4eda744019b35cf21b0a0bd3bc54a6cdc755ad700a75	30b2e2096bd300924361f95d664c680ca811e4db8a132e9a9d15de5ef5addacd	3	3	prevalence	0.3333333333333333	0.30717703349282294
shape	5634	within	0	4507	1127	e6e6a084cc35b1b9910d4eda744019b35cf21b0a0bd3bc54a6cdc755ad700a75	30b2e2096bd300924361f95d664c680ca811e4db8a132e9a9d15de5ef5addacd	3	3	taxonomy	0.6592137279720723	0.5720067553375431
shape	5634	within	1	4507	1127	9bc0d90a27357d0bb0620754ee54c2399d10a4c24f5fdee11a1a66fb8dc0f8dd	ef6a299b99675e2373fe61b75342d1d60aebf2df0be10869025f93f2039e8ef0	3	3	prevalence	0.3333333333333333	0.3056222969726093
shape	5634	within	1	4507	1127	9bc0d90a27357d0bb0620754ee54c2399d10a4c24f5fdee11a1a66fb8dc0f8dd	ef6a299b99675e2373fe61b75342d1d60aebf2df0be10869025f93f2039e8ef0	3	3	taxonomy	0.6663210247938053	0.5853596322601351
shape	5634	within	2	4507	1127	84e685a4751f77f955f245707afd180e242e3191c4e5738de537cc4edfc89026	08b50c2e3bff34f4089ed4df52b40b5398bcce27ec102c885df63f6d770e16c1	3	3	prevalence	0.3333333333333333	0.30648769574944074
shape	5634	within	2	4507	1127	84e685a4751f77f955f245707afd180e242e3191c4e5738de537cc4edfc89026	08b50c2e3bff34f4089ed4df52b40b5398bcce27ec102c885df63f6d770e16c1	3	3	taxonomy	0.689594158207297	0.5813002591949961
shape	5634	within	3	4507	1127	fd6dde83675e73c82aff9b80d2ff6839de64372a363b6cfed6a881c22c195719	eb9eaa3cf643167e3d37c77d7f1f45c37d443726a0043e05173977c984024f7f	3	3	prevalence	0.3333333333333333	0.3054487179487179
shape	5634	within	3	4507	1127	fd6dde83675e73c82aff9b80d2ff6839de64372a363b6cfed6a881c22c195719	eb9eaa3cf643167e3d37c77d7f1f45c37d443726a0043e05173977c984024f7f	3	3	taxonomy	0.718752904196973	0.616513067012045
shape	5634	within	4	4507	1127	df7c28af09dcbb8e33355071558a87b6fad6b03047fce57f2a1bb3de12a15b69	1cca842ee86bb810738c74b025ea8e487cc171a595f1b8451d1b883e1fd35ac2	3	3	prevalence	0.3333333333333333	0.30457831325301205
shape	5634	within	4	4507	1127	df7c28af09dcbb8e33355071558a87b6fad6b03047fce57f2a1bb3de12a15b69	1cca842ee86bb810738c74b025ea8e487cc171a595f1b8451d1b883e1fd35ac2	3	3	taxonomy	0.6733044005643983	0.5798344510400661
shape	5634	within	5	4507	1127	9b97f99de20115e17bc5f08b6adfaa3ffd088d72cdf0a8fb72bf2665715cfae5	861abca7eb052988f4e4e87711fc4cb4c00a7ca6e76d9448a72f0012ce861d78	3	3	prevalence	0.3333333333333333	0.30335267569310126
shape	5634	within	5	4507	1127	9b97f99de20115e17bc5f08b6adfaa3ffd088d72cdf0a8fb72bf2665715cfae5	861abca7eb052988f4e4e87711fc4cb4c00a7ca6e76d9448a72f0012ce861d78	3	3	taxonomy	0.6568706653942619	0.580524056907471
shape	5634	within	6	4507	1127	6fccbd7dd271bb17f8f9e1a5158bafa404e1b48a103c776003520ffc867288ea	fb52f8f4256d4f01c90552adef51f6a7eab19957bb663123a890d82cec1605e7	3	3	prevalence	0.3333333333333333	0.30666027791087686
shape	5634	within	6	4507	1127	6fccbd7dd271bb17f8f9e1a5158bafa404e1b48a103c776003520ffc867288ea	fb52f8f4256d4f01c90552adef51f6a7eab19957bb663123a890d82cec1605e7	3	3	taxonomy	0.6587930359937403	0.5589112968103552
shape	5634	within	7	4507	1127	6568a5a506a8b7a0753a07d71af9c2fb1f4856921f2494f8fca62d2011c102ec	8e04ee20c2fd978a4f02c7232dadecedeaf994344bbb0b6cc375066f7273023d	3	3	prevalence	0.3333333333333333	0.3073489558424996
shape	5634	within	7	4507	1127	6568a5a506a8b7a0753a07d71af9c2fb1f4856921f2494f8fca62d2011c102ec	8e04ee20c2fd978a4f02c7232dadecedeaf994344bbb0b6cc375066f7273023d	3	3	taxonomy	0.6594296727625711	0.5658775733793412
shape	5634	within	8	4507	1127	1e7b2297820a0b8b53b7fc9607d23c188614761aa3de15d9287a4efe8def0971	1d61a28a20c48c27dc1ae1282a76e5f8522115f2e84dc605680cdf7c1c60f031	3	3	prevalence	0.3333333333333333	0.3076923076923077
shape	5634	within	8	4507	1127	1e7b2297820a0b8b53b7fc9607d23c188614761aa3de15d9287a4efe8def0971	1d61a28a20c48c27dc1ae1282a76e5f8522115f2e84dc605680cdf7c1c60f031	3	3	taxonomy	0.6738447863083676	0.5857390548069309
shape	5634	within	9	4507	1127	e4e8b3521179aba73cbfdd6ec51d0821883d51e7ccdaf1bebb9c6b01087c9a0f	a751f59a4a8eb84c3595f2a6c700b4b950a78743ce252566919f3bc633ba8e32	3	3	prevalence	0.3333333333333333	0.30854782332380043
shape	5634	within	9	4507	1127	e4e8b3521179aba73cbfdd6ec51d0821883d51e7ccdaf1bebb9c6b01087c9a0f	a751f59a4a8eb84c3595f2a6c700b4b950a78743ce252566919f3bc633ba8e32	3	3	taxonomy	0.6730154088120718	0.5644114389180422
shape	5634	within	10	4507	1127	b2156290f999bbd0d46bbc558b71b0daf21ebd522cfe62b2a656b422b2a0a4e0	25bf2845e858c47e651e38a87b4f7abd9dc53d7a3b5d8a03ba206db773231c55	3	3	prevalence	0.3333333333333333	0.3088888888888889
shape	5634	within	10	4507	1127	b2156290f999bbd0d46bbc558b71b0daf21ebd522cfe62b2a656b422b2a0a4e0	25bf2845e858c47e651e38a87b4f7abd9dc53d7a3b5d8a03ba206db773231c55	3	3	taxonomy	0.6849587079317901	0.5842570687920431
shape	5634	within	11	4507	1127	2b6284f6a88c21bd753740ec78b33a96a58684d5fa9544d9b93a4a05915712fb	3f3885d524e7a8a5bf5a09f07b88f9262cfa3c13b5a1dd87120d0ad61fb49c38	3	3	prevalence	0.3333333333333333	0.30457831325301205
shape	5634	within	11	4507	1127	2b6284f6a88c21bd753740ec78b33a96a58684d5fa9544d9b93a4a05915712fb	3f3885d524e7a8a5bf5a09f07b88f9262cfa3c13b5a1dd87120d0ad61fb49c38	3	3	taxonomy	0.6935085956627542	0.5982524503950718
shape	5634	within	12	4507	1127	64aa0a2912734ea7118fdcc58f1fa76c2dfb195a864f8eedab123a33ae8f0823	ba403a9728df4e8119d0aac154d867abfa432c8f0485bbf14d0b671cfe44cfce	3	3	prevalence	0.3333333333333333	0.30510105871029836
shape	5634	within	12	4507	1127	64aa0a2912734ea7118fdcc58f1fa76c2dfb195a864f8eedab123a33ae8f0823	ba403a9728df4e8119d0aac154d867abfa432c8f0485bbf14d0b671cfe44cfce	3	3	taxonomy	0.6778851770965336	0.573016855573656
shape	5634	within	13	4507	1127	73747e8ad73df6bb30b740bca74b085c6314bb52c029f8f1605fc53642af1d4c	0464303ec37a688bf9a3f04d785d24a345b36e6e9a1594d54234969915564e19	3	3	prevalence	0.3333333333333333	0.30596895503280525
shape	5634	within	13	4507	1127	73747e8ad73df6bb30b740bca74b085c6314bb52c029f8f1605fc53642af1d4c	0464303ec37a688bf9a3f04d785d24a345b36e6e9a1594d54234969915564e19	3	3	taxonomy	0.6471500378583307	0.5670989860434149
shape	5634	within	14	4507	1127	876a4a52b488ad45a68cc8d1de83b795cccff0791be21ba0d8d2591d484ce8c0	d53ed6ca1233f808c18796b04428c9286853ecaff7f665a300328a64d9110b78	3	3	prevalence	0.3333333333333333	0.30717703349282294
shape	5634	within	14	4507	1127	876a4a52b488ad45a68cc8d1de83b795cccff0791be21ba0d8d2591d484ce8c0	d53ed6ca1233f808c18796b04428c9286853ecaff7f665a300328a64d9110b78	3	3	taxonomy	0.6259722412303118	0.5468033421878148
shape	5634	within	15	4507	1127	b430594c109853ab545b940a0d8d64c894cdce41c71fdb5b00bb9b8ade75fcff	53cc6b3c3977d0394d3cde23bd6ab38683ed53117fd8d24480bcd5fd423061d4	3	3	prevalence	0.3333333333333333	0.30282485875706217
shape	5634	within	15	4507	1127	b430594c109853ab545b940a0d8d64c894cdce41c71fdb5b00bb9b8ade75fcff	53cc6b3c3977d0394d3cde23bd6ab38683ed53117fd8d24480bcd5fd423061d4	3	3	taxonomy	0.6819055980601196	0.6123940876738042
shape	5634	within	16	4507	1127	909644211fc8b81b4fa163eb68eaa3de67a70c478f7aedd950022b0db3e2279c	91761a1912e4dc02ac454f69581c002297dde5b8438044e921cf843eba18d2e4	3	3	prevalence	0.3333333333333333	0.30510105871029836
shape	5634	within	16	4507	1127	909644211fc8b81b4fa163eb68eaa3de67a70c478f7aedd950022b0db3e2279c	91761a1912e4dc02ac454f69581c002297dde5b8438044e921cf843eba18d2e4	3	3	taxonomy	0.6754168007548568	0.605452879371008
shape	5634	within	17	4507	1127	22f4af329e671e5bf3c0245d9b58f5bfcb79b6451a87cfba74ad38dba763a277	fed63d34309242975a76c839e6d2cc7c6b773073050df6f2509cc39ee2045537	3	3	prevalence	0.3333333333333333	0.2990867579908676
shape	5634	within	17	4507	1127	22f4af329e671e5bf3c0245d9b58f5bfcb79b6451a87cfba74ad38dba763a277	fed63d34309242975a76c839e6d2cc7c6b773073050df6f2509cc39ee2045537	3	3	taxonomy	0.6743911304980008	0.5925550121698503
shape	5634	within	18	4507	1127	d9ff895ad72e1982064f8e5f76df24cfc85ad85cbeb57c5842c3ea79197665e6	44ca9a8ee1b4f6b144b2bbb631da865755fdb3c7a872495583a9bf3701189272	3	3	prevalence	0.3333333333333333	0.3076923076923077
shape	5634	within	18	4507	1127	d9ff895ad72e1982064f8e5f76df24cfc85ad85cbeb57c5842c3ea79197665e6	44ca9a8ee1b4f6b144b2bbb631da865755fdb3c7a872495583a9bf3701189272	3	3	taxonomy	0.7267394441307484	0.6208779942170691
shape	5634	within	19	4507	1127	a839b5980450bb17e63819f265552d96712b1df8f465c72ee835433e097ca9c2	604d8729df270d4e0495af958881a4026a2e60fc3326bd1b166aeb44d581b94b	3	3	prevalence	0.3333333333333333	0.3056222969726093
shape	5634	within	19	4507	1127	a839b5980450bb17e63819f265552d96712b1df8f465c72ee835433e097ca9c2	604d8729df270d4e0495af958881a4026a2e60fc3326bd1b166aeb44d581b94b	3	3	taxonomy	0.7017388931966343	0.5943432928727047
shape	5634	genus	0	4507	1127	5db256713fec054056211bb56846fd93272e5cd4b486024a877ffbe39527b729	a9677e4ec24f74132d5bd441789e1b6ad53622420cce783bb29082264cee9338	3	3	prevalence	0.3333333333333333	0.2998046875
shape	5634	genus	0	4507	1127	5db256713fec054056211bb56846fd93272e5cd4b486024a877ffbe39527b729	a9677e4ec24f74132d5bd441789e1b6ad53622420cce783bb29082264cee9338	3	3	taxonomy	0.6045165077583318	0.48150967176062104
shape	5634	genus	1	4502	1132	6d0c2e4242d7b0464fd54348b91299ffd84a2302921177dd127ed982d6415d8d	50311f4a070c0bc984871de484b827d4ef530be25db3fb5321437e30b2b63b44	3	3	prevalence	0.3333333333333333	0.3069590085795996
shape	5634	genus	1	4502	1132	6d0c2e4242d7b0464fd54348b91299ffd84a2302921177dd127ed982d6415d8d	50311f4a070c0bc984871de484b827d4ef530be25db3fb5321437e30b2b63b44	3	3	taxonomy	0.5977917810197891	0.4687784047899466
shape	5634	genus	2	4465	1169	dfc6483609f6885269245d1c7a99c3c8ab354ff184745229179acf8f163b9833	00f30d30edbf0e7f952214ba3984ff63b6e1c666021c45ade14cfc39b3c4ce2d	3	3	prevalence	0.3333333333333333	0.3063646170442287
shape	5634	genus	2	4465	1169	dfc6483609f6885269245d1c7a99c3c8ab354ff184745229179acf8f163b9833	00f30d30edbf0e7f952214ba3984ff63b6e1c666021c45ade14cfc39b3c4ce2d	3	3	taxonomy	0.5367136150234741	0.450029692505568
shape	5634	genus	3	4500	1134	7c4e34ae259490e8588889b9606bb5ee2dea6cf707f87c26d14601c0c1801ecb	afcc8713f25cdb81252a2cc401913b4683878b01a3f506bcbfe48a51f1e5dfeb	3	3	prevalence	0.3333333333333333	0.310062893081761
shape	5634	genus	3	4500	1134	7c4e34ae259490e8588889b9606bb5ee2dea6cf707f87c26d14601c0c1801ecb	afcc8713f25cdb81252a2cc401913b4683878b01a3f506bcbfe48a51f1e5dfeb	3	3	taxonomy	0.6228385833943088	0.475727351039218
shape	5634	genus	4	4501	1133	da586424c30125c3651e84cbb90da80a371c715d962263fd550b0d6ffe32e123	9400b08b0755775f2ea7b4d6ccb7219cec72a0db2ae71f387535db2f89288aac	3	3	prevalence	0.3333333333333333	0.30474365117393387
shape	5634	genus	4	4501	1133	da586424c30125c3651e84cbb90da80a371c715d962263fd550b0d6ffe32e123	9400b08b0755775f2ea7b4d6ccb7219cec72a0db2ae71f387535db2f89288aac	3	3	taxonomy	0.5349570066551198	0.43341754362760093
shape	5634	genus	5	4505	1129	e21674587235880efba089ecc1f819dc86cd9e825fdbad90eebd79454caa9666	ad248e340d1a855cbb6014be0bfa3d3923da6da4bb01e63fac5dfe325a6be0eb	3	3	prevalence	0.3333333333333333	0.3049815793688932
shape	5634	genus	5	4505	1129	e21674587235880efba089ecc1f819dc86cd9e825fdbad90eebd79454caa9666	ad248e340d1a855cbb6014be0bfa3d3923da6da4bb01e63fac5dfe325a6be0eb	3	3	taxonomy	0.6089196659256143	0.49963343956749023
shape	5634	genus	6	4502	1132	1d51bdefb05c1e8040693e951836e24118e94b14a3c89066e04f1c28f66bcdc1	55a32d71ac3dd6e10172d320636805d96c66d50f40cf682c3a5f8d0979b1b55d	3	3	prevalence	0.3333333333333333	0.30191719026905106
shape	5634	genus	6	4502	1132	1d51bdefb05c1e8040693e951836e24118e94b14a3c89066e04f1c28f66bcdc1	55a32d71ac3dd6e10172d320636805d96c66d50f40cf682c3a5f8d0979b1b55d	3	3	taxonomy	0.5982591306330028	0.4791794627026939
shape	5634	genus	7	4492	1142	8dee8937d2392063c0727ed0f00d7eacd3f9eed5dcd2bb298cbb73c727a20e43	0c6bca4d0ba71012b95422e98985ec29f77de79a5d51405b6f570186a3dfd2d2	3	3	prevalence	0.3333333333333333	0.3065279091769158
shape	5634	genus	7	4492	1142	8dee8937d2392063c0727ed0f00d7eacd3f9eed5dcd2bb298cbb73c727a20e43	0c6bca4d0ba71012b95422e98985ec29f77de79a5d51405b6f570186a3dfd2d2	3	3	taxonomy	0.5987534413460339	0.48513538973176457
shape	5634	genus	8	4506	1128	70aa13d765985ae93d507eb02e332dffa397ecc02cb4379e456d98443ba11718	4ef93017e524bad388e0273bda45058b6e1a35b274a307390838b269daf40833	3	3	prevalence	0.3333333333333333	0.3046060022468304
shape	5634	genus	8	4506	1128	70aa13d765985ae93d507eb02e332dffa397ecc02cb4379e456d98443ba11718	4ef93017e524bad388e0273bda45058b6e1a35b274a307390838b269daf40833	3	3	taxonomy	0.6577627595932846	0.5129434567072944
shape	5634	genus	9	4507	1127	e4a71a63bc6221aee3cdafaa09a04e7a94ba3f1225dbaea610899bec05fe7b99	029f801d0d3a9ee63d236fbb8bc1c5febdd6c1e706dbadbacb9d98ca6a2ca1fd	3	3	prevalence	0.3333333333333333	0.3122641509433962
shape	5634	genus	9	4507	1127	e4a71a63bc6221aee3cdafaa09a04e7a94ba3f1225dbaea610899bec05fe7b99	029f801d0d3a9ee63d236fbb8bc1c5febdd6c1e706dbadbacb9d98ca6a2ca1fd	3	3	taxonomy	0.5540762078737207	0.4815933106464991
shape	5634	genus	10	4475	1159	b86b1d5d0f2b6ae3125bab048a52a32b44e028931f872923e40e430f8564b138	e323f02219df3e9b786689d3d30a4107867b1073d655b0173f9ce1c9df7630b4	3	3	prevalence	0.3333333333333333	0.31368966042332874
shape	5634	genus	10	4475	1159	b86b1d5d0f2b6ae3125bab048a52a32b44e028931f872923e40e430f8564b138	e323f02219df3e9b786689d3d30a4107867b1073d655b0173f9ce1c9df7630b4	3	3	taxonomy	0.5313559044738724	0.4245684190335623
shape	5634	genus	11	4507	1127	457ad70324ad19167972d683142879d0418972193ff47cdfdd171a222fc85d51	605b42d4254324874d9a9682a2f0667a4dea7c1cdf89ec548de8eaaa449f723b	3	3	prevalence	0.3333333333333333	0.2949035131123206
shape	5634	genus	11	4507	1127	457ad70324ad19167972d683142879d0418972193ff47cdfdd171a222fc85d51	605b42d4254324874d9a9682a2f0667a4dea7c1cdf89ec548de8eaaa449f723b	3	3	taxonomy	0.643574173775516	0.5267277383766745
shape	5634	genus	12	4475	1159	0b0141cb7bb68b69b0799ca70ade716974287ae2a00d7d045f8f75f9b116ed05	9730267c4276a2d424a2e98a2242c7e586250cbf39bf61e2c9ecd0be948b83d6	3	3	prevalence	0.3333333333333333	0.3105990783410138
shape	5634	genus	12	4475	1159	0b0141cb7bb68b69b0799ca70ade716974287ae2a00d7d045f8f75f9b116ed05	9730267c4276a2d424a2e98a2242c7e586250cbf39bf61e2c9ecd0be948b83d6	3	3	taxonomy	0.5290391896040111	0.4236324080269947
shape	5634	genus	13	4503	1131	a74e4c0f7d509af37d4a255b45a1b5523c6a51fb54ad2ec26347e0f607680fa2	70362d3eee25e2d8cb1b931696c9a5d55d260db0d553e0bbc7fc0c0962918d12	3	3	prevalence	0.3333333333333333	0.3077899412977947
shape	5634	genus	13	4503	1131	a74e4c0f7d509af37d4a255b45a1b5523c6a51fb54ad2ec26347e0f607680fa2	70362d3eee25e2d8cb1b931696c9a5d55d260db0d553e0bbc7fc0c0962918d12	3	3	taxonomy	0.6265893470790378	0.5149813143742593
shape	5634	genus	14	4507	1127	0748e627297848f83f769758e4929c51fe612dd33e2150b9983ba51d28df09ea	18be19d03c6d5d1597d8ede1741568518e95129741da5aa584fe83e4a848b8dd	3	3	prevalence	0.3333333333333333	0.31007751937984496
shape	5634	genus	14	4507	1127	0748e627297848f83f769758e4929c51fe612dd33e2150b9983ba51d28df09ea	18be19d03c6d5d1597d8ede1741568518e95129741da5aa584fe83e4a848b8dd	3	3	taxonomy	0.6085343926727318	0.48586592272376933
shape	5634	genus	15	4506	1128	8784f528cdfdfa5ef30829296fa03062fd0a15f2d5d2f15e31d0d1facdc1c531	187b0520f4a590ec2e043540e9f58163a00db710ad4ddde470af237dd23b519e	3	3	prevalence	0.3333333333333333	0.3003734372463062
shape	5634	genus	15	4506	1128	8784f528cdfdfa5ef30829296fa03062fd0a15f2d5d2f15e31d0d1facdc1c531	187b0520f4a590ec2e043540e9f58163a00db710ad4ddde470af237dd23b519e	3	3	taxonomy	0.5994632660829843	0.5225446532828165
shape	5634	genus	16	4505	1129	4adaac8d0a856f1447d3f13466644b8c4dfdf0e3f7a678c9e4af8fa611fa9d1b	fe9f57b16cc9d71bba2d60c5c1d0a2c79cd1eef60ac20498b1210754445e75f5	3	3	prevalence	0.3333333333333333	0.3097834676782045
shape	5634	genus	16	4505	1129	4adaac8d0a856f1447d3f13466644b8c4dfdf0e3f7a678c9e4af8fa611fa9d1b	fe9f57b16cc9d71bba2d60c5c1d0a2c79cd1eef60ac20498b1210754445e75f5	3	3	taxonomy	0.6374051390147969	0.5106056464088412
shape	5634	genus	17	4506	1128	80146a43b08cc8e3da693ad8c2b907397f5d441b7221c23d2a6505a743a08ee9	9a24751173bcb3e9575042bb7456202965183b5031b0b34a8268da8a03dd5d4c	3	3	prevalence	0.3333333333333333	0.3070301291248207
shape	5634	genus	17	4506	1128	80146a43b08cc8e3da693ad8c2b907397f5d441b7221c23d2a6505a743a08ee9	9a24751173bcb3e9575042bb7456202965183b5031b0b34a8268da8a03dd5d4c	3	3	taxonomy	0.566962974717887	0.46851892110586874
shape	5634	genus	18	4481	1153	8762e0e041ca0bef356e80ef9bd947a0ed6c154389360828d0f41b92dd443996	57bae4ea06af69d1c4ab8c433eda3d5053903456b722ce64155cc5f5b5670a39	3	3	prevalence	0.3333333333333333	0.29604628736740596
shape	5634	genus	18	4481	1153	8762e0e041ca0bef356e80ef9bd947a0ed6c154389360828d0f41b92dd443996	57bae4ea06af69d1c4ab8c433eda3d5053903456b722ce64155cc5f5b5670a39	3	3	taxonomy	0.6457973394066189	0.5343818903003004
shape	5634	genus	19	4468	1166	e4e700a871d9dc07d17ab4f18a7a82819976cd052008b012cf21adc5aadd551f	9d2e78b6792c2b8162f0af915117e702ecbc8f57672715f482b8910aff9c0b5a	3	3	prevalence	0.3333333333333333	0.30976430976430974
shape	5634	genus	19	4468	1166	e4e700a871d9dc07d17ab4f18a7a82819976cd052008b012cf21adc5aadd551f	9d2e78b6792c2b8162f0af915117e702ecbc8f57672715f482b8910aff9c0b5a	3	3	taxonomy	0.6922076772267491	0.510722178771334
shape	5634	family	0	4454	1180	f197dc9122a73ecf39ace4a166158d62644ae75299a804c873e26f988fd8e4ab	605854d172946e1f0db5dd1f233ea8207c20c54384ae546f7101cad444355cc6	3	3	prevalence	0.3333333333333333	0.2997512437810945
shape	5634	family	0	4454	1180	f197dc9122a73ecf39ace4a166158d62644ae75299a804c873e26f988fd8e4ab	605854d172946e1f0db5dd1f233ea8207c20c54384ae546f7101cad444355cc6	3	3	taxonomy	0.6464047456930082	0.5011973821522046
shape	5634	family	1	4373	1261	633be1787895a91a834b1bb6acd672125dcc994e0cb06b020a6f2da03c83281d	d28842000b2b0949474fa0d109fa3b65872bdab517979e12c57bf5affa4b97b8	3	3	prevalence	0.3333333333333333	0.2989209682123068
shape	5634	family	1	4373	1261	633be1787895a91a834b1bb6acd672125dcc994e0cb06b020a6f2da03c83281d	d28842000b2b0949474fa0d109fa3b65872bdab517979e12c57bf5affa4b97b8	3	3	taxonomy	0.5599418688223442	0.37926241376373393
shape	5634	family	2	4476	1158	b127102c03534688f8efe363c78bd0f8bd4e4b8f3c7d3dc734947946f307be65	45e4ee28ecc4e021ce15a06eafe854f7b3e844b8c6ebea1035d203c65019ec5e	3	3	prevalence	0.3333333333333333	0.30558154038041785
shape	5634	family	2	4476	1158	b127102c03534688f8efe363c78bd0f8bd4e4b8f3c7d3dc734947946f307be65	45e4ee28ecc4e021ce15a06eafe854f7b3e844b8c6ebea1035d203c65019ec5e	3	3	taxonomy	0.4966150315547906	0.30601123828202353
shape	5634	family	3	4485	1149	c2568117d540120a19610c763c1b6be712d1c1052a7c122d7a872c261d2d21af	ece642300bb185ff8c481bfdd9d9b1589921f2f1214caaf871ba1a1b276864cc	3	3	prevalence	0.3333333333333333	0.31121423047177105
shape	5634	family	3	4485	1149	c2568117d540120a19610c763c1b6be712d1c1052a7c122d7a872c261d2d21af	ece642300bb185ff8c481bfdd9d9b1589921f2f1214caaf871ba1a1b276864cc	3	3	taxonomy	0.41121306349934583	0.3389579874973134
shape	5634	family	4	4507	1127	0acba4e9c755fd020d245870aff8202b2a00235c84998fd80cd4f66771df0612	cb3a825219fa1942da79054729ca5b8dbfe07368f759461cd8ab3017a02147ec	3	3	prevalence	0.3333333333333333	0.31882716049382714
shape	5634	family	4	4507	1127	0acba4e9c755fd020d245870aff8202b2a00235c84998fd80cd4f66771df0612	cb3a825219fa1942da79054729ca5b8dbfe07368f759461cd8ab3017a02147ec	3	3	taxonomy	0.63049135860165	0.44652259442337217
shape	5634	family	5	4506	1128	171eb8de7386814e76fc8f5a18983011f7d9d81ec85dcfec990bb89422c51631	fade8d2a37f70acc66d5c6fe1d97506949c4f36e29c22d0d1ddde1879e97211b	3	3	prevalence	0.3333333333333333	0.2902902902902903
shape	5634	family	5	4506	1128	171eb8de7386814e76fc8f5a18983011f7d9d81ec85dcfec990bb89422c51631	fade8d2a37f70acc66d5c6fe1d97506949c4f36e29c22d0d1ddde1879e97211b	3	3	taxonomy	0.5833926835233135	0.46420146186828354
shape	5634	family	6	4493	1141	d79d8dc2f9e4989ae668bd40d1c644af33cdef351ca9f936815890dda491ae9f	422d81dd8efefb3e3266b8e7d26f6b11014231067f5cf31995e57aaa6845b144	3	3	prevalence	0.3333333333333333	0.3103825136612022
shape	5634	family	6	4493	1141	d79d8dc2f9e4989ae668bd40d1c644af33cdef351ca9f936815890dda491ae9f	422d81dd8efefb3e3266b8e7d26f6b11014231067f5cf31995e57aaa6845b144	3	3	taxonomy	0.5920866781444681	0.4214857114932518
shape	5634	family	7	4370	1264	7744bb14886cc8466043495b0e679edee63692b1e1cd3be6548ce6b0a82fc638	d87605c31cf17580260d4c2bb9d6ba7390465c7d3ad0399d0e82255bef33616c	3	3	prevalence	0.3333333333333333	0.30329164869915193
shape	5634	family	7	4370	1264	7744bb14886cc8466043495b0e679edee63692b1e1cd3be6548ce6b0a82fc638	d87605c31cf17580260d4c2bb9d6ba7390465c7d3ad0399d0e82255bef33616c	3	3	taxonomy	0.5434993251847112	0.4607128313753939
shape	5634	family	8	4483	1151	e78f00f93e49eef75a8c497fe0bfe9ff28b757e9a6f71da262ca581a557c7bfa	84a1ca017b084c656254e13992db279fc51b367cccffb64878cf205bc3c99001	3	3	prevalence	0.3333333333333333	0.30590816486444133
shape	5634	family	8	4483	1151	e78f00f93e49eef75a8c497fe0bfe9ff28b757e9a6f71da262ca581a557c7bfa	84a1ca017b084c656254e13992db279fc51b367cccffb64878cf205bc3c99001	3	3	taxonomy	0.49491767563127254	0.3423258627724082
shape	5634	family	9	4507	1127	74e127024e54629d338ea406287534e6c58be6ebd479a68bc3705bb6b2283b12	436d6a1f1e48abfa9acb8d6c7084f4c1d32fa4fe760557add6b245a2b816e8ae	3	3	prevalence	0.3333333333333333	0.31590413943355117
shape	5634	family	9	4507	1127	74e127024e54629d338ea406287534e6c58be6ebd479a68bc3705bb6b2283b12	436d6a1f1e48abfa9acb8d6c7084f4c1d32fa4fe760557add6b245a2b816e8ae	3	3	taxonomy	0.6469317343223674	0.5314268249883739
shape	5634	family	10	4458	1176	1bcc057a57cdfe227ff9e9e396513eef409c6cd44c04c64d72835aa7f88f6ab8	069d3e4b4915a7b7462824a56831a114a0791b17a48300ce199b486999876e83	3	3	prevalence	0.3333333333333333	0.3006535947712418
shape	5634	family	10	4458	1176	1bcc057a57cdfe227ff9e9e396513eef409c6cd44c04c64d72835aa7f88f6ab8	069d3e4b4915a7b7462824a56831a114a0791b17a48300ce199b486999876e83	3	3	taxonomy	0.6637052322836076	0.47088168414346027
shape	5634	family	11	4507	1127	66db9facac253745bd4a1067b8df64f34a3519d40a737929723e02e0588c1a29	aec9d5a265eeb1e034cf1db40fa6f2fb7ca2db38100a11ba5bfe562270dbccce	3	3	prevalence	0.3333333333333333	0.30939927088286573
shape	5634	family	11	4507	1127	66db9facac253745bd4a1067b8df64f34a3519d40a737929723e02e0588c1a29	aec9d5a265eeb1e034cf1db40fa6f2fb7ca2db38100a11ba5bfe562270dbccce	3	3	taxonomy	0.5212711701594582	0.46117652366286427
shape	5634	family	12	4485	1149	cf88b9332b10953601cda6f4d90001138e3db51085d1ce01f8585ba661121337	02c6b0b788e724bab85301242c868814bf08126382ea2d3bcb727fbc296ec69d	3	3	prevalence	0.3333333333333333	0.31464460784313725
shape	5634	family	12	4485	1149	cf88b9332b10953601cda6f4d90001138e3db51085d1ce01f8585ba661121337	02c6b0b788e724bab85301242c868814bf08126382ea2d3bcb727fbc296ec69d	3	3	taxonomy	0.5861755980343588	0.39401113485734296
shape	5634	family	13	4490	1144	9cde74e640e2f9d3946a4afc8096744a40dc349e1df41cf901c2f821fbb1cf18	eada87bd42fb127ce3a178be2810668d37f00b688a976e0f1fb623d8ddbd67fc	3	3	prevalence	0.3333333333333333	0.29535864978902954
shape	5634	family	13	4490	1144	9cde74e640e2f9d3946a4afc8096744a40dc349e1df41cf901c2f821fbb1cf18	eada87bd42fb127ce3a178be2810668d37f00b688a976e0f1fb623d8ddbd67fc	3	3	taxonomy	0.417012617012617	0.3083162373300034
shape	5634	family	14	4471	1163	6acd2b21bba4c4bab4d43da2c8f27726ad08bd7c010404ef820c7e0bbc0429d7	0c0df4d9f8ab15bf35c67f31d70e7869e4ccaeb56e92efe2d7167adfc7128a47	3	3	prevalence	0.3333333333333333	0.3123095673369896
shape	5634	family	14	4471	1163	6acd2b21bba4c4bab4d43da2c8f27726ad08bd7c010404ef820c7e0bbc0429d7	0c0df4d9f8ab15bf35c67f31d70e7869e4ccaeb56e92efe2d7167adfc7128a47	3	3	taxonomy	0.6766819842111466	0.5178071045136592
shape	5634	family	15	4501	1133	90bc11235c4013e89b17270ae42e33ed64e76630cdebd0a282cf21c336b34f82	c66a1fd236ff1393c1860dfcd7f8355539fda1a72fb4a2c0e4d7f5ef15b00b0a	3	3	prevalence	0.3333333333333333	0.29821138211382114
shape	5634	family	15	4501	1133	90bc11235c4013e89b17270ae42e33ed64e76630cdebd0a282cf21c336b34f82	c66a1fd236ff1393c1860dfcd7f8355539fda1a72fb4a2c0e4d7f5ef15b00b0a	3	3	taxonomy	0.500261605960168	0.46280888030888034
shape	5634	family	16	4503	1131	f29fda952864412bf496ebacb121a887765caaf4e7e1364bfc8e499b5ec53338	e479e9d1b75dcfce45750cf6c013fe3f65154d805cbfd15fe30c1b6394bbb442	3	3	prevalence	0.3333333333333333	0.31067044381491976
shape	5634	family	16	4503	1131	f29fda952864412bf496ebacb121a887765caaf4e7e1364bfc8e499b5ec53338	e479e9d1b75dcfce45750cf6c013fe3f65154d805cbfd15fe30c1b6394bbb442	3	3	taxonomy	0.5989059783748639	0.47392974026593243
shape	5634	family	17	4376	1258	4b211d895e987ab580214a78c9bbc0e8b42fba86d5b1de8a28f70078d307bd8d	3e959f5903811abcabc0456806c5ab457c2831e9821438102ed3f0a40e97b359	3	3	prevalence	0.3333333333333333	0.30625984815928947
shape	5634	family	17	4376	1258	4b211d895e987ab580214a78c9bbc0e8b42fba86d5b1de8a28f70078d307bd8d	3e959f5903811abcabc0456806c5ab457c2831e9821438102ed3f0a40e97b359	3	3	taxonomy	0.642306984546333	0.4522806369500431
shape	5634	family	18	4463	1171	d0785fe000048ee474ce6761ba62eb2ac488de2c6762464e4161b83aae56e332	97d1042288d59e0beac5e52146640b8067b7504bfd2560ac9b93d2550f301318	3	3	prevalence	0.3333333333333333	0.3090548175293938
shape	5634	family	18	4463	1171	d0785fe000048ee474ce6761ba62eb2ac488de2c6762464e4161b83aae56e332	97d1042288d59e0beac5e52146640b8067b7504bfd2560ac9b93d2550f301318	3	3	taxonomy	0.6064089167537443	0.4782338576456224
shape	5634	family	19	4478	1156	153468841d4feae5caff6a2b118d5182ef9cd9ad354814805145872afde59719	19af8bde54e6dbd1f6bf5d599955e370bf6ce1a12d1a87c1bc3f3e02a6cf1a70	3	3	prevalence	0.3333333333333333	0.31266268565303934
shape	5634	family	19	4478	1156	153468841d4feae5caff6a2b118d5182ef9cd9ad354814805145872afde59719	19af8bde54e6dbd1f6bf5d599955e370bf6ce1a12d1a87c1bc3f3e02a6cf1a70	3	3	taxonomy	0.5839164975135678	0.3744875921581385
shape	5634	order	0	4428	1206	6a1ffbf56a6a7533f6821692ff4eb69f02246271f7758fc91e0a1d5fb990f723	06809a746728393b900ba54d0a65a4893b4d16a27473e121b86c61c58d7ac52c	3	3	prevalence	0.3333333333333333	0.2939267501159017
shape	5634	order	0	4428	1206	6a1ffbf56a6a7533f6821692ff4eb69f02246271f7758fc91e0a1d5fb990f723	06809a746728393b900ba54d0a65a4893b4d16a27473e121b86c61c58d7ac52c	3	3	taxonomy	0.5652077376819632	0.3678334011667345
shape	5634	order	1	4464	1170	327cbcd024ddc6747e19acfbcd9fd38c61989fb471e92fb05529cb1bfc13e639	b4b1919a475bfd3ee859f995af65c2f6a1efec38ec83ab8302e661b80bfffa80	3	3	prevalence	0.3333333333333333	0.3164196976500524
shape	5634	order	1	4464	1170	327cbcd024ddc6747e19acfbcd9fd38c61989fb471e92fb05529cb1bfc13e639	b4b1919a475bfd3ee859f995af65c2f6a1efec38ec83ab8302e661b80bfffa80	3	3	taxonomy	0.35971235803341023	0.34846870544734054
shape	5634	order	2	4204	1430	cd056652cc60af020892eb5632857a0b3a6b24671bbc0d4c9f5596e7e67dddc0	65ddcc6c7752857fb710ae024ba3ffe882b00edfd80c0b7e518f799eb54d2620	3	3	prevalence	0.3333333333333333	0.30084420567920184
shape	5634	order	2	4204	1430	cd056652cc60af020892eb5632857a0b3a6b24671bbc0d4c9f5596e7e67dddc0	65ddcc6c7752857fb710ae024ba3ffe882b00edfd80c0b7e518f799eb54d2620	3	3	taxonomy	0.3712471655328798	0.33224577590755117
shape	5634	order	3	4507	1127	e490f45b8d61515f16b28aa7f3509a7efd922c2068fddc70bd98239201f81923	34722873684e0dbd2f911342dea5070c1dd3ad256c1936e4bc4fcfe0bc1b2a63	3	3	prevalence	0.3333333333333333	0.3202704779468265
shape	5634	order	3	4507	1127	e490f45b8d61515f16b28aa7f3509a7efd922c2068fddc70bd98239201f81923	34722873684e0dbd2f911342dea5070c1dd3ad256c1936e4bc4fcfe0bc1b2a63	3	3	taxonomy	0.5830302845657932	0.5546910489229762
shape	5634	order	4	4325	1309	eb1120f2fcb20692c81b590187e4fb6e5f926f34048e24eddcd670afe3310c09	517f6b82a661cc29e8d72ebe6c4d69d8a5904bc63cb67f2e9b8517f2a9a2bf02	3	3	prevalence	0.3333333333333333	0.2840859272249014
shape	5634	order	4	4325	1309	eb1120f2fcb20692c81b590187e4fb6e5f926f34048e24eddcd670afe3310c09	517f6b82a661cc29e8d72ebe6c4d69d8a5904bc63cb67f2e9b8517f2a9a2bf02	3	3	taxonomy	0.4757684388322547	0.27452049065602613
shape	5634	order	5	4495	1139	c844508ae2d7794f28337cf00c3c6c05980026e000016cc1bf1a4fc801220c18	2c4d8af0c6049995d0c2b2aa1a6c70d64b02bfb0ea957cd034e6423fa4226699	3	3	prevalence	0.3333333333333333	0.3012512030798845
shape	5634	order	5	4495	1139	c844508ae2d7794f28337cf00c3c6c05980026e000016cc1bf1a4fc801220c18	2c4d8af0c6049995d0c2b2aa1a6c70d64b02bfb0ea957cd034e6423fa4226699	3	3	taxonomy	0.38832361926445874	0.29199556624641543
shape	5634	order	6	4217	1417	67e2a89d30cf3bce91e7eaa099a9892c9ffdddcf7a2d8c55760505b7dbb6664f	405ddaae2bebc22a95f57d1c96bffc5bba9bdc921e5abc5db1efa2fcc5d77d2b	3	3	prevalence	0.3333333333333333	0.31936274509803925
shape	5634	order	6	4217	1417	67e2a89d30cf3bce91e7eaa099a9892c9ffdddcf7a2d8c55760505b7dbb6664f	405ddaae2bebc22a95f57d1c96bffc5bba9bdc921e5abc5db1efa2fcc5d77d2b	3	3	taxonomy	0.33976869893984246	0.06392447394145187
shape	5634	order	7	4463	1171	8352dbc8fe2dc49a3fdc99c2ef7c1e9821186e921cd7da558e42aaa966d18184	06e9ef2184f843436f95ba063fb9e1cc706da9fa3c44f4c8c6ee5d1c81fcf076	3	3	prevalence	0.3333333333333333	0.3273938867159206
shape	5634	order	7	4463	1171	8352dbc8fe2dc49a3fdc99c2ef7c1e9821186e921cd7da558e42aaa966d18184	06e9ef2184f843436f95ba063fb9e1cc706da9fa3c44f4c8c6ee5d1c81fcf076	3	3	taxonomy	0.5002507374631269	0.3766088105836731
shape	5634	order	8	4200	1434	24a7c54678c76c28de13a0d3a825f723473636f6d23e739272fcb2c949c9a91f	15e562b397cda6e119b7b5804029a605d5c18b0e48acb43a0eeac4e8d08a0f16	3	3	prevalence	0.3333333333333333	0.3129855715871254
shape	5634	order	8	4200	1434	24a7c54678c76c28de13a0d3a825f723473636f6d23e739272fcb2c949c9a91f	15e562b397cda6e119b7b5804029a605d5c18b0e48acb43a0eeac4e8d08a0f16	3	3	taxonomy	0.4686837627414466	0.3477493207472346
shape	5634	order	9	4433	1201	1221275600b729e557a9241c2da5e71560a649ea13248c84a20eeea6c5139feb	3a2c5e00e856cd50a5f019f00b8e200dd3cdc55b5a6e6dcb0e472e1827da85fa	3	3	prevalence	0.3333333333333333	0.28393881453154873
shape	5634	order	9	4433	1201	1221275600b729e557a9241c2da5e71560a649ea13248c84a20eeea6c5139feb	3a2c5e00e856cd50a5f019f00b8e200dd3cdc55b5a6e6dcb0e472e1827da85fa	3	3	taxonomy	0.3477007877319404	0.24452831563282126
shape	5634	order	10	4506	1128	d71e39cbae6a28b5cc998e9c509d0ccbd301c8d579c7b71782e92d0fe4e5a4d2	1db7c5b58bc7f0b857612dc45b5bb24f8e9d9c50927b551c681b4d9bda7afbf1	3	3	prevalence	0.3333333333333333	0.3111111111111111
shape	5634	order	10	4506	1128	d71e39cbae6a28b5cc998e9c509d0ccbd301c8d579c7b71782e92d0fe4e5a4d2	1db7c5b58bc7f0b857612dc45b5bb24f8e9d9c50927b551c681b4d9bda7afbf1	3	3	taxonomy	0.40844282119162006	0.36464415616405405
shape	5634	order	11	4417	1217	5fcb52bfdf41b6a39d97f51501ca118485a21e2e8da935fd70d1c55de5e12bad	7e5735274f86b7f3a3965717656d59f4fca59ffeaeb380490ca830aac5ab0f7b	3	3	prevalence	0.3333333333333333	0.3134523291249456
shape	5634	order	11	4417	1217	5fcb52bfdf41b6a39d97f51501ca118485a21e2e8da935fd70d1c55de5e12bad	7e5735274f86b7f3a3965717656d59f4fca59ffeaeb380490ca830aac5ab0f7b	3	3	taxonomy	0.36422911895548715	0.3180502079902479
shape	5634	order	12	4263	1371	c241a521c07fc66309954b8716c7249bf17cd107700ab55568419bb3781f0a77	22ce02829e760661237d3ff14a3c16cd92304eac1c05a64a5e1ede4879ff11ce	3	3	prevalence	0.3333333333333333	0.3121282648047582
shape	5634	order	12	4263	1371	c241a521c07fc66309954b8716c7249bf17cd107700ab55568419bb3781f0a77	22ce02829e760661237d3ff14a3c16cd92304eac1c05a64a5e1ede4879ff11ce	3	3	taxonomy	0.3315059204879594	0.27371742103199903
shape	5634	order	13	4493	1141	366a4fb90884a33c0934ab88e23c4dec91ae1edc8d617b58ae63ccc6ee03c353	b563b4e42c0d6c8a2555e5bb6159c407e3f10a162e7f7edc038dfe7e28ba5c6f	3	3	prevalence	0.3333333333333333	0.3051330798479088
shape	5634	order	13	4493	1141	366a4fb90884a33c0934ab88e23c4dec91ae1edc8d617b58ae63ccc6ee03c353	b563b4e42c0d6c8a2555e5bb6159c407e3f10a162e7f7edc038dfe7e28ba5c6f	3	3	taxonomy	0.47465901091424784	0.3837647420017362
shape	5634	order	14	4362	1272	0bbf717f8c2f3104a4cba8f2b50957063515b1462244e57ba9c0fae265c51136	80fdcf12ec119e9906d599821eb40e5e307cd437e1586d1d3de99d00a99487f4	3	3	prevalence	0.3333333333333333	0.32209129080319654
shape	5634	order	14	4362	1272	0bbf717f8c2f3104a4cba8f2b50957063515b1462244e57ba9c0fae265c51136	80fdcf12ec119e9906d599821eb40e5e307cd437e1586d1d3de99d00a99487f4	3	3	taxonomy	0.3743456221790225	0.23133474579865076
shape	5634	order	15	4503	1131	80226e9598b64247708c503c216361f12f87c629113bac3ab517d2174b34e9c3	d8b1908ad928c132f5b121cd7ea0bfd7193d4a2d86d75a00cbdd5fe9e4613095	3	3	prevalence	0.3333333333333333	0.3193612774451098
shape	5634	order	15	4503	1131	80226e9598b64247708c503c216361f12f87c629113bac3ab517d2174b34e9c3	d8b1908ad928c132f5b121cd7ea0bfd7193d4a2d86d75a00cbdd5fe9e4613095	3	3	taxonomy	0.43022020417853746	0.35118426195804026
shape	5634	order	16	4397	1237	35a2c3699bd8e396e65fba16d579808ab4a6e5c1defc5b7e546cf6ac62de2ed0	b542901c7649325d18c31346733f6a0e160019d1ab55395f1eb469035cdde7a1	3	3	prevalence	0.3333333333333333	0.32433928324339284
shape	5634	order	16	4397	1237	35a2c3699bd8e396e65fba16d579808ab4a6e5c1defc5b7e546cf6ac62de2ed0	b542901c7649325d18c31346733f6a0e160019d1ab55395f1eb469035cdde7a1	3	3	taxonomy	0.5064395239544678	0.2984101745683856
shape	5634	order	17	4244	1390	e780e3e53cb910953c0cef333518b6366ae4bcb38897ccbd6769f8b89bb532f4	30ca9bc641899d5064b7570e3a11f2b190977acbca4068caed11c5c1fb906580	3	3	prevalence	0.3333333333333333	0.2913460240313217
shape	5634	order	17	4244	1390	e780e3e53cb910953c0cef333518b6366ae4bcb38897ccbd6769f8b89bb532f4	30ca9bc641899d5064b7570e3a11f2b190977acbca4068caed11c5c1fb906580	3	3	taxonomy	0.4944017083466274	0.2936921180501518
shape	5634	order	18	4502	1132	6186b1cd47225f9b48209b7ee05ce72523cf9a770711bc69cca65a0969feee1a	ec366608e671bda69165b60c00f6900ad398ad7cc3fd460fac6336c0784f44c8	3	3	prevalence	0.3333333333333333	0.3041946845981428
shape	5634	order	18	4502	1132	6186b1cd47225f9b48209b7ee05ce72523cf9a770711bc69cca65a0969feee1a	ec366608e671bda69165b60c00f6900ad398ad7cc3fd460fac6336c0784f44c8	3	3	taxonomy	0.3321094090948765	0.16599288484593144
shape	5634	order	19	4383	1251	598256daf49348f6d3ae5541716348880304103dac81cb5a9aef7c512bf9e1c0	297948f105d096e002d36e1eafa4f3ba054b840333c4874286c448b17e24465f	3	3	prevalence	0.3333333333333333	0.30733879075111303
shape	5634	order	19	4383	1251	598256daf49348f6d3ae5541716348880304103dac81cb5a9aef7c512bf9e1c0	297948f105d096e002d36e1eafa4f3ba054b840333c4874286c448b17e24465f	3	3	taxonomy	0.2922594323295258	0.22280609690630862
motility	5634	within	0	4507	1127	e6e6a084cc35b1b9910d4eda744019b35cf21b0a0bd3bc54a6cdc755ad700a75	30b2e2096bd300924361f95d664c680ca811e4db8a132e9a9d15de5ef5addacd	2	2	prevalence	0.5	0.3661417322834646
motility	5634	within	0	4507	1127	e6e6a084cc35b1b9910d4eda744019b35cf21b0a0bd3bc54a6cdc755ad700a75	30b2e2096bd300924361f95d664c680ca811e4db8a132e9a9d15de5ef5addacd	2	2	taxonomy	0.8340223186048613	0.8292424242424243
motility	5634	within	1	4507	1127	9bc0d90a27357d0bb0620754ee54c2399d10a4c24f5fdee11a1a66fb8dc0f8dd	ef6a299b99675e2373fe61b75342d1d60aebf2df0be10869025f93f2039e8ef0	2	2	prevalence	0.5	0.3643542019176537
motility	5634	within	1	4507	1127	9bc0d90a27357d0bb0620754ee54c2399d10a4c24f5fdee11a1a66fb8dc0f8dd	ef6a299b99675e2373fe61b75342d1d60aebf2df0be10869025f93f2039e8ef0	2	2	taxonomy	0.7993006700437041	0.7972258140355002
motility	5634	within	2	4507	1127	84e685a4751f77f955f245707afd180e242e3191c4e5738de537cc4edfc89026	08b50c2e3bff34f4089ed4df52b40b5398bcce27ec102c885df63f6d770e16c1	2	2	prevalence	0.5	0.35965909090909093
motility	5634	within	2	4507	1127	84e685a4751f77f955f245707afd180e242e3191c4e5738de537cc4edfc89026	08b50c2e3bff34f4089ed4df52b40b5398bcce27ec102c885df63f6d770e16c1	2	2	taxonomy	0.8311043741325608	0.8275491896014645
motility	5634	within	3	4507	1127	fd6dde83675e73c82aff9b80d2ff6839de64372a363b6cfed6a881c22c195719	eb9eaa3cf643167e3d37c77d7f1f45c37d443726a0043e05173977c984024f7f	2	2	prevalence	0.5	0.36507042253521127
motility	5634	within	3	4507	1127	fd6dde83675e73c82aff9b80d2ff6839de64372a363b6cfed6a881c22c195719	eb9eaa3cf643167e3d37c77d7f1f45c37d443726a0043e05173977c984024f7f	2	2	taxonomy	0.8246700945900668	0.8169336837743031
motility	5634	within	4	4507	1127	df7c28af09dcbb8e33355071558a87b6fad6b03047fce57f2a1bb3de12a15b69	1cca842ee86bb810738c74b025ea8e487cc171a595f1b8451d1b883e1fd35ac2	2	2	prevalence	0.5	0.3686274509803922
motility	5634	within	4	4507	1127	df7c28af09dcbb8e33355071558a87b6fad6b03047fce57f2a1bb3de12a15b69	1cca842ee86bb810738c74b025ea8e487cc171a595f1b8451d1b883e1fd35ac2	2	2	taxonomy	0.8171301546976364	0.8136897080821505
motility	5634	within	5	4507	1127	9b97f99de20115e17bc5f08b6adfaa3ffd088d72cdf0a8fb72bf2665715cfae5	861abca7eb052988f4e4e87711fc4cb4c00a7ca6e76d9448a72f0012ce861d78	2	2	prevalence	0.5	0.36649803260258573
motility	5634	within	5	4507	1127	9b97f99de20115e17bc5f08b6adfaa3ffd088d72cdf0a8fb72bf2665715cfae5	861abca7eb052988f4e4e87711fc4cb4c00a7ca6e76d9448a72f0012ce861d78	2	2	taxonomy	0.8216596706490151	0.8179944483885617
motility	5634	within	6	4507	1127	6fccbd7dd271bb17f8f9e1a5158bafa404e1b48a103c776003520ffc867288ea	fb52f8f4256d4f01c90552adef51f6a7eab19957bb663123a890d82cec1605e7	2	2	prevalence	0.5	0.3632768361581921
motility	5634	within	6	4507	1127	6fccbd7dd271bb17f8f9e1a5158bafa404e1b48a103c776003520ffc867288ea	fb52f8f4256d4f01c90552adef51f6a7eab19957bb663123a890d82cec1605e7	2	2	taxonomy	0.8240652674061412	0.821830985915493
motility	5634	within	7	4507	1127	6568a5a506a8b7a0753a07d71af9c2fb1f4856921f2494f8fca62d2011c102ec	8e04ee20c2fd978a4f02c7232dadecedeaf994344bbb0b6cc375066f7273023d	2	2	prevalence	0.5	0.36219581211092244
motility	5634	within	7	4507	1127	6568a5a506a8b7a0753a07d71af9c2fb1f4856921f2494f8fca62d2011c102ec	8e04ee20c2fd978a4f02c7232dadecedeaf994344bbb0b6cc375066f7273023d	2	2	taxonomy	0.8263026180698152	0.8245676356364826
motility	5634	within	8	4507	1127	1e7b2297820a0b8b53b7fc9607d23c188614761aa3de15d9287a4efe8def0971	1d61a28a20c48c27dc1ae1282a76e5f8522115f2e84dc605680cdf7c1c60f031	2	2	prevalence	0.5	0.3632768361581921
motility	5634	within	8	4507	1127	1e7b2297820a0b8b53b7fc9607d23c188614761aa3de15d9287a4efe8def0971	1d61a28a20c48c27dc1ae1282a76e5f8522115f2e84dc605680cdf7c1c60f031	2	2	taxonomy	0.8115673560145495	0.804644591401807
motility	5634	within	9	4507	1127	e4e8b3521179aba73cbfdd6ec51d0821883d51e7ccdaf1bebb9c6b01087c9a0f	a751f59a4a8eb84c3595f2a6c700b4b950a78743ce252566919f3bc633ba8e32	2	2	prevalence	0.5	0.36219581211092244
motility	5634	within	9	4507	1127	e4e8b3521179aba73cbfdd6ec51d0821883d51e7ccdaf1bebb9c6b01087c9a0f	a751f59a4a8eb84c3595f2a6c700b4b950a78743ce252566919f3bc633ba8e32	2	2	taxonomy	0.8318820585215606	0.8287088208308764
motility	5634	within	10	4507	1127	b2156290f999bbd0d46bbc558b71b0daf21ebd522cfe62b2a656b422b2a0a4e0	25bf2845e858c47e651e38a87b4f7abd9dc53d7a3b5d8a03ba206db773231c55	2	2	prevalence	0.5	0.3632768361581921
motility	5634	within	10	4507	1127	b2156290f999bbd0d46bbc558b71b0daf21ebd522cfe62b2a656b422b2a0a4e0	25bf2845e858c47e651e38a87b4f7abd9dc53d7a3b5d8a03ba206db773231c55	2	2	taxonomy	0.8154778736038456	0.8103669416030123
motility	5634	within	11	4507	1127	2b6284f6a88c21bd753740ec78b33a96a58684d5fa9544d9b93a4a05915712fb	3f3885d524e7a8a5bf5a09f07b88f9262cfa3c13b5a1dd87120d0ad61fb49c38	2	2	prevalence	0.5	0.36255656108597284
motility	5634	within	11	4507	1127	2b6284f6a88c21bd753740ec78b33a96a58684d5fa9544d9b93a4a05915712fb	3f3885d524e7a8a5bf5a09f07b88f9262cfa3c13b5a1dd87120d0ad61fb49c38	2	2	taxonomy	0.818698920796338	0.8159442977267386
motility	5634	within	12	4507	1127	64aa0a2912734ea7118fdcc58f1fa76c2dfb195a864f8eedab123a33ae8f0823	ba403a9728df4e8119d0aac154d867abfa432c8f0485bbf14d0b671cfe44cfce	2	2	prevalence	0.5	0.3647125140924464
motility	5634	within	12	4507	1127	64aa0a2912734ea7118fdcc58f1fa76c2dfb195a864f8eedab123a33ae8f0823	ba403a9728df4e8119d0aac154d867abfa432c8f0485bbf14d0b671cfe44cfce	2	2	taxonomy	0.8161015584750129	0.8135306553911205
motility	5634	within	13	4507	1127	73747e8ad73df6bb30b740bca74b085c6314bb52c029f8f1605fc53642af1d4c	0464303ec37a688bf9a3f04d785d24a345b36e6e9a1594d54234969915564e19	2	2	prevalence	0.5	0.35636778983438033
motility	5634	within	13	4507	1127	73747e8ad73df6bb30b740bca74b085c6314bb52c029f8f1605fc53642af1d4c	0464303ec37a688bf9a3f04d785d24a345b36e6e9a1594d54234969915564e19	2	2	taxonomy	0.8143829331702095	0.8124417520969245
motility	5634	within	14	4507	1127	876a4a52b488ad45a68cc8d1de83b795cccff0791be21ba0d8d2591d484ce8c0	d53ed6ca1233f808c18796b04428c9286853ecaff7f665a300328a64d9110b78	2	2	prevalence	0.5	0.36255656108597284
motility	5634	within	14	4507	1127	876a4a52b488ad45a68cc8d1de83b795cccff0791be21ba0d8d2591d484ce8c0	d53ed6ca1233f808c18796b04428c9286853ecaff7f665a300328a64d9110b78	2	2	taxonomy	0.8147987647900978	0.8116344592658623
motility	5634	within	15	4507	1127	b430594c109853ab545b940a0d8d64c894cdce41c71fdb5b00bb9b8ade75fcff	53cc6b3c3977d0394d3cde23bd6ab38683ed53117fd8d24480bcd5fd423061d4	2	2	prevalence	0.5	0.36542792792792794
motility	5634	within	15	4507	1127	b430594c109853ab545b940a0d8d64c894cdce41c71fdb5b00bb9b8ade75fcff	53cc6b3c3977d0394d3cde23bd6ab38683ed53117fd8d24480bcd5fd423061d4	2	2	taxonomy	0.8281649915222002	0.8225281542279061
motility	5634	within	16	4507	1127	909644211fc8b81b4fa163eb68eaa3de67a70c478f7aedd950022b0db3e2279c	91761a1912e4dc02ac454f69581c002297dde5b8438044e921cf843eba18d2e4	2	2	prevalence	0.5	0.35746864310148235
motility	5634	within	16	4507	1127	909644211fc8b81b4fa163eb68eaa3de67a70c478f7aedd950022b0db3e2279c	91761a1912e4dc02ac454f69581c002297dde5b8438044e921cf843eba18d2e4	2	2	taxonomy	0.8203062200956938	0.8178005591798695
motility	5634	within	17	4507	1127	22f4af329e671e5bf3c0245d9b58f5bfcb79b6451a87cfba74ad38dba763a277	fed63d34309242975a76c839e6d2cc7c6b773073050df6f2509cc39ee2045537	2	2	prevalence	0.5	0.3657850309510411
motility	5634	within	17	4507	1127	22f4af329e671e5bf3c0245d9b58f5bfcb79b6451a87cfba74ad38dba763a277	fed63d34309242975a76c839e6d2cc7c6b773073050df6f2509cc39ee2045537	2	2	taxonomy	0.8304112239961297	0.8283290361476692
motility	5634	within	18	4507	1127	d9ff895ad72e1982064f8e5f76df24cfc85ad85cbeb57c5842c3ea79197665e6	44ca9a8ee1b4f6b144b2bbb631da865755fdb3c7a872495583a9bf3701189272	2	2	prevalence	0.5	0.37109375
motility	5634	within	18	4507	1127	d9ff895ad72e1982064f8e5f76df24cfc85ad85cbeb57c5842c3ea79197665e6	44ca9a8ee1b4f6b144b2bbb631da865755fdb3c7a872495583a9bf3701189272	2	2	taxonomy	0.8014581909318752	0.7988873143337007
motility	5634	within	19	4507	1127	a839b5980450bb17e63819f265552d96712b1df8f465c72ee835433e097ca9c2	604d8729df270d4e0495af958881a4026a2e60fc3326bd1b166aeb44d581b94b	2	2	prevalence	0.5	0.3632768361581921
motility	5634	within	19	4507	1127	a839b5980450bb17e63819f265552d96712b1df8f465c72ee835433e097ca9c2	604d8729df270d4e0495af958881a4026a2e60fc3326bd1b166aeb44d581b94b	2	2	taxonomy	0.8168113697415267	0.8140016408172832
motility	5634	genus	0	4507	1127	5db256713fec054056211bb56846fd93272e5cd4b486024a877ffbe39527b729	a9677e4ec24f74132d5bd441789e1b6ad53622420cce783bb29082264cee9338	2	2	prevalence	0.5	0.3858310626702997
motility	5634	genus	0	4507	1127	5db256713fec054056211bb56846fd93272e5cd4b486024a877ffbe39527b729	a9677e4ec24f74132d5bd441789e1b6ad53622420cce783bb29082264cee9338	2	2	taxonomy	0.8228816930275205	0.8163044782293929
motility	5634	genus	1	4502	1132	6d0c2e4242d7b0464fd54348b91299ffd84a2302921177dd127ed982d6415d8d	50311f4a070c0bc984871de484b827d4ef530be25db3fb5321437e30b2b63b44	2	2	prevalence	0.5	0.347926267281106
motility	5634	genus	1	4502	1132	6d0c2e4242d7b0464fd54348b91299ffd84a2302921177dd127ed982d6415d8d	50311f4a070c0bc984871de484b827d4ef530be25db3fb5321437e30b2b63b44	2	2	taxonomy	0.8342552177403171	0.832052723638181
motility	5634	genus	2	4465	1169	dfc6483609f6885269245d1c7a99c3c8ab354ff184745229179acf8f163b9833	00f30d30edbf0e7f952214ba3984ff63b6e1c666021c45ade14cfc39b3c4ce2d	2	2	prevalence	0.5	0.35163616195230174
motility	5634	genus	2	4465	1169	dfc6483609f6885269245d1c7a99c3c8ab354ff184745229179acf8f163b9833	00f30d30edbf0e7f952214ba3984ff63b6e1c666021c45ade14cfc39b3c4ce2d	2	2	taxonomy	0.7524366874023409	0.7491704728615922
motility	5634	genus	3	4500	1134	7c4e34ae259490e8588889b9606bb5ee2dea6cf707f87c26d14601c0c1801ecb	afcc8713f25cdb81252a2cc401913b4683878b01a3f506bcbfe48a51f1e5dfeb	2	2	prevalence	0.5	0.35968379446640314
motility	5634	genus	3	4500	1134	7c4e34ae259490e8588889b9606bb5ee2dea6cf707f87c26d14601c0c1801ecb	afcc8713f25cdb81252a2cc401913b4683878b01a3f506bcbfe48a51f1e5dfeb	2	2	taxonomy	0.8238773299135472	0.8212185600632504
motility	5634	genus	4	4501	1133	da586424c30125c3651e84cbb90da80a371c715d962263fd550b0d6ffe32e123	9400b08b0755775f2ea7b4d6ccb7219cec72a0db2ae71f387535db2f89288aac	2	2	prevalence	0.5	0.3798576902025178
motility	5634	genus	4	4501	1133	da586424c30125c3651e84cbb90da80a371c715d962263fd550b0d6ffe32e123	9400b08b0755775f2ea7b4d6ccb7219cec72a0db2ae71f387535db2f89288aac	2	2	taxonomy	0.7798261046523078	0.7719142622260542
motility	5634	genus	5	4505	1129	e21674587235880efba089ecc1f819dc86cd9e825fdbad90eebd79454caa9666	ad248e340d1a855cbb6014be0bfa3d3923da6da4bb01e63fac5dfe325a6be0eb	2	2	prevalence	0.5	0.3860793909733551
motility	5634	genus	5	4505	1129	e21674587235880efba089ecc1f819dc86cd9e825fdbad90eebd79454caa9666	ad248e340d1a855cbb6014be0bfa3d3923da6da4bb01e63fac5dfe325a6be0eb	2	2	taxonomy	0.8123012538236579	0.7984936103376883
motility	5634	genus	6	4502	1132	1d51bdefb05c1e8040693e951836e24118e94b14a3c89066e04f1c28f66bcdc1	55a32d71ac3dd6e10172d320636805d96c66d50f40cf682c3a5f8d0979b1b55d	2	2	prevalence	0.5	0.3913978494623656
motility	5634	genus	6	4502	1132	1d51bdefb05c1e8040693e951836e24118e94b14a3c89066e04f1c28f66bcdc1	55a32d71ac3dd6e10172d320636805d96c66d50f40cf682c3a5f8d0979b1b55d	2	2	taxonomy	0.7695095745838321	0.7600141884339515
motility	5634	genus	7	4492	1142	8dee8937d2392063c0727ed0f00d7eacd3f9eed5dcd2bb298cbb73c727a20e43	0c6bca4d0ba71012b95422e98985ec29f77de79a5d51405b6f570186a3dfd2d2	2	2	prevalence	0.5	0.35842696629213483
motility	5634	genus	7	4492	1142	8dee8937d2392063c0727ed0f00d7eacd3f9eed5dcd2bb298cbb73c727a20e43	0c6bca4d0ba71012b95422e98985ec29f77de79a5d51405b6f570186a3dfd2d2	2	2	taxonomy	0.7849554659899487	0.7796219370899751
motility	5634	genus	8	4506	1128	70aa13d765985ae93d507eb02e332dffa397ecc02cb4379e456d98443ba11718	4ef93017e524bad388e0273bda45058b6e1a35b274a307390838b269daf40833	2	2	prevalence	0.5	0.38994050838290967
motility	5634	genus	8	4506	1128	70aa13d765985ae93d507eb02e332dffa397ecc02cb4379e456d98443ba11718	4ef93017e524bad388e0273bda45058b6e1a35b274a307390838b269daf40833	2	2	taxonomy	0.7913166602486991	0.7880011967620003
motility	5634	genus	9	4507	1127	e4a71a63bc6221aee3cdafaa09a04e7a94ba3f1225dbaea610899bec05fe7b99	029f801d0d3a9ee63d236fbb8bc1c5febdd6c1e706dbadbacb9d98ca6a2ca1fd	2	2	prevalence	0.5	0.35378440366972475
motility	5634	genus	9	4507	1127	e4a71a63bc6221aee3cdafaa09a04e7a94ba3f1225dbaea610899bec05fe7b99	029f801d0d3a9ee63d236fbb8bc1c5febdd6c1e706dbadbacb9d98ca6a2ca1fd	2	2	taxonomy	0.7910700098515906	0.7895604673831859
motility	5634	genus	10	4475	1159	b86b1d5d0f2b6ae3125bab048a52a32b44e028931f872923e40e430f8564b138	e323f02219df3e9b786689d3d30a4107867b1073d655b0173f9ce1c9df7630b4	2	2	prevalence	0.5	0.3481439820022497
motility	5634	genus	10	4475	1159	b86b1d5d0f2b6ae3125bab048a52a32b44e028931f872923e40e430f8564b138	e323f02219df3e9b786689d3d30a4107867b1073d655b0173f9ce1c9df7630b4	2	2	taxonomy	0.7426853347693412	0.7402306998660418
motility	5634	genus	11	4507	1127	457ad70324ad19167972d683142879d0418972193ff47cdfdd171a222fc85d51	605b42d4254324874d9a9682a2f0667a4dea7c1cdf89ec548de8eaaa449f723b	2	2	prevalence	0.5	0.38549618320610685
motility	5634	genus	11	4507	1127	457ad70324ad19167972d683142879d0418972193ff47cdfdd171a222fc85d51	605b42d4254324874d9a9682a2f0667a4dea7c1cdf89ec548de8eaaa449f723b	2	2	taxonomy	0.7495403111739745	0.7485657827638961
motility	5634	genus	12	4475	1159	0b0141cb7bb68b69b0799ca70ade716974287ae2a00d7d045f8f75f9b116ed05	9730267c4276a2d424a2e98a2242c7e586250cbf39bf61e2c9ecd0be948b83d6	2	2	prevalence	0.5	0.37855227882037534
motility	5634	genus	12	4475	1159	0b0141cb7bb68b69b0799ca70ade716974287ae2a00d7d045f8f75f9b116ed05	9730267c4276a2d424a2e98a2242c7e586250cbf39bf61e2c9ecd0be948b83d6	2	2	taxonomy	0.7604622003764641	0.7556432748538011
motility	5634	genus	13	4503	1131	a74e4c0f7d509af37d4a255b45a1b5523c6a51fb54ad2ec26347e0f607680fa2	70362d3eee25e2d8cb1b931696c9a5d55d260db0d553e0bbc7fc0c0962918d12	2	2	prevalence	0.5	0.3382094792276185
motility	5634	genus	13	4503	1131	a74e4c0f7d509af37d4a255b45a1b5523c6a51fb54ad2ec26347e0f607680fa2	70362d3eee25e2d8cb1b931696c9a5d55d260db0d553e0bbc7fc0c0962918d12	2	2	taxonomy	0.8183187645869964	0.8178590191001538
motility	5634	genus	14	4507	1127	0748e627297848f83f769758e4929c51fe612dd33e2150b9983ba51d28df09ea	18be19d03c6d5d1597d8ede1741568518e95129741da5aa584fe83e4a848b8dd	2	2	prevalence	0.5	0.3707426018983808
motility	5634	genus	14	4507	1127	0748e627297848f83f769758e4929c51fe612dd33e2150b9983ba51d28df09ea	18be19d03c6d5d1597d8ede1741568518e95129741da5aa584fe83e4a848b8dd	2	2	taxonomy	0.7572894168466522	0.7519395418415182
motility	5634	genus	15	4506	1128	8784f528cdfdfa5ef30829296fa03062fd0a15f2d5d2f15e31d0d1facdc1c531	187b0520f4a590ec2e043540e9f58163a00db710ad4ddde470af237dd23b519e	2	2	prevalence	0.5	0.3836065573770492
motility	5634	genus	15	4506	1128	8784f528cdfdfa5ef30829296fa03062fd0a15f2d5d2f15e31d0d1facdc1c531	187b0520f4a590ec2e043540e9f58163a00db710ad4ddde470af237dd23b519e	2	2	taxonomy	0.7541230287709161	0.7484050631250595
motility	5634	genus	16	4505	1129	4adaac8d0a856f1447d3f13466644b8c4dfdf0e3f7a678c9e4af8fa611fa9d1b	fe9f57b16cc9d71bba2d60c5c1d0a2c79cd1eef60ac20498b1210754445e75f5	2	2	prevalence	0.5	0.38507625272331153
motility	5634	genus	16	4505	1129	4adaac8d0a856f1447d3f13466644b8c4dfdf0e3f7a678c9e4af8fa611fa9d1b	fe9f57b16cc9d71bba2d60c5c1d0a2c79cd1eef60ac20498b1210754445e75f5	2	2	taxonomy	0.746998531945273	0.7438255656033654
motility	5634	genus	17	4506	1128	80146a43b08cc8e3da693ad8c2b907397f5d441b7221c23d2a6505a743a08ee9	9a24751173bcb3e9575042bb7456202965183b5031b0b34a8268da8a03dd5d4c	2	2	prevalence	0.5	0.3594548551959114
motility	5634	genus	17	4506	1128	80146a43b08cc8e3da693ad8c2b907397f5d441b7221c23d2a6505a743a08ee9	9a24751173bcb3e9575042bb7456202965183b5031b0b34a8268da8a03dd5d4c	2	2	taxonomy	0.7757671501747332	0.7718439391305721
motility	5634	genus	18	4481	1153	8762e0e041ca0bef356e80ef9bd947a0ed6c154389360828d0f41b92dd443996	57bae4ea06af69d1c4ab8c433eda3d5053903456b722ce64155cc5f5b5670a39	2	2	prevalence	0.5	0.3709765411893072
motility	5634	genus	18	4481	1153	8762e0e041ca0bef356e80ef9bd947a0ed6c154389360828d0f41b92dd443996	57bae4ea06af69d1c4ab8c433eda3d5053903456b722ce64155cc5f5b5670a39	2	2	taxonomy	0.7767364133814203	0.7713956541542748
motility	5634	genus	19	4468	1166	e4e700a871d9dc07d17ab4f18a7a82819976cd052008b012cf21adc5aadd551f	9d2e78b6792c2b8162f0af915117e702ecbc8f57672715f482b8910aff9c0b5a	2	2	prevalence	0.5	0.38952879581151834
motility	5634	genus	19	4468	1166	e4e700a871d9dc07d17ab4f18a7a82819976cd052008b012cf21adc5aadd551f	9d2e78b6792c2b8162f0af915117e702ecbc8f57672715f482b8910aff9c0b5a	2	2	taxonomy	0.793303776181012	0.7968641114982578
motility	5634	family	0	4454	1180	f197dc9122a73ecf39ace4a166158d62644ae75299a804c873e26f988fd8e4ab	605854d172946e1f0db5dd1f233ea8207c20c54384ae546f7101cad444355cc6	2	2	prevalence	0.5	0.38477580813347234
motility	5634	family	0	4454	1180	f197dc9122a73ecf39ace4a166158d62644ae75299a804c873e26f988fd8e4ab	605854d172946e1f0db5dd1f233ea8207c20c54384ae546f7101cad444355cc6	2	2	taxonomy	0.7706378986866791	0.7482009410966157
motility	5634	family	1	4373	1261	633be1787895a91a834b1bb6acd672125dcc994e0cb06b020a6f2da03c83281d	d28842000b2b0949474fa0d109fa3b65872bdab517979e12c57bf5affa4b97b8	2	2	prevalence	0.5	0.3589222165734621
motility	5634	family	1	4373	1261	633be1787895a91a834b1bb6acd672125dcc994e0cb06b020a6f2da03c83281d	d28842000b2b0949474fa0d109fa3b65872bdab517979e12c57bf5affa4b97b8	2	2	taxonomy	0.7978089988005002	0.7903753929233497
motility	5634	family	2	4476	1158	b127102c03534688f8efe363c78bd0f8bd4e4b8f3c7d3dc734947946f307be65	45e4ee28ecc4e021ce15a06eafe854f7b3e844b8c6ebea1035d203c65019ec5e	2	2	prevalence	0.5	0.40706605222734255
motility	5634	family	2	4476	1158	b127102c03534688f8efe363c78bd0f8bd4e4b8f3c7d3dc734947946f307be65	45e4ee28ecc4e021ce15a06eafe854f7b3e844b8c6ebea1035d203c65019ec5e	2	2	taxonomy	0.8578044596912522	0.8077346102489471
motility	5634	family	3	4485	1149	c2568117d540120a19610c763c1b6be712d1c1052a7c122d7a872c261d2d21af	ece642300bb185ff8c481bfdd9d9b1589921f2f1214caaf871ba1a1b276864cc	2	2	prevalence	0.5	0.4018740239458615
motility	5634	family	3	4485	1149	c2568117d540120a19610c763c1b6be712d1c1052a7c122d7a872c261d2d21af	ece642300bb185ff8c481bfdd9d9b1589921f2f1214caaf871ba1a1b276864cc	2	2	taxonomy	0.8667005676117701	0.8445748613075875
motility	5634	family	4	4507	1127	0acba4e9c755fd020d245870aff8202b2a00235c84998fd80cd4f66771df0612	cb3a825219fa1942da79054729ca5b8dbfe07368f759461cd8ab3017a02147ec	2	2	prevalence	0.5	0.3742365352581899
motility	5634	family	4	4507	1127	0acba4e9c755fd020d245870aff8202b2a00235c84998fd80cd4f66771df0612	cb3a825219fa1942da79054729ca5b8dbfe07368f759461cd8ab3017a02147ec	2	2	taxonomy	0.727884004428112	0.7260669409468438
motility	5634	family	5	4506	1128	171eb8de7386814e76fc8f5a18983011f7d9d81ec85dcfec990bb89422c51631	fade8d2a37f70acc66d5c6fe1d97506949c4f36e29c22d0d1ddde1879e97211b	2	2	prevalence	0.5	0.3859553620032662
motility	5634	family	5	4506	1128	171eb8de7386814e76fc8f5a18983011f7d9d81ec85dcfec990bb89422c51631	fade8d2a37f70acc66d5c6fe1d97506949c4f36e29c22d0d1ddde1879e97211b	2	2	taxonomy	0.791755169639581	0.7839000505667173
motility	5634	family	6	4493	1141	d79d8dc2f9e4989ae668bd40d1c644af33cdef351ca9f936815890dda491ae9f	422d81dd8efefb3e3266b8e7d26f6b11014231067f5cf31995e57aaa6845b144	2	2	prevalence	0.5	0.30638297872340425
motility	5634	family	6	4493	1141	d79d8dc2f9e4989ae668bd40d1c644af33cdef351ca9f936815890dda491ae9f	422d81dd8efefb3e3266b8e7d26f6b11014231067f5cf31995e57aaa6845b144	2	2	taxonomy	0.773166317809175	0.777942832085572
motility	5634	family	7	4370	1264	7744bb14886cc8466043495b0e679edee63692b1e1cd3be6548ce6b0a82fc638	d87605c31cf17580260d4c2bb9d6ba7390465c7d3ad0399d0e82255bef33616c	2	2	prevalence	0.5	0.39665871121718377
motility	5634	family	7	4370	1264	7744bb14886cc8466043495b0e679edee63692b1e1cd3be6548ce6b0a82fc638	d87605c31cf17580260d4c2bb9d6ba7390465c7d3ad0399d0e82255bef33616c	2	2	taxonomy	0.6683160887436324	0.6626593614932499
motility	5634	family	8	4483	1151	e78f00f93e49eef75a8c497fe0bfe9ff28b757e9a6f71da262ca581a557c7bfa	84a1ca017b084c656254e13992db279fc51b367cccffb64878cf205bc3c99001	2	2	prevalence	0.5	0.39229144667370647
motility	5634	family	8	4483	1151	e78f00f93e49eef75a8c497fe0bfe9ff28b757e9a6f71da262ca581a557c7bfa	84a1ca017b084c656254e13992db279fc51b367cccffb64878cf205bc3c99001	2	2	taxonomy	0.850952022801045	0.8306523249437244
motility	5634	family	9	4507	1127	74e127024e54629d338ea406287534e6c58be6ebd479a68bc3705bb6b2283b12	436d6a1f1e48abfa9acb8d6c7084f4c1d32fa4fe760557add6b245a2b816e8ae	2	2	prevalence	0.5	0.36363636363636365
motility	5634	family	9	4507	1127	74e127024e54629d338ea406287534e6c58be6ebd479a68bc3705bb6b2283b12	436d6a1f1e48abfa9acb8d6c7084f4c1d32fa4fe760557add6b245a2b816e8ae	2	2	taxonomy	0.7013457556935818	0.695189576308181
motility	5634	family	10	4458	1176	1bcc057a57cdfe227ff9e9e396513eef409c6cd44c04c64d72835aa7f88f6ab8	069d3e4b4915a7b7462824a56831a114a0791b17a48300ce199b486999876e83	2	2	prevalence	0.5	0.3875
motility	5634	family	10	4458	1176	1bcc057a57cdfe227ff9e9e396513eef409c6cd44c04c64d72835aa7f88f6ab8	069d3e4b4915a7b7462824a56831a114a0791b17a48300ce199b486999876e83	2	2	taxonomy	0.8825044802867383	0.8758126721763085
motility	5634	family	11	4507	1127	66db9facac253745bd4a1067b8df64f34a3519d40a737929723e02e0588c1a29	aec9d5a265eeb1e034cf1db40fa6f2fb7ca2db38100a11ba5bfe562270dbccce	2	2	prevalence	0.5	0.33431777909037214
motility	5634	family	11	4507	1127	66db9facac253745bd4a1067b8df64f34a3519d40a737929723e02e0588c1a29	aec9d5a265eeb1e034cf1db40fa6f2fb7ca2db38100a11ba5bfe562270dbccce	2	2	taxonomy	0.6287941774846784	0.5825808135679313
motility	5634	family	12	4485	1149	cf88b9332b10953601cda6f4d90001138e3db51085d1ce01f8585ba661121337	02c6b0b788e724bab85301242c868814bf08126382ea2d3bcb727fbc296ec69d	2	2	prevalence	0.5	0.3616666666666667
motility	5634	family	12	4485	1149	cf88b9332b10953601cda6f4d90001138e3db51085d1ce01f8585ba661121337	02c6b0b788e724bab85301242c868814bf08126382ea2d3bcb727fbc296ec69d	2	2	taxonomy	0.763112357263154	0.751056035005212
motility	5634	family	13	4490	1144	9cde74e640e2f9d3946a4afc8096744a40dc349e1df41cf901c2f821fbb1cf18	eada87bd42fb127ce3a178be2810668d37f00b688a976e0f1fb623d8ddbd67fc	2	2	prevalence	0.5	0.43866535819430813
motility	5634	family	13	4490	1144	9cde74e640e2f9d3946a4afc8096744a40dc349e1df41cf901c2f821fbb1cf18	eada87bd42fb127ce3a178be2810668d37f00b688a976e0f1fb623d8ddbd67fc	2	2	taxonomy	0.8165324384787471	0.757109088592903
motility	5634	family	14	4471	1163	6acd2b21bba4c4bab4d43da2c8f27726ad08bd7c010404ef820c7e0bbc0429d7	0c0df4d9f8ab15bf35c67f31d70e7869e4ccaeb56e92efe2d7167adfc7128a47	2	2	prevalence	0.5	0.38918067226890757
motility	5634	family	14	4471	1163	6acd2b21bba4c4bab4d43da2c8f27726ad08bd7c010404ef820c7e0bbc0429d7	0c0df4d9f8ab15bf35c67f31d70e7869e4ccaeb56e92efe2d7167adfc7128a47	2	2	taxonomy	0.7083677111115375	0.6949362393652614
motility	5634	family	15	4501	1133	90bc11235c4013e89b17270ae42e33ed64e76630cdebd0a282cf21c336b34f82	c66a1fd236ff1393c1860dfcd7f8355539fda1a72fb4a2c0e4d7f5ef15b00b0a	2	2	prevalence	0.5	0.3712541620421754
motility	5634	family	15	4501	1133	90bc11235c4013e89b17270ae42e33ed64e76630cdebd0a282cf21c336b34f82	c66a1fd236ff1393c1860dfcd7f8355539fda1a72fb4a2c0e4d7f5ef15b00b0a	2	2	taxonomy	0.5973000747384155	0.509305733952508
motility	5634	family	16	4503	1131	f29fda952864412bf496ebacb121a887765caaf4e7e1364bfc8e499b5ec53338	e479e9d1b75dcfce45750cf6c013fe3f65154d805cbfd15fe30c1b6394bbb442	2	2	prevalence	0.5	0.3454861111111111
motility	5634	family	16	4503	1131	f29fda952864412bf496ebacb121a887765caaf4e7e1364bfc8e499b5ec53338	e479e9d1b75dcfce45750cf6c013fe3f65154d805cbfd15fe30c1b6394bbb442	2	2	taxonomy	0.733249581239531	0.7267155785959054
motility	5634	family	17	4376	1258	4b211d895e987ab580214a78c9bbc0e8b42fba86d5b1de8a28f70078d307bd8d	3e959f5903811abcabc0456806c5ab457c2831e9821438102ed3f0a40e97b359	2	2	prevalence	0.5	0.35188047398248323
motility	5634	family	17	4376	1258	4b211d895e987ab580214a78c9bbc0e8b42fba86d5b1de8a28f70078d307bd8d	3e959f5903811abcabc0456806c5ab457c2831e9821438102ed3f0a40e97b359	2	2	taxonomy	0.7935018142466103	0.7813095591575496
motility	5634	family	18	4463	1171	d0785fe000048ee474ce6761ba62eb2ac488de2c6762464e4161b83aae56e332	97d1042288d59e0beac5e52146640b8067b7504bfd2560ac9b93d2550f301318	2	2	prevalence	0.5	0.35303867403314915
motility	5634	family	18	4463	1171	d0785fe000048ee474ce6761ba62eb2ac488de2c6762464e4161b83aae56e332	97d1042288d59e0beac5e52146640b8067b7504bfd2560ac9b93d2550f301318	2	2	taxonomy	0.7586572063962724	0.738832269880657
motility	5634	family	19	4478	1156	153468841d4feae5caff6a2b118d5182ef9cd9ad354814805145872afde59719	19af8bde54e6dbd1f6bf5d599955e370bf6ce1a12d1a87c1bc3f3e02a6cf1a70	2	2	prevalence	0.5	0.35598885793871865
motility	5634	family	19	4478	1156	153468841d4feae5caff6a2b118d5182ef9cd9ad354814805145872afde59719	19af8bde54e6dbd1f6bf5d599955e370bf6ce1a12d1a87c1bc3f3e02a6cf1a70	2	2	taxonomy	0.8357412906409011	0.8302038369304556
motility	5634	order	0	4428	1206	6a1ffbf56a6a7533f6821692ff4eb69f02246271f7758fc91e0a1d5fb990f723	06809a746728393b900ba54d0a65a4893b4d16a27473e121b86c61c58d7ac52c	2	2	prevalence	0.5	0.4017857142857143
motility	5634	order	0	4428	1206	6a1ffbf56a6a7533f6821692ff4eb69f02246271f7758fc91e0a1d5fb990f723	06809a746728393b900ba54d0a65a4893b4d16a27473e121b86c61c58d7ac52c	2	2	taxonomy	0.5911054994388327	0.4940502478804203
motility	5634	order	1	4464	1170	327cbcd024ddc6747e19acfbcd9fd38c61989fb471e92fb05529cb1bfc13e639	b4b1919a475bfd3ee859f995af65c2f6a1efec38ec83ab8302e661b80bfffa80	2	2	prevalence	0.5	0.33484934621944284
motility	5634	order	1	4464	1170	327cbcd024ddc6747e19acfbcd9fd38c61989fb471e92fb05529cb1bfc13e639	b4b1919a475bfd3ee859f995af65c2f6a1efec38ec83ab8302e661b80bfffa80	2	2	taxonomy	0.6692883588684109	0.6446215363424901
motility	5634	order	2	4204	1430	cd056652cc60af020892eb5632857a0b3a6b24671bbc0d4c9f5596e7e67dddc0	65ddcc6c7752857fb710ae024ba3ffe882b00edfd80c0b7e518f799eb54d2620	2	2	prevalence	0.5	0.31839847473784555
motility	5634	order	2	4204	1430	cd056652cc60af020892eb5632857a0b3a6b24671bbc0d4c9f5596e7e67dddc0	65ddcc6c7752857fb710ae024ba3ffe882b00edfd80c0b7e518f799eb54d2620	2	2	taxonomy	0.7347372184764329	0.734042417673912
motility	5634	order	3	4507	1127	e490f45b8d61515f16b28aa7f3509a7efd922c2068fddc70bd98239201f81923	34722873684e0dbd2f911342dea5070c1dd3ad256c1936e4bc4fcfe0bc1b2a63	2	2	prevalence	0.5	0.354524627720504
motility	5634	order	3	4507	1127	e490f45b8d61515f16b28aa7f3509a7efd922c2068fddc70bd98239201f81923	34722873684e0dbd2f911342dea5070c1dd3ad256c1936e4bc4fcfe0bc1b2a63	2	2	taxonomy	0.6923457316219963	0.6858895222498662
motility	5634	order	4	4325	1309	eb1120f2fcb20692c81b590187e4fb6e5f926f34048e24eddcd670afe3310c09	517f6b82a661cc29e8d72ebe6c4d69d8a5904bc63cb67f2e9b8517f2a9a2bf02	2	2	prevalence	0.5	0.15439276485788114
motility	5634	order	4	4325	1309	eb1120f2fcb20692c81b590187e4fb6e5f926f34048e24eddcd670afe3310c09	517f6b82a661cc29e8d72ebe6c4d69d8a5904bc63cb67f2e9b8517f2a9a2bf02	2	2	taxonomy	0.5930590857545067	0.5484491142032883
motility	5634	order	5	4495	1139	c844508ae2d7794f28337cf00c3c6c05980026e000016cc1bf1a4fc801220c18	2c4d8af0c6049995d0c2b2aa1a6c70d64b02bfb0ea957cd034e6423fa4226699	2	2	prevalence	0.5	0.3951141795007966
motility	5634	order	5	4495	1139	c844508ae2d7794f28337cf00c3c6c05980026e000016cc1bf1a4fc801220c18	2c4d8af0c6049995d0c2b2aa1a6c70d64b02bfb0ea957cd034e6423fa4226699	2	2	taxonomy	0.566511841567987	0.5664314749106136
motility	5634	order	6	4217	1417	67e2a89d30cf3bce91e7eaa099a9892c9ffdddcf7a2d8c55760505b7dbb6664f	405ddaae2bebc22a95f57d1c96bffc5bba9bdc921e5abc5db1efa2fcc5d77d2b	2	2	prevalence	0.5	0.25966562173458724
motility	5634	order	6	4217	1417	67e2a89d30cf3bce91e7eaa099a9892c9ffdddcf7a2d8c55760505b7dbb6664f	405ddaae2bebc22a95f57d1c96bffc5bba9bdc921e5abc5db1efa2fcc5d77d2b	2	2	taxonomy	0.5559334266468375	0.5089830687567595
motility	5634	order	7	4463	1171	8352dbc8fe2dc49a3fdc99c2ef7c1e9821186e921cd7da558e42aaa966d18184	06e9ef2184f843436f95ba063fb9e1cc706da9fa3c44f4c8c6ee5d1c81fcf076	2	2	prevalence	0.5	0.28901032179720704
motility	5634	order	7	4463	1171	8352dbc8fe2dc49a3fdc99c2ef7c1e9821186e921cd7da558e42aaa966d18184	06e9ef2184f843436f95ba063fb9e1cc706da9fa3c44f4c8c6ee5d1c81fcf076	2	2	taxonomy	0.654065655038994	0.6302208641304545
motility	5634	order	8	4200	1434	24a7c54678c76c28de13a0d3a825f723473636f6d23e739272fcb2c949c9a91f	15e562b397cda6e119b7b5804029a605d5c18b0e48acb43a0eeac4e8d08a0f16	2	2	prevalence	0.5	0.3826947912182523
motility	5634	order	8	4200	1434	24a7c54678c76c28de13a0d3a825f723473636f6d23e739272fcb2c949c9a91f	15e562b397cda6e119b7b5804029a605d5c18b0e48acb43a0eeac4e8d08a0f16	2	2	taxonomy	0.5253289439737464	0.4563615685111012
motility	5634	order	9	4433	1201	1221275600b729e557a9241c2da5e71560a649ea13248c84a20eeea6c5139feb	3a2c5e00e856cd50a5f019f00b8e200dd3cdc55b5a6e6dcb0e472e1827da85fa	2	2	prevalence	0.5	0.3806085611139763
motility	5634	order	9	4433	1201	1221275600b729e557a9241c2da5e71560a649ea13248c84a20eeea6c5139feb	3a2c5e00e856cd50a5f019f00b8e200dd3cdc55b5a6e6dcb0e472e1827da85fa	2	2	taxonomy	0.5349962246922685	0.3668950975224038
motility	5634	order	10	4506	1128	d71e39cbae6a28b5cc998e9c509d0ccbd301c8d579c7b71782e92d0fe4e5a4d2	1db7c5b58bc7f0b857612dc45b5bb24f8e9d9c50927b551c681b4d9bda7afbf1	2	2	prevalence	0.5	0.3269689737470167
motility	5634	order	10	4506	1128	d71e39cbae6a28b5cc998e9c509d0ccbd301c8d579c7b71782e92d0fe4e5a4d2	1db7c5b58bc7f0b857612dc45b5bb24f8e9d9c50927b551c681b4d9bda7afbf1	2	2	taxonomy	0.6895985401459854	0.6839117103579914
motility	5634	order	11	4417	1217	5fcb52bfdf41b6a39d97f51501ca118485a21e2e8da935fd70d1c55de5e12bad	7e5735274f86b7f3a3965717656d59f4fca59ffeaeb380490ca830aac5ab0f7b	2	2	prevalence	0.5	0.2742993440667859
motility	5634	order	11	4417	1217	5fcb52bfdf41b6a39d97f51501ca118485a21e2e8da935fd70d1c55de5e12bad	7e5735274f86b7f3a3965717656d59f4fca59ffeaeb380490ca830aac5ab0f7b	2	2	taxonomy	0.5184079030497961	0.5038323548597521
motility	5634	order	12	4263	1371	c241a521c07fc66309954b8716c7249bf17cd107700ab55568419bb3781f0a77	22ce02829e760661237d3ff14a3c16cd92304eac1c05a64a5e1ede4879ff11ce	2	2	prevalence	0.5	0.2803149606299213
motility	5634	order	12	4263	1371	c241a521c07fc66309954b8716c7249bf17cd107700ab55568419bb3781f0a77	22ce02829e760661237d3ff14a3c16cd92304eac1c05a64a5e1ede4879ff11ce	2	2	taxonomy	0.5680131019021921	0.5681429916599408
motility	5634	order	13	4493	1141	366a4fb90884a33c0934ab88e23c4dec91ae1edc8d617b58ae63ccc6ee03c353	b563b4e42c0d6c8a2555e5bb6159c407e3f10a162e7f7edc038dfe7e28ba5c6f	2	2	prevalence	0.5	0.3446295232624928
motility	5634	order	13	4493	1141	366a4fb90884a33c0934ab88e23c4dec91ae1edc8d617b58ae63ccc6ee03c353	b563b4e42c0d6c8a2555e5bb6159c407e3f10a162e7f7edc038dfe7e28ba5c6f	2	2	taxonomy	0.5581685150955021	0.4992325811873719
motility	5634	order	14	4362	1272	0bbf717f8c2f3104a4cba8f2b50957063515b1462244e57ba9c0fae265c51136	80fdcf12ec119e9906d599821eb40e5e307cd437e1586d1d3de99d00a99487f4	2	2	prevalence	0.5	0.3291139240506329
motility	5634	order	14	4362	1272	0bbf717f8c2f3104a4cba8f2b50957063515b1462244e57ba9c0fae265c51136	80fdcf12ec119e9906d599821eb40e5e307cd437e1586d1d3de99d00a99487f4	2	2	taxonomy	0.5677231718898386	0.5349116161616162
motility	5634	order	15	4503	1131	80226e9598b64247708c503c216361f12f87c629113bac3ab517d2174b34e9c3	d8b1908ad928c132f5b121cd7ea0bfd7193d4a2d86d75a00cbdd5fe9e4613095	2	2	prevalence	0.5	0.3091020158827123
motility	5634	order	15	4503	1131	80226e9598b64247708c503c216361f12f87c629113bac3ab517d2174b34e9c3	d8b1908ad928c132f5b121cd7ea0bfd7193d4a2d86d75a00cbdd5fe9e4613095	2	2	taxonomy	0.7504189723320158	0.7532347321304604
motility	5634	order	16	4397	1237	35a2c3699bd8e396e65fba16d579808ab4a6e5c1defc5b7e546cf6ac62de2ed0	b542901c7649325d18c31346733f6a0e160019d1ab55395f1eb469035cdde7a1	2	2	prevalence	0.5	0.36887755102040815
motility	5634	order	16	4397	1237	35a2c3699bd8e396e65fba16d579808ab4a6e5c1defc5b7e546cf6ac62de2ed0	b542901c7649325d18c31346733f6a0e160019d1ab55395f1eb469035cdde7a1	2	2	taxonomy	0.5344436012937878	0.5231568610207252
motility	5634	order	17	4244	1390	e780e3e53cb910953c0cef333518b6366ae4bcb38897ccbd6769f8b89bb532f4	30ca9bc641899d5064b7570e3a11f2b190977acbca4068caed11c5c1fb906580	2	2	prevalence	0.5	0.39565217391304347
motility	5634	order	17	4244	1390	e780e3e53cb910953c0cef333518b6366ae4bcb38897ccbd6769f8b89bb532f4	30ca9bc641899d5064b7570e3a11f2b190977acbca4068caed11c5c1fb906580	2	2	taxonomy	0.5273923992673992	0.4663471626750256
motility	5634	order	18	4502	1132	6186b1cd47225f9b48209b7ee05ce72523cf9a770711bc69cca65a0969feee1a	ec366608e671bda69165b60c00f6900ad398ad7cc3fd460fac6336c0784f44c8	2	2	prevalence	0.5	0.3636874648679033
motility	5634	order	18	4502	1132	6186b1cd47225f9b48209b7ee05ce72523cf9a770711bc69cca65a0969feee1a	ec366608e671bda69165b60c00f6900ad398ad7cc3fd460fac6336c0784f44c8	2	2	taxonomy	0.5245112254816042	0.4723012167101624
motility	5634	order	19	4383	1251	598256daf49348f6d3ae5541716348880304103dac81cb5a9aef7c512bf9e1c0	297948f105d096e002d36e1eafa4f3ba054b840333c4874286c448b17e24465f	2	2	prevalence	0.5	0.3861629048086359
motility	5634	order	19	4383	1251	598256daf49348f6d3ae5541716348880304103dac81cb5a9aef7c512bf9e1c0	297948f105d096e002d36e1eafa4f3ba054b840333c4874286c448b17e24465f	2	2	taxonomy	0.7563833632738903	0.7143062760157288
spore	2580	within	0	2064	516	910edc9cad8a44b68e60486882da13ee65245bb2b5c4baa693a5b1c91f6e8b6d	24f6fc6b20ab805f94672bedac475f3b7eff95d2bc2fc4a5afc1e2b028d0a9e9	2	2	prevalence	0.5	0.43171806167400884
spore	2580	within	0	2064	516	910edc9cad8a44b68e60486882da13ee65245bb2b5c4baa693a5b1c91f6e8b6d	24f6fc6b20ab805f94672bedac475f3b7eff95d2bc2fc4a5afc1e2b028d0a9e9	2	2	taxonomy	0.9528472679394339	0.9383021123953766
spore	2580	within	1	2064	516	2606b63a79c460abf9c35f2092f127ad4508d8ae9727e9ece280bddd31ff0fa0	9f05626ced1de8073dc310efe196a2f40e216795eac8bb333f3a038c8fc9a498	2	2	prevalence	0.5	0.4298342541436464
spore	2580	within	1	2064	516	2606b63a79c460abf9c35f2092f127ad4508d8ae9727e9ece280bddd31ff0fa0	9f05626ced1de8073dc310efe196a2f40e216795eac8bb333f3a038c8fc9a498	2	2	taxonomy	0.951875392182661	0.9413192779126514
spore	2580	within	2	2064	516	e5a9190fa4933e08a2d7a5e5b825a13a82db896d3225bcf1f529cf11a7cfeae0	625f2b12ad42b5631050127990d5407ef13ccc004c6152fec2b8cf77ed1d2015	2	2	prevalence	0.5	0.433589462129528
spore	2580	within	2	2064	516	e5a9190fa4933e08a2d7a5e5b825a13a82db896d3225bcf1f529cf11a7cfeae0	625f2b12ad42b5631050127990d5407ef13ccc004c6152fec2b8cf77ed1d2015	2	2	taxonomy	0.9540223872790041	0.9352328354462156
spore	2580	within	3	2064	516	14ce094451afc79b394e4b9b7eadbff6116b5938bf31ed74862abf963c2c2ab9	1eb158d1db11262244e70a281ee1e765d5941ebb289cd37b4de65aaa104771eb	2	2	prevalence	0.5	0.4360655737704918
spore	2580	within	3	2064	516	14ce094451afc79b394e4b9b7eadbff6116b5938bf31ed74862abf963c2c2ab9	1eb158d1db11262244e70a281ee1e765d5941ebb289cd37b4de65aaa104771eb	2	2	taxonomy	0.9510635563267142	0.9289296080721927
spore	2580	within	4	2064	516	2fa1074c0211315d17275c190470310e9806affcb388dda49b978132d62c48a7	c2b3ba0d0d04ae5b935a7fced2f7d2579b60bfd58d4350ca8afe29d8b1bcd6e4	2	2	prevalence	0.5	0.43234323432343236
spore	2580	within	4	2064	516	2fa1074c0211315d17275c190470310e9806affcb388dda49b978132d62c48a7	c2b3ba0d0d04ae5b935a7fced2f7d2579b60bfd58d4350ca8afe29d8b1bcd6e4	2	2	taxonomy	0.9316080183702601	0.9130365817388718
spore	2580	within	5	2064	516	51e72e635b9e21e9c20e678a410a54f7583c37a7a392318b6ca1c4a7245f3df3	fd0810f945692441e9b95bd471ca4e9ed6b9080a3c6fa9903fcadf933f7f65a1	2	2	prevalence	0.5	0.4298342541436464
spore	2580	within	5	2064	516	51e72e635b9e21e9c20e678a410a54f7583c37a7a392318b6ca1c4a7245f3df3	fd0810f945692441e9b95bd471ca4e9ed6b9080a3c6fa9903fcadf933f7f65a1	2	2	taxonomy	0.9415116490901363	0.9267386355291181
spore	2580	within	6	2064	516	107035872afd4df8990c68fe8e50fcc708cde48b7796005639535a0055de4c25	fdce346759108a67bbf19ab653522ff1dbccc758cdbc227a57a6efa5af689c4f	2	2	prevalence	0.5	0.4202247191011236
spore	2580	within	6	2064	516	107035872afd4df8990c68fe8e50fcc708cde48b7796005639535a0055de4c25	fdce346759108a67bbf19ab653522ff1dbccc758cdbc227a57a6efa5af689c4f	2	2	taxonomy	0.934040069292762	0.9219954648526076
spore	2580	within	7	2064	516	77f76696af827673ebe1fd78ee16ea0ab68f18734d0c3912b656cf38430679b6	bca6de808d97f48cbcfeb70748b6fec4bada21c9518834708318dd772852797a	2	2	prevalence	0.5	0.4304635761589404
spore	2580	within	7	2064	516	77f76696af827673ebe1fd78ee16ea0ab68f18734d0c3912b656cf38430679b6	bca6de808d97f48cbcfeb70748b6fec4bada21c9518834708318dd772852797a	2	2	taxonomy	0.9401709401709402	0.9197433654126568
spore	2580	within	8	2064	516	86ba0a1ba0897d330c2ab76e42a3bda8070fa4c3bec396b9760f5be613ba2871	a4d4bdcbf848ceb59370e8d268f086f3cc6f0dacfccdecb82589fb37c0d3fb1d	2	2	prevalence	0.5	0.43234323432343236
spore	2580	within	8	2064	516	86ba0a1ba0897d330c2ab76e42a3bda8070fa4c3bec396b9760f5be613ba2871	a4d4bdcbf848ceb59370e8d268f086f3cc6f0dacfccdecb82589fb37c0d3fb1d	2	2	taxonomy	0.9331285297585801	0.9111460972669799
spore	2580	within	9	2064	516	101afc029304a9541679a90318709bfd9ecfffd6e88fce7c6a21501414d529f1	22d42d032a2bd2a6429efe51d16ef0ce536639ced381de915f8a06286535a4ca	2	2	prevalence	0.5	0.41957255343082117
spore	2580	within	9	2064	516	101afc029304a9541679a90318709bfd9ecfffd6e88fce7c6a21501414d529f1	22d42d032a2bd2a6429efe51d16ef0ce536639ced381de915f8a06286535a4ca	2	2	taxonomy	0.9430622996306642	0.9336809635722679
spore	2580	within	10	2064	516	f5ffa45891054dd11e5f98507e767e227cafc6d79cdbdecaed0d3e458b100e2e	883768648701569e80a4409c181da47cea1bf62d4a3ecaf8704f188492577953	2	2	prevalence	0.5	0.4366812227074236
spore	2580	within	10	2064	516	f5ffa45891054dd11e5f98507e767e227cafc6d79cdbdecaed0d3e458b100e2e	883768648701569e80a4409c181da47cea1bf62d4a3ecaf8704f188492577953	2	2	taxonomy	0.931896551724138	0.9190291871534679
spore	2580	within	11	2064	516	abf2349890f0a4be6cd19e053417a9eaf3c6ba956dc7973df72572251621d1df	d0c6e229d73dde7865a7dda8226498bcea0eead3e50a6ead14222c5f15dc0985	2	2	prevalence	0.5	0.42410714285714285
spore	2580	within	11	2064	516	abf2349890f0a4be6cd19e053417a9eaf3c6ba956dc7973df72572251621d1df	d0c6e229d73dde7865a7dda8226498bcea0eead3e50a6ead14222c5f15dc0985	2	2	taxonomy	0.9419117647058823	0.9316879432624113
spore	2580	within	12	2064	516	08c76ba4d597a98c0333271937e0a29747a0792f9fda5f5c9cd25c7936faa366	fcd4b640d14e34a9d24755f08847249ed676402caef33e77e743594e38265f60	2	2	prevalence	0.5	0.4304635761589404
spore	2580	within	12	2064	516	08c76ba4d597a98c0333271937e0a29747a0792f9fda5f5c9cd25c7936faa366	fcd4b640d14e34a9d24755f08847249ed676402caef33e77e743594e38265f60	2	2	taxonomy	0.9638583638583638	0.9400928792569659
spore	2580	within	13	2064	516	72b7a33db44bdda048841fa2391abce65918070ab69cc9d6a6793db2667d8704	aa6726f70f4035f65eb5c80815cac0008c8d0cbb2d5f3b5756e1427336449cba	2	2	prevalence	0.5	0.4342105263157895
spore	2580	within	13	2064	516	72b7a33db44bdda048841fa2391abce65918070ab69cc9d6a6793db2667d8704	aa6726f70f4035f65eb5c80815cac0008c8d0cbb2d5f3b5756e1427336449cba	2	2	taxonomy	0.9430555555555555	0.9244757362404421
spore	2580	within	14	2064	516	26c773ba267f4f3b7f123793e5633f2e607f60cb8041f330c5566613216150f3	6ac9c97f28b48fc2e57b90758da55d679bf23674a92b96c9123deb7e58f6fc8a	2	2	prevalence	0.5	0.4310915104740904
spore	2580	within	14	2064	516	26c773ba267f4f3b7f123793e5633f2e607f60cb8041f330c5566613216150f3	6ac9c97f28b48fc2e57b90758da55d679bf23674a92b96c9123deb7e58f6fc8a	2	2	taxonomy	0.9569820971867007	0.9413192779126514
spore	2580	within	15	2064	516	62cf01ef4e49b7788793ee71ac67f16e8f28d8b3221470b20a8241d0fcc8d4bd	54bec4f54f976c7d0bd35786eaa48289c17ced326c5b874918fef50063f5436c	2	2	prevalence	0.5	0.4304635761589404
spore	2580	within	15	2064	516	62cf01ef4e49b7788793ee71ac67f16e8f28d8b3221470b20a8241d0fcc8d4bd	54bec4f54f976c7d0bd35786eaa48289c17ced326c5b874918fef50063f5436c	2	2	taxonomy	0.9622100122100122	0.9512798723854674
spore	2580	within	16	2064	516	04516b790ab74745dfd995d2332d9909155f7e950efbab203665b1d2d4ddae13	6ca81ea5f04491ab06b65c80322745ff2c5b37d97ead6d7b53973f0c718bfbd6	2	2	prevalence	0.5	0.4304635761589404
spore	2580	within	16	2064	516	04516b790ab74745dfd995d2332d9909155f7e950efbab203665b1d2d4ddae13	6ca81ea5f04491ab06b65c80322745ff2c5b37d97ead6d7b53973f0c718bfbd6	2	2	taxonomy	0.9504273504273504	0.9386140576980271
spore	2580	within	17	2064	516	d1b8bfab03415ce4069b32367b797d37b685874e09bf7a827b3816ec96cef549	748c9c53184ed026e8987ac123a2f077e38e6bfe8b551e2c72d227124a9d3d3d	2	2	prevalence	0.5	0.4342105263157895
spore	2580	within	17	2064	516	d1b8bfab03415ce4069b32367b797d37b685874e09bf7a827b3816ec96cef549	748c9c53184ed026e8987ac123a2f077e38e6bfe8b551e2c72d227124a9d3d3d	2	2	taxonomy	0.9476010101010102	0.9228776404942207
spore	2580	within	18	2064	516	12e762d45877f21d62cf9fd3dc3a3500828f192d2a49e21a6156281fd6ca8c73	4d9e2ee17943065b9c7f6d9cfb11ecb023be22fb2354efa01d07323373665b4f	2	2	prevalence	0.5	0.4304635761589404
spore	2580	within	18	2064	516	12e762d45877f21d62cf9fd3dc3a3500828f192d2a49e21a6156281fd6ca8c73	4d9e2ee17943065b9c7f6d9cfb11ecb023be22fb2354efa01d07323373665b4f	2	2	taxonomy	0.9385225885225885	0.9304120235556199
spore	2580	within	19	2064	516	32869d58071748fcf6aed7f12960f484a8ea8dcddc596d1cfbbfee5f38ecaedb	7bfbe510130ac2fb105ddb4eeff0f29725ac3bc8507b3762773fdf0f42f95f31	2	2	prevalence	0.5	0.4391304347826087
spore	2580	within	19	2064	516	32869d58071748fcf6aed7f12960f484a8ea8dcddc596d1cfbbfee5f38ecaedb	7bfbe510130ac2fb105ddb4eeff0f29725ac3bc8507b3762773fdf0f42f95f31	2	2	taxonomy	0.9311350777934937	0.8949938949938949
spore	2580	genus	0	2059	521	94beb5821060d84d789bd2fd304b9011bce26de219a11bddaf603e2497d8a926	88a66c21c82908561f20340c707fed35be86ae34898bddab3da588adb2c44fd1	2	2	prevalence	0.5	0.42684268426842686
spore	2580	genus	0	2059	521	94beb5821060d84d789bd2fd304b9011bce26de219a11bddaf603e2497d8a926	88a66c21c82908561f20340c707fed35be86ae34898bddab3da588adb2c44fd1	2	2	taxonomy	0.9177292457948996	0.9086073248785114
spore	2580	genus	1	2064	516	0bc10eb0f1e5e902d6e1cf23ae24c81a31911046081b283f36e2dd30663e3204	e19986988fdbc680c2d5b71c90e2d6d15550e23242a2f28518630372e35a228f	2	2	prevalence	0.5	0.4228187919463087
spore	2580	genus	1	2064	516	0bc10eb0f1e5e902d6e1cf23ae24c81a31911046081b283f36e2dd30663e3204	e19986988fdbc680c2d5b71c90e2d6d15550e23242a2f28518630372e35a228f	2	2	taxonomy	0.9386358408097539	0.9297118297752414
spore	2580	genus	2	2064	516	66753dab65f8ba54898f0fb0db823ba3c46d14e70a146ba82d55a7e3195b404f	220c61e122b75674ba1c3e4d137deccc63014b4323d9f4a85d541df114e98cc5	2	2	prevalence	0.5	0.41694915254237286
spore	2580	genus	2	2064	516	66753dab65f8ba54898f0fb0db823ba3c46d14e70a146ba82d55a7e3195b404f	220c61e122b75674ba1c3e4d137deccc63014b4323d9f4a85d541df114e98cc5	2	2	taxonomy	0.951827885625795	0.9356837606837607
spore	2580	genus	3	2064	516	ad123fcb7edafa71a8de37621a71cc2c20cb81b2d90fb839b891db4e80d9f661	24c51b9184250a2e9a5cf73cc258d5f40382628f3c6478e2f572b203c232cd2d	2	2	prevalence	0.5	0.4342105263157895
spore	2580	genus	3	2064	516	ad123fcb7edafa71a8de37621a71cc2c20cb81b2d90fb839b891db4e80d9f661	24c51b9184250a2e9a5cf73cc258d5f40382628f3c6478e2f572b203c232cd2d	2	2	taxonomy	0.9021464646464646	0.8874202763246688
spore	2580	genus	4	2064	516	68a2c37f873be8916f89a69a4ba906247fb3de1eea2351205de6ca5de51de859	866e37d559cc104c30a31594c23fca1396c18eb57bc0e759203df9ca4e594d05	2	2	prevalence	0.5	0.44216216216216214
spore	2580	genus	4	2064	516	68a2c37f873be8916f89a69a4ba906247fb3de1eea2351205de6ca5de51de859	866e37d559cc104c30a31594c23fca1396c18eb57bc0e759203df9ca4e594d05	2	2	taxonomy	0.9322715535955031	0.9150178967478425
spore	2580	genus	5	2064	516	bba220e2f04dfcd8a3609c556ea3ecad7686e7ceb5c22e5761a23b7eb49145c9	2ccd469cec70cea16f0133c71a19be21fb93fbdc3dce2b46387901f561f6c4b7	2	2	prevalence	0.5	0.44336569579288027
spore	2580	genus	5	2064	516	bba220e2f04dfcd8a3609c556ea3ecad7686e7ceb5c22e5761a23b7eb49145c9	2ccd469cec70cea16f0133c71a19be21fb93fbdc3dce2b46387901f561f6c4b7	2	2	taxonomy	0.9496350364963504	0.9387294676429844
spore	2580	genus	6	2064	516	7d99a5158ae8d2d5ce6697c1e06514b00c1b4e560a68c56304f21106015b61a0	51f3e9dc2425e0c3c8b003aba934451864153ff1678b3acbef6819db63d76012	2	2	prevalence	0.5	0.4504792332268371
spore	2580	genus	6	2064	516	7d99a5158ae8d2d5ce6697c1e06514b00c1b4e560a68c56304f21106015b61a0	51f3e9dc2425e0c3c8b003aba934451864153ff1678b3acbef6819db63d76012	2	2	taxonomy	0.9368946846640738	0.9209631467695985
spore	2580	genus	7	2064	516	642c2a1189baf0979045c725b0b7cf81983de54381c4676bf4e62cf75e15437e	54e8b5faede317909ab8ffa40b5b133a7fc68835be74e8e184be8e6dab316cc6	2	2	prevalence	0.5	0.4202247191011236
spore	2580	genus	7	2064	516	642c2a1189baf0979045c725b0b7cf81983de54381c4676bf4e62cf75e15437e	54e8b5faede317909ab8ffa40b5b133a7fc68835be74e8e184be8e6dab316cc6	2	2	taxonomy	0.8985651879189576	0.8775866467926252
spore	2580	genus	8	2064	516	3c9159d49a4e299811257480fc16a375112d417676fd04eadd906698c72bc39d	5e3f3d32544a7daf004fe04a26c35ae437a333b52b4e8d35b1185e85fe744cbb	2	2	prevalence	0.5	0.4304635761589404
spore	2580	genus	8	2064	516	3c9159d49a4e299811257480fc16a375112d417676fd04eadd906698c72bc39d	5e3f3d32544a7daf004fe04a26c35ae437a333b52b4e8d35b1185e85fe744cbb	2	2	taxonomy	0.9449328449328449	0.9425540959051071
spore	2580	genus	9	2064	516	75a3cfb20b21f27e22d672d9eb74c1e12b08e76eacca24bc02c15c6f23247b83	9ac56a96e79aacc1b215d1e471f6331d30b49002c18ab3e0ff4a34acf0d64b0b	2	2	prevalence	0.5	0.4123006833712984
spore	2580	genus	9	2064	516	75a3cfb20b21f27e22d672d9eb74c1e12b08e76eacca24bc02c15c6f23247b83	9ac56a96e79aacc1b215d1e471f6331d30b49002c18ab3e0ff4a34acf0d64b0b	2	2	taxonomy	0.9501327401879889	0.937016112157355
spore	2580	genus	10	2064	516	74e755fd025947214a94e8263a777dddded63d0f2ed056bad22a73ce91ea56aa	e7d948d9560e6e6356f4c598198212103396143cf2171a0aee7db42a626cefd5	2	2	prevalence	0.5	0.42152466367713004
spore	2580	genus	10	2064	516	74e755fd025947214a94e8263a777dddded63d0f2ed056bad22a73ce91ea56aa	e7d948d9560e6e6356f4c598198212103396143cf2171a0aee7db42a626cefd5	2	2	taxonomy	0.9315349544072948	0.9110586954549578
spore	2580	genus	11	2064	516	18d2e8e6b8dcfda2b927f8b35231450ebe906c5f7030464562bce371b2bbf1a0	a41dacc266973b1dc0f3894e7d03eadba03f5a274426bb7c43d4607d03692598	2	2	prevalence	0.5	0.44575725026852847
spore	2580	genus	11	2064	516	18d2e8e6b8dcfda2b927f8b35231450ebe906c5f7030464562bce371b2bbf1a0	a41dacc266973b1dc0f3894e7d03eadba03f5a274426bb7c43d4607d03692598	2	2	taxonomy	0.9341524513897173	0.898021476097411
spore	2580	genus	12	2056	524	07ed577c4ab792bacb08caf297e14dc0bb0b6b1ea542caf10bd1d61e0175ab58	2e52e4d81b26d7b92470ca259d87a996058cb6ccec98186266d6b205832e0552	2	2	prevalence	0.5	0.44314558979808716
spore	2580	genus	12	2056	524	07ed577c4ab792bacb08caf297e14dc0bb0b6b1ea542caf10bd1d61e0175ab58	2e52e4d81b26d7b92470ca259d87a996058cb6ccec98186266d6b205832e0552	2	2	taxonomy	0.893106075886954	0.8917446048186717
spore	2580	genus	13	2058	522	0f1d8929b85181698b52fe6c8b0fcc3437135a5c87e794b22f415c59500bdfdd	fff464650d094706d59ee2a23f3afa9033e30ced161528caa0af9e8f83e08256	2	2	prevalence	0.5	0.42320441988950275
spore	2580	genus	13	2058	522	0f1d8929b85181698b52fe6c8b0fcc3437135a5c87e794b22f415c59500bdfdd	fff464650d094706d59ee2a23f3afa9033e30ced161528caa0af9e8f83e08256	2	2	taxonomy	0.9438360538723068	0.9167862266857962
spore	2580	genus	14	2055	525	f66c400b3089d84842e2e9538f5868cc03267d33071181dfe9a52d2b6450c45f	54aedc8886db80dbf635c285cdbaaf5c1333efc0afc7991c7a793dc541de18fa	2	2	prevalence	0.5	0.45369406867845996
spore	2580	genus	14	2055	525	f66c400b3089d84842e2e9538f5868cc03267d33071181dfe9a52d2b6450c45f	54aedc8886db80dbf635c285cdbaaf5c1333efc0afc7991c7a793dc541de18fa	2	2	taxonomy	0.9544763426450882	0.9135294117647059
spore	2580	genus	15	2064	516	d0e7f0c2c8c950f92096242bb73f3f3603d6d699e8dac71dbc2f55f76c7cc222	4bfcf5449b7a3e8a6eba737b9dfe68712e1122902bdcad7bfbb3ad3b444a660f	2	2	prevalence	0.5	0.41163055872291904
spore	2580	genus	15	2064	516	d0e7f0c2c8c950f92096242bb73f3f3603d6d699e8dac71dbc2f55f76c7cc222	4bfcf5449b7a3e8a6eba737b9dfe68712e1122902bdcad7bfbb3ad3b444a660f	2	2	taxonomy	0.9132874631400232	0.9013538643354941
spore	2580	genus	16	2061	519	22f335bdd61e60b04286c597e577a60149f95d1693e019688c61b387ef19e634	380f1004fa207c076325b8e8a118632eb14c8a50e8a3333c83885e7a61c8925c	2	2	prevalence	0.5	0.41685393258426967
spore	2580	genus	16	2061	519	22f335bdd61e60b04286c597e577a60149f95d1693e019688c61b387ef19e634	380f1004fa207c076325b8e8a118632eb14c8a50e8a3333c83885e7a61c8925c	2	2	taxonomy	0.9048317185109638	0.8959303439578998
spore	2580	genus	17	2064	516	10e8fb72f9048778e769ba552deea2fcdd5f16c6be33af331fb71c4df45f85af	27e741ba2289f891d9b4276de219599b78c9ea9a2e0b77952208856aabafaf52	2	2	prevalence	0.5	0.416289592760181
spore	2580	genus	17	2064	516	10e8fb72f9048778e769ba552deea2fcdd5f16c6be33af331fb71c4df45f85af	27e741ba2289f891d9b4276de219599b78c9ea9a2e0b77952208856aabafaf52	2	2	taxonomy	0.8982814336075206	0.8676108374384237
spore	2580	genus	18	2062	518	d4b336f52323ba81690a76206d3b2d89bfe64ddd61f5c9f148092fafb3e6ea6a	6cfc99ff3b69af61270fb259e84fb1ce83b4bdbd3d8f89394bbc4384cced89fa	2	2	prevalence	0.5	0.42251950947603123
spore	2580	genus	18	2062	518	d4b336f52323ba81690a76206d3b2d89bfe64ddd61f5c9f148092fafb3e6ea6a	6cfc99ff3b69af61270fb259e84fb1ce83b4bdbd3d8f89394bbc4384cced89fa	2	2	taxonomy	0.9480742582714832	0.9312793064800201
spore	2580	genus	19	2063	517	e5fd1fdf5802e25732229486fe2f13f1465218b4659e157acea937b118b7ba1d	459d860734ce20523428bb6a00d4b05b32cce85ee67d60c89b8bf35ce23f67f5	2	2	prevalence	0.5	0.4236343366778149
spore	2580	genus	19	2063	517	e5fd1fdf5802e25732229486fe2f13f1465218b4659e157acea937b118b7ba1d	459d860734ce20523428bb6a00d4b05b32cce85ee67d60c89b8bf35ce23f67f5	2	2	taxonomy	0.8983576642335767	0.9002238690751891
spore	2580	family	0	2029	551	5a054a42a7f580a729c01915b7ca81677e016692de9567eb086de3b99b84363e	4dc1c84b415aef4999eac17f63c4909699ddad8a68cd16d2ede5261cc861768f	2	2	prevalence	0.5	0.4634858812074002
spore	2580	family	0	2029	551	5a054a42a7f580a729c01915b7ca81677e016692de9567eb086de3b99b84363e	4dc1c84b415aef4999eac17f63c4909699ddad8a68cd16d2ede5261cc861768f	2	2	taxonomy	0.9277591036414565	0.90494957537155
spore	2580	family	1	2063	517	6963afbba89cdc23e780b2ec33031274962a0c5f719374956a556ad276ccc07c	3b5ab0eb1d9fea3985ab0f0f35e5bac02d5fb68ee46667f42bd7a01193b05a0d	2	2	prevalence	0.5	0.4620187304890739
spore	2580	family	1	2063	517	6963afbba89cdc23e780b2ec33031274962a0c5f719374956a556ad276ccc07c	3b5ab0eb1d9fea3985ab0f0f35e5bac02d5fb68ee46667f42bd7a01193b05a0d	2	2	taxonomy	0.9169597679871653	0.8943110799602827
spore	2580	family	2	2036	544	af60ba47ab5a44b1058748c8229ddafa3b0a30bd312ae8b4fb6d25918751d43d	a4e26adcf97f354c229b064357925031d30e380dfb0d6bb976328c14b94196c7	2	2	prevalence	0.5	0.46085232903865214
spore	2580	family	2	2036	544	af60ba47ab5a44b1058748c8229ddafa3b0a30bd312ae8b4fb6d25918751d43d	a4e26adcf97f354c229b064357925031d30e380dfb0d6bb976328c14b94196c7	2	2	taxonomy	0.9476793248945148	0.8897551438857497
spore	2580	family	3	1969	611	4e524f6293e8dca99a2abc0591f9aab7ae6ff21c0c02524cdc6f2439113a575e	aad1b19e161793dc3c88042f3a16cc0c350960bdfac4f2d17ae3682581d757b0	2	2	prevalence	0.5	0.45495093666369313
spore	2580	family	3	1969	611	4e524f6293e8dca99a2abc0591f9aab7ae6ff21c0c02524cdc6f2439113a575e	aad1b19e161793dc3c88042f3a16cc0c350960bdfac4f2d17ae3682581d757b0	2	2	taxonomy	0.7822752863521646	0.8223439946320734
spore	2580	family	4	2058	522	ce4531ab510f2c68c63dbca81d8172ce1d8c97291e4fdb80f33e6a1e02973a19	5173a1009e79b8fa74f22c57c2d42daf5137b186ac7159b61ed009337116203d	2	2	prevalence	0.5	0.43013100436681223
spore	2580	family	4	2058	522	ce4531ab510f2c68c63dbca81d8172ce1d8c97291e4fdb80f33e6a1e02973a19	5173a1009e79b8fa74f22c57c2d42daf5137b186ac7159b61ed009337116203d	2	2	taxonomy	0.9265743972081218	0.9123635927569254
spore	2580	family	5	2062	518	f28ff047543acced91c7880e235a349b4916cf82dc3b3d0179b7ae0c129c46f7	9eb3fbb71ed431653b540900815a8cf69b0e733604487a688d644e90ee5405b6	2	2	prevalence	0.5	0.392018779342723
spore	2580	family	5	2062	518	f28ff047543acced91c7880e235a349b4916cf82dc3b3d0179b7ae0c129c46f7	9eb3fbb71ed431653b540900815a8cf69b0e733604487a688d644e90ee5405b6	2	2	taxonomy	0.9537555324134339	0.9460909105464559
spore	2580	family	6	2049	531	580b62bdaa33b81365719a2f7fb8202e73801476b0f103314f84e90148c080f0	8bf151b3a4ee15899aa8fc428d2e4f29351c1134880e13fee6f4dbada198fb75	2	2	prevalence	0.5	0.3917525773195876
spore	2580	family	6	2049	531	580b62bdaa33b81365719a2f7fb8202e73801476b0f103314f84e90148c080f0	8bf151b3a4ee15899aa8fc428d2e4f29351c1134880e13fee6f4dbada198fb75	2	2	taxonomy	0.8100807574491785	0.7948527445094951
spore	2580	family	7	2042	538	16fe3bf1bdc3d40c298fec9a6126b4c26e669e7dc13ded741676c5cc7d8db608	cad40fdbc190cb072dc6f78b674cc2195f21790487739af48f770d3d681798ea	2	2	prevalence	0.5	0.40683572216097025
spore	2580	family	7	2042	538	16fe3bf1bdc3d40c298fec9a6126b4c26e669e7dc13ded741676c5cc7d8db608	cad40fdbc190cb072dc6f78b674cc2195f21790487739af48f770d3d681798ea	2	2	taxonomy	0.9084443803017912	0.8936985452220909
spore	2580	family	8	2023	557	0bef96f7566634836433dcf4a4a8811aa4ea6628b4e2aa2f81ae333759bb9755	9b58e7e9cc4771ec7dd95730bb732b3f890a0d31fce09aa9519fed3c8dd7d623	2	2	prevalence	0.5	0.4715370018975332
spore	2580	family	8	2023	557	0bef96f7566634836433dcf4a4a8811aa4ea6628b4e2aa2f81ae333759bb9755	9b58e7e9cc4771ec7dd95730bb732b3f890a0d31fce09aa9519fed3c8dd7d623	2	2	taxonomy	0.9399396378269618	0.9274030628869339
spore	2580	family	9	2051	529	b76c0827c7de16ffacfa5939eb3214a0214212c7ba0ba9058b0a8cd6fbe8f0d1	052a1d298526e8ca4d5b58c6d1eaa7444849d23302388b0e75526047416f8ea5	2	2	prevalence	0.5	0.42248908296943233
spore	2580	family	9	2051	529	b76c0827c7de16ffacfa5939eb3214a0214212c7ba0ba9058b0a8cd6fbe8f0d1	052a1d298526e8ca4d5b58c6d1eaa7444849d23302388b0e75526047416f8ea5	2	2	taxonomy	0.9497397823634313	0.9267186147186147
spore	2580	family	10	2063	517	dc66845f8536dcd522edb82f77cad102bbc027af0b13543b89db58be2b352f89	629308c01fe83a0c6b080f1d42daaf0bfb9646998dbab400f8e410cf03d6d1a5	2	2	prevalence	0.5	0.3859857482185273
spore	2580	family	10	2063	517	dc66845f8536dcd522edb82f77cad102bbc027af0b13543b89db58be2b352f89	629308c01fe83a0c6b080f1d42daaf0bfb9646998dbab400f8e410cf03d6d1a5	2	2	taxonomy	0.9356169871794872	0.9250398724082934
spore	2580	family	11	2006	574	e0055dc1a9070f82b158a07b24b50a8a67a47de7927b7ae46017aeacd7acbf64	368dc764dce4a68b110364b0e79c81f1b37fe9171ff7323b15880d25af945051	2	2	prevalence	0.5	0.39705882352941174
spore	2580	family	11	2006	574	e0055dc1a9070f82b158a07b24b50a8a67a47de7927b7ae46017aeacd7acbf64	368dc764dce4a68b110364b0e79c81f1b37fe9171ff7323b15880d25af945051	2	2	taxonomy	0.6963340891912321	0.6946103576698757
spore	2580	family	12	2062	518	c487aa2f40add524a63f349aae615d4b65516d1bbcc1dde8dc8a11ffd6ffbbed	ac8c99a41139325a135dda2a8ab25042fce1a83d6708add3342e2f62376b87f9	2	2	prevalence	0.5	0.4263565891472868
spore	2580	family	12	2062	518	c487aa2f40add524a63f349aae615d4b65516d1bbcc1dde8dc8a11ffd6ffbbed	ac8c99a41139325a135dda2a8ab25042fce1a83d6708add3342e2f62376b87f9	2	2	taxonomy	0.9313738892686261	0.920976353928299
spore	2580	family	13	2040	540	a72841a988bb5719600ed4c13811599752f176e6669bdc941a4d76aed41db0cc	e8967cc11babb7898e8dcf26ffc8babf8371bf3b5bb32d1e7a437ca2dc114bc0	2	2	prevalence	0.5	0.44329896907216493
spore	2580	family	13	2040	540	a72841a988bb5719600ed4c13811599752f176e6669bdc941a4d76aed41db0cc	e8967cc11babb7898e8dcf26ffc8babf8371bf3b5bb32d1e7a437ca2dc114bc0	2	2	taxonomy	0.8625792811839323	0.7850132419379965
spore	2580	family	14	2010	570	3740d162973e557fbf56a98fb927d68f5a3304f3ccee239232393953d004f2a2	b7fac0c151df3f9e65f7f16a41cb350e447755f073e749f84cd549fb7437871b	2	2	prevalence	0.5	0.4282848545636911
spore	2580	family	14	2010	570	3740d162973e557fbf56a98fb927d68f5a3304f3ccee239232393953d004f2a2	b7fac0c151df3f9e65f7f16a41cb350e447755f073e749f84cd549fb7437871b	2	2	taxonomy	0.8654214637821195	0.7930347639351405
spore	2580	family	15	2047	533	999b12812760f079038961d7c68e8671e0a645e279541675ebb03492eb56dae4	080321787fb6be55a175f28468b06e9e3ff84cbbc4c37f5389b1dbb1994b63a0	2	2	prevalence	0.5	0.446521287642783
spore	2580	family	15	2047	533	999b12812760f079038961d7c68e8671e0a645e279541675ebb03492eb56dae4	080321787fb6be55a175f28468b06e9e3ff84cbbc4c37f5389b1dbb1994b63a0	2	2	taxonomy	0.9369496500338677	0.9095690532745164
spore	2580	family	16	2057	523	9414d7c013ca68d3d4931438bc9431dddec8e81fe5532d2c4535d7e8ff3c62ac	0b9cef3a26808a087bcb7700e3dd1ed1740f60cd735b3854b6810ef75b70bac5	2	2	prevalence	0.5	0.39746543778801846
spore	2580	family	16	2057	523	9414d7c013ca68d3d4931438bc9431dddec8e81fe5532d2c4535d7e8ff3c62ac	0b9cef3a26808a087bcb7700e3dd1ed1740f60cd735b3854b6810ef75b70bac5	2	2	taxonomy	0.9196466373554796	0.903408845315048
spore	2580	family	17	2060	520	58ccba8d23d307a93e17dd170b99001562fc0d092302b9fa1baf1356060dca86	cb9746f4f05c50556c1114ea8e0554a4132dbdfeaa8cfd4d2e2268d712e52717	2	2	prevalence	0.5	0.4594594594594595
spore	2580	family	17	2060	520	58ccba8d23d307a93e17dd170b99001562fc0d092302b9fa1baf1356060dca86	cb9746f4f05c50556c1114ea8e0554a4132dbdfeaa8cfd4d2e2268d712e52717	2	2	taxonomy	0.857843137254902	0.7443636844191885
spore	2580	family	18	2007	573	6b7e52b0bcbe7b05e7b2d2082322cfe234fae143a59487cfb8807a3060423530	2571b656a94f66816b0c86f23c4c68be195972230fa6a661df2585793d0d48bc	2	2	prevalence	0.5	0.4723756906077348
spore	2580	family	18	2007	573	6b7e52b0bcbe7b05e7b2d2082322cfe234fae143a59487cfb8807a3060423530	2571b656a94f66816b0c86f23c4c68be195972230fa6a661df2585793d0d48bc	2	2	taxonomy	0.945224171539961	0.89290027605245
spore	2580	family	19	2059	521	c80d8a3beeea7996423fc81a60914b3d2ddf8a7224766b0ec0ca723fcb7ac596	fffe26961510545da63edd4ab7aca44bd5930ed60b774977ae0ab84b3eef02ca	2	2	prevalence	0.5	0.4018369690011481
spore	2580	family	19	2059	521	c80d8a3beeea7996423fc81a60914b3d2ddf8a7224766b0ec0ca723fcb7ac596	fffe26961510545da63edd4ab7aca44bd5930ed60b774977ae0ab84b3eef02ca	2	2	taxonomy	0.9223224728487887	0.9038436848017974
spore	2580	order	0	1906	674	2e0878192d8675d2b3bb8462353288b01032fcf25dbe15e37db2b664069d0d11	4ad4497d1ced463a8ea6f0f24226e9617736c3c62eb9ead24a8bea11dc142f95	2	2	prevalence	0.5	0.36113744075829385
spore	2580	order	0	1906	674	2e0878192d8675d2b3bb8462353288b01032fcf25dbe15e37db2b664069d0d11	4ad4497d1ced463a8ea6f0f24226e9617736c3c62eb9ead24a8bea11dc142f95	2	2	taxonomy	0.6996049555239042	0.6477997799779978
spore	2580	order	1	2036	544	acb665fb2acfd49747f2ac6ee2ff2f5e197d1b0e30f476c7563c74d4c9e479a7	eeda12861d01cdf7487d0a8270850207d2dc621c3258e523e7ee9da656b115e9	2	2	prevalence	0.5	0.46509341199606685
spore	2580	order	1	2036	544	acb665fb2acfd49747f2ac6ee2ff2f5e197d1b0e30f476c7563c74d4c9e479a7	eeda12861d01cdf7487d0a8270850207d2dc621c3258e523e7ee9da656b115e9	2	2	taxonomy	0.7565583777506477	0.5835247282192619
spore	2580	order	2	2057	523	1816a0101bd896b0f01e78098ed276514d4af67f3ab652dee6ba111ec3948eb4	20234699949dd23383d1f6e4e7dc9db0c7675eabace4a109bdcae8aed32004ce	2	2	prevalence	0.5	0.44714587737843553
spore	2580	order	2	2057	523	1816a0101bd896b0f01e78098ed276514d4af67f3ab652dee6ba111ec3948eb4	20234699949dd23383d1f6e4e7dc9db0c7675eabace4a109bdcae8aed32004ce	2	2	taxonomy	0.6980378250591016	0.5130699770046178
spore	2580	order	3	2032	548	1853a32e7d3d2966c745b940bd8f97b0e63dc9968f76fdba2cd938ec3437df8a	8f31ff80116f63bd71cc855b6c60807ac94ab1681f3c0ec34c334d5931dc3380	2	2	prevalence	0.5	0.4402451481103167
spore	2580	order	3	2032	548	1853a32e7d3d2966c745b940bd8f97b0e63dc9968f76fdba2cd938ec3437df8a	8f31ff80116f63bd71cc855b6c60807ac94ab1681f3c0ec34c334d5931dc3380	2	2	taxonomy	0.7810696650603843	0.7881802461601057
spore	2580	order	4	1972	608	7fdc1318e60aee024c7617c2ff9a3d6738b41810b609e34aa95ef798f8a2250c	991d2a2a254d107b9ffb6929e57683851fa216f4b4d020b1c800e4992e3b34dc	2	2	prevalence	0.5	0.47084421235857266
spore	2580	order	4	1972	608	7fdc1318e60aee024c7617c2ff9a3d6738b41810b609e34aa95ef798f8a2250c	991d2a2a254d107b9ffb6929e57683851fa216f4b4d020b1c800e4992e3b34dc	2	2	taxonomy	0.4181587441719315	0.43016188582788983
spore	2580	order	5	1970	610	86a476a59c2386c9a64d999f88a70cfa79e27c346d35ac371f982d7efd02097f	0b5b21e1c7f8374d210751f4583d74f7c31ec759511f9fb8be8b44841f311d31	2	2	prevalence	0.5	0.36853002070393376
spore	2580	order	5	1970	610	86a476a59c2386c9a64d999f88a70cfa79e27c346d35ac371f982d7efd02097f	0b5b21e1c7f8374d210751f4583d74f7c31ec759511f9fb8be8b44841f311d31	2	2	taxonomy	0.8345350791825179	0.8114749031843675
spore	2580	order	6	2003	577	2ba1e70c7c3ed96651376d7fa053c9396471fa21a61dce0fd33a83c9f73ac671	6d07b7240e9dcb759d135f899be0616021b20217bf4befeec90db9223fef63d1	2	2	prevalence	0.5	0.4725776965265082
spore	2580	order	6	2003	577	2ba1e70c7c3ed96651376d7fa053c9396471fa21a61dce0fd33a83c9f73ac671	6d07b7240e9dcb759d135f899be0616021b20217bf4befeec90db9223fef63d1	2	2	taxonomy	0.6040941328175371	0.6332719301080482
spore	2580	order	7	1912	668	8236b4b5a7f9b480aa43ee811114d92425ef7465c207836eb3ff50b912dbae9f	787851e7c1bea3e142fee0109e29d574df62b667f9b312a676279f622823f1ec	2	2	prevalence	0.5	0.45290745290745293
spore	2580	order	7	1912	668	8236b4b5a7f9b480aa43ee811114d92425ef7465c207836eb3ff50b912dbae9f	787851e7c1bea3e142fee0109e29d574df62b667f9b312a676279f622823f1ec	2	2	taxonomy	0.7498938595801556	0.5683541719213538
spore	2580	order	8	2034	546	c788f9f4578d801758d16c853af213fc755820fce61d68c4384b491e9ce2eeca	2c73457dd4f5cd8201c7ff43846c0a3375a945c18a414942a5a24b884f4c509a	2	2	prevalence	0.5	0.465230166503428
spore	2580	order	8	2034	546	c788f9f4578d801758d16c853af213fc755820fce61d68c4384b491e9ce2eeca	2c73457dd4f5cd8201c7ff43846c0a3375a945c18a414942a5a24b884f4c509a	2	2	taxonomy	0.6846256486286137	0.6937649954818808
spore	2580	order	9	1979	601	54e86efa211599d05eec32c98ffd8f527048ab3ed5404afb57896fc550e4d143	3f669d46ba1841461ae41c5928ea151881669ebb748efe2b6d3ab04ec94bbbcb	2	2	prevalence	0.5	0.4314096499526963
spore	2580	order	9	1979	601	54e86efa211599d05eec32c98ffd8f527048ab3ed5404afb57896fc550e4d143	3f669d46ba1841461ae41c5928ea151881669ebb748efe2b6d3ab04ec94bbbcb	2	2	taxonomy	0.9591122202056865	0.9295895653532238
spore	2580	order	10	1988	592	b20cc96478c593c62e1de695412ea00ae35e6197887c668c08ada1ef37eae487	ea2f2fa8734c27011d29758ea1dc438abfc029763466da36bdd53f2a8ffc6123	2	2	prevalence	0.5	0.36684491978609624
spore	2580	order	10	1988	592	b20cc96478c593c62e1de695412ea00ae35e6197887c668c08ada1ef37eae487	ea2f2fa8734c27011d29758ea1dc438abfc029763466da36bdd53f2a8ffc6123	2	2	taxonomy	0.6971501165009893	0.638068066028123
spore	2580	order	11	1965	615	029b4fc4115b1b4ac6112fd6d7b4c18423f757ee7b03497df340913ff9835d7f	0e06612617fa169a484eb5935418c8cd5d96e9a083cc03dc736f6735f5d37252	2	2	prevalence	0.5	0.3794147325933401
spore	2580	order	11	1965	615	029b4fc4115b1b4ac6112fd6d7b4c18423f757ee7b03497df340913ff9835d7f	0e06612617fa169a484eb5935418c8cd5d96e9a083cc03dc736f6735f5d37252	2	2	taxonomy	0.7218797293688239	0.6577263094804889
spore	2580	order	12	1936	644	fece52edb1dbfe7b7560887bc13f13e23012f578c61167688a56308ce8ff54db	91a543c002ec306aa64873084e4570325093d21113fbd8367190e4ea7b47bf44	2	2	prevalence	0.5	0.38957345971563984
spore	2580	order	12	1936	644	fece52edb1dbfe7b7560887bc13f13e23012f578c61167688a56308ce8ff54db	91a543c002ec306aa64873084e4570325093d21113fbd8367190e4ea7b47bf44	2	2	taxonomy	0.9625742719004209	0.9507439398729336
spore	2580	order	13	2064	516	8879ea61f807b95a3e6bf6dccddca2c4444a77b8aaf69546d1c901766f6d286f	357843eb2d6d65099d2064f6c3e3a5af716c2ddf3b8a37277255cc8f16795cb4	2	2	prevalence	0.5	0.47720364741641336
spore	2580	order	13	2064	516	8879ea61f807b95a3e6bf6dccddca2c4444a77b8aaf69546d1c901766f6d286f	357843eb2d6d65099d2064f6c3e3a5af716c2ddf3b8a37277255cc8f16795cb4	2	2	taxonomy	0.8547062986553433	0.668352474501886
spore	2580	order	14	2039	541	0955f4c9f313f3d2efe913c179279fc791bd3df04c73e88224e1902668fbcbff	1dcb66cd470bf06d22b7c468f35d8c132b24f80c118a1e6bba79534769631708	2	2	prevalence	0.5	0.4451282051282051
spore	2580	order	14	2039	541	0955f4c9f313f3d2efe913c179279fc791bd3df04c73e88224e1902668fbcbff	1dcb66cd470bf06d22b7c468f35d8c132b24f80c118a1e6bba79534769631708	2	2	taxonomy	0.6932576769025367	0.712311415170436
spore	2580	order	15	2058	522	06c0ee54e2e004b18993605930dfa70461c4a452230d40b768e689471aae7c32	981de525adce0dfd70f5e52c3500705acd27efecf1fe39aae44cc52fcc2d0170	2	2	prevalence	0.5	0.45906735751295336
spore	2580	order	15	2058	522	06c0ee54e2e004b18993605930dfa70461c4a452230d40b768e689471aae7c32	981de525adce0dfd70f5e52c3500705acd27efecf1fe39aae44cc52fcc2d0170	2	2	taxonomy	0.6315541332114181	0.5560781630820542
spore	2580	order	16	2002	578	de8d59f56e21698322d5066af659fdc74151fc91c636ab796e122d0eef58ddd6	668c8624be06d7dd51bd712a1b9e79831e72a3e5dd277f25341497091e275400	2	2	prevalence	0.5	0.45109211775878444
spore	2580	order	16	2002	578	de8d59f56e21698322d5066af659fdc74151fc91c636ab796e122d0eef58ddd6	668c8624be06d7dd51bd712a1b9e79831e72a3e5dd277f25341497091e275400	2	2	taxonomy	0.7296780786918753	0.7632202333244278
spore	2580	order	17	2025	555	e1d319e50a2f6649bc598632e22aef047171c637e33ce931501b400ffb89001f	46613efaae73172f4e45e6c98c453e819cef52e5144b9674e9ca23caab2310b0	2	2	prevalence	0.5	0.4553483807654563
spore	2580	order	17	2025	555	e1d319e50a2f6649bc598632e22aef047171c637e33ce931501b400ffb89001f	46613efaae73172f4e45e6c98c453e819cef52e5144b9674e9ca23caab2310b0	2	2	taxonomy	0.6914432550208413	0.7327164015440583
spore	2580	order	18	2041	539	6e0a96e7290c6d04dfddec26d4649817ccdcf50ea67b2692592256b35ebced97	bf25755c34209e195f3e56f70226e768404d400e6c87daa9717537ca65e84d84	2	2	prevalence	0.5	0.47105004906771347
spore	2580	order	18	2041	539	6e0a96e7290c6d04dfddec26d4649817ccdcf50ea67b2692592256b35ebced97	bf25755c34209e195f3e56f70226e768404d400e6c87daa9717537ca65e84d84	2	2	taxonomy	0.7463100282485875	0.5264684850342221
spore	2580	order	19	2064	516	da93fd4cf86f163b5d72ce1dde56cd61d2efc8c37d971463f1950352387955d4	f3a6d4ef463201eb37b0c51956640f914f4095292d92863a4471e9a51c44c032	2	2	prevalence	0.5	0.4729315628192033
spore	2580	order	19	2064	516	da93fd4cf86f163b5d72ce1dde56cd61d2efc8c37d971463f1950352387955d4	f3a6d4ef463201eb37b0c51956640f914f4095292d92863a4471e9a51c44c032	2	2	taxonomy	0.6514527894372224	0.6770030816640986
oxygen	5634	within	0	4507	1127	e6e6a084cc35b1b9910d4eda744019b35cf21b0a0bd3bc54a6cdc755ad700a75	30b2e2096bd300924361f95d664c680ca811e4db8a132e9a9d15de5ef5addacd	3	3	prevalence	0.3333333333333333	0.2765662859120803
oxygen	5634	within	0	4507	1127	e6e6a084cc35b1b9910d4eda744019b35cf21b0a0bd3bc54a6cdc755ad700a75	30b2e2096bd300924361f95d664c680ca811e4db8a132e9a9d15de5ef5addacd	3	3	taxonomy	0.8120880542918506	0.7889445396840106
oxygen	5634	within	1	4507	1127	9bc0d90a27357d0bb0620754ee54c2399d10a4c24f5fdee11a1a66fb8dc0f8dd	ef6a299b99675e2373fe61b75342d1d60aebf2df0be10869025f93f2039e8ef0	3	3	prevalence	0.3333333333333333	0.27309236947791166
oxygen	5634	within	1	4507	1127	9bc0d90a27357d0bb0620754ee54c2399d10a4c24f5fdee11a1a66fb8dc0f8dd	ef6a299b99675e2373fe61b75342d1d60aebf2df0be10869025f93f2039e8ef0	3	3	taxonomy	0.8221574046718749	0.7994065354291481
oxygen	5634	within	2	4507	1127	84e685a4751f77f955f245707afd180e242e3191c4e5738de537cc4edfc89026	08b50c2e3bff34f4089ed4df52b40b5398bcce27ec102c885df63f6d770e16c1	3	3	prevalence	0.3333333333333333	0.27370990237099024
oxygen	5634	within	2	4507	1127	84e685a4751f77f955f245707afd180e242e3191c4e5738de537cc4edfc89026	08b50c2e3bff34f4089ed4df52b40b5398bcce27ec102c885df63f6d770e16c1	3	3	taxonomy	0.8106668770681509	0.8023726951441329
oxygen	5634	within	3	4507	1127	fd6dde83675e73c82aff9b80d2ff6839de64372a363b6cfed6a881c22c195719	eb9eaa3cf643167e3d37c77d7f1f45c37d443726a0043e05173977c984024f7f	3	3	prevalence	0.3333333333333333	0.27534722222222224
oxygen	5634	within	3	4507	1127	fd6dde83675e73c82aff9b80d2ff6839de64372a363b6cfed6a881c22c195719	eb9eaa3cf643167e3d37c77d7f1f45c37d443726a0043e05173977c984024f7f	3	3	taxonomy	0.8209336279602485	0.8022834209756025
oxygen	5634	within	4	4507	1127	df7c28af09dcbb8e33355071558a87b6fad6b03047fce57f2a1bb3de12a15b69	1cca842ee86bb810738c74b025ea8e487cc171a595f1b8451d1b883e1fd35ac2	3	3	prevalence	0.3333333333333333	0.27185146260290766
oxygen	5634	within	4	4507	1127	df7c28af09dcbb8e33355071558a87b6fad6b03047fce57f2a1bb3de12a15b69	1cca842ee86bb810738c74b025ea8e487cc171a595f1b8451d1b883e1fd35ac2	3	3	taxonomy	0.8240227952686618	0.811319306764287
oxygen	5634	within	5	4507	1127	9b97f99de20115e17bc5f08b6adfaa3ffd088d72cdf0a8fb72bf2665715cfae5	861abca7eb052988f4e4e87711fc4cb4c00a7ca6e76d9448a72f0012ce861d78	3	3	prevalence	0.3333333333333333	0.2712280701754386
oxygen	5634	within	5	4507	1127	9b97f99de20115e17bc5f08b6adfaa3ffd088d72cdf0a8fb72bf2665715cfae5	861abca7eb052988f4e4e87711fc4cb4c00a7ca6e76d9448a72f0012ce861d78	3	3	taxonomy	0.8196282835235663	0.8020362630757379
oxygen	5634	within	6	4507	1127	6fccbd7dd271bb17f8f9e1a5158bafa404e1b48a103c776003520ffc867288ea	fb52f8f4256d4f01c90552adef51f6a7eab19957bb663123a890d82cec1605e7	3	3	prevalence	0.3333333333333333	0.2732984293193717
oxygen	5634	within	6	4507	1127	6fccbd7dd271bb17f8f9e1a5158bafa404e1b48a103c776003520ffc867288ea	fb52f8f4256d4f01c90552adef51f6a7eab19957bb663123a890d82cec1605e7	3	3	taxonomy	0.8322522461965898	0.8146079458878733
oxygen	5634	within	7	4507	1127	6568a5a506a8b7a0753a07d71af9c2fb1f4856921f2494f8fca62d2011c102ec	8e04ee20c2fd978a4f02c7232dadecedeaf994344bbb0b6cc375066f7273023d	3	3	prevalence	0.3333333333333333	0.2739153162571877
oxygen	5634	within	7	4507	1127	6568a5a506a8b7a0753a07d71af9c2fb1f4856921f2494f8fca62d2011c102ec	8e04ee20c2fd978a4f02c7232dadecedeaf994344bbb0b6cc375066f7273023d	3	3	taxonomy	0.8463677927403266	0.8230852374089898
oxygen	5634	within	8	4507	1127	1e7b2297820a0b8b53b7fc9607d23c188614761aa3de15d9287a4efe8def0971	1d61a28a20c48c27dc1ae1282a76e5f8522115f2e84dc605680cdf7c1c60f031	3	3	prevalence	0.3333333333333333	0.2724728926197971
oxygen	5634	within	8	4507	1127	1e7b2297820a0b8b53b7fc9607d23c188614761aa3de15d9287a4efe8def0971	1d61a28a20c48c27dc1ae1282a76e5f8522115f2e84dc605680cdf7c1c60f031	3	3	taxonomy	0.8488217413234403	0.8182013024908459
oxygen	5634	within	9	4507	1127	e4e8b3521179aba73cbfdd6ec51d0821883d51e7ccdaf1bebb9c6b01087c9a0f	a751f59a4a8eb84c3595f2a6c700b4b950a78743ce252566919f3bc633ba8e32	3	3	prevalence	0.3333333333333333	0.27205882352941174
oxygen	5634	within	9	4507	1127	e4e8b3521179aba73cbfdd6ec51d0821883d51e7ccdaf1bebb9c6b01087c9a0f	a751f59a4a8eb84c3595f2a6c700b4b950a78743ce252566919f3bc633ba8e32	3	3	taxonomy	0.8470466510717723	0.826355173237824
oxygen	5634	within	10	4507	1127	b2156290f999bbd0d46bbc558b71b0daf21ebd522cfe62b2a656b422b2a0a4e0	25bf2845e858c47e651e38a87b4f7abd9dc53d7a3b5d8a03ba206db773231c55	3	3	prevalence	0.3333333333333333	0.27164388363126535
oxygen	5634	within	10	4507	1127	b2156290f999bbd0d46bbc558b71b0daf21ebd522cfe62b2a656b422b2a0a4e0	25bf2845e858c47e651e38a87b4f7abd9dc53d7a3b5d8a03ba206db773231c55	3	3	taxonomy	0.8266030222628462	0.8178131667452978
oxygen	5634	within	11	4507	1127	2b6284f6a88c21bd753740ec78b33a96a58684d5fa9544d9b93a4a05915712fb	3f3885d524e7a8a5bf5a09f07b88f9262cfa3c13b5a1dd87120d0ad61fb49c38	3	3	prevalence	0.3333333333333333	0.2765662859120803
oxygen	5634	within	11	4507	1127	2b6284f6a88c21bd753740ec78b33a96a58684d5fa9544d9b93a4a05915712fb	3f3885d524e7a8a5bf5a09f07b88f9262cfa3c13b5a1dd87120d0ad61fb49c38	3	3	taxonomy	0.8127150876321284	0.8044915189113234
oxygen	5634	within	12	4507	1127	64aa0a2912734ea7118fdcc58f1fa76c2dfb195a864f8eedab123a33ae8f0823	ba403a9728df4e8119d0aac154d867abfa432c8f0485bbf14d0b671cfe44cfce	3	3	prevalence	0.3333333333333333	0.271436086270384
oxygen	5634	within	12	4507	1127	64aa0a2912734ea7118fdcc58f1fa76c2dfb195a864f8eedab123a33ae8f0823	ba403a9728df4e8119d0aac154d867abfa432c8f0485bbf14d0b671cfe44cfce	3	3	taxonomy	0.8231897184822522	0.80572647082694
oxygen	5634	within	13	4507	1127	73747e8ad73df6bb30b740bca74b085c6314bb52c029f8f1605fc53642af1d4c	0464303ec37a688bf9a3f04d785d24a345b36e6e9a1594d54234969915564e19	3	3	prevalence	0.3333333333333333	0.27453027139874736
oxygen	5634	within	13	4507	1127	73747e8ad73df6bb30b740bca74b085c6314bb52c029f8f1605fc53642af1d4c	0464303ec37a688bf9a3f04d785d24a345b36e6e9a1594d54234969915564e19	3	3	taxonomy	0.8274435888253446	0.8149275506507045
oxygen	5634	within	14	4507	1127	876a4a52b488ad45a68cc8d1de83b795cccff0791be21ba0d8d2591d484ce8c0	d53ed6ca1233f808c18796b04428c9286853ecaff7f665a300328a64d9110b78	3	3	prevalence	0.3333333333333333	0.2726796014682748
oxygen	5634	within	14	4507	1127	876a4a52b488ad45a68cc8d1de83b795cccff0791be21ba0d8d2591d484ce8c0	d53ed6ca1233f808c18796b04428c9286853ecaff7f665a300328a64d9110b78	3	3	taxonomy	0.8287997027127462	0.8140724977876223
oxygen	5634	within	15	4507	1127	b430594c109853ab545b940a0d8d64c894cdce41c71fdb5b00bb9b8ade75fcff	53cc6b3c3977d0394d3cde23bd6ab38683ed53117fd8d24480bcd5fd423061d4	3	3	prevalence	0.3333333333333333	0.27018469656992083
oxygen	5634	within	15	4507	1127	b430594c109853ab545b940a0d8d64c894cdce41c71fdb5b00bb9b8ade75fcff	53cc6b3c3977d0394d3cde23bd6ab38683ed53117fd8d24480bcd5fd423061d4	3	3	taxonomy	0.8049053725563469	0.7913767193306835
oxygen	5634	within	16	4507	1127	909644211fc8b81b4fa163eb68eaa3de67a70c478f7aedd950022b0db3e2279c	91761a1912e4dc02ac454f69581c002297dde5b8438044e921cf843eba18d2e4	3	3	prevalence	0.3333333333333333	0.2728860936408106
oxygen	5634	within	16	4507	1127	909644211fc8b81b4fa163eb68eaa3de67a70c478f7aedd950022b0db3e2279c	91761a1912e4dc02ac454f69581c002297dde5b8438044e921cf843eba18d2e4	3	3	taxonomy	0.8147233125258285	0.8015487825286894
oxygen	5634	within	17	4507	1127	22f4af329e671e5bf3c0245d9b58f5bfcb79b6451a87cfba74ad38dba763a277	fed63d34309242975a76c839e6d2cc7c6b773073050df6f2509cc39ee2045537	3	3	prevalence	0.3333333333333333	0.2735042735042735
oxygen	5634	within	17	4507	1127	22f4af329e671e5bf3c0245d9b58f5bfcb79b6451a87cfba74ad38dba763a277	fed63d34309242975a76c839e6d2cc7c6b773073050df6f2509cc39ee2045537	3	3	taxonomy	0.8175736125325251	0.7947068729636076
oxygen	5634	within	18	4507	1127	d9ff895ad72e1982064f8e5f76df24cfc85ad85cbeb57c5842c3ea79197665e6	44ca9a8ee1b4f6b144b2bbb631da865755fdb3c7a872495583a9bf3701189272	3	3	prevalence	0.3333333333333333	0.27164388363126535
oxygen	5634	within	18	4507	1127	d9ff895ad72e1982064f8e5f76df24cfc85ad85cbeb57c5842c3ea79197665e6	44ca9a8ee1b4f6b144b2bbb631da865755fdb3c7a872495583a9bf3701189272	3	3	taxonomy	0.8289389512855546	0.8080322482376116
oxygen	5634	within	19	4507	1127	a839b5980450bb17e63819f265552d96712b1df8f465c72ee835433e097ca9c2	604d8729df270d4e0495af958881a4026a2e60fc3326bd1b166aeb44d581b94b	3	3	prevalence	0.3333333333333333	0.27878162106350024
oxygen	5634	within	19	4507	1127	a839b5980450bb17e63819f265552d96712b1df8f465c72ee835433e097ca9c2	604d8729df270d4e0495af958881a4026a2e60fc3326bd1b166aeb44d581b94b	3	3	taxonomy	0.81959224873271	0.808004860179166
oxygen	5634	genus	0	4507	1127	5db256713fec054056211bb56846fd93272e5cd4b486024a877ffbe39527b729	a9677e4ec24f74132d5bd441789e1b6ad53622420cce783bb29082264cee9338	3	3	prevalence	0.3333333333333333	0.26723374091795143
oxygen	5634	genus	0	4507	1127	5db256713fec054056211bb56846fd93272e5cd4b486024a877ffbe39527b729	a9677e4ec24f74132d5bd441789e1b6ad53622420cce783bb29082264cee9338	3	3	taxonomy	0.672963052273397	0.584154447016647
oxygen	5634	genus	1	4502	1132	6d0c2e4242d7b0464fd54348b91299ffd84a2302921177dd127ed982d6415d8d	50311f4a070c0bc984871de484b827d4ef530be25db3fb5321437e30b2b63b44	3	3	prevalence	0.3333333333333333	0.2853292908876537
oxygen	5634	genus	1	4502	1132	6d0c2e4242d7b0464fd54348b91299ffd84a2302921177dd127ed982d6415d8d	50311f4a070c0bc984871de484b827d4ef530be25db3fb5321437e30b2b63b44	3	3	taxonomy	0.7661459071231799	0.7579333974000962
oxygen	5634	genus	2	4465	1169	dfc6483609f6885269245d1c7a99c3c8ab354ff184745229179acf8f163b9833	00f30d30edbf0e7f952214ba3984ff63b6e1c666021c45ade14cfc39b3c4ce2d	3	3	prevalence	0.3333333333333333	0.2618181818181818
oxygen	5634	genus	2	4465	1169	dfc6483609f6885269245d1c7a99c3c8ab354ff184745229179acf8f163b9833	00f30d30edbf0e7f952214ba3984ff63b6e1c666021c45ade14cfc39b3c4ce2d	3	3	taxonomy	0.770587437254104	0.7709054012028851
oxygen	5634	genus	3	4500	1134	7c4e34ae259490e8588889b9606bb5ee2dea6cf707f87c26d14601c0c1801ecb	afcc8713f25cdb81252a2cc401913b4683878b01a3f506bcbfe48a51f1e5dfeb	3	3	prevalence	0.3333333333333333	0.27147586687576236
oxygen	5634	genus	3	4500	1134	7c4e34ae259490e8588889b9606bb5ee2dea6cf707f87c26d14601c0c1801ecb	afcc8713f25cdb81252a2cc401913b4683878b01a3f506bcbfe48a51f1e5dfeb	3	3	taxonomy	0.7675190920952507	0.7627833854041496
oxygen	5634	genus	4	4501	1133	da586424c30125c3651e84cbb90da80a371c715d962263fd550b0d6ffe32e123	9400b08b0755775f2ea7b4d6ccb7219cec72a0db2ae71f387535db2f89288aac	3	3	prevalence	0.3333333333333333	0.27285366701425096
oxygen	5634	genus	4	4501	1133	da586424c30125c3651e84cbb90da80a371c715d962263fd550b0d6ffe32e123	9400b08b0755775f2ea7b4d6ccb7219cec72a0db2ae71f387535db2f89288aac	3	3	taxonomy	0.7646130402027258	0.7706408677021727
oxygen	5634	genus	5	4505	1129	e21674587235880efba089ecc1f819dc86cd9e825fdbad90eebd79454caa9666	ad248e340d1a855cbb6014be0bfa3d3923da6da4bb01e63fac5dfe325a6be0eb	3	3	prevalence	0.3333333333333333	0.28088159917990774
oxygen	5634	genus	5	4505	1129	e21674587235880efba089ecc1f819dc86cd9e825fdbad90eebd79454caa9666	ad248e340d1a855cbb6014be0bfa3d3923da6da4bb01e63fac5dfe325a6be0eb	3	3	taxonomy	0.7653952717724574	0.7313728988031162
oxygen	5634	genus	6	4502	1132	1d51bdefb05c1e8040693e951836e24118e94b14a3c89066e04f1c28f66bcdc1	55a32d71ac3dd6e10172d320636805d96c66d50f40cf682c3a5f8d0979b1b55d	3	3	prevalence	0.3333333333333333	0.2700998423541776
oxygen	5634	genus	6	4502	1132	1d51bdefb05c1e8040693e951836e24118e94b14a3c89066e04f1c28f66bcdc1	55a32d71ac3dd6e10172d320636805d96c66d50f40cf682c3a5f8d0979b1b55d	3	3	taxonomy	0.8111899547883396	0.7790101182721209
oxygen	5634	genus	7	4492	1142	8dee8937d2392063c0727ed0f00d7eacd3f9eed5dcd2bb298cbb73c727a20e43	0c6bca4d0ba71012b95422e98985ec29f77de79a5d51405b6f570186a3dfd2d2	3	3	prevalence	0.3333333333333333	0.27157931153779624
oxygen	5634	genus	7	4492	1142	8dee8937d2392063c0727ed0f00d7eacd3f9eed5dcd2bb298cbb73c727a20e43	0c6bca4d0ba71012b95422e98985ec29f77de79a5d51405b6f570186a3dfd2d2	3	3	taxonomy	0.7868517525122344	0.7890961316734035
oxygen	5634	genus	8	4506	1128	70aa13d765985ae93d507eb02e332dffa397ecc02cb4379e456d98443ba11718	4ef93017e524bad388e0273bda45058b6e1a35b274a307390838b269daf40833	3	3	prevalence	0.3333333333333333	0.27763407484048974
oxygen	5634	genus	8	4506	1128	70aa13d765985ae93d507eb02e332dffa397ecc02cb4379e456d98443ba11718	4ef93017e524bad388e0273bda45058b6e1a35b274a307390838b269daf40833	3	3	taxonomy	0.8102180291032547	0.7900409855169487
oxygen	5634	genus	9	4507	1127	e4a71a63bc6221aee3cdafaa09a04e7a94ba3f1225dbaea610899bec05fe7b99	029f801d0d3a9ee63d236fbb8bc1c5febdd6c1e706dbadbacb9d98ca6a2ca1fd	3	3	prevalence	0.3333333333333333	0.28136752136752136
oxygen	5634	genus	9	4507	1127	e4a71a63bc6221aee3cdafaa09a04e7a94ba3f1225dbaea610899bec05fe7b99	029f801d0d3a9ee63d236fbb8bc1c5febdd6c1e706dbadbacb9d98ca6a2ca1fd	3	3	taxonomy	0.8058224248645854	0.7943694886559111
oxygen	5634	genus	10	4475	1159	b86b1d5d0f2b6ae3125bab048a52a32b44e028931f872923e40e430f8564b138	e323f02219df3e9b786689d3d30a4107867b1073d655b0173f9ce1c9df7630b4	3	3	prevalence	0.3333333333333333	0.2851028806584362
oxygen	5634	genus	10	4475	1159	b86b1d5d0f2b6ae3125bab048a52a32b44e028931f872923e40e430f8564b138	e323f02219df3e9b786689d3d30a4107867b1073d655b0173f9ce1c9df7630b4	3	3	taxonomy	0.7821651905947519	0.7614091846430467
oxygen	5634	genus	11	4507	1127	457ad70324ad19167972d683142879d0418972193ff47cdfdd171a222fc85d51	605b42d4254324874d9a9682a2f0667a4dea7c1cdf89ec548de8eaaa449f723b	3	3	prevalence	0.3333333333333333	0.2633744855967078
oxygen	5634	genus	11	4507	1127	457ad70324ad19167972d683142879d0418972193ff47cdfdd171a222fc85d51	605b42d4254324874d9a9682a2f0667a4dea7c1cdf89ec548de8eaaa449f723b	3	3	taxonomy	0.7942545620994096	0.7907879818594105
oxygen	5634	genus	12	4475	1159	0b0141cb7bb68b69b0799ca70ade716974287ae2a00d7d045f8f75f9b116ed05	9730267c4276a2d424a2e98a2242c7e586250cbf39bf61e2c9ecd0be948b83d6	3	3	prevalence	0.3333333333333333	0.272247745448358
oxygen	5634	genus	12	4475	1159	0b0141cb7bb68b69b0799ca70ade716974287ae2a00d7d045f8f75f9b116ed05	9730267c4276a2d424a2e98a2242c7e586250cbf39bf61e2c9ecd0be948b83d6	3	3	taxonomy	0.7608708295865902	0.7656773161526195
oxygen	5634	genus	13	4503	1131	a74e4c0f7d509af37d4a255b45a1b5523c6a51fb54ad2ec26347e0f607680fa2	70362d3eee25e2d8cb1b931696c9a5d55d260db0d553e0bbc7fc0c0962918d12	3	3	prevalence	0.3333333333333333	0.2729329852045257
oxygen	5634	genus	13	4503	1131	a74e4c0f7d509af37d4a255b45a1b5523c6a51fb54ad2ec26347e0f607680fa2	70362d3eee25e2d8cb1b931696c9a5d55d260db0d553e0bbc7fc0c0962918d12	3	3	taxonomy	0.8201963007871421	0.8147540453757295
oxygen	5634	genus	14	4507	1127	0748e627297848f83f769758e4929c51fe612dd33e2150b9983ba51d28df09ea	18be19d03c6d5d1597d8ede1741568518e95129741da5aa584fe83e4a848b8dd	3	3	prevalence	0.3333333333333333	0.27555092833593614
oxygen	5634	genus	14	4507	1127	0748e627297848f83f769758e4929c51fe612dd33e2150b9983ba51d28df09ea	18be19d03c6d5d1597d8ede1741568518e95129741da5aa584fe83e4a848b8dd	3	3	taxonomy	0.740315675727841	0.7558343443989246
oxygen	5634	genus	15	4506	1128	8784f528cdfdfa5ef30829296fa03062fd0a15f2d5d2f15e31d0d1facdc1c531	187b0520f4a590ec2e043540e9f58163a00db710ad4ddde470af237dd23b519e	3	3	prevalence	0.3333333333333333	0.25119705340699816
oxygen	5634	genus	15	4506	1128	8784f528cdfdfa5ef30829296fa03062fd0a15f2d5d2f15e31d0d1facdc1c531	187b0520f4a590ec2e043540e9f58163a00db710ad4ddde470af237dd23b519e	3	3	taxonomy	0.8169237712786099	0.8005957396810374
oxygen	5634	genus	16	4505	1129	4adaac8d0a856f1447d3f13466644b8c4dfdf0e3f7a678c9e4af8fa611fa9d1b	fe9f57b16cc9d71bba2d60c5c1d0a2c79cd1eef60ac20498b1210754445e75f5	3	3	prevalence	0.3333333333333333	0.28672387682988393
oxygen	5634	genus	16	4505	1129	4adaac8d0a856f1447d3f13466644b8c4dfdf0e3f7a678c9e4af8fa611fa9d1b	fe9f57b16cc9d71bba2d60c5c1d0a2c79cd1eef60ac20498b1210754445e75f5	3	3	taxonomy	0.7713974271906773	0.763349721122482
oxygen	5634	genus	17	4506	1128	80146a43b08cc8e3da693ad8c2b907397f5d441b7221c23d2a6505a743a08ee9	9a24751173bcb3e9575042bb7456202965183b5031b0b34a8268da8a03dd5d4c	3	3	prevalence	0.3333333333333333	0.2731554160125589
oxygen	5634	genus	17	4506	1128	80146a43b08cc8e3da693ad8c2b907397f5d441b7221c23d2a6505a743a08ee9	9a24751173bcb3e9575042bb7456202965183b5031b0b34a8268da8a03dd5d4c	3	3	taxonomy	0.7639303570118458	0.7193110858811126
oxygen	5634	genus	18	4481	1153	8762e0e041ca0bef356e80ef9bd947a0ed6c154389360828d0f41b92dd443996	57bae4ea06af69d1c4ab8c433eda3d5053903456b722ce64155cc5f5b5670a39	3	3	prevalence	0.3333333333333333	0.26017979904812266
oxygen	5634	genus	18	4481	1153	8762e0e041ca0bef356e80ef9bd947a0ed6c154389360828d0f41b92dd443996	57bae4ea06af69d1c4ab8c433eda3d5053903456b722ce64155cc5f5b5670a39	3	3	taxonomy	0.7967974844756599	0.7828891290640564
oxygen	5634	genus	19	4468	1166	e4e700a871d9dc07d17ab4f18a7a82819976cd052008b012cf21adc5aadd551f	9d2e78b6792c2b8162f0af915117e702ecbc8f57672715f482b8910aff9c0b5a	3	3	prevalence	0.3333333333333333	0.28449688626679775
oxygen	5634	genus	19	4468	1166	e4e700a871d9dc07d17ab4f18a7a82819976cd052008b012cf21adc5aadd551f	9d2e78b6792c2b8162f0af915117e702ecbc8f57672715f482b8910aff9c0b5a	3	3	taxonomy	0.7622576908102946	0.7151158019235306
oxygen	5634	family	0	4454	1180	f197dc9122a73ecf39ace4a166158d62644ae75299a804c873e26f988fd8e4ab	605854d172946e1f0db5dd1f233ea8207c20c54384ae546f7101cad444355cc6	3	3	prevalence	0.3333333333333333	0.2626262626262626
oxygen	5634	family	0	4454	1180	f197dc9122a73ecf39ace4a166158d62644ae75299a804c873e26f988fd8e4ab	605854d172946e1f0db5dd1f233ea8207c20c54384ae546f7101cad444355cc6	3	3	taxonomy	0.7410674087162713	0.7415463251598416
oxygen	5634	family	1	4373	1261	633be1787895a91a834b1bb6acd672125dcc994e0cb06b020a6f2da03c83281d	d28842000b2b0949474fa0d109fa3b65872bdab517979e12c57bf5affa4b97b8	3	3	prevalence	0.3333333333333333	0.2412280701754386
oxygen	5634	family	1	4373	1261	633be1787895a91a834b1bb6acd672125dcc994e0cb06b020a6f2da03c83281d	d28842000b2b0949474fa0d109fa3b65872bdab517979e12c57bf5affa4b97b8	3	3	taxonomy	0.7794581080295365	0.7812774986844865
oxygen	5634	family	2	4476	1158	b127102c03534688f8efe363c78bd0f8bd4e4b8f3c7d3dc734947946f307be65	45e4ee28ecc4e021ce15a06eafe854f7b3e844b8c6ebea1035d203c65019ec5e	3	3	prevalence	0.3333333333333333	0.26332288401253917
oxygen	5634	family	2	4476	1158	b127102c03534688f8efe363c78bd0f8bd4e4b8f3c7d3dc734947946f307be65	45e4ee28ecc4e021ce15a06eafe854f7b3e844b8c6ebea1035d203c65019ec5e	3	3	taxonomy	0.7283870813282579	0.7581409139192609
oxygen	5634	family	3	4485	1149	c2568117d540120a19610c763c1b6be712d1c1052a7c122d7a872c261d2d21af	ece642300bb185ff8c481bfdd9d9b1589921f2f1214caaf871ba1a1b276864cc	3	3	prevalence	0.3333333333333333	0.2656195462478185
oxygen	5634	family	3	4485	1149	c2568117d540120a19610c763c1b6be712d1c1052a7c122d7a872c261d2d21af	ece642300bb185ff8c481bfdd9d9b1589921f2f1214caaf871ba1a1b276864cc	3	3	taxonomy	0.6789626202779774	0.6868294997899671
oxygen	5634	family	4	4507	1127	0acba4e9c755fd020d245870aff8202b2a00235c84998fd80cd4f66771df0612	cb3a825219fa1942da79054729ca5b8dbfe07368f759461cd8ab3017a02147ec	3	3	prevalence	0.3333333333333333	0.26955602536997886
oxygen	5634	family	4	4507	1127	0acba4e9c755fd020d245870aff8202b2a00235c84998fd80cd4f66771df0612	cb3a825219fa1942da79054729ca5b8dbfe07368f759461cd8ab3017a02147ec	3	3	taxonomy	0.6519506832791697	0.6873926410524529
oxygen	5634	family	5	4506	1128	171eb8de7386814e76fc8f5a18983011f7d9d81ec85dcfec990bb89422c51631	fade8d2a37f70acc66d5c6fe1d97506949c4f36e29c22d0d1ddde1879e97211b	3	3	prevalence	0.3333333333333333	0.2281827016520894
oxygen	5634	family	5	4506	1128	171eb8de7386814e76fc8f5a18983011f7d9d81ec85dcfec990bb89422c51631	fade8d2a37f70acc66d5c6fe1d97506949c4f36e29c22d0d1ddde1879e97211b	3	3	taxonomy	0.7764548418029139	0.7797229729728216
oxygen	5634	family	6	4493	1141	d79d8dc2f9e4989ae668bd40d1c644af33cdef351ca9f936815890dda491ae9f	422d81dd8efefb3e3266b8e7d26f6b11014231067f5cf31995e57aaa6845b144	3	3	prevalence	0.3333333333333333	0.28151898734177216
oxygen	5634	family	6	4493	1141	d79d8dc2f9e4989ae668bd40d1c644af33cdef351ca9f936815890dda491ae9f	422d81dd8efefb3e3266b8e7d26f6b11014231067f5cf31995e57aaa6845b144	3	3	taxonomy	0.6541269182456233	0.5963709438343634
oxygen	5634	family	7	4370	1264	7744bb14886cc8466043495b0e679edee63692b1e1cd3be6548ce6b0a82fc638	d87605c31cf17580260d4c2bb9d6ba7390465c7d3ad0399d0e82255bef33616c	3	3	prevalence	0.3333333333333333	0.2914811516770555
oxygen	5634	family	7	4370	1264	7744bb14886cc8466043495b0e679edee63692b1e1cd3be6548ce6b0a82fc638	d87605c31cf17580260d4c2bb9d6ba7390465c7d3ad0399d0e82255bef33616c	3	3	taxonomy	0.6732715834397585	0.7063475452385237
oxygen	5634	family	8	4483	1151	e78f00f93e49eef75a8c497fe0bfe9ff28b757e9a6f71da262ca581a557c7bfa	84a1ca017b084c656254e13992db279fc51b367cccffb64878cf205bc3c99001	3	3	prevalence	0.3333333333333333	0.25654730090860506
oxygen	5634	family	8	4483	1151	e78f00f93e49eef75a8c497fe0bfe9ff28b757e9a6f71da262ca581a557c7bfa	84a1ca017b084c656254e13992db279fc51b367cccffb64878cf205bc3c99001	3	3	taxonomy	0.6963321873386478	0.7038761853830348
oxygen	5634	family	9	4507	1127	74e127024e54629d338ea406287534e6c58be6ebd479a68bc3705bb6b2283b12	436d6a1f1e48abfa9acb8d6c7084f4c1d32fa4fe760557add6b245a2b816e8ae	3	3	prevalence	0.3333333333333333	0.2879704301075269
oxygen	5634	family	9	4507	1127	74e127024e54629d338ea406287534e6c58be6ebd479a68bc3705bb6b2283b12	436d6a1f1e48abfa9acb8d6c7084f4c1d32fa4fe760557add6b245a2b816e8ae	3	3	taxonomy	0.7026623881758072	0.7268337450759951
oxygen	5634	family	10	4458	1176	1bcc057a57cdfe227ff9e9e396513eef409c6cd44c04c64d72835aa7f88f6ab8	069d3e4b4915a7b7462824a56831a114a0791b17a48300ce199b486999876e83	3	3	prevalence	0.3333333333333333	0.2781631978856954
oxygen	5634	family	10	4458	1176	1bcc057a57cdfe227ff9e9e396513eef409c6cd44c04c64d72835aa7f88f6ab8	069d3e4b4915a7b7462824a56831a114a0791b17a48300ce199b486999876e83	3	3	taxonomy	0.6841215937582475	0.7114687254919443
oxygen	5634	family	11	4507	1127	66db9facac253745bd4a1067b8df64f34a3519d40a737929723e02e0588c1a29	aec9d5a265eeb1e034cf1db40fa6f2fb7ca2db38100a11ba5bfe562270dbccce	3	3	prevalence	0.3333333333333333	0.28930185836263184
oxygen	5634	family	11	4507	1127	66db9facac253745bd4a1067b8df64f34a3519d40a737929723e02e0588c1a29	aec9d5a265eeb1e034cf1db40fa6f2fb7ca2db38100a11ba5bfe562270dbccce	3	3	taxonomy	0.6647365683182597	0.6807557541776266
oxygen	5634	family	12	4485	1149	cf88b9332b10953601cda6f4d90001138e3db51085d1ce01f8585ba661121337	02c6b0b788e724bab85301242c868814bf08126382ea2d3bcb727fbc296ec69d	3	3	prevalence	0.3333333333333333	0.24369593226578315
oxygen	5634	family	12	4485	1149	cf88b9332b10953601cda6f4d90001138e3db51085d1ce01f8585ba661121337	02c6b0b788e724bab85301242c868814bf08126382ea2d3bcb727fbc296ec69d	3	3	taxonomy	0.8091540456662161	0.8427424832498839
oxygen	5634	family	13	4490	1144	9cde74e640e2f9d3946a4afc8096744a40dc349e1df41cf901c2f821fbb1cf18	eada87bd42fb127ce3a178be2810668d37f00b688a976e0f1fb623d8ddbd67fc	3	3	prevalence	0.3333333333333333	0.27635619242579323
oxygen	5634	family	13	4490	1144	9cde74e640e2f9d3946a4afc8096744a40dc349e1df41cf901c2f821fbb1cf18	eada87bd42fb127ce3a178be2810668d37f00b688a976e0f1fb623d8ddbd67fc	3	3	taxonomy	0.6884647182581549	0.7107130598065247
oxygen	5634	family	14	4471	1163	6acd2b21bba4c4bab4d43da2c8f27726ad08bd7c010404ef820c7e0bbc0429d7	0c0df4d9f8ab15bf35c67f31d70e7869e4ccaeb56e92efe2d7167adfc7128a47	3	3	prevalence	0.3333333333333333	0.30146019783325484
oxygen	5634	family	14	4471	1163	6acd2b21bba4c4bab4d43da2c8f27726ad08bd7c010404ef820c7e0bbc0429d7	0c0df4d9f8ab15bf35c67f31d70e7869e4ccaeb56e92efe2d7167adfc7128a47	3	3	taxonomy	0.5328714440321584	0.5835060804036605
oxygen	5634	family	15	4501	1133	90bc11235c4013e89b17270ae42e33ed64e76630cdebd0a282cf21c336b34f82	c66a1fd236ff1393c1860dfcd7f8355539fda1a72fb4a2c0e4d7f5ef15b00b0a	3	3	prevalence	0.3333333333333333	0.2985705003248863
oxygen	5634	family	15	4501	1133	90bc11235c4013e89b17270ae42e33ed64e76630cdebd0a282cf21c336b34f82	c66a1fd236ff1393c1860dfcd7f8355539fda1a72fb4a2c0e4d7f5ef15b00b0a	3	3	taxonomy	0.6978026144031936	0.7425184658437581
oxygen	5634	family	16	4503	1131	f29fda952864412bf496ebacb121a887765caaf4e7e1364bfc8e499b5ec53338	e479e9d1b75dcfce45750cf6c013fe3f65154d805cbfd15fe30c1b6394bbb442	3	3	prevalence	0.3333333333333333	0.28739101274312545
oxygen	5634	family	16	4503	1131	f29fda952864412bf496ebacb121a887765caaf4e7e1364bfc8e499b5ec53338	e479e9d1b75dcfce45750cf6c013fe3f65154d805cbfd15fe30c1b6394bbb442	3	3	taxonomy	0.6499851616959197	0.6552085385878489
oxygen	5634	family	17	4376	1258	4b211d895e987ab580214a78c9bbc0e8b42fba86d5b1de8a28f70078d307bd8d	3e959f5903811abcabc0456806c5ab457c2831e9821438102ed3f0a40e97b359	3	3	prevalence	0.3333333333333333	0.2810727969348659
oxygen	5634	family	17	4376	1258	4b211d895e987ab580214a78c9bbc0e8b42fba86d5b1de8a28f70078d307bd8d	3e959f5903811abcabc0456806c5ab457c2831e9821438102ed3f0a40e97b359	3	3	taxonomy	0.7002862020255005	0.6789065276860047
oxygen	5634	family	18	4463	1171	d0785fe000048ee474ce6761ba62eb2ac488de2c6762464e4161b83aae56e332	97d1042288d59e0beac5e52146640b8067b7504bfd2560ac9b93d2550f301318	3	3	prevalence	0.3333333333333333	0.28323510150622133
oxygen	5634	family	18	4463	1171	d0785fe000048ee474ce6761ba62eb2ac488de2c6762464e4161b83aae56e332	97d1042288d59e0beac5e52146640b8067b7504bfd2560ac9b93d2550f301318	3	3	taxonomy	0.6773998942491083	0.6550977002674349
oxygen	5634	family	19	4478	1156	153468841d4feae5caff6a2b118d5182ef9cd9ad354814805145872afde59719	19af8bde54e6dbd1f6bf5d599955e370bf6ce1a12d1a87c1bc3f3e02a6cf1a70	3	3	prevalence	0.3333333333333333	0.29291949563530556
oxygen	5634	family	19	4478	1156	153468841d4feae5caff6a2b118d5182ef9cd9ad354814805145872afde59719	19af8bde54e6dbd1f6bf5d599955e370bf6ce1a12d1a87c1bc3f3e02a6cf1a70	3	3	taxonomy	0.6809902012465373	0.711508364362758
oxygen	5634	order	0	4428	1206	6a1ffbf56a6a7533f6821692ff4eb69f02246271f7758fc91e0a1d5fb990f723	06809a746728393b900ba54d0a65a4893b4d16a27473e121b86c61c58d7ac52c	3	3	prevalence	0.3333333333333333	0.2376378512984703
oxygen	5634	order	0	4428	1206	6a1ffbf56a6a7533f6821692ff4eb69f02246271f7758fc91e0a1d5fb990f723	06809a746728393b900ba54d0a65a4893b4d16a27473e121b86c61c58d7ac52c	3	3	taxonomy	0.6391986915656558	0.6622304379778757
oxygen	5634	order	1	4464	1170	327cbcd024ddc6747e19acfbcd9fd38c61989fb471e92fb05529cb1bfc13e639	b4b1919a475bfd3ee859f995af65c2f6a1efec38ec83ab8302e661b80bfffa80	3	3	prevalence	0.3333333333333333	0.2711291413116971
oxygen	5634	order	1	4464	1170	327cbcd024ddc6747e19acfbcd9fd38c61989fb471e92fb05529cb1bfc13e639	b4b1919a475bfd3ee859f995af65c2f6a1efec38ec83ab8302e661b80bfffa80	3	3	taxonomy	0.38465740410877564	0.3562201472303315
oxygen	5634	order	2	4204	1430	cd056652cc60af020892eb5632857a0b3a6b24671bbc0d4c9f5596e7e67dddc0	65ddcc6c7752857fb710ae024ba3ffe882b00edfd80c0b7e518f799eb54d2620	3	3	prevalence	0.3333333333333333	0.30307653190948386
oxygen	5634	order	2	4204	1430	cd056652cc60af020892eb5632857a0b3a6b24671bbc0d4c9f5596e7e67dddc0	65ddcc6c7752857fb710ae024ba3ffe882b00edfd80c0b7e518f799eb54d2620	3	3	taxonomy	0.44443110854915524	0.3775506915119458
oxygen	5634	order	3	4507	1127	e490f45b8d61515f16b28aa7f3509a7efd922c2068fddc70bd98239201f81923	34722873684e0dbd2f911342dea5070c1dd3ad256c1936e4bc4fcfe0bc1b2a63	3	3	prevalence	0.3333333333333333	0.3099081987970877
oxygen	5634	order	3	4507	1127	e490f45b8d61515f16b28aa7f3509a7efd922c2068fddc70bd98239201f81923	34722873684e0dbd2f911342dea5070c1dd3ad256c1936e4bc4fcfe0bc1b2a63	3	3	taxonomy	0.49341575740916016	0.1518205952460805
oxygen	5634	order	4	4325	1309	eb1120f2fcb20692c81b590187e4fb6e5f926f34048e24eddcd670afe3310c09	517f6b82a661cc29e8d72ebe6c4d69d8a5904bc63cb67f2e9b8517f2a9a2bf02	3	3	prevalence	0.3333333333333333	0.25366777094178894
oxygen	5634	order	4	4325	1309	eb1120f2fcb20692c81b590187e4fb6e5f926f34048e24eddcd670afe3310c09	517f6b82a661cc29e8d72ebe6c4d69d8a5904bc63cb67f2e9b8517f2a9a2bf02	3	3	taxonomy	0.7378508650382042	0.7616451952220468
oxygen	5634	order	5	4495	1139	c844508ae2d7794f28337cf00c3c6c05980026e000016cc1bf1a4fc801220c18	2c4d8af0c6049995d0c2b2aa1a6c70d64b02bfb0ea957cd034e6423fa4226699	3	3	prevalence	0.3333333333333333	0.2782608695652174
oxygen	5634	order	5	4495	1139	c844508ae2d7794f28337cf00c3c6c05980026e000016cc1bf1a4fc801220c18	2c4d8af0c6049995d0c2b2aa1a6c70d64b02bfb0ea957cd034e6423fa4226699	3	3	taxonomy	0.563955398849216	0.5879528308458006
oxygen	5634	order	6	4217	1417	67e2a89d30cf3bce91e7eaa099a9892c9ffdddcf7a2d8c55760505b7dbb6664f	405ddaae2bebc22a95f57d1c96bffc5bba9bdc921e5abc5db1efa2fcc5d77d2b	3	3	prevalence	0.3333333333333333	0.26991460170796583
oxygen	5634	order	6	4217	1417	67e2a89d30cf3bce91e7eaa099a9892c9ffdddcf7a2d8c55760505b7dbb6664f	405ddaae2bebc22a95f57d1c96bffc5bba9bdc921e5abc5db1efa2fcc5d77d2b	3	3	taxonomy	0.4108778837716236	0.3911507988333116
oxygen	5634	order	7	4463	1171	8352dbc8fe2dc49a3fdc99c2ef7c1e9821186e921cd7da558e42aaa966d18184	06e9ef2184f843436f95ba063fb9e1cc706da9fa3c44f4c8c6ee5d1c81fcf076	3	3	prevalence	0.3333333333333333	0.2648824841310688
oxygen	5634	order	7	4463	1171	8352dbc8fe2dc49a3fdc99c2ef7c1e9821186e921cd7da558e42aaa966d18184	06e9ef2184f843436f95ba063fb9e1cc706da9fa3c44f4c8c6ee5d1c81fcf076	3	3	taxonomy	0.2497915905765925	0.16622545657749346
oxygen	5634	order	8	4200	1434	24a7c54678c76c28de13a0d3a825f723473636f6d23e739272fcb2c949c9a91f	15e562b397cda6e119b7b5804029a605d5c18b0e48acb43a0eeac4e8d08a0f16	3	3	prevalence	0.3333333333333333	0.28411364545818324
oxygen	5634	order	8	4200	1434	24a7c54678c76c28de13a0d3a825f723473636f6d23e739272fcb2c949c9a91f	15e562b397cda6e119b7b5804029a605d5c18b0e48acb43a0eeac4e8d08a0f16	3	3	taxonomy	0.5384944607045168	0.5121594643558024
oxygen	5634	order	9	4433	1201	1221275600b729e557a9241c2da5e71560a649ea13248c84a20eeea6c5139feb	3a2c5e00e856cd50a5f019f00b8e200dd3cdc55b5a6e6dcb0e472e1827da85fa	3	3	prevalence	0.3333333333333333	0.21685393258426966
oxygen	5634	order	9	4433	1201	1221275600b729e557a9241c2da5e71560a649ea13248c84a20eeea6c5139feb	3a2c5e00e856cd50a5f019f00b8e200dd3cdc55b5a6e6dcb0e472e1827da85fa	3	3	taxonomy	0.7514149155080366	0.7707898141670909
oxygen	5634	order	10	4506	1128	d71e39cbae6a28b5cc998e9c509d0ccbd301c8d579c7b71782e92d0fe4e5a4d2	1db7c5b58bc7f0b857612dc45b5bb24f8e9d9c50927b551c681b4d9bda7afbf1	3	3	prevalence	0.3333333333333333	0.2835795551027339
oxygen	5634	order	10	4506	1128	d71e39cbae6a28b5cc998e9c509d0ccbd301c8d579c7b71782e92d0fe4e5a4d2	1db7c5b58bc7f0b857612dc45b5bb24f8e9d9c50927b551c681b4d9bda7afbf1	3	3	taxonomy	0.46062275085281706	0.41794091016007284
oxygen	5634	order	11	4417	1217	5fcb52bfdf41b6a39d97f51501ca118485a21e2e8da935fd70d1c55de5e12bad	7e5735274f86b7f3a3965717656d59f4fca59ffeaeb380490ca830aac5ab0f7b	3	3	prevalence	0.3333333333333333	0.2985480943738657
oxygen	5634	order	11	4417	1217	5fcb52bfdf41b6a39d97f51501ca118485a21e2e8da935fd70d1c55de5e12bad	7e5735274f86b7f3a3965717656d59f4fca59ffeaeb380490ca830aac5ab0f7b	3	3	taxonomy	0.5276860050218052	0.4064430404656094
oxygen	5634	order	12	4263	1371	c241a521c07fc66309954b8716c7249bf17cd107700ab55568419bb3781f0a77	22ce02829e760661237d3ff14a3c16cd92304eac1c05a64a5e1ede4879ff11ce	3	3	prevalence	0.3333333333333333	0.2847193202395877
oxygen	5634	order	12	4263	1371	c241a521c07fc66309954b8716c7249bf17cd107700ab55568419bb3781f0a77	22ce02829e760661237d3ff14a3c16cd92304eac1c05a64a5e1ede4879ff11ce	3	3	taxonomy	0.4437576173964973	0.3795869210955894
oxygen	5634	order	13	4493	1141	366a4fb90884a33c0934ab88e23c4dec91ae1edc8d617b58ae63ccc6ee03c353	b563b4e42c0d6c8a2555e5bb6159c407e3f10a162e7f7edc038dfe7e28ba5c6f	3	3	prevalence	0.3333333333333333	0.2972316658572122
oxygen	5634	order	13	4493	1141	366a4fb90884a33c0934ab88e23c4dec91ae1edc8d617b58ae63ccc6ee03c353	b563b4e42c0d6c8a2555e5bb6159c407e3f10a162e7f7edc038dfe7e28ba5c6f	3	3	taxonomy	0.5880239035185224	0.5871271476937835
oxygen	5634	order	14	4362	1272	0bbf717f8c2f3104a4cba8f2b50957063515b1462244e57ba9c0fae265c51136	80fdcf12ec119e9906d599821eb40e5e307cd437e1586d1d3de99d00a99487f4	3	3	prevalence	0.3333333333333333	0.2944103014340064
oxygen	5634	order	14	4362	1272	0bbf717f8c2f3104a4cba8f2b50957063515b1462244e57ba9c0fae265c51136	80fdcf12ec119e9906d599821eb40e5e307cd437e1586d1d3de99d00a99487f4	3	3	taxonomy	0.5327858652440249	0.3410115003606123
oxygen	5634	order	15	4503	1131	80226e9598b64247708c503c216361f12f87c629113bac3ab517d2174b34e9c3	d8b1908ad928c132f5b121cd7ea0bfd7193d4a2d86d75a00cbdd5fe9e4613095	3	3	prevalence	0.3333333333333333	0.24115876598946576
oxygen	5634	order	15	4503	1131	80226e9598b64247708c503c216361f12f87c629113bac3ab517d2174b34e9c3	d8b1908ad928c132f5b121cd7ea0bfd7193d4a2d86d75a00cbdd5fe9e4613095	3	3	taxonomy	0.350983525085741	0.2872944860406694
oxygen	5634	order	16	4397	1237	35a2c3699bd8e396e65fba16d579808ab4a6e5c1defc5b7e546cf6ac62de2ed0	b542901c7649325d18c31346733f6a0e160019d1ab55395f1eb469035cdde7a1	3	3	prevalence	0.3333333333333333	0.29752312742464937
oxygen	5634	order	16	4397	1237	35a2c3699bd8e396e65fba16d579808ab4a6e5c1defc5b7e546cf6ac62de2ed0	b542901c7649325d18c31346733f6a0e160019d1ab55395f1eb469035cdde7a1	3	3	taxonomy	0.4766612882124635	0.4365865872033376
oxygen	5634	order	17	4244	1390	e780e3e53cb910953c0cef333518b6366ae4bcb38897ccbd6769f8b89bb532f4	30ca9bc641899d5064b7570e3a11f2b190977acbca4068caed11c5c1fb906580	3	3	prevalence	0.3333333333333333	0.226026311618323
oxygen	5634	order	17	4244	1390	e780e3e53cb910953c0cef333518b6366ae4bcb38897ccbd6769f8b89bb532f4	30ca9bc641899d5064b7570e3a11f2b190977acbca4068caed11c5c1fb906580	3	3	taxonomy	0.6878504096913672	0.7069190385801702
oxygen	5634	order	18	4502	1132	6186b1cd47225f9b48209b7ee05ce72523cf9a770711bc69cca65a0969feee1a	ec366608e671bda69165b60c00f6900ad398ad7cc3fd460fac6336c0784f44c8	3	3	prevalence	0.3333333333333333	0.2707240293809024
oxygen	5634	order	18	4502	1132	6186b1cd47225f9b48209b7ee05ce72523cf9a770711bc69cca65a0969feee1a	ec366608e671bda69165b60c00f6900ad398ad7cc3fd460fac6336c0784f44c8	3	3	taxonomy	0.5605734548063009	0.5266478513459765
oxygen	5634	order	19	4383	1251	598256daf49348f6d3ae5541716348880304103dac81cb5a9aef7c512bf9e1c0	297948f105d096e002d36e1eafa4f3ba054b840333c4874286c448b17e24465f	3	3	prevalence	0.3333333333333333	0.28497330282227307
oxygen	5634	order	19	4383	1251	598256daf49348f6d3ae5541716348880304103dac81cb5a9aef7c512bf9e1c0	297948f105d096e002d36e1eafa4f3ba054b840333c4874286c448b17e24465f	3	3	taxonomy	0.46767455287496107	0.44799470181728057
temperature	5634	within	0	4507	1127	e6e6a084cc35b1b9910d4eda744019b35cf21b0a0bd3bc54a6cdc755ad700a75	30b2e2096bd300924361f95d664c680ca811e4db8a132e9a9d15de5ef5addacd	3	3	prevalence	0.3333333333333333	0.3270042194092827
temperature	5634	within	0	4507	1127	e6e6a084cc35b1b9910d4eda744019b35cf21b0a0bd3bc54a6cdc755ad700a75	30b2e2096bd300924361f95d664c680ca811e4db8a132e9a9d15de5ef5addacd	3	3	taxonomy	0.7463793076696302	0.47515527311615663
temperature	5634	within	1	4507	1127	9bc0d90a27357d0bb0620754ee54c2399d10a4c24f5fdee11a1a66fb8dc0f8dd	ef6a299b99675e2373fe61b75342d1d60aebf2df0be10869025f93f2039e8ef0	3	3	prevalence	0.3333333333333333	0.3259259259259259
temperature	5634	within	1	4507	1127	9bc0d90a27357d0bb0620754ee54c2399d10a4c24f5fdee11a1a66fb8dc0f8dd	ef6a299b99675e2373fe61b75342d1d60aebf2df0be10869025f93f2039e8ef0	3	3	taxonomy	0.6841682127396412	0.4784008271932187
temperature	5634	within	2	4507	1127	84e685a4751f77f955f245707afd180e242e3191c4e5738de537cc4edfc89026	08b50c2e3bff34f4089ed4df52b40b5398bcce27ec102c885df63f6d770e16c1	3	3	prevalence	0.3333333333333333	0.3253066787823717
temperature	5634	within	2	4507	1127	84e685a4751f77f955f245707afd180e242e3191c4e5738de537cc4edfc89026	08b50c2e3bff34f4089ed4df52b40b5398bcce27ec102c885df63f6d770e16c1	3	3	taxonomy	0.6940655089284425	0.49631073272895615
temperature	5634	within	3	4507	1127	fd6dde83675e73c82aff9b80d2ff6839de64372a363b6cfed6a881c22c195719	eb9eaa3cf643167e3d37c77d7f1f45c37d443726a0043e05173977c984024f7f	3	3	prevalence	0.3333333333333333	0.32685059550731194
temperature	5634	within	3	4507	1127	fd6dde83675e73c82aff9b80d2ff6839de64372a363b6cfed6a881c22c195719	eb9eaa3cf643167e3d37c77d7f1f45c37d443726a0043e05173977c984024f7f	3	3	taxonomy	0.7133810429013382	0.4779596365551482
temperature	5634	within	4	4507	1127	df7c28af09dcbb8e33355071558a87b6fad6b03047fce57f2a1bb3de12a15b69	1cca842ee86bb810738c74b025ea8e487cc171a595f1b8451d1b883e1fd35ac2	3	3	prevalence	0.3333333333333333	0.32685059550731194
temperature	5634	within	4	4507	1127	df7c28af09dcbb8e33355071558a87b6fad6b03047fce57f2a1bb3de12a15b69	1cca842ee86bb810738c74b025ea8e487cc171a595f1b8451d1b883e1fd35ac2	3	3	taxonomy	0.718387477992427	0.48390886619094253
temperature	5634	within	5	4507	1127	9b97f99de20115e17bc5f08b6adfaa3ffd088d72cdf0a8fb72bf2665715cfae5	861abca7eb052988f4e4e87711fc4cb4c00a7ca6e76d9448a72f0012ce861d78	3	3	prevalence	0.3333333333333333	0.32546170148349984
temperature	5634	within	5	4507	1127	9b97f99de20115e17bc5f08b6adfaa3ffd088d72cdf0a8fb72bf2665715cfae5	861abca7eb052988f4e4e87711fc4cb4c00a7ca6e76d9448a72f0012ce861d78	3	3	taxonomy	0.7418499737716383	0.4857177903492555
temperature	5634	within	6	4507	1127	6fccbd7dd271bb17f8f9e1a5158bafa404e1b48a103c776003520ffc867288ea	fb52f8f4256d4f01c90552adef51f6a7eab19957bb663123a890d82cec1605e7	3	3	prevalence	0.3333333333333333	0.3245294474802672
temperature	5634	within	6	4507	1127	6fccbd7dd271bb17f8f9e1a5158bafa404e1b48a103c776003520ffc867288ea	fb52f8f4256d4f01c90552adef51f6a7eab19957bb663123a890d82cec1605e7	3	3	taxonomy	0.6785389475403507	0.5071434293343505
temperature	5634	within	7	4507	1127	6568a5a506a8b7a0753a07d71af9c2fb1f4856921f2494f8fca62d2011c102ec	8e04ee20c2fd978a4f02c7232dadecedeaf994344bbb0b6cc375066f7273023d	3	3	prevalence	0.3333333333333333	0.3271577044735653
temperature	5634	within	7	4507	1127	6568a5a506a8b7a0753a07d71af9c2fb1f4856921f2494f8fca62d2011c102ec	8e04ee20c2fd978a4f02c7232dadecedeaf994344bbb0b6cc375066f7273023d	3	3	taxonomy	0.6893863822385922	0.477348393212296
temperature	5634	within	8	4507	1127	1e7b2297820a0b8b53b7fc9607d23c188614761aa3de15d9287a4efe8def0971	1d61a28a20c48c27dc1ae1282a76e5f8522115f2e84dc605680cdf7c1c60f031	3	3	prevalence	0.3333333333333333	0.3257713248638839
temperature	5634	within	8	4507	1127	1e7b2297820a0b8b53b7fc9607d23c188614761aa3de15d9287a4efe8def0971	1d61a28a20c48c27dc1ae1282a76e5f8522115f2e84dc605680cdf7c1c60f031	3	3	taxonomy	0.7361770473126308	0.5092934944952405
temperature	5634	within	9	4507	1127	e4e8b3521179aba73cbfdd6ec51d0821883d51e7ccdaf1bebb9c6b01087c9a0f	a751f59a4a8eb84c3595f2a6c700b4b950a78743ce252566919f3bc633ba8e32	3	3	prevalence	0.3333333333333333	0.3257713248638839
temperature	5634	within	9	4507	1127	e4e8b3521179aba73cbfdd6ec51d0821883d51e7ccdaf1bebb9c6b01087c9a0f	a751f59a4a8eb84c3595f2a6c700b4b950a78743ce252566919f3bc633ba8e32	3	3	taxonomy	0.741341321424887	0.5397122205421857
temperature	5634	within	10	4507	1127	b2156290f999bbd0d46bbc558b71b0daf21ebd522cfe62b2a656b422b2a0a4e0	25bf2845e858c47e651e38a87b4f7abd9dc53d7a3b5d8a03ba206db773231c55	3	3	prevalence	0.3333333333333333	0.3266968325791855
temperature	5634	within	10	4507	1127	b2156290f999bbd0d46bbc558b71b0daf21ebd522cfe62b2a656b422b2a0a4e0	25bf2845e858c47e651e38a87b4f7abd9dc53d7a3b5d8a03ba206db773231c55	3	3	taxonomy	0.7536382235257908	0.5019013758222218
temperature	5634	within	11	4507	1127	2b6284f6a88c21bd753740ec78b33a96a58684d5fa9544d9b93a4a05915712fb	3f3885d524e7a8a5bf5a09f07b88f9262cfa3c13b5a1dd87120d0ad61fb49c38	3	3	prevalence	0.3333333333333333	0.32685059550731194
temperature	5634	within	11	4507	1127	2b6284f6a88c21bd753740ec78b33a96a58684d5fa9544d9b93a4a05915712fb	3f3885d524e7a8a5bf5a09f07b88f9262cfa3c13b5a1dd87120d0ad61fb49c38	3	3	taxonomy	0.5674299050682815	0.4717717576969546
temperature	5634	within	12	4507	1127	64aa0a2912734ea7118fdcc58f1fa76c2dfb195a864f8eedab123a33ae8f0823	ba403a9728df4e8119d0aac154d867abfa432c8f0485bbf14d0b671cfe44cfce	3	3	prevalence	0.3333333333333333	0.3263888888888889
temperature	5634	within	12	4507	1127	64aa0a2912734ea7118fdcc58f1fa76c2dfb195a864f8eedab123a33ae8f0823	ba403a9728df4e8119d0aac154d867abfa432c8f0485bbf14d0b671cfe44cfce	3	3	taxonomy	0.6138071610782064	0.45278787725765457
temperature	5634	within	13	4507	1127	73747e8ad73df6bb30b740bca74b085c6314bb52c029f8f1605fc53642af1d4c	0464303ec37a688bf9a3f04d785d24a345b36e6e9a1594d54234969915564e19	3	3	prevalence	0.3333333333333333	0.32499621039866605
temperature	5634	within	13	4507	1127	73747e8ad73df6bb30b740bca74b085c6314bb52c029f8f1605fc53642af1d4c	0464303ec37a688bf9a3f04d785d24a345b36e6e9a1594d54234969915564e19	3	3	taxonomy	0.6892172413195348	0.48981232359668486
temperature	5634	within	14	4507	1127	876a4a52b488ad45a68cc8d1de83b795cccff0791be21ba0d8d2591d484ce8c0	d53ed6ca1233f808c18796b04428c9286853ecaff7f665a300328a64d9110b78	3	3	prevalence	0.3333333333333333	0.32421756305074445
temperature	5634	within	14	4507	1127	876a4a52b488ad45a68cc8d1de83b795cccff0791be21ba0d8d2591d484ce8c0	d53ed6ca1233f808c18796b04428c9286853ecaff7f665a300328a64d9110b78	3	3	taxonomy	0.7786433926897844	0.530589395171035
temperature	5634	within	15	4507	1127	b430594c109853ab545b940a0d8d64c894cdce41c71fdb5b00bb9b8ade75fcff	53cc6b3c3977d0394d3cde23bd6ab38683ed53117fd8d24480bcd5fd423061d4	3	3	prevalence	0.3333333333333333	0.32515151515151514
temperature	5634	within	15	4507	1127	b430594c109853ab545b940a0d8d64c894cdce41c71fdb5b00bb9b8ade75fcff	53cc6b3c3977d0394d3cde23bd6ab38683ed53117fd8d24480bcd5fd423061d4	3	3	taxonomy	0.6501605441891396	0.45797310916774
temperature	5634	within	16	4507	1127	909644211fc8b81b4fa163eb68eaa3de67a70c478f7aedd950022b0db3e2279c	91761a1912e4dc02ac454f69581c002297dde5b8438044e921cf843eba18d2e4	3	3	prevalence	0.3333333333333333	0.3263888888888889
temperature	5634	within	16	4507	1127	909644211fc8b81b4fa163eb68eaa3de67a70c478f7aedd950022b0db3e2279c	91761a1912e4dc02ac454f69581c002297dde5b8438044e921cf843eba18d2e4	3	3	taxonomy	0.7361394396668999	0.48960120824670783
temperature	5634	within	17	4507	1127	22f4af329e671e5bf3c0245d9b58f5bfcb79b6451a87cfba74ad38dba763a277	fed63d34309242975a76c839e6d2cc7c6b773073050df6f2509cc39ee2045537	3	3	prevalence	0.3333333333333333	0.3276173285198556
temperature	5634	within	17	4507	1127	22f4af329e671e5bf3c0245d9b58f5bfcb79b6451a87cfba74ad38dba763a277	fed63d34309242975a76c839e6d2cc7c6b773073050df6f2509cc39ee2045537	3	3	taxonomy	0.7093128252219162	0.47755889494544496
temperature	5634	within	18	4507	1127	d9ff895ad72e1982064f8e5f76df24cfc85ad85cbeb57c5842c3ea79197665e6	44ca9a8ee1b4f6b144b2bbb631da865755fdb3c7a872495583a9bf3701189272	3	3	prevalence	0.3333333333333333	0.3270042194092827
temperature	5634	within	18	4507	1127	d9ff895ad72e1982064f8e5f76df24cfc85ad85cbeb57c5842c3ea79197665e6	44ca9a8ee1b4f6b144b2bbb631da865755fdb3c7a872495583a9bf3701189272	3	3	taxonomy	0.7474933668482056	0.4792140859971284
temperature	5634	within	19	4507	1127	a839b5980450bb17e63819f265552d96712b1df8f465c72ee835433e097ca9c2	604d8729df270d4e0495af958881a4026a2e60fc3326bd1b166aeb44d581b94b	3	3	prevalence	0.3333333333333333	0.32608038682381385
temperature	5634	within	19	4507	1127	a839b5980450bb17e63819f265552d96712b1df8f465c72ee835433e097ca9c2	604d8729df270d4e0495af958881a4026a2e60fc3326bd1b166aeb44d581b94b	3	3	taxonomy	0.6061244979919679	0.455684973267962
temperature	5634	genus	0	4507	1127	5db256713fec054056211bb56846fd93272e5cd4b486024a877ffbe39527b729	a9677e4ec24f74132d5bd441789e1b6ad53622420cce783bb29082264cee9338	3	3	prevalence	0.3333333333333333	0.3271577044735653
temperature	5634	genus	0	4507	1127	5db256713fec054056211bb56846fd93272e5cd4b486024a877ffbe39527b729	a9677e4ec24f74132d5bd441789e1b6ad53622420cce783bb29082264cee9338	3	3	taxonomy	0.5814259405419625	0.40626575457642494
temperature	5634	genus	1	4502	1132	6d0c2e4242d7b0464fd54348b91299ffd84a2302921177dd127ed982d6415d8d	50311f4a070c0bc984871de484b827d4ef530be25db3fb5321437e30b2b63b44	3	3	prevalence	0.3333333333333333	0.32855436081242534
temperature	5634	genus	1	4502	1132	6d0c2e4242d7b0464fd54348b91299ffd84a2302921177dd127ed982d6415d8d	50311f4a070c0bc984871de484b827d4ef530be25db3fb5321437e30b2b63b44	3	3	taxonomy	0.6169463869463869	0.3640631486093815
temperature	5634	genus	2	4465	1169	dfc6483609f6885269245d1c7a99c3c8ab354ff184745229179acf8f163b9833	00f30d30edbf0e7f952214ba3984ff63b6e1c666021c45ade14cfc39b3c4ce2d	3	3	prevalence	0.3333333333333333	0.32723577235772355
temperature	5634	genus	2	4465	1169	dfc6483609f6885269245d1c7a99c3c8ab354ff184745229179acf8f163b9833	00f30d30edbf0e7f952214ba3984ff63b6e1c666021c45ade14cfc39b3c4ce2d	3	3	taxonomy	0.561963916001183	0.34195807845872817
temperature	5634	genus	3	4500	1134	7c4e34ae259490e8588889b9606bb5ee2dea6cf707f87c26d14601c0c1801ecb	afcc8713f25cdb81252a2cc401913b4683878b01a3f506bcbfe48a51f1e5dfeb	3	3	prevalence	0.3333333333333333	0.32412022353118863
temperature	5634	genus	3	4500	1134	7c4e34ae259490e8588889b9606bb5ee2dea6cf707f87c26d14601c0c1801ecb	afcc8713f25cdb81252a2cc401913b4683878b01a3f506bcbfe48a51f1e5dfeb	3	3	taxonomy	0.6721415459346494	0.3801486850648757
temperature	5634	genus	4	4501	1133	da586424c30125c3651e84cbb90da80a371c715d962263fd550b0d6ffe32e123	9400b08b0755775f2ea7b4d6ccb7219cec72a0db2ae71f387535db2f89288aac	3	3	prevalence	0.3333333333333333	0.32565838976674194
temperature	5634	genus	4	4501	1133	da586424c30125c3651e84cbb90da80a371c715d962263fd550b0d6ffe32e123	9400b08b0755775f2ea7b4d6ccb7219cec72a0db2ae71f387535db2f89288aac	3	3	taxonomy	0.5272625411257574	0.4201204427956931
temperature	5634	genus	5	4505	1129	e21674587235880efba089ecc1f819dc86cd9e825fdbad90eebd79454caa9666	ad248e340d1a855cbb6014be0bfa3d3923da6da4bb01e63fac5dfe325a6be0eb	3	3	prevalence	0.3333333333333333	0.3257850241545894
temperature	5634	genus	5	4505	1129	e21674587235880efba089ecc1f819dc86cd9e825fdbad90eebd79454caa9666	ad248e340d1a855cbb6014be0bfa3d3923da6da4bb01e63fac5dfe325a6be0eb	3	3	taxonomy	0.5480049094506926	0.464439397310652
temperature	5634	genus	6	4502	1132	1d51bdefb05c1e8040693e951836e24118e94b14a3c89066e04f1c28f66bcdc1	55a32d71ac3dd6e10172d320636805d96c66d50f40cf682c3a5f8d0979b1b55d	3	3	prevalence	0.3333333333333333	0.32425892316999394
temperature	5634	genus	6	4502	1132	1d51bdefb05c1e8040693e951836e24118e94b14a3c89066e04f1c28f66bcdc1	55a32d71ac3dd6e10172d320636805d96c66d50f40cf682c3a5f8d0979b1b55d	3	3	taxonomy	0.7790853425181784	0.40678538601135417
temperature	5634	genus	7	4492	1142	8dee8937d2392063c0727ed0f00d7eacd3f9eed5dcd2bb298cbb73c727a20e43	0c6bca4d0ba71012b95422e98985ec29f77de79a5d51405b6f570186a3dfd2d2	3	3	prevalence	0.3333333333333333	0.3261776982707215
temperature	5634	genus	7	4492	1142	8dee8937d2392063c0727ed0f00d7eacd3f9eed5dcd2bb298cbb73c727a20e43	0c6bca4d0ba71012b95422e98985ec29f77de79a5d51405b6f570186a3dfd2d2	3	3	taxonomy	0.7040053182649161	0.3992475141507863
temperature	5634	genus	8	4506	1128	70aa13d765985ae93d507eb02e332dffa397ecc02cb4379e456d98443ba11718	4ef93017e524bad388e0273bda45058b6e1a35b274a307390838b269daf40833	3	3	prevalence	0.3333333333333333	0.327163280662152
temperature	5634	genus	8	4506	1128	70aa13d765985ae93d507eb02e332dffa397ecc02cb4379e456d98443ba11718	4ef93017e524bad388e0273bda45058b6e1a35b274a307390838b269daf40833	3	3	taxonomy	0.6148212996211334	0.3520463352255268
temperature	5634	genus	9	4507	1127	e4a71a63bc6221aee3cdafaa09a04e7a94ba3f1225dbaea610899bec05fe7b99	029f801d0d3a9ee63d236fbb8bc1c5febdd6c1e706dbadbacb9d98ca6a2ca1fd	3	3	prevalence	0.3333333333333333	0.3263888888888889
temperature	5634	genus	9	4507	1127	e4a71a63bc6221aee3cdafaa09a04e7a94ba3f1225dbaea610899bec05fe7b99	029f801d0d3a9ee63d236fbb8bc1c5febdd6c1e706dbadbacb9d98ca6a2ca1fd	3	3	taxonomy	0.5676377892844128	0.34650626946657476
temperature	5634	genus	10	4475	1159	b86b1d5d0f2b6ae3125bab048a52a32b44e028931f872923e40e430f8564b138	e323f02219df3e9b786689d3d30a4107867b1073d655b0173f9ce1c9df7630b4	3	3	prevalence	0.3333333333333333	0.3258344361123364
temperature	5634	genus	10	4475	1159	b86b1d5d0f2b6ae3125bab048a52a32b44e028931f872923e40e430f8564b138	e323f02219df3e9b786689d3d30a4107867b1073d655b0173f9ce1c9df7630b4	3	3	taxonomy	0.5643277367104081	0.37536827767127434
temperature	5634	genus	11	4507	1127	457ad70324ad19167972d683142879d0418972193ff47cdfdd171a222fc85d51	605b42d4254324874d9a9682a2f0667a4dea7c1cdf89ec548de8eaaa449f723b	3	3	prevalence	0.3333333333333333	0.32623470774807434
temperature	5634	genus	11	4507	1127	457ad70324ad19167972d683142879d0418972193ff47cdfdd171a222fc85d51	605b42d4254324874d9a9682a2f0667a4dea7c1cdf89ec548de8eaaa449f723b	3	3	taxonomy	0.5348238482384824	0.37996345009515825
temperature	5634	genus	12	4475	1159	0b0141cb7bb68b69b0799ca70ade716974287ae2a00d7d045f8f75f9b116ed05	9730267c4276a2d424a2e98a2242c7e586250cbf39bf61e2c9ecd0be948b83d6	3	3	prevalence	0.3333333333333333	0.32688361184403397
temperature	5634	genus	12	4475	1159	0b0141cb7bb68b69b0799ca70ade716974287ae2a00d7d045f8f75f9b116ed05	9730267c4276a2d424a2e98a2242c7e586250cbf39bf61e2c9ecd0be948b83d6	3	3	taxonomy	0.7152177903653003	0.3664711834306149
temperature	5634	genus	13	4503	1131	a74e4c0f7d509af37d4a255b45a1b5523c6a51fb54ad2ec26347e0f607680fa2	70362d3eee25e2d8cb1b931696c9a5d55d260db0d553e0bbc7fc0c0962918d12	3	3	prevalence	0.3333333333333333	0.3247165532879818
temperature	5634	genus	13	4503	1131	a74e4c0f7d509af37d4a255b45a1b5523c6a51fb54ad2ec26347e0f607680fa2	70362d3eee25e2d8cb1b931696c9a5d55d260db0d553e0bbc7fc0c0962918d12	3	3	taxonomy	0.5647371131978287	0.4004647025616672
temperature	5634	genus	14	4507	1127	0748e627297848f83f769758e4929c51fe612dd33e2150b9983ba51d28df09ea	18be19d03c6d5d1597d8ede1741568518e95129741da5aa584fe83e4a848b8dd	3	3	prevalence	0.3333333333333333	0.3263888888888889
temperature	5634	genus	14	4507	1127	0748e627297848f83f769758e4929c51fe612dd33e2150b9983ba51d28df09ea	18be19d03c6d5d1597d8ede1741568518e95129741da5aa584fe83e4a848b8dd	3	3	taxonomy	0.5738374822556137	0.4302359938415696
temperature	5634	genus	15	4506	1128	8784f528cdfdfa5ef30829296fa03062fd0a15f2d5d2f15e31d0d1facdc1c531	187b0520f4a590ec2e043540e9f58163a00db710ad4ddde470af237dd23b519e	3	3	prevalence	0.3333333333333333	0.3251589464123524
temperature	5634	genus	15	4506	1128	8784f528cdfdfa5ef30829296fa03062fd0a15f2d5d2f15e31d0d1facdc1c531	187b0520f4a590ec2e043540e9f58163a00db710ad4ddde470af237dd23b519e	3	3	taxonomy	0.6540192427063936	0.4178828675768438
temperature	5634	genus	16	4505	1129	4adaac8d0a856f1447d3f13466644b8c4dfdf0e3f7a678c9e4af8fa611fa9d1b	fe9f57b16cc9d71bba2d60c5c1d0a2c79cd1eef60ac20498b1210754445e75f5	3	3	prevalence	0.3333333333333333	0.32438987418523574
temperature	5634	genus	16	4505	1129	4adaac8d0a856f1447d3f13466644b8c4dfdf0e3f7a678c9e4af8fa611fa9d1b	fe9f57b16cc9d71bba2d60c5c1d0a2c79cd1eef60ac20498b1210754445e75f5	3	3	taxonomy	0.6001319498122253	0.3985931957643036
temperature	5634	genus	17	4506	1128	80146a43b08cc8e3da693ad8c2b907397f5d441b7221c23d2a6505a743a08ee9	9a24751173bcb3e9575042bb7456202965183b5031b0b34a8268da8a03dd5d4c	3	3	prevalence	0.3333333333333333	0.326395173453997
temperature	5634	genus	17	4506	1128	80146a43b08cc8e3da693ad8c2b907397f5d441b7221c23d2a6505a743a08ee9	9a24751173bcb3e9575042bb7456202965183b5031b0b34a8268da8a03dd5d4c	3	3	taxonomy	0.5552654549188745	0.3992557235716954
temperature	5634	genus	18	4481	1153	8762e0e041ca0bef356e80ef9bd947a0ed6c154389360828d0f41b92dd443996	57bae4ea06af69d1c4ab8c433eda3d5053903456b722ce64155cc5f5b5670a39	3	3	prevalence	0.3333333333333333	0.3265486725663717
temperature	5634	genus	18	4481	1153	8762e0e041ca0bef356e80ef9bd947a0ed6c154389360828d0f41b92dd443996	57bae4ea06af69d1c4ab8c433eda3d5053903456b722ce64155cc5f5b5670a39	3	3	taxonomy	0.6154935423228106	0.39379102926442044
temperature	5634	genus	19	4468	1166	e4e700a871d9dc07d17ab4f18a7a82819976cd052008b012cf21adc5aadd551f	9d2e78b6792c2b8162f0af915117e702ecbc8f57672715f482b8910aff9c0b5a	3	3	prevalence	0.3333333333333333	0.32498168498168495
temperature	5634	genus	19	4468	1166	e4e700a871d9dc07d17ab4f18a7a82819976cd052008b012cf21adc5aadd551f	9d2e78b6792c2b8162f0af915117e702ecbc8f57672715f482b8910aff9c0b5a	3	3	taxonomy	0.7384692501117979	0.3924519368527337
temperature	5634	family	0	4454	1180	f197dc9122a73ecf39ace4a166158d62644ae75299a804c873e26f988fd8e4ab	605854d172946e1f0db5dd1f233ea8207c20c54384ae546f7101cad444355cc6	3	3	prevalence	0.3333333333333333	0.32816982214572576
temperature	5634	family	0	4454	1180	f197dc9122a73ecf39ace4a166158d62644ae75299a804c873e26f988fd8e4ab	605854d172946e1f0db5dd1f233ea8207c20c54384ae546f7101cad444355cc6	3	3	taxonomy	0.40722267928150285	0.34086387477597463
temperature	5634	family	1	4373	1261	633be1787895a91a834b1bb6acd672125dcc994e0cb06b020a6f2da03c83281d	d28842000b2b0949474fa0d109fa3b65872bdab517979e12c57bf5affa4b97b8	3	3	prevalence	0.3333333333333333	0.32493224932249326
temperature	5634	family	1	4373	1261	633be1787895a91a834b1bb6acd672125dcc994e0cb06b020a6f2da03c83281d	d28842000b2b0949474fa0d109fa3b65872bdab517979e12c57bf5affa4b97b8	3	3	taxonomy	0.6060245677982681	0.29940857434591767
temperature	5634	family	2	4476	1158	b127102c03534688f8efe363c78bd0f8bd4e4b8f3c7d3dc734947946f307be65	45e4ee28ecc4e021ce15a06eafe854f7b3e844b8c6ebea1035d203c65019ec5e	3	3	prevalence	0.3333333333333333	0.33042973286875726
temperature	5634	family	2	4476	1158	b127102c03534688f8efe363c78bd0f8bd4e4b8f3c7d3dc734947946f307be65	45e4ee28ecc4e021ce15a06eafe854f7b3e844b8c6ebea1035d203c65019ec5e	3	3	taxonomy	0.6129857449716852	0.34138063706133687
temperature	5634	family	3	4485	1149	c2568117d540120a19610c763c1b6be712d1c1052a7c122d7a872c261d2d21af	ece642300bb185ff8c481bfdd9d9b1589921f2f1214caaf871ba1a1b276864cc	3	3	prevalence	0.3333333333333333	0.3239373601789709
temperature	5634	family	3	4485	1149	c2568117d540120a19610c763c1b6be712d1c1052a7c122d7a872c261d2d21af	ece642300bb185ff8c481bfdd9d9b1589921f2f1214caaf871ba1a1b276864cc	3	3	taxonomy	0.7133037857628438	0.38210760859668197
temperature	5634	family	4	4507	1127	0acba4e9c755fd020d245870aff8202b2a00235c84998fd80cd4f66771df0612	cb3a825219fa1942da79054729ca5b8dbfe07368f759461cd8ab3017a02147ec	3	3	prevalence	0.3333333333333333	0.32608038682381385
temperature	5634	family	4	4507	1127	0acba4e9c755fd020d245870aff8202b2a00235c84998fd80cd4f66771df0612	cb3a825219fa1942da79054729ca5b8dbfe07368f759461cd8ab3017a02147ec	3	3	taxonomy	0.4792632066728452	0.38519090108281767
temperature	5634	family	5	4506	1128	171eb8de7386814e76fc8f5a18983011f7d9d81ec85dcfec990bb89422c51631	fade8d2a37f70acc66d5c6fe1d97506949c4f36e29c22d0d1ddde1879e97211b	3	3	prevalence	0.3333333333333333	0.3246930422919509
temperature	5634	family	5	4506	1128	171eb8de7386814e76fc8f5a18983011f7d9d81ec85dcfec990bb89422c51631	fade8d2a37f70acc66d5c6fe1d97506949c4f36e29c22d0d1ddde1879e97211b	3	3	taxonomy	0.603619225467965	0.2714091535144167
temperature	5634	family	6	4493	1141	d79d8dc2f9e4989ae668bd40d1c644af33cdef351ca9f936815890dda491ae9f	422d81dd8efefb3e3266b8e7d26f6b11014231067f5cf31995e57aaa6845b144	3	3	prevalence	0.3333333333333333	0.3266279243033825
temperature	5634	family	6	4493	1141	d79d8dc2f9e4989ae668bd40d1c644af33cdef351ca9f936815890dda491ae9f	422d81dd8efefb3e3266b8e7d26f6b11014231067f5cf31995e57aaa6845b144	3	3	taxonomy	0.7404243161542432	0.37167869534333303
temperature	5634	family	7	4370	1264	7744bb14886cc8466043495b0e679edee63692b1e1cd3be6548ce6b0a82fc638	d87605c31cf17580260d4c2bb9d6ba7390465c7d3ad0399d0e82255bef33616c	3	3	prevalence	0.3333333333333333	0.32674465510286405
temperature	5634	family	7	4370	1264	7744bb14886cc8466043495b0e679edee63692b1e1cd3be6548ce6b0a82fc638	d87605c31cf17580260d4c2bb9d6ba7390465c7d3ad0399d0e82255bef33616c	3	3	taxonomy	0.6022321985284949	0.39836306992432596
temperature	5634	family	8	4483	1151	e78f00f93e49eef75a8c497fe0bfe9ff28b757e9a6f71da262ca581a557c7bfa	84a1ca017b084c656254e13992db279fc51b367cccffb64878cf205bc3c99001	3	3	prevalence	0.3333333333333333	0.3266873430807857
temperature	5634	family	8	4483	1151	e78f00f93e49eef75a8c497fe0bfe9ff28b757e9a6f71da262ca581a557c7bfa	84a1ca017b084c656254e13992db279fc51b367cccffb64878cf205bc3c99001	3	3	taxonomy	0.7029167503851048	0.3437071845584596
temperature	5634	family	9	4507	1127	74e127024e54629d338ea406287534e6c58be6ebd479a68bc3705bb6b2283b12	436d6a1f1e48abfa9acb8d6c7084f4c1d32fa4fe760557add6b245a2b816e8ae	3	3	prevalence	0.3333333333333333	0.3259259259259259
temperature	5634	family	9	4507	1127	74e127024e54629d338ea406287534e6c58be6ebd479a68bc3705bb6b2283b12	436d6a1f1e48abfa9acb8d6c7084f4c1d32fa4fe760557add6b245a2b816e8ae	3	3	taxonomy	0.6285250463821892	0.37974164420167433
temperature	5634	family	10	4458	1176	1bcc057a57cdfe227ff9e9e396513eef409c6cd44c04c64d72835aa7f88f6ab8	069d3e4b4915a7b7462824a56831a114a0791b17a48300ce199b486999876e83	3	3	prevalence	0.3333333333333333	0.32550043516100957
temperature	5634	family	10	4458	1176	1bcc057a57cdfe227ff9e9e396513eef409c6cd44c04c64d72835aa7f88f6ab8	069d3e4b4915a7b7462824a56831a114a0791b17a48300ce199b486999876e83	3	3	taxonomy	0.7078346490111196	0.3835109742266701
temperature	5634	family	11	4507	1127	66db9facac253745bd4a1067b8df64f34a3519d40a737929723e02e0588c1a29	aec9d5a265eeb1e034cf1db40fa6f2fb7ca2db38100a11ba5bfe562270dbccce	3	3	prevalence	0.3333333333333333	0.32499621039866605
temperature	5634	family	11	4507	1127	66db9facac253745bd4a1067b8df64f34a3519d40a737929723e02e0588c1a29	aec9d5a265eeb1e034cf1db40fa6f2fb7ca2db38100a11ba5bfe562270dbccce	3	3	taxonomy	0.5871090973702914	0.4376106409098041
temperature	5634	family	12	4485	1149	cf88b9332b10953601cda6f4d90001138e3db51085d1ce01f8585ba661121337	02c6b0b788e724bab85301242c868814bf08126382ea2d3bcb727fbc296ec69d	3	3	prevalence	0.3333333333333333	0.32847682119205296
temperature	5634	family	12	4485	1149	cf88b9332b10953601cda6f4d90001138e3db51085d1ce01f8585ba661121337	02c6b0b788e724bab85301242c868814bf08126382ea2d3bcb727fbc296ec69d	3	3	taxonomy	0.4562724014336917	0.39131526104417674
temperature	5634	family	13	4490	1144	9cde74e640e2f9d3946a4afc8096744a40dc349e1df41cf901c2f821fbb1cf18	eada87bd42fb127ce3a178be2810668d37f00b688a976e0f1fb623d8ddbd67fc	3	3	prevalence	0.3333333333333333	0.3293527937490786
temperature	5634	family	13	4490	1144	9cde74e640e2f9d3946a4afc8096744a40dc349e1df41cf901c2f821fbb1cf18	eada87bd42fb127ce3a178be2810668d37f00b688a976e0f1fb623d8ddbd67fc	3	3	taxonomy	0.4614925510180658	0.3873854202790586
temperature	5634	family	14	4471	1163	6acd2b21bba4c4bab4d43da2c8f27726ad08bd7c010404ef820c7e0bbc0429d7	0c0df4d9f8ab15bf35c67f31d70e7869e4ccaeb56e92efe2d7167adfc7128a47	3	3	prevalence	0.3333333333333333	0.3277972027972028
temperature	5634	family	14	4471	1163	6acd2b21bba4c4bab4d43da2c8f27726ad08bd7c010404ef820c7e0bbc0429d7	0c0df4d9f8ab15bf35c67f31d70e7869e4ccaeb56e92efe2d7167adfc7128a47	3	3	taxonomy	0.6901717171717171	0.5095232475456852
temperature	5634	family	15	4501	1133	90bc11235c4013e89b17270ae42e33ed64e76630cdebd0a282cf21c336b34f82	c66a1fd236ff1393c1860dfcd7f8355539fda1a72fb4a2c0e4d7f5ef15b00b0a	3	3	prevalence	0.3333333333333333	0.3291629431039619
temperature	5634	family	15	4501	1133	90bc11235c4013e89b17270ae42e33ed64e76630cdebd0a282cf21c336b34f82	c66a1fd236ff1393c1860dfcd7f8355539fda1a72fb4a2c0e4d7f5ef15b00b0a	3	3	taxonomy	0.45235753164141906	0.3659906272489786
temperature	5634	family	16	4503	1131	f29fda952864412bf496ebacb121a887765caaf4e7e1364bfc8e499b5ec53338	e479e9d1b75dcfce45750cf6c013fe3f65154d805cbfd15fe30c1b6394bbb442	3	3	prevalence	0.3333333333333333	0.32518115942028986
temperature	5634	family	16	4503	1131	f29fda952864412bf496ebacb121a887765caaf4e7e1364bfc8e499b5ec53338	e479e9d1b75dcfce45750cf6c013fe3f65154d805cbfd15fe30c1b6394bbb442	3	3	taxonomy	0.4493552047869597	0.33307882446462533
temperature	5634	family	17	4376	1258	4b211d895e987ab580214a78c9bbc0e8b42fba86d5b1de8a28f70078d307bd8d	3e959f5903811abcabc0456806c5ab457c2831e9821438102ed3f0a40e97b359	3	3	prevalence	0.3333333333333333	0.32657474993241414
temperature	5634	family	17	4376	1258	4b211d895e987ab580214a78c9bbc0e8b42fba86d5b1de8a28f70078d307bd8d	3e959f5903811abcabc0456806c5ab457c2831e9821438102ed3f0a40e97b359	3	3	taxonomy	0.4507738074158019	0.27871671359643313
temperature	5634	family	18	4463	1171	d0785fe000048ee474ce6761ba62eb2ac488de2c6762464e4161b83aae56e332	97d1042288d59e0beac5e52146640b8067b7504bfd2560ac9b93d2550f301318	3	3	prevalence	0.3333333333333333	0.3276885222173976
temperature	5634	family	18	4463	1171	d0785fe000048ee474ce6761ba62eb2ac488de2c6762464e4161b83aae56e332	97d1042288d59e0beac5e52146640b8067b7504bfd2560ac9b93d2550f301318	3	3	taxonomy	0.5492932862190812	0.254965921386559
temperature	5634	family	19	4478	1156	153468841d4feae5caff6a2b118d5182ef9cd9ad354814805145872afde59719	19af8bde54e6dbd1f6bf5d599955e370bf6ce1a12d1a87c1bc3f3e02a6cf1a70	3	3	prevalence	0.3333333333333333	0.3296895496283341
temperature	5634	family	19	4478	1156	153468841d4feae5caff6a2b118d5182ef9cd9ad354814805145872afde59719	19af8bde54e6dbd1f6bf5d599955e370bf6ce1a12d1a87c1bc3f3e02a6cf1a70	3	3	taxonomy	0.4698291879701175	0.31333075235514257
temperature	5634	order	0	4428	1206	6a1ffbf56a6a7533f6821692ff4eb69f02246271f7758fc91e0a1d5fb990f723	06809a746728393b900ba54d0a65a4893b4d16a27473e121b86c61c58d7ac52c	3	3	prevalence	0.3333333333333333	0.328140350877193
temperature	5634	order	0	4428	1206	6a1ffbf56a6a7533f6821692ff4eb69f02246271f7758fc91e0a1d5fb990f723	06809a746728393b900ba54d0a65a4893b4d16a27473e121b86c61c58d7ac52c	3	3	taxonomy	0.6481893356144853	0.2471421762129948
temperature	5634	order	1	4464	1170	327cbcd024ddc6747e19acfbcd9fd38c61989fb471e92fb05529cb1bfc13e639	b4b1919a475bfd3ee859f995af65c2f6a1efec38ec83ab8302e661b80bfffa80	3	3	prevalence	0.3333333333333333	0.3273887197332173
temperature	5634	order	1	4464	1170	327cbcd024ddc6747e19acfbcd9fd38c61989fb471e92fb05529cb1bfc13e639	b4b1919a475bfd3ee859f995af65c2f6a1efec38ec83ab8302e661b80bfffa80	3	3	taxonomy	0.7290681565260839	0.48540034504272245
temperature	5634	order	2	4204	1430	cd056652cc60af020892eb5632857a0b3a6b24671bbc0d4c9f5596e7e67dddc0	65ddcc6c7752857fb710ae024ba3ffe882b00edfd80c0b7e518f799eb54d2620	3	3	prevalence	0.3333333333333333	0.32860520094562645
temperature	5634	order	2	4204	1430	cd056652cc60af020892eb5632857a0b3a6b24671bbc0d4c9f5596e7e67dddc0	65ddcc6c7752857fb710ae024ba3ffe882b00edfd80c0b7e518f799eb54d2620	3	3	taxonomy	0.5572851608822832	0.26740751785599953
temperature	5634	order	3	4507	1127	e490f45b8d61515f16b28aa7f3509a7efd922c2068fddc70bd98239201f81923	34722873684e0dbd2f911342dea5070c1dd3ad256c1936e4bc4fcfe0bc1b2a63	3	3	prevalence	0.3333333333333333	0.32914046121593293
temperature	5634	order	3	4507	1127	e490f45b8d61515f16b28aa7f3509a7efd922c2068fddc70bd98239201f81923	34722873684e0dbd2f911342dea5070c1dd3ad256c1936e4bc4fcfe0bc1b2a63	3	3	taxonomy	0.4092751340488518	0.06463605285366804
temperature	5634	order	4	4325	1309	eb1120f2fcb20692c81b590187e4fb6e5f926f34048e24eddcd670afe3310c09	517f6b82a661cc29e8d72ebe6c4d69d8a5904bc63cb67f2e9b8517f2a9a2bf02	3	3	prevalence	0.3333333333333333	0.3278985507246377
temperature	5634	order	4	4325	1309	eb1120f2fcb20692c81b590187e4fb6e5f926f34048e24eddcd670afe3310c09	517f6b82a661cc29e8d72ebe6c4d69d8a5904bc63cb67f2e9b8517f2a9a2bf02	3	3	taxonomy	0.5497450361360013	0.30525065695550785
temperature	5634	order	5	4495	1139	c844508ae2d7794f28337cf00c3c6c05980026e000016cc1bf1a4fc801220c18	2c4d8af0c6049995d0c2b2aa1a6c70d64b02bfb0ea957cd034e6423fa4226699	3	3	prevalence	0.3333333333333333	0.3240072202166065
temperature	5634	order	5	4495	1139	c844508ae2d7794f28337cf00c3c6c05980026e000016cc1bf1a4fc801220c18	2c4d8af0c6049995d0c2b2aa1a6c70d64b02bfb0ea957cd034e6423fa4226699	3	3	taxonomy	0.4485746912987332	0.35215301602035415
temperature	5634	order	6	4217	1417	67e2a89d30cf3bce91e7eaa099a9892c9ffdddcf7a2d8c55760505b7dbb6664f	405ddaae2bebc22a95f57d1c96bffc5bba9bdc921e5abc5db1efa2fcc5d77d2b	3	3	prevalence	0.3333333333333333	0.3275903326154583
temperature	5634	order	6	4217	1417	67e2a89d30cf3bce91e7eaa099a9892c9ffdddcf7a2d8c55760505b7dbb6664f	405ddaae2bebc22a95f57d1c96bffc5bba9bdc921e5abc5db1efa2fcc5d77d2b	3	3	taxonomy	0.47477593423539366	0.48250304314503406
temperature	5634	order	7	4463	1171	8352dbc8fe2dc49a3fdc99c2ef7c1e9821186e921cd7da558e42aaa966d18184	06e9ef2184f843436f95ba063fb9e1cc706da9fa3c44f4c8c6ee5d1c81fcf076	3	3	prevalence	0.3333333333333333	0.3245690914402571
temperature	5634	order	7	4463	1171	8352dbc8fe2dc49a3fdc99c2ef7c1e9821186e921cd7da558e42aaa966d18184	06e9ef2184f843436f95ba063fb9e1cc706da9fa3c44f4c8c6ee5d1c81fcf076	3	3	taxonomy	0.6395091122015427	0.09053166701494104
temperature	5634	order	8	4200	1434	24a7c54678c76c28de13a0d3a825f723473636f6d23e739272fcb2c949c9a91f	15e562b397cda6e119b7b5804029a605d5c18b0e48acb43a0eeac4e8d08a0f16	3	3	prevalence	0.3333333333333333	0.3229054297015462
temperature	5634	order	8	4200	1434	24a7c54678c76c28de13a0d3a825f723473636f6d23e739272fcb2c949c9a91f	15e562b397cda6e119b7b5804029a605d5c18b0e48acb43a0eeac4e8d08a0f16	3	3	taxonomy	0.5306651520459983	0.3204397552801808
temperature	5634	order	9	4433	1201	1221275600b729e557a9241c2da5e71560a649ea13248c84a20eeea6c5139feb	3a2c5e00e856cd50a5f019f00b8e200dd3cdc55b5a6e6dcb0e472e1827da85fa	3	3	prevalence	0.3333333333333333	0.32639184020399487
temperature	5634	order	9	4433	1201	1221275600b729e557a9241c2da5e71560a649ea13248c84a20eeea6c5139feb	3a2c5e00e856cd50a5f019f00b8e200dd3cdc55b5a6e6dcb0e472e1827da85fa	3	3	taxonomy	0.43016555958132047	0.24802237389649975
temperature	5634	order	10	4506	1128	d71e39cbae6a28b5cc998e9c509d0ccbd301c8d579c7b71782e92d0fe4e5a4d2	1db7c5b58bc7f0b857612dc45b5bb24f8e9d9c50927b551c681b4d9bda7afbf1	3	3	prevalence	0.3333333333333333	0.32484848484848483
temperature	5634	order	10	4506	1128	d71e39cbae6a28b5cc998e9c509d0ccbd301c8d579c7b71782e92d0fe4e5a4d2	1db7c5b58bc7f0b857612dc45b5bb24f8e9d9c50927b551c681b4d9bda7afbf1	3	3	taxonomy	0.5865677923513745	0.24498984331480758
temperature	5634	order	11	4417	1217	5fcb52bfdf41b6a39d97f51501ca118485a21e2e8da935fd70d1c55de5e12bad	7e5735274f86b7f3a3965717656d59f4fca59ffeaeb380490ca830aac5ab0f7b	3	3	prevalence	0.3333333333333333	0.3261994684571269
temperature	5634	order	11	4417	1217	5fcb52bfdf41b6a39d97f51501ca118485a21e2e8da935fd70d1c55de5e12bad	7e5735274f86b7f3a3965717656d59f4fca59ffeaeb380490ca830aac5ab0f7b	3	3	taxonomy	0.6000889397115813	0.10049991972701616
temperature	5634	order	12	4263	1371	c241a521c07fc66309954b8716c7249bf17cd107700ab55568419bb3781f0a77	22ce02829e760661237d3ff14a3c16cd92304eac1c05a64a5e1ede4879ff11ce	3	3	prevalence	0.3333333333333333	0.3249844236760125
temperature	5634	order	12	4263	1371	c241a521c07fc66309954b8716c7249bf17cd107700ab55568419bb3781f0a77	22ce02829e760661237d3ff14a3c16cd92304eac1c05a64a5e1ede4879ff11ce	3	3	taxonomy	0.653502044989775	0.21229877359550817
temperature	5634	order	13	4493	1141	366a4fb90884a33c0934ab88e23c4dec91ae1edc8d617b58ae63ccc6ee03c353	b563b4e42c0d6c8a2555e5bb6159c407e3f10a162e7f7edc038dfe7e28ba5c6f	3	3	prevalence	0.3333333333333333	0.3258661887694146
temperature	5634	order	13	4493	1141	366a4fb90884a33c0934ab88e23c4dec91ae1edc8d617b58ae63ccc6ee03c353	b563b4e42c0d6c8a2555e5bb6159c407e3f10a162e7f7edc038dfe7e28ba5c6f	3	3	taxonomy	0.550981401236128	0.2978500099942225
temperature	5634	order	14	4362	1272	0bbf717f8c2f3104a4cba8f2b50957063515b1462244e57ba9c0fae265c51136	80fdcf12ec119e9906d599821eb40e5e307cd437e1586d1d3de99d00a99487f4	3	3	prevalence	0.3333333333333333	0.3258306538049303
temperature	5634	order	14	4362	1272	0bbf717f8c2f3104a4cba8f2b50957063515b1462244e57ba9c0fae265c51136	80fdcf12ec119e9906d599821eb40e5e307cd437e1586d1d3de99d00a99487f4	3	3	taxonomy	0.6941669989367357	0.22133072553602148
temperature	5634	order	15	4503	1131	80226e9598b64247708c503c216361f12f87c629113bac3ab517d2174b34e9c3	d8b1908ad928c132f5b121cd7ea0bfd7193d4a2d86d75a00cbdd5fe9e4613095	3	3	prevalence	0.3333333333333333	0.3253357476988079
temperature	5634	order	15	4503	1131	80226e9598b64247708c503c216361f12f87c629113bac3ab517d2174b34e9c3	d8b1908ad928c132f5b121cd7ea0bfd7193d4a2d86d75a00cbdd5fe9e4613095	3	3	taxonomy	0.6154916512059369	0.34517314365368207
temperature	5634	order	16	4397	1237	35a2c3699bd8e396e65fba16d579808ab4a6e5c1defc5b7e546cf6ac62de2ed0	b542901c7649325d18c31346733f6a0e160019d1ab55395f1eb469035cdde7a1	3	3	prevalence	0.3333333333333333	0.3253311258278146
temperature	5634	order	16	4397	1237	35a2c3699bd8e396e65fba16d579808ab4a6e5c1defc5b7e546cf6ac62de2ed0	b542901c7649325d18c31346733f6a0e160019d1ab55395f1eb469035cdde7a1	3	3	taxonomy	0.6048106826732781	0.2015137722005789
temperature	5634	order	17	4244	1390	e780e3e53cb910953c0cef333518b6366ae4bcb38897ccbd6769f8b89bb532f4	30ca9bc641899d5064b7570e3a11f2b190977acbca4068caed11c5c1fb906580	3	3	prevalence	0.3333333333333333	0.3229475766567755
temperature	5634	order	17	4244	1390	e780e3e53cb910953c0cef333518b6366ae4bcb38897ccbd6769f8b89bb532f4	30ca9bc641899d5064b7570e3a11f2b190977acbca4068caed11c5c1fb906580	3	3	taxonomy	0.4862373461148346	0.28055322249205145
temperature	5634	order	18	4502	1132	6186b1cd47225f9b48209b7ee05ce72523cf9a770711bc69cca65a0969feee1a	ec366608e671bda69165b60c00f6900ad398ad7cc3fd460fac6336c0784f44c8	3	3	prevalence	0.3333333333333333	0.32207001522070017
temperature	5634	order	18	4502	1132	6186b1cd47225f9b48209b7ee05ce72523cf9a770711bc69cca65a0969feee1a	ec366608e671bda69165b60c00f6900ad398ad7cc3fd460fac6336c0784f44c8	3	3	taxonomy	0.5251615453995083	0.3092490788853467
temperature	5634	order	19	4383	1251	598256daf49348f6d3ae5541716348880304103dac81cb5a9aef7c512bf9e1c0	297948f105d096e002d36e1eafa4f3ba054b840333c4874286c448b17e24465f	3	3	prevalence	0.3333333333333333	0.3281926406926407
temperature	5634	order	19	4383	1251	598256daf49348f6d3ae5541716348880304103dac81cb5a9aef7c512bf9e1c0	297948f105d096e002d36e1eafa4f3ba054b840333c4874286c448b17e24465f	3	3	taxonomy	0.6387876853797126	0.30684104397241124
