trait	panel_n	split	repeat	train_n	test_n	train_accessions_sha256	test_accessions_sha256	train_classes	test_classes	model	balanced_accuracy	macro_f1
gram	192	within	0	154	38	e9adf1310baf06dd1e013d22794fc40e967283ac868261f7159d364ee009208b	03f3b3804f09b030e82268e485db9ef8629968d2fa3474766e3f8b0331cee376	2	2	prevalence	0.5	0.3968253968253968
gram	192	within	0	154	38	e9adf1310baf06dd1e013d22794fc40e967283ac868261f7159d364ee009208b	03f3b3804f09b030e82268e485db9ef8629968d2fa3474766e3f8b0331cee376	2	2	taxonomy	0.9415384615384615	0.9415384615384615
gram	192	within	1	154	38	6c7343014d05a3a9db7020b2d2690bdc92931fc4dc4655b044c4473ef0189827	4ad74bce85b45374ee6f9eb2245eec85cf91168d20f6fbb5b346a5016171c4b6	2	2	prevalence	0.5	0.42424242424242425
gram	192	within	1	154	38	6c7343014d05a3a9db7020b2d2690bdc92931fc4dc4655b044c4473ef0189827	4ad74bce85b45374ee6f9eb2245eec85cf91168d20f6fbb5b346a5016171c4b6	2	2	taxonomy	0.95	0.9649122807017543
gram	192	within	2	154	38	0bf67f5b19df66138a8563c6f2e3106b8baee9a32e9aad8e68854f867bc3ce85	cf0f3de1ce0c908bea525198ca4a617e53b9009334650cd3e4fccd7bf3e3f80d	2	2	prevalence	0.5	0.3968253968253968
gram	192	within	2	154	38	0bf67f5b19df66138a8563c6f2e3106b8baee9a32e9aad8e68854f867bc3ce85	cf0f3de1ce0c908bea525198ca4a617e53b9009334650cd3e4fccd7bf3e3f80d	2	2	taxonomy	0.98	0.9712773998488284
gram	192	within	3	154	38	18b2973baa5c67b391835cc00c0e738c65e550a273c3110b034849d5d42e02cc	0da19e447e7f79c4986d474f37a90fd27d9241ec97cf34e48f8c6fa6aa1a98af	2	2	prevalence	0.5	0.40625
gram	192	within	3	154	38	18b2973baa5c67b391835cc00c0e738c65e550a273c3110b034849d5d42e02cc	0da19e447e7f79c4986d474f37a90fd27d9241ec97cf34e48f8c6fa6aa1a98af	2	2	taxonomy	1.0	1.0
gram	192	within	4	154	38	7e38edd61403973e2d714d2959396961b02f16f4ec9745bc6d1f89feb6a0dfba	5d0c5bcc718eee69c9d67293ea69fce03d26b592eb956ea3c296741d574deddc	2	2	prevalence	0.5	0.40625
gram	192	within	4	154	38	7e38edd61403973e2d714d2959396961b02f16f4ec9745bc6d1f89feb6a0dfba	5d0c5bcc718eee69c9d67293ea69fce03d26b592eb956ea3c296741d574deddc	2	2	taxonomy	1.0	1.0
gram	192	within	5	154	38	604dcd0f04a3c894029546a3ee6c4400573e7fbf0fae48feeff8a3d70be7ace0	ba888ab4e8bf6d0ce340111b1f53c4c3765721324a17cf163577f62c1941696d	2	2	prevalence	0.5	0.4153846153846154
gram	192	within	5	154	38	604dcd0f04a3c894029546a3ee6c4400573e7fbf0fae48feeff8a3d70be7ace0	ba888ab4e8bf6d0ce340111b1f53c4c3765721324a17cf163577f62c1941696d	2	2	taxonomy	1.0	1.0
gram	192	within	6	154	38	7c80f2b59924ab693a7f68104f1b4259f1ff1bca393efadcb8d2a4c4145fd9e9	5388f2582b87e3bd1a3282b683a6243e8f19b7db5cb4511dbd999915de5bd868	2	2	prevalence	0.5	0.36666666666666664
gram	192	within	6	154	38	7c80f2b59924ab693a7f68104f1b4259f1ff1bca393efadcb8d2a4c4145fd9e9	5388f2582b87e3bd1a3282b683a6243e8f19b7db5cb4511dbd999915de5bd868	2	2	taxonomy	0.9460227272727273	0.9460227272727273
gram	192	within	7	154	38	39dc361cd97b1176e5485922932f2073981b32469bea313050538bd678e62a34	d163d02f1bc179b3c9215755d0603a36f65de229fde9d8f428898636c4b7cb31	2	2	prevalence	0.5	0.4153846153846154
gram	192	within	7	154	38	39dc361cd97b1176e5485922932f2073981b32469bea313050538bd678e62a34	d163d02f1bc179b3c9215755d0603a36f65de229fde9d8f428898636c4b7cb31	2	2	taxonomy	0.936026936026936	0.936026936026936
gram	192	within	8	154	38	e7f9419a8521f7e7ad91730ce3fd8a90c8588e579b7b50c1f986275a93075e7a	5aec335d9bbe9593c8fa56613ea15f304caadceec43832edbf1e0711b8898262	2	2	prevalence	0.5	0.40625
gram	192	within	8	154	38	e7f9419a8521f7e7ad91730ce3fd8a90c8588e579b7b50c1f986275a93075e7a	5aec335d9bbe9593c8fa56613ea15f304caadceec43832edbf1e0711b8898262	2	2	taxonomy	0.9807692307692308	0.9701960784313726
gram	192	within	9	154	38	ae187f4e2218b4160e9a767db3acfe95750d8d34504043b06df670fa70b046e1	838a1db79676d613201e2dae313d896ab39bf482ca3cd5f4f6941602387dd4e3	2	2	prevalence	0.5	0.42424242424242425
gram	192	within	9	154	38	ae187f4e2218b4160e9a767db3acfe95750d8d34504043b06df670fa70b046e1	838a1db79676d613201e2dae313d896ab39bf482ca3cd5f4f6941602387dd4e3	2	2	taxonomy	0.9321428571428572	0.9321428571428572
gram	192	within	10	154	38	a371de2713ee4a5bf7b8d4c09efadcc74d526b85a1ad5279d661fb5f47faed89	b171ede8215d5ec13f0da90caf6c2ace7ce05ca35fd05df8afedff89f7b5bb7e	2	2	prevalence	0.5	0.40625
gram	192	within	10	154	38	a371de2713ee4a5bf7b8d4c09efadcc74d526b85a1ad5279d661fb5f47faed89	b171ede8215d5ec13f0da90caf6c2ace7ce05ca35fd05df8afedff89f7b5bb7e	2	2	taxonomy	0.9391025641025641	0.9391025641025641
gram	192	within	11	154	38	ad03f13a2aa267ed0a6124891fbc1f18b7fb634d5e4eea1524ad3c8ba1f81439	e03e6a612d42b262f33a79e7cc66f925f2d7aed0c0b3f19e17cb5ff8b10a3546	2	2	prevalence	0.5	0.40625
gram	192	within	11	154	38	ad03f13a2aa267ed0a6124891fbc1f18b7fb634d5e4eea1524ad3c8ba1f81439	e03e6a612d42b262f33a79e7cc66f925f2d7aed0c0b3f19e17cb5ff8b10a3546	2	2	taxonomy	0.9423076923076923	0.9138321995464853
gram	192	within	12	154	38	9aff78cff14c32f485f64154cf8af9f2ff966be3d6593e9e65f48247289c5290	834907f5381537c17792ff025baca1d25913fdd4d0fd845bfed2cb761966913c	2	2	prevalence	0.5	0.3448275862068966
gram	192	within	12	154	38	9aff78cff14c32f485f64154cf8af9f2ff966be3d6593e9e65f48247289c5290	834907f5381537c17792ff025baca1d25913fdd4d0fd845bfed2cb761966913c	2	2	taxonomy	0.9722222222222222	0.9735191637630662
gram	192	within	13	154	38	a86d9c0229ac77ce6ee8c0c291bfd724f8cc5a35fc0087c24daf7f423369a268	265cde3a9705506ca3e3f866681c62b7d7e85af5bdcca0373644e43aa8f548fc	2	2	prevalence	0.5	0.3870967741935484
gram	192	within	13	154	38	a86d9c0229ac77ce6ee8c0c291bfd724f8cc5a35fc0087c24daf7f423369a268	265cde3a9705506ca3e3f866681c62b7d7e85af5bdcca0373644e43aa8f548fc	2	2	taxonomy	0.9583333333333333	0.9449275362318841
gram	192	within	14	154	38	d5ab922173c4542069221e83770f4af56001da0d3b066ad980eb072346526a62	e1e8e13d7ae7209ff958aa392be3c5f7829d92a8fafcc8d6c761825b0c4ab269	2	2	prevalence	0.5	0.3333333333333333
gram	192	within	14	154	38	d5ab922173c4542069221e83770f4af56001da0d3b066ad980eb072346526a62	e1e8e13d7ae7209ff958aa392be3c5f7829d92a8fafcc8d6c761825b0c4ab269	2	2	taxonomy	1.0	1.0
gram	192	within	15	154	38	f70d60993f43df1dc599ad2447ab81040612af780b43f7bc69146627735bab62	1afbe13027360cb9b448b29cf34750a649411fab365d9f811540b955c5b75d09	2	2	prevalence	0.5	0.32142857142857145
gram	192	within	15	154	38	f70d60993f43df1dc599ad2447ab81040612af780b43f7bc69146627735bab62	1afbe13027360cb9b448b29cf34750a649411fab365d9f811540b955c5b75d09	2	2	taxonomy	0.9472222222222222	0.9472222222222222
gram	192	within	16	154	38	f6771500e4e01f4b0e47dc9ec84e1e4c8523aec88b34ce3f2f338680a44fbecf	92bc686fabfeb34ffe8da177d59bfffea9b702ff4fbc21c2d3b00a65c1252c0a	2	2	prevalence	0.5	0.36666666666666664
gram	192	within	16	154	38	f6771500e4e01f4b0e47dc9ec84e1e4c8523aec88b34ce3f2f338680a44fbecf	92bc686fabfeb34ffe8da177d59bfffea9b702ff4fbc21c2d3b00a65c1252c0a	2	2	taxonomy	0.9460227272727273	0.9460227272727273
gram	192	within	17	154	38	d62d425adf1c9b9538ccfaf8b80a2e85d8651de15eea7f171ae9139c19871ee2	aa4ad7f14524ed21062c2c6a4ea15e4a3834a67da040bb2e02bc09c19083d910	2	2	prevalence	0.5	0.3770491803278688
gram	192	within	17	154	38	d62d425adf1c9b9538ccfaf8b80a2e85d8651de15eea7f171ae9139c19871ee2	aa4ad7f14524ed21062c2c6a4ea15e4a3834a67da040bb2e02bc09c19083d910	2	2	taxonomy	0.8782608695652174	0.8869047619047619
gram	192	within	18	154	38	94d5a8020a89f5f0631024582a503f718dc14ecfeced5229c58ae1f54b6205bc	e7469400aa0b60d0f2c24871f64b63877869964bfd4edfd9798a6c2333210988	2	2	prevalence	0.5	0.3870967741935484
gram	192	within	18	154	38	94d5a8020a89f5f0631024582a503f718dc14ecfeced5229c58ae1f54b6205bc	e7469400aa0b60d0f2c24871f64b63877869964bfd4edfd9798a6c2333210988	2	2	taxonomy	0.9077380952380952	0.9138321995464853
gram	192	within	19	154	38	963f33bdfcafc0cc404fa35c919b35c6c88611d8aa1f0dccd6ec1c0b64a729eb	9bf6fd999ddaaa8c107eeae96f0874851e13df6848b53945485e9023a7c102bc	2	2	prevalence	0.5	0.36666666666666664
gram	192	within	19	154	38	963f33bdfcafc0cc404fa35c919b35c6c88611d8aa1f0dccd6ec1c0b64a729eb	9bf6fd999ddaaa8c107eeae96f0874851e13df6848b53945485e9023a7c102bc	2	2	taxonomy	0.9460227272727273	0.9460227272727273
gram	192	genus	0	150	42	abec218a8b9f7419399534eebe4ac5432351634260baaa22ce85c77bf1535537	60e40b55bf154b795ccf8df906a1bf0af333f4c7804980885ce6fa3f118be2e7	2	2	prevalence	0.5	0.4166666666666667
gram	192	genus	0	150	42	abec218a8b9f7419399534eebe4ac5432351634260baaa22ce85c77bf1535537	60e40b55bf154b795ccf8df906a1bf0af333f4c7804980885ce6fa3f118be2e7	2	2	taxonomy	0.95	0.9181286549707601
gram	192	genus	1	154	38	3ce300b89ec034b0d343a90743948c64355d42f45763279992e186c794ee23a5	e54479c511bcb14edcfdfcaaa7fdf6f284de700e6877aaed42b749e9aaf1b924	2	2	prevalence	0.5	0.3770491803278688
gram	192	genus	1	154	38	3ce300b89ec034b0d343a90743948c64355d42f45763279992e186c794ee23a5	e54479c511bcb14edcfdfcaaa7fdf6f284de700e6877aaed42b749e9aaf1b924	2	2	taxonomy	0.9115942028985508	0.9163609684519443
gram	192	genus	2	154	38	17ee1f77e8f5eaffd2bcae033ee21fd8730bb9c40846aec3e55ce430e3979eae	d8222bdf8f05456855bf8f27c56df65c608d8b3efcf5cb1d7e668f74c8c97881	2	2	prevalence	0.5	0.3448275862068966
gram	192	genus	2	154	38	17ee1f77e8f5eaffd2bcae033ee21fd8730bb9c40846aec3e55ce430e3979eae	d8222bdf8f05456855bf8f27c56df65c608d8b3efcf5cb1d7e668f74c8c97881	2	2	taxonomy	0.9472222222222222	0.9472222222222222
gram	192	genus	3	154	38	acd1563c890a8d4f5bd89b73045a94e72c3799778f84becf5c717492299f8a47	c8b7aa3fd3c09fc79bdf99142b0cd644a3999f2d1c0429a4523929d50cde9817	2	2	prevalence	0.5	0.42424242424242425
gram	192	genus	3	154	38	acd1563c890a8d4f5bd89b73045a94e72c3799778f84becf5c717492299f8a47	c8b7aa3fd3c09fc79bdf99142b0cd644a3999f2d1c0429a4523929d50cde9817	2	2	taxonomy	0.9821428571428572	0.967099567099567
gram	192	genus	4	154	38	d630733e742cd5dfbd65709a22175e362fea45723cb42c0da7dda3f57013d3c9	e9540f28469a0992415ffbe8d57b5a7dbeccbde0c191dfd10fff58dd4c009a11	2	2	prevalence	0.5	0.42424242424242425
gram	192	genus	4	154	38	d630733e742cd5dfbd65709a22175e362fea45723cb42c0da7dda3f57013d3c9	e9540f28469a0992415ffbe8d57b5a7dbeccbde0c191dfd10fff58dd4c009a11	2	2	taxonomy	1.0	1.0
gram	192	genus	5	154	38	1af1151e107a6891ca9975733c2123401317c2716b433ccb71e26f05f975ae2f	e9b742f072ce79e7df1fa01239c816b11216ef295c95cd603a35ed7d18e6c288	2	2	prevalence	0.5	0.40625
gram	192	genus	5	154	38	1af1151e107a6891ca9975733c2123401317c2716b433ccb71e26f05f975ae2f	e9b742f072ce79e7df1fa01239c816b11216ef295c95cd603a35ed7d18e6c288	2	2	taxonomy	0.9198717948717949	0.9105882352941177
gram	192	genus	6	153	39	0fadf2043b03e7176a9874cce64edbf31a58f55c4b52f9fcdc7d68f4f5706f4a	95401f1a8ffed4be9bbb1fb79d3a33f624a62c3a48fb79a6d7879184df91051b	2	2	prevalence	0.5	0.3709677419354839
gram	192	genus	6	153	39	0fadf2043b03e7176a9874cce64edbf31a58f55c4b52f9fcdc7d68f4f5706f4a	95401f1a8ffed4be9bbb1fb79d3a33f624a62c3a48fb79a6d7879184df91051b	2	2	taxonomy	0.9252717391304348	0.9212121212121211
gram	192	genus	7	154	38	e1d9150933d348d98fb9b1dbaf14076feb50664e4c1df24cb84d6181e1302ae3	1f19810900b1edf7155839f450289c8c3fddfe92f58cab51702f81305d8351b0	2	2	prevalence	0.5	0.43283582089552236
gram	192	genus	7	154	38	e1d9150933d348d98fb9b1dbaf14076feb50664e4c1df24cb84d6181e1302ae3	1f19810900b1edf7155839f450289c8c3fddfe92f58cab51702f81305d8351b0	2	2	taxonomy	0.9655172413793103	0.9321428571428572
gram	192	genus	8	154	38	53a29c312d7247c413dcf833bd0e16ca06f354405a4f9ebcd317ea1262138cdb	7cabe6c29f833b697a281108273696c67bd8e046c0b3bfb58b03f162dce84e64	2	2	prevalence	0.5	0.3770491803278688
gram	192	genus	8	154	38	53a29c312d7247c413dcf833bd0e16ca06f354405a4f9ebcd317ea1262138cdb	7cabe6c29f833b697a281108273696c67bd8e046c0b3bfb58b03f162dce84e64	2	2	taxonomy	0.8898550724637682	0.8898550724637682
gram	192	genus	9	154	38	4321edb1d44a6f948afb607a2708d5ef48bf3ba33a4e98ce32661cc75906ba75	610fa2491590fc35a9755c4a7b8dc2652447bb8a6ca3605c3002375f8e0aef17	2	2	prevalence	0.5	0.3870967741935484
gram	192	genus	9	154	38	4321edb1d44a6f948afb607a2708d5ef48bf3ba33a4e98ce32661cc75906ba75	610fa2491590fc35a9755c4a7b8dc2652447bb8a6ca3605c3002375f8e0aef17	2	2	taxonomy	0.9583333333333333	0.9449275362318841
gram	192	genus	10	153	39	cdd8a7b557f5e80f134c56d9325e5c691e34b0c756e54c361bc17224f08c7869	24591b9d0f536d7c7a28f18c7234a14c581990d0ad188a8a25a96d1755629ff3	2	2	prevalence	0.5	0.38095238095238093
gram	192	genus	10	153	39	cdd8a7b557f5e80f134c56d9325e5c691e34b0c756e54c361bc17224f08c7869	24591b9d0f536d7c7a28f18c7234a14c581990d0ad188a8a25a96d1755629ff3	2	2	taxonomy	0.9166666666666667	0.8957219251336899
gram	192	genus	11	154	38	3d045de3575422f8a9548ee29a6a32b94a609859509b492bfa14cd9fd3465927	ddd03ec118e1b71a45ce4140fd6ef53986d68ed8faeae0285141250e8fbd07ee	2	2	prevalence	0.5	0.36666666666666664
gram	192	genus	11	154	38	3d045de3575422f8a9548ee29a6a32b94a609859509b492bfa14cd9fd3465927	ddd03ec118e1b71a45ce4140fd6ef53986d68ed8faeae0285141250e8fbd07ee	2	2	taxonomy	0.8920454545454546	0.8920454545454546
gram	192	genus	12	154	38	a92becb709bf7accb88f401a38019c31f247e93cd4c03c9b2b82eeb07285d586	24fdc7ce12d72f37b5b157a83b28b2c25ec090984d3e404b5f0f2235d995b65b	2	2	prevalence	0.5	0.3559322033898305
gram	192	genus	12	154	38	a92becb709bf7accb88f401a38019c31f247e93cd4c03c9b2b82eeb07285d586	24fdc7ce12d72f37b5b157a83b28b2c25ec090984d3e404b5f0f2235d995b65b	2	2	taxonomy	1.0	1.0
gram	192	genus	13	154	38	e3d8f5c48995b73868c21943af5b1bd6d738c2214a87c25c7af5fd70ebe88898	a157b2e7910a2695568b3a5033dbafe5d288befa8d751b1b5f72744420f538aa	2	2	prevalence	0.5	0.3333333333333333
gram	192	genus	13	154	38	e3d8f5c48995b73868c21943af5b1bd6d738c2214a87c25c7af5fd70ebe88898	a157b2e7910a2695568b3a5033dbafe5d288befa8d751b1b5f72744420f538aa	2	2	taxonomy	0.9736842105263157	0.9736659736659736
gram	192	genus	14	154	38	ddbcce4cea2c67bf6d04bb64ee1b790a27733992d855894c86278148f530cf3d	56348075277f0a90235fd8405fef003158f21c7b89a2c01c9a190dda240a654a	2	2	prevalence	0.5	0.36666666666666664
gram	192	genus	14	154	38	ddbcce4cea2c67bf6d04bb64ee1b790a27733992d855894c86278148f530cf3d	56348075277f0a90235fd8405fef003158f21c7b89a2c01c9a190dda240a654a	2	2	taxonomy	0.9232954545454546	0.919661733615222
gram	192	genus	15	153	39	4840028e6cc310bfbd6341e0535e1fd13eec3bcad53d715c3b79c230cd782c47	543ddec9196250e8dda902254a10b5cab84009f1a41c589c92f9cf86e853b786	2	2	prevalence	0.5	0.43478260869565216
gram	192	genus	15	153	39	4840028e6cc310bfbd6341e0535e1fd13eec3bcad53d715c3b79c230cd782c47	543ddec9196250e8dda902254a10b5cab84009f1a41c589c92f9cf86e853b786	2	2	taxonomy	0.9833333333333334	0.9652096342551293
gram	192	genus	16	154	38	92caccdf664732444d31b321abed2088b1e1421c57b2d9b199a01b49d65e8e9e	becac62057ad65ca5ae71bbfa7b2f1e8be695a9c89a1a3dad36c89a1669459db	2	2	prevalence	0.5	0.42424242424242425
gram	192	genus	16	154	38	92caccdf664732444d31b321abed2088b1e1421c57b2d9b199a01b49d65e8e9e	becac62057ad65ca5ae71bbfa7b2f1e8be695a9c89a1a3dad36c89a1669459db	2	2	taxonomy	0.9464285714285714	0.9064807219031994
gram	192	genus	17	154	38	4dd60db20e266c3c41df5711196b211766e2f0c8d17754690c3cfeb9aa398835	4407d7d2aece2cc480578bafb14324dd59a737e1472d9347e4885649bf624198	2	2	prevalence	0.5	0.3770491803278688
gram	192	genus	17	154	38	4dd60db20e266c3c41df5711196b211766e2f0c8d17754690c3cfeb9aa398835	4407d7d2aece2cc480578bafb14324dd59a737e1472d9347e4885649bf624198	2	2	taxonomy	0.9782608695652174	0.9727598566308244
gram	192	genus	18	154	38	24270ef013405a42335139f273ed8a332d52d148770b61bdd1ae7773a975e6a7	7df2619506da08649a246ae4f0b75ecc03d1aaa144a92114d006df1a93207b33	2	2	prevalence	0.5	0.40625
gram	192	genus	18	154	38	24270ef013405a42335139f273ed8a332d52d148770b61bdd1ae7773a975e6a7	7df2619506da08649a246ae4f0b75ecc03d1aaa144a92114d006df1a93207b33	2	2	taxonomy	0.9198717948717949	0.9105882352941177
gram	192	genus	19	153	39	291c68b1940af8bd37f9dd700321fe2324096afec565f8653ff1d9f292bd87a1	6800142118a089ec6dbbfdee969c0f6a02e0642e96b93e79c5fe17d9d6f52df8	2	2	prevalence	0.5	0.35
gram	192	genus	19	153	39	291c68b1940af8bd37f9dd700321fe2324096afec565f8653ff1d9f292bd87a1	6800142118a089ec6dbbfdee969c0f6a02e0642e96b93e79c5fe17d9d6f52df8	2	2	taxonomy	0.9206349206349206	0.9222591362126246
gram	192	family	0	152	40	851c7733eeb0a797ecd1b8e4c9c72eaac9b5ca4cd9c78e7e0eb817fe6c675926	012acb05ba276adb29463be0ea9f9913f8ab6d9f1829d7e0bb3cdaefbff10f1a	2	2	prevalence	0.5	0.40298507462686567
gram	192	family	0	152	40	851c7733eeb0a797ecd1b8e4c9c72eaac9b5ca4cd9c78e7e0eb817fe6c675926	012acb05ba276adb29463be0ea9f9913f8ab6d9f1829d7e0bb3cdaefbff10f1a	2	2	taxonomy	0.9615384615384616	0.9709090909090909
gram	192	family	1	150	42	4e44a611d69c420077e15bbe3e5dbe4b867dac0295b34bbca9b7eca14964e440	8fd56945d04833c4a922907fdc325ba7bf347f8f9e575ba0146f2e44ea474e13	2	2	prevalence	0.5	0.4246575342465753
gram	192	family	1	150	42	4e44a611d69c420077e15bbe3e5dbe4b867dac0295b34bbca9b7eca14964e440	8fd56945d04833c4a922907fdc325ba7bf347f8f9e575ba0146f2e44ea474e13	2	2	taxonomy	0.9838709677419355	0.970064148253742
gram	192	family	2	150	42	fd441fb110dbe373bff9f291fde62b56e4899dd8ee70dcc65413466468b2c707	483d86604186359ff0788fa01757b24c8354c4ddbd86e9a794c63f36d08b17d8	2	2	prevalence	0.5	0.3333333333333333
gram	192	family	2	150	42	fd441fb110dbe373bff9f291fde62b56e4899dd8ee70dcc65413466468b2c707	483d86604186359ff0788fa01757b24c8354c4ddbd86e9a794c63f36d08b17d8	2	2	taxonomy	0.9047619047619047	0.9045454545454545
gram	192	family	3	154	38	3efcc288778841338bf67d465e36b656a39e3e3b9d319bb65135daffdc679916	5606643da9f15f039bb48961887a9dd96ff3d24926788edbd773f6d4ab8ecb6a	2	2	prevalence	0.5	0.3770491803278688
gram	192	family	3	154	38	3efcc288778841338bf67d465e36b656a39e3e3b9d319bb65135daffdc679916	5606643da9f15f039bb48961887a9dd96ff3d24926788edbd773f6d4ab8ecb6a	2	2	taxonomy	0.9666666666666667	0.9721203228173148
gram	192	family	4	153	39	59f9d9a2c9bd6243d7f62a09edb0a14ec50bb1749ee2d18a1b305257c9aa8797	7e723e1c147d7d94488a39a8e223b50604c73af126612997b96af658f38b2e1c	2	2	prevalence	0.5	0.44285714285714284
gram	192	family	4	153	39	59f9d9a2c9bd6243d7f62a09edb0a14ec50bb1749ee2d18a1b305257c9aa8797	7e723e1c147d7d94488a39a8e223b50604c73af126612997b96af658f38b2e1c	2	2	taxonomy	1.0	1.0
gram	192	family	5	153	39	bc9fe1b3c0006363d4f109160751b168f65add6b35985954832b42bfdace519c	cb5889678d7aa9d68cc7ec91aab2ebba0eb051c4cbec85586beb4de8ad981429	2	2	prevalence	0.5	0.4
gram	192	family	5	153	39	bc9fe1b3c0006363d4f109160751b168f65add6b35985954832b42bfdace519c	cb5889678d7aa9d68cc7ec91aab2ebba0eb051c4cbec85586beb4de8ad981429	2	2	taxonomy	0.9615384615384616	0.9442857142857143
gram	192	family	6	153	39	09398c0facf5afdab19b4609b5ae0d20a5849d1c953fce35dfdb0616cd908397	42feb6aafe83ddfdefed8dcc51392d5f980c682e46b4e01b84619e774c2da8fa	2	2	prevalence	0.5	0.4090909090909091
gram	192	family	6	153	39	09398c0facf5afdab19b4609b5ae0d20a5849d1c953fce35dfdb0616cd908397	42feb6aafe83ddfdefed8dcc51392d5f980c682e46b4e01b84619e774c2da8fa	2	2	taxonomy	0.9444444444444444	0.9150326797385621
gram	192	family	7	152	40	a24f961a30f5fc4d4af6208d138dc76ab01ebd1141db8a4d488bdef2b4df96c8	1b683dd2ec17038510ddedc6f2d37652499d5d23e4dcb85a28aabdec2d144477	2	2	prevalence	0.5	0.375
gram	192	family	7	152	40	a24f961a30f5fc4d4af6208d138dc76ab01ebd1141db8a4d488bdef2b4df96c8	1b683dd2ec17038510ddedc6f2d37652499d5d23e4dcb85a28aabdec2d144477	2	2	taxonomy	0.9791666666666667	0.9742101869761444
gram	192	family	8	146	46	e6a6db742288de13030a1129c2bc707812eb54cb7438ae65a7a97741a4440de0	82133a19e022da315f13be8e1e2384b33605b88fd55b71cb0191e736b76e4c67	2	2	prevalence	0.5	0.425
gram	192	family	8	146	46	e6a6db742288de13030a1129c2bc707812eb54cb7438ae65a7a97741a4440de0	82133a19e022da315f13be8e1e2384b33605b88fd55b71cb0191e736b76e4c67	2	2	taxonomy	0.9436274509803921	0.9436274509803921
gram	192	family	9	153	39	6c08698d4873356980038c117304d9219590692f5ad6404d626679a355db08d5	0f8435ee9b84810b6921a05e567d1820f7d625f3770702172c3e9bd3b47c3705	2	2	prevalence	0.5	0.417910447761194
gram	192	family	9	153	39	6c08698d4873356980038c117304d9219590692f5ad6404d626679a355db08d5	0f8435ee9b84810b6921a05e567d1820f7d625f3770702172c3e9bd3b47c3705	2	2	taxonomy	0.9464285714285714	0.9116981132075472
gram	192	family	10	154	38	709d8172bbde234c3583390820be810affeac61b3dc1a8929fd4321f3a734781	cd7fbc64323591224c5c40ae8382b14e873967173586a262948ef7255d843807	2	2	prevalence	0.5	0.3870967741935484
gram	192	family	10	154	38	709d8172bbde234c3583390820be810affeac61b3dc1a8929fd4321f3a734781	cd7fbc64323591224c5c40ae8382b14e873967173586a262948ef7255d843807	2	2	taxonomy	0.9375	0.9182795698924731
gram	192	family	11	152	40	e72451ffef2f042a1231af64707aa7e629274130a5bf2416a3bec9504f146374	f0311d07a40fc530d02dda67ffeb5b91e4230770c43df463cee32f444bdd3b18	2	2	prevalence	0.5	0.38461538461538464
gram	192	family	11	152	40	e72451ffef2f042a1231af64707aa7e629274130a5bf2416a3bec9504f146374	f0311d07a40fc530d02dda67ffeb5b91e4230770c43df463cee32f444bdd3b18	2	2	taxonomy	0.96	0.9479166666666667
gram	192	family	12	154	38	5443176d976f8f0ddd0353374ed6dc844ed0a58b1b054fc13abd650203d58fa4	022e51ea90bd331c3ed441ef26eaaa0a4a66fc58cd175766f4c227cebf2ab0d0	2	2	prevalence	0.5	0.3090909090909091
gram	192	family	12	154	38	5443176d976f8f0ddd0353374ed6dc844ed0a58b1b054fc13abd650203d58fa4	022e51ea90bd331c3ed441ef26eaaa0a4a66fc58cd175766f4c227cebf2ab0d0	2	2	taxonomy	0.9705882352941176	0.9732205778717407
gram	192	family	13	153	39	b24c9c951d0138e2e39912472796a3c7eab359116d0af7ce7e7ff6976e66bd8d	b51afc93856a645af47129611d5e2b925d598ab5e84dd127e5ffeec36cd56f3f	2	2	prevalence	0.5	0.4657534246575342
gram	192	family	13	153	39	b24c9c951d0138e2e39912472796a3c7eab359116d0af7ce7e7ff6976e66bd8d	b51afc93856a645af47129611d5e2b925d598ab5e84dd127e5ffeec36cd56f3f	2	2	taxonomy	1.0	1.0
gram	192	family	14	153	39	f50a4d27b026a6b79b74bd0708e7379aadd68197f8a7d08266de9b9d48618e2d	74e3414a3f748824446cd9249b5ddcc944e5ac506443ed0377487fe723e40330	2	2	prevalence	0.5	0.3709677419354839
gram	192	family	14	153	39	f50a4d27b026a6b79b74bd0708e7379aadd68197f8a7d08266de9b9d48618e2d	74e3414a3f748824446cd9249b5ddcc944e5ac506443ed0377487fe723e40330	2	2	taxonomy	0.9347826086956521	0.9222591362126246
gram	192	family	15	154	38	b5867276731fc5027535f22405b138145cd885ef2b266725bb38ae5f4dbfcc83	e76567dd30980f8c1d209b4dc63f328edd61c828f5772494abc752b6802c4b57	2	2	prevalence	0.5	0.3559322033898305
gram	192	family	15	154	38	b5867276731fc5027535f22405b138145cd885ef2b266725bb38ae5f4dbfcc83	e76567dd30980f8c1d209b4dc63f328edd61c828f5772494abc752b6802c4b57	2	2	taxonomy	0.9523809523809523	0.9472222222222222
gram	192	family	16	151	41	57f0d12da28bb54f03779291dd99a49777f549b0c33b1f04734f60dcb24fb895	c0af1f0b59ce87548203ce0924ac4ebfe4178c9ade3e5ac20580e277cf0fc7b5	2	2	prevalence	0.5	0.3880597014925373
gram	192	family	16	151	41	57f0d12da28bb54f03779291dd99a49777f549b0c33b1f04734f60dcb24fb895	c0af1f0b59ce87548203ce0924ac4ebfe4178c9ade3e5ac20580e277cf0fc7b5	2	2	taxonomy	0.9423076923076923	0.9239332096474954
gram	192	family	17	154	38	1021216272b57f95edd88e063de6058b35b56b520f1e909bbdd0861c1f3e1133	c8cc19c4876ce45153bd11993660940690bcacb91b6a29ccbc341ee72c482d8a	2	2	prevalence	0.5	0.3559322033898305
gram	192	family	17	154	38	1021216272b57f95edd88e063de6058b35b56b520f1e909bbdd0861c1f3e1133	c8cc19c4876ce45153bd11993660940690bcacb91b6a29ccbc341ee72c482d8a	2	2	taxonomy	0.9523809523809523	0.9472222222222222
gram	192	family	18	146	46	25a97424efe35a9f66a43019f039589eb7fffd5c7a93b79861403baa9b1bf839	621937b6cf048f66c86ddc8aa14dc6ce60c161b99999fa4caf95f5c029ea3ae7	2	2	prevalence	0.5	0.425
gram	192	family	18	146	46	25a97424efe35a9f66a43019f039589eb7fffd5c7a93b79861403baa9b1bf839	621937b6cf048f66c86ddc8aa14dc6ce60c161b99999fa4caf95f5c029ea3ae7	2	2	taxonomy	0.8823529411764706	0.8083333333333333
gram	192	family	19	151	41	6a656eaca132ff03a3f2a61e9f105c8f2f611dfa681151acb23c7e5c6d1c250c	6929719f2f3ccbb0042994885b621df63d2eb596e77a9bf3072b8b4fa7ed58f7	2	2	prevalence	0.5	0.44594594594594594
gram	192	family	19	151	41	6a656eaca132ff03a3f2a61e9f105c8f2f611dfa681151acb23c7e5c6d1c250c	6929719f2f3ccbb0042994885b621df63d2eb596e77a9bf3072b8b4fa7ed58f7	2	2	taxonomy	1.0	1.0
gram	192	order	0	152	40	2ec6d8f7eddbf87c87dc5bed2428e42d646f140ee8221e35cae7370599335c75	194ee3e05b2eda0067aa4cc4bebac304d75187d6007aff08fb22ec86794009c5	2	2	prevalence	0.5	0.42857142857142855
gram	192	order	0	152	40	2ec6d8f7eddbf87c87dc5bed2428e42d646f140ee8221e35cae7370599335c75	194ee3e05b2eda0067aa4cc4bebac304d75187d6007aff08fb22ec86794009c5	2	2	taxonomy	0.9333333333333333	0.9333333333333333
gram	192	order	1	153	39	5ab9303f7d289feb15f6b9701983ce1a0c4e1caf7ee487b37d4339ca992d409a	51944001a144fd9728127ddf5e262749f20bcf7efa1d3eaef0cc8ac0c916c248	2	2	prevalence	0.5	0.35
gram	192	order	1	153	39	5ab9303f7d289feb15f6b9701983ce1a0c4e1caf7ee487b37d4339ca992d409a	51944001a144fd9728127ddf5e262749f20bcf7efa1d3eaef0cc8ac0c916c248	2	2	taxonomy	0.9761904761904762	0.974291364535267
gram	192	order	2	149	43	c9ce4cabf23bd401adb30dbd9217c7a9e1e3ab3ac9a482d9c92132d6b84bb503	cd6440a8960269f1eba2666b536dbf20215ee1fd0912d263435d6aa708f75228	2	2	prevalence	0.5	0.3484848484848485
gram	192	order	2	149	43	c9ce4cabf23bd401adb30dbd9217c7a9e1e3ab3ac9a482d9c92132d6b84bb503	cd6440a8960269f1eba2666b536dbf20215ee1fd0912d263435d6aa708f75228	2	2	taxonomy	1.0	1.0
gram	192	order	3	152	40	b19edb8f840641f66a2a3f967d1f483390b74d9f93cb56daefa12d24acf934e2	f34048df7b57f7cb036f21928d971a2d796c87c41aee0b1d6ebd344bb30bacb8	2	2	prevalence	0.5	0.43661971830985913
gram	192	order	3	152	40	b19edb8f840641f66a2a3f967d1f483390b74d9f93cb56daefa12d24acf934e2	f34048df7b57f7cb036f21928d971a2d796c87c41aee0b1d6ebd344bb30bacb8	2	2	taxonomy	0.9838709677419355	0.9654874892148404
gram	192	order	4	152	40	2de6325e28e63de7ad6bd1a57613045a3b0b319b34eefb0aa4540e80e2c504ef	f474713a243b4a013eea541ed0c558673538bb53e5d83679590b6feb87c5c87b	2	1	prevalence	NA	NA
gram	192	order	4	152	40	2de6325e28e63de7ad6bd1a57613045a3b0b319b34eefb0aa4540e80e2c504ef	f474713a243b4a013eea541ed0c558673538bb53e5d83679590b6feb87c5c87b	2	1	taxonomy	NA	NA
gram	192	order	5	153	39	2f1ea2ace8b65c6be8026d6893b2fbf2b98d26e4f95969bd568baadfe1f2160f	be3e323e8f555e5327edf383a6595b7301591d27d8274d4441a9ad91ef05b8e8	2	2	prevalence	0.5	0.38095238095238093
gram	192	order	5	153	39	2f1ea2ace8b65c6be8026d6893b2fbf2b98d26e4f95969bd568baadfe1f2160f	be3e323e8f555e5327edf383a6595b7301591d27d8274d4441a9ad91ef05b8e8	2	2	taxonomy	0.9166666666666667	0.8957219251336899
gram	192	order	6	149	43	b4d349e43c792431396badd5a237660a60a424f9502a354a6fee9589e325ec15	c62e2e6d4424876a0e12624c51dca3a975f1fd21f11c12b0fc0eb9db3430fe06	2	2	prevalence	0.5	0.4342105263157895
gram	192	order	6	149	43	b4d349e43c792431396badd5a237660a60a424f9502a354a6fee9589e325ec15	c62e2e6d4424876a0e12624c51dca3a975f1fd21f11c12b0fc0eb9db3430fe06	2	2	taxonomy	1.0	1.0
gram	192	order	7	152	40	fa146a4ae491ef13c4608107a1a8aeef5b42bb826a9bf725256f117191cb4fdf	b36c5545ba01d82ed32164d370a3a60e86b3458476a99355bd48d842e0e76912	2	2	prevalence	0.5	0.3442622950819672
gram	192	order	7	152	40	fa146a4ae491ef13c4608107a1a8aeef5b42bb826a9bf725256f117191cb4fdf	b36c5545ba01d82ed32164d370a3a60e86b3458476a99355bd48d842e0e76912	2	2	taxonomy	0.9761904761904762	0.9749843652282677
gram	192	order	8	152	40	ae5571c7fbb78f6b1e41645afae291a146ae5e04d7d3a2d398bc5c3e3fd4f5eb	51c8f03f26683d1e8d8816d843dcc35690e0b8ae2998b69d4d78d93c5d9f0b8b	2	2	prevalence	0.5	0.42857142857142855
gram	192	order	8	152	40	ae5571c7fbb78f6b1e41645afae291a146ae5e04d7d3a2d398bc5c3e3fd4f5eb	51c8f03f26683d1e8d8816d843dcc35690e0b8ae2998b69d4d78d93c5d9f0b8b	2	2	taxonomy	1.0	1.0
gram	192	order	9	152	40	c381a8766c9981f383f48d72f919d99c7bfef7abfbf60cf942c3f67ca4d00967	8121fd2033d2c7caf9871733e5ff85b5ce313e2ce664b38c037aa6d7b40ccea2	2	2	prevalence	0.5	0.3442622950819672
gram	192	order	9	152	40	c381a8766c9981f383f48d72f919d99c7bfef7abfbf60cf942c3f67ca4d00967	8121fd2033d2c7caf9871733e5ff85b5ce313e2ce664b38c037aa6d7b40ccea2	2	2	taxonomy	0.9761904761904762	0.9749843652282677
gram	192	order	10	152	40	ffe28d6ce5c9f7f6c5d28c3c28a2b57dbdb03d2f702fc94618e992b552f9d7be	ba5901f234b98ccc7ef88e9a29bc6eca6cb89c29d2090200417a23317092c466	2	2	prevalence	0.5	0.3333333333333333
gram	192	order	10	152	40	ffe28d6ce5c9f7f6c5d28c3c28a2b57dbdb03d2f702fc94618e992b552f9d7be	ba5901f234b98ccc7ef88e9a29bc6eca6cb89c29d2090200417a23317092c466	2	2	taxonomy	0.95	0.95
gram	192	order	11	152	40	c300ad9faaa8d2049803b07b6e46779e2ad265637b339de27a5286f1a45ee4ee	0982de6cb33cc4f95c67eab1ebea274580fa2a2a3d17de09282a4d4e1cb6815a	2	2	prevalence	0.5	0.4936708860759494
gram	192	order	11	152	40	c300ad9faaa8d2049803b07b6e46779e2ad265637b339de27a5286f1a45ee4ee	0982de6cb33cc4f95c67eab1ebea274580fa2a2a3d17de09282a4d4e1cb6815a	2	2	taxonomy	0.5	0.4936708860759494
gram	192	order	12	152	40	125a03b58197afd11377bfbe8ce8af40b38501db45dd949b019d2291f698397f	1b11a949fe33e0337af8ed4f83c0bbab02c345593c1bedc53aa8e8eb3ddd1604	2	2	prevalence	0.5	0.42857142857142855
gram	192	order	12	152	40	125a03b58197afd11377bfbe8ce8af40b38501db45dd949b019d2291f698397f	1b11a949fe33e0337af8ed4f83c0bbab02c345593c1bedc53aa8e8eb3ddd1604	2	2	taxonomy	1.0	1.0
gram	192	order	13	153	39	d80412fa8c7deb6175c5c5b4e839e85e64730d6d7f643f00fe9235f414f19003	228f486f27d64bcea5e05235f333597590d6592c4f6be4a9a550af5474c50da2	2	2	prevalence	0.5	0.44285714285714284
gram	192	order	13	153	39	d80412fa8c7deb6175c5c5b4e839e85e64730d6d7f643f00fe9235f414f19003	228f486f27d64bcea5e05235f333597590d6592c4f6be4a9a550af5474c50da2	2	2	taxonomy	0.9838709677419355	0.9623915139826422
gram	192	order	14	152	40	e0ba9787bd3b6007acc926838a59a330058b604de149a5afba49168018f315ce	136ca90522ee2ed5ede2192de01398d327c64a1b31da70920a1efef65d9e792e	2	2	prevalence	0.5	0.4936708860759494
gram	192	order	14	152	40	e0ba9787bd3b6007acc926838a59a330058b604de149a5afba49168018f315ce	136ca90522ee2ed5ede2192de01398d327c64a1b31da70920a1efef65d9e792e	2	2	taxonomy	0.5	0.4936708860759494
gram	192	order	15	152	40	e5495a4f7ee77980dcfbba391d25eb9d9e79770fb740679bd9a3984e56e0c1f2	8bbaf324dccd6de8d9b3ec6cc2211ec9567a0e61a515a0dab0bf61612f12f15c	2	2	prevalence	0.5	0.3442622950819672
gram	192	order	15	152	40	e5495a4f7ee77980dcfbba391d25eb9d9e79770fb740679bd9a3984e56e0c1f2	8bbaf324dccd6de8d9b3ec6cc2211ec9567a0e61a515a0dab0bf61612f12f15c	2	2	taxonomy	0.9761904761904762	0.9749843652282677
gram	192	order	16	152	40	4eae2103273ba3621d6641b59c645e22b329bc7002abb71d51d35a1f0497b141	9bcb624c1f34300a4116169ac63e3ab43ed60c37c347680ee8a309d6f70bc6f4	2	2	prevalence	0.5	0.3333333333333333
gram	192	order	16	152	40	4eae2103273ba3621d6641b59c645e22b329bc7002abb71d51d35a1f0497b141	9bcb624c1f34300a4116169ac63e3ab43ed60c37c347680ee8a309d6f70bc6f4	2	2	taxonomy	0.95	0.95
gram	192	order	17	153	39	b0be01aa67116d874381a3df128db7926f6a897852926b5a6ed6505712be6108	ba8900ffc986d45f1e91fae9b88acd0c0cd3d60e47d54b108c57a2b0884b7609	2	2	prevalence	0.5	0.35
gram	192	order	17	153	39	b0be01aa67116d874381a3df128db7926f6a897852926b5a6ed6505712be6108	ba8900ffc986d45f1e91fae9b88acd0c0cd3d60e47d54b108c57a2b0884b7609	2	2	taxonomy	0.9761904761904762	0.974291364535267
gram	192	order	18	153	39	5a667726a978de744301cd2e144a6594c14c7aa37f5d2eace1a3b2ec0d43c0c1	c93efaf78d8f429d30d802506256953ff3e0c43c9244ee7cb449742a07df72a1	2	2	prevalence	0.5	0.025
gram	192	order	18	153	39	5a667726a978de744301cd2e144a6594c14c7aa37f5d2eace1a3b2ec0d43c0c1	c93efaf78d8f429d30d802506256953ff3e0c43c9244ee7cb449742a07df72a1	2	2	taxonomy	0.5	0.4935064935064935
gram	192	order	19	149	43	f04830540e151772146c3856dc4343c547af4d7b5e9851144421da245c96b9c4	0ba6755c2fcf7d9a127f992b6bbb8a6ba0f9610f6ad1bc773bf356b61fa150d5	2	2	prevalence	0.5	0.37681159420289856
gram	192	order	19	149	43	f04830540e151772146c3856dc4343c547af4d7b5e9851144421da245c96b9c4	0ba6755c2fcf7d9a127f992b6bbb8a6ba0f9610f6ad1bc773bf356b61fa150d5	2	2	taxonomy	0.9423076923076923	0.9288472145615003
shape	192	within	0	154	38	e9adf1310baf06dd1e013d22794fc40e967283ac868261f7159d364ee009208b	03f3b3804f09b030e82268e485db9ef8629968d2fa3474766e3f8b0331cee376	3	3	prevalence	0.3333333333333333	0.2708333333333333
shape	192	within	0	154	38	e9adf1310baf06dd1e013d22794fc40e967283ac868261f7159d364ee009208b	03f3b3804f09b030e82268e485db9ef8629968d2fa3474766e3f8b0331cee376	3	3	taxonomy	0.36703296703296706	0.3611111111111111
shape	192	within	1	154	38	6c7343014d05a3a9db7020b2d2690bdc92931fc4dc4655b044c4473ef0189827	4ad74bce85b45374ee6f9eb2245eec85cf91168d20f6fbb5b346a5016171c4b6	3	3	prevalence	0.3333333333333333	0.26455026455026454
shape	192	within	1	154	38	6c7343014d05a3a9db7020b2d2690bdc92931fc4dc4655b044c4473ef0189827	4ad74bce85b45374ee6f9eb2245eec85cf91168d20f6fbb5b346a5016171c4b6	3	3	taxonomy	0.5441269841269841	0.5137849079025549
shape	192	within	2	154	38	0bf67f5b19df66138a8563c6f2e3106b8baee9a32e9aad8e68854f867bc3ce85	cf0f3de1ce0c908bea525198ca4a617e53b9009334650cd3e4fccd7bf3e3f80d	3	3	prevalence	0.3333333333333333	0.2885572139303482
shape	192	within	2	154	38	0bf67f5b19df66138a8563c6f2e3106b8baee9a32e9aad8e68854f867bc3ce85	cf0f3de1ce0c908bea525198ca4a617e53b9009334650cd3e4fccd7bf3e3f80d	3	3	taxonomy	0.296551724137931	0.29323899371069184
shape	192	within	3	154	38	18b2973baa5c67b391835cc00c0e738c65e550a273c3110b034849d5d42e02cc	0da19e447e7f79c4986d474f37a90fd27d9241ec97cf34e48f8c6fa6aa1a98af	3	3	prevalence	0.3333333333333333	0.27692307692307694
shape	192	within	3	154	38	18b2973baa5c67b391835cc00c0e738c65e550a273c3110b034849d5d42e02cc	0da19e447e7f79c4986d474f37a90fd27d9241ec97cf34e48f8c6fa6aa1a98af	3	3	taxonomy	0.48302469135802467	0.469295410471881
shape	192	within	4	154	38	7e38edd61403973e2d714d2959396961b02f16f4ec9745bc6d1f89feb6a0dfba	5d0c5bcc718eee69c9d67293ea69fce03d26b592eb956ea3c296741d574deddc	3	3	prevalence	0.3333333333333333	0.27692307692307694
shape	192	within	4	154	38	7e38edd61403973e2d714d2959396961b02f16f4ec9745bc6d1f89feb6a0dfba	5d0c5bcc718eee69c9d67293ea69fce03d26b592eb956ea3c296741d574deddc	3	3	taxonomy	0.4514991181657848	0.4352548036758563
shape	192	within	5	154	38	604dcd0f04a3c894029546a3ee6c4400573e7fbf0fae48feeff8a3d70be7ace0	ba888ab4e8bf6d0ce340111b1f53c4c3765721324a17cf163577f62c1941696d	3	3	prevalence	0.3333333333333333	0.25806451612903225
shape	192	within	5	154	38	604dcd0f04a3c894029546a3ee6c4400573e7fbf0fae48feeff8a3d70be7ace0	ba888ab4e8bf6d0ce340111b1f53c4c3765721324a17cf163577f62c1941696d	3	3	taxonomy	0.35833333333333334	0.3527777777777778
shape	192	within	6	154	38	7c80f2b59924ab693a7f68104f1b4259f1ff1bca393efadcb8d2a4c4145fd9e9	5388f2582b87e3bd1a3282b683a6243e8f19b7db5cb4511dbd999915de5bd868	3	3	prevalence	0.3333333333333333	0.26455026455026454
shape	192	within	6	154	38	7c80f2b59924ab693a7f68104f1b4259f1ff1bca393efadcb8d2a4c4145fd9e9	5388f2582b87e3bd1a3282b683a6243e8f19b7db5cb4511dbd999915de5bd868	3	3	taxonomy	0.46730158730158733	0.45071225071225074
shape	192	within	7	154	38	39dc361cd97b1176e5485922932f2073981b32469bea313050538bd678e62a34	d163d02f1bc179b3c9215755d0603a36f65de229fde9d8f428898636c4b7cb31	3	3	prevalence	0.3333333333333333	0.27692307692307694
shape	192	within	7	154	38	39dc361cd97b1176e5485922932f2073981b32469bea313050538bd678e62a34	d163d02f1bc179b3c9215755d0603a36f65de229fde9d8f428898636c4b7cb31	3	3	taxonomy	0.40617283950617283	0.4097465886939571
shape	192	within	8	154	38	e7f9419a8521f7e7ad91730ce3fd8a90c8588e579b7b50c1f986275a93075e7a	5aec335d9bbe9593c8fa56613ea15f304caadceec43832edbf1e0711b8898262	3	3	prevalence	0.3333333333333333	0.2708333333333333
shape	192	within	8	154	38	e7f9419a8521f7e7ad91730ce3fd8a90c8588e579b7b50c1f986275a93075e7a	5aec335d9bbe9593c8fa56613ea15f304caadceec43832edbf1e0711b8898262	3	3	taxonomy	0.4935897435897436	0.47631925663962277
shape	192	within	9	154	38	ae187f4e2218b4160e9a767db3acfe95750d8d34504043b06df670fa70b046e1	838a1db79676d613201e2dae313d896ab39bf482ca3cd5f4f6941602387dd4e3	3	3	prevalence	0.3333333333333333	0.2828282828282828
shape	192	within	9	154	38	ae187f4e2218b4160e9a767db3acfe95750d8d34504043b06df670fa70b046e1	838a1db79676d613201e2dae313d896ab39bf482ca3cd5f4f6941602387dd4e3	3	3	taxonomy	0.3047619047619048	0.30905695611577966
shape	192	within	10	154	38	a371de2713ee4a5bf7b8d4c09efadcc74d526b85a1ad5279d661fb5f47faed89	b171ede8215d5ec13f0da90caf6c2ace7ce05ca35fd05df8afedff89f7b5bb7e	3	3	prevalence	0.3333333333333333	0.2708333333333333
shape	192	within	10	154	38	a371de2713ee4a5bf7b8d4c09efadcc74d526b85a1ad5279d661fb5f47faed89	b171ede8215d5ec13f0da90caf6c2ace7ce05ca35fd05df8afedff89f7b5bb7e	3	3	taxonomy	0.4134615384615385	0.3800760642865906
shape	192	within	11	154	38	ad03f13a2aa267ed0a6124891fbc1f18b7fb634d5e4eea1524ad3c8ba1f81439	e03e6a612d42b262f33a79e7cc66f925f2d7aed0c0b3f19e17cb5ff8b10a3546	3	3	prevalence	0.3333333333333333	0.2885572139303482
shape	192	within	11	154	38	ad03f13a2aa267ed0a6124891fbc1f18b7fb634d5e4eea1524ad3c8ba1f81439	e03e6a612d42b262f33a79e7cc66f925f2d7aed0c0b3f19e17cb5ff8b10a3546	3	3	taxonomy	0.428735632183908	0.38684807256235826
shape	192	within	12	154	38	9aff78cff14c32f485f64154cf8af9f2ff966be3d6593e9e65f48247289c5290	834907f5381537c17792ff025baca1d25913fdd4d0fd845bfed2cb761966913c	3	3	prevalence	0.3333333333333333	0.25136612021857924
shape	192	within	12	154	38	9aff78cff14c32f485f64154cf8af9f2ff966be3d6593e9e65f48247289c5290	834907f5381537c17792ff025baca1d25913fdd4d0fd845bfed2cb761966913c	3	3	taxonomy	0.5275362318840581	0.5156422524843577
shape	192	within	13	154	38	a86d9c0229ac77ce6ee8c0c291bfd724f8cc5a35fc0087c24daf7f423369a268	265cde3a9705506ca3e3f866681c62b7d7e85af5bdcca0373644e43aa8f548fc	3	3	prevalence	0.3333333333333333	0.2828282828282828
shape	192	within	13	154	38	a86d9c0229ac77ce6ee8c0c291bfd724f8cc5a35fc0087c24daf7f423369a268	265cde3a9705506ca3e3f866681c62b7d7e85af5bdcca0373644e43aa8f548fc	3	3	taxonomy	0.5	0.4787545787545788
shape	192	within	14	154	38	d5ab922173c4542069221e83770f4af56001da0d3b066ad980eb072346526a62	e1e8e13d7ae7209ff958aa392be3c5f7829d92a8fafcc8d6c761825b0c4ab269	3	3	prevalence	0.3333333333333333	0.2885572139303482
shape	192	within	14	154	38	d5ab922173c4542069221e83770f4af56001da0d3b066ad980eb072346526a62	e1e8e13d7ae7209ff958aa392be3c5f7829d92a8fafcc8d6c761825b0c4ab269	3	3	taxonomy	0.41954022988505746	0.4144620811287478
shape	192	within	15	154	38	f70d60993f43df1dc599ad2447ab81040612af780b43f7bc69146627735bab62	1afbe13027360cb9b448b29cf34750a649411fab365d9f811540b955c5b75d09	3	3	prevalence	0.3333333333333333	0.25806451612903225
shape	192	within	15	154	38	f70d60993f43df1dc599ad2447ab81040612af780b43f7bc69146627735bab62	1afbe13027360cb9b448b29cf34750a649411fab365d9f811540b955c5b75d09	3	3	taxonomy	0.4861111111111111	0.4661246612466125
shape	192	within	16	154	38	f6771500e4e01f4b0e47dc9ec84e1e4c8523aec88b34ce3f2f338680a44fbecf	92bc686fabfeb34ffe8da177d59bfffea9b702ff4fbc21c2d3b00a65c1252c0a	3	3	prevalence	0.3333333333333333	0.26455026455026454
shape	192	within	16	154	38	f6771500e4e01f4b0e47dc9ec84e1e4c8523aec88b34ce3f2f338680a44fbecf	92bc686fabfeb34ffe8da177d59bfffea9b702ff4fbc21c2d3b00a65c1252c0a	3	3	taxonomy	0.45936507936507937	0.44151882975412393
shape	192	within	17	154	38	d62d425adf1c9b9538ccfaf8b80a2e85d8651de15eea7f171ae9139c19871ee2	aa4ad7f14524ed21062c2c6a4ea15e4a3834a67da040bb2e02bc09c19083d910	3	3	prevalence	0.3333333333333333	0.2828282828282828
shape	192	within	17	154	38	d62d425adf1c9b9538ccfaf8b80a2e85d8651de15eea7f171ae9139c19871ee2	aa4ad7f14524ed21062c2c6a4ea15e4a3834a67da040bb2e02bc09c19083d910	3	3	taxonomy	0.4682539682539682	0.4459603289791969
shape	192	within	18	154	38	94d5a8020a89f5f0631024582a503f718dc14ecfeced5229c58ae1f54b6205bc	e7469400aa0b60d0f2c24871f64b63877869964bfd4edfd9798a6c2333210988	3	3	prevalence	0.3333333333333333	0.30476190476190473
shape	192	within	18	154	38	94d5a8020a89f5f0631024582a503f718dc14ecfeced5229c58ae1f54b6205bc	e7469400aa0b60d0f2c24871f64b63877869964bfd4edfd9798a6c2333210988	3	3	taxonomy	0.3298611111111111	0.30582750582750584
shape	192	within	19	154	38	963f33bdfcafc0cc404fa35c919b35c6c88611d8aa1f0dccd6ec1c0b64a729eb	9bf6fd999ddaaa8c107eeae96f0874851e13df6848b53945485e9023a7c102bc	3	3	prevalence	0.3333333333333333	0.26455026455026454
shape	192	within	19	154	38	963f33bdfcafc0cc404fa35c919b35c6c88611d8aa1f0dccd6ec1c0b64a729eb	9bf6fd999ddaaa8c107eeae96f0874851e13df6848b53945485e9023a7c102bc	3	3	taxonomy	0.4583333333333333	0.4583333333333333
shape	192	genus	0	150	42	abec218a8b9f7419399534eebe4ac5432351634260baaa22ce85c77bf1535537	60e40b55bf154b795ccf8df906a1bf0af333f4c7804980885ce6fa3f118be2e7	3	3	prevalence	0.3333333333333333	0.2831050228310502
shape	192	genus	0	150	42	abec218a8b9f7419399534eebe4ac5432351634260baaa22ce85c77bf1535537	60e40b55bf154b795ccf8df906a1bf0af333f4c7804980885ce6fa3f118be2e7	3	3	taxonomy	0.40322580645161293	0.3313840155945419
shape	192	genus	1	154	38	3ce300b89ec034b0d343a90743948c64355d42f45763279992e186c794ee23a5	e54479c511bcb14edcfdfcaaa7fdf6f284de700e6877aaed42b749e9aaf1b924	3	3	prevalence	0.3333333333333333	0.2995169082125604
shape	192	genus	1	154	38	3ce300b89ec034b0d343a90743948c64355d42f45763279992e186c794ee23a5	e54479c511bcb14edcfdfcaaa7fdf6f284de700e6877aaed42b749e9aaf1b924	3	3	taxonomy	0.4473118279569892	0.41821396993810794
shape	192	genus	2	154	38	17ee1f77e8f5eaffd2bcae033ee21fd8730bb9c40846aec3e55ce430e3979eae	d8222bdf8f05456855bf8f27c56df65c608d8b3efcf5cb1d7e668f74c8c97881	3	3	prevalence	0.3333333333333333	0.27692307692307694
shape	192	genus	2	154	38	17ee1f77e8f5eaffd2bcae033ee21fd8730bb9c40846aec3e55ce430e3979eae	d8222bdf8f05456855bf8f27c56df65c608d8b3efcf5cb1d7e668f74c8c97881	3	3	taxonomy	0.4603174603174603	0.4351851851851852
shape	192	genus	3	154	38	acd1563c890a8d4f5bd89b73045a94e72c3799778f84becf5c717492299f8a47	c8b7aa3fd3c09fc79bdf99142b0cd644a3999f2d1c0429a4523929d50cde9817	3	3	prevalence	0.3333333333333333	0.2995169082125604
shape	192	genus	3	154	38	acd1563c890a8d4f5bd89b73045a94e72c3799778f84becf5c717492299f8a47	c8b7aa3fd3c09fc79bdf99142b0cd644a3999f2d1c0429a4523929d50cde9817	3	3	taxonomy	0.3736559139784947	0.37407407407407406
shape	192	genus	4	154	38	d630733e742cd5dfbd65709a22175e362fea45723cb42c0da7dda3f57013d3c9	e9540f28469a0992415ffbe8d57b5a7dbeccbde0c191dfd10fff58dd4c009a11	3	3	prevalence	0.3333333333333333	0.2708333333333333
shape	192	genus	4	154	38	d630733e742cd5dfbd65709a22175e362fea45723cb42c0da7dda3f57013d3c9	e9540f28469a0992415ffbe8d57b5a7dbeccbde0c191dfd10fff58dd4c009a11	3	3	taxonomy	0.5739926739926741	0.5484593837535013
shape	192	genus	5	154	38	1af1151e107a6891ca9975733c2123401317c2716b433ccb71e26f05f975ae2f	e9b742f072ce79e7df1fa01239c816b11216ef295c95cd603a35ed7d18e6c288	3	3	prevalence	0.3333333333333333	0.27692307692307694
shape	192	genus	5	154	38	1af1151e107a6891ca9975733c2123401317c2716b433ccb71e26f05f975ae2f	e9b742f072ce79e7df1fa01239c816b11216ef295c95cd603a35ed7d18e6c288	3	3	taxonomy	0.49135802469135803	0.47788812494694843
shape	192	genus	6	153	39	0fadf2043b03e7176a9874cce64edbf31a58f55c4b52f9fcdc7d68f4f5706f4a	95401f1a8ffed4be9bbb1fb79d3a33f624a62c3a48fb79a6d7879184df91051b	3	3	prevalence	0.3333333333333333	0.2898550724637681
shape	192	genus	6	153	39	0fadf2043b03e7176a9874cce64edbf31a58f55c4b52f9fcdc7d68f4f5706f4a	95401f1a8ffed4be9bbb1fb79d3a33f624a62c3a48fb79a6d7879184df91051b	3	3	taxonomy	0.42857142857142855	0.33884879422636854
shape	192	genus	7	154	38	e1d9150933d348d98fb9b1dbaf14076feb50664e4c1df24cb84d6181e1302ae3	1f19810900b1edf7155839f450289c8c3fddfe92f58cab51702f81305d8351b0	3	3	prevalence	0.3333333333333333	0.2828282828282828
shape	192	genus	7	154	38	e1d9150933d348d98fb9b1dbaf14076feb50664e4c1df24cb84d6181e1302ae3	1f19810900b1edf7155839f450289c8c3fddfe92f58cab51702f81305d8351b0	3	3	taxonomy	0.45634920634920634	0.4153059216997836
shape	192	genus	8	154	38	53a29c312d7247c413dcf833bd0e16ca06f354405a4f9ebcd317ea1262138cdb	7cabe6c29f833b697a281108273696c67bd8e046c0b3bfb58b03f162dce84e64	3	3	prevalence	0.3333333333333333	0.2708333333333333
shape	192	genus	8	154	38	53a29c312d7247c413dcf833bd0e16ca06f354405a4f9ebcd317ea1262138cdb	7cabe6c29f833b697a281108273696c67bd8e046c0b3bfb58b03f162dce84e64	3	3	taxonomy	0.4937728937728938	0.40317460317460324
shape	192	genus	9	154	38	4321edb1d44a6f948afb607a2708d5ef48bf3ba33a4e98ce32661cc75906ba75	610fa2491590fc35a9755c4a7b8dc2652447bb8a6ca3605c3002375f8e0aef17	3	3	prevalence	0.3333333333333333	0.2828282828282828
shape	192	genus	9	154	38	4321edb1d44a6f948afb607a2708d5ef48bf3ba33a4e98ce32661cc75906ba75	610fa2491590fc35a9755c4a7b8dc2652447bb8a6ca3605c3002375f8e0aef17	3	3	taxonomy	0.3452380952380952	0.2643097643097643
shape	192	genus	10	153	39	cdd8a7b557f5e80f134c56d9325e5c691e34b0c756e54c361bc17224f08c7869	24591b9d0f536d7c7a28f18c7234a14c581990d0ad188a8a25a96d1755629ff3	3	3	prevalence	0.3333333333333333	0.2898550724637681
shape	192	genus	10	153	39	cdd8a7b557f5e80f134c56d9325e5c691e34b0c756e54c361bc17224f08c7869	24591b9d0f536d7c7a28f18c7234a14c581990d0ad188a8a25a96d1755629ff3	3	3	taxonomy	0.4000000000000001	0.3747276688453159
shape	192	genus	11	154	38	3d045de3575422f8a9548ee29a6a32b94a609859509b492bfa14cd9fd3465927	ddd03ec118e1b71a45ce4140fd6ef53986d68ed8faeae0285141250e8fbd07ee	3	3	prevalence	0.3333333333333333	0.27692307692307694
shape	192	genus	11	154	38	3d045de3575422f8a9548ee29a6a32b94a609859509b492bfa14cd9fd3465927	ddd03ec118e1b71a45ce4140fd6ef53986d68ed8faeae0285141250e8fbd07ee	3	3	taxonomy	0.4360670194003527	0.4130645763344532
shape	192	genus	12	154	38	a92becb709bf7accb88f401a38019c31f247e93cd4c03c9b2b82eeb07285d586	24fdc7ce12d72f37b5b157a83b28b2c25ec090984d3e404b5f0f2235d995b65b	3	3	prevalence	0.3333333333333333	0.2828282828282828
shape	192	genus	12	154	38	a92becb709bf7accb88f401a38019c31f247e93cd4c03c9b2b82eeb07285d586	24fdc7ce12d72f37b5b157a83b28b2c25ec090984d3e404b5f0f2235d995b65b	3	3	taxonomy	0.4920634920634921	0.4448616325963009
shape	192	genus	13	154	38	e3d8f5c48995b73868c21943af5b1bd6d738c2214a87c25c7af5fd70ebe88898	a157b2e7910a2695568b3a5033dbafe5d288befa8d751b1b5f72744420f538aa	3	3	prevalence	0.3333333333333333	0.29411764705882354
shape	192	genus	13	154	38	e3d8f5c48995b73868c21943af5b1bd6d738c2214a87c25c7af5fd70ebe88898	a157b2e7910a2695568b3a5033dbafe5d288befa8d751b1b5f72744420f538aa	3	3	taxonomy	0.4444444444444444	0.4095860566448802
shape	192	genus	14	154	38	ddbcce4cea2c67bf6d04bb64ee1b790a27733992d855894c86278148f530cf3d	56348075277f0a90235fd8405fef003158f21c7b89a2c01c9a190dda240a654a	3	3	prevalence	0.3333333333333333	0.2828282828282828
shape	192	genus	14	154	38	ddbcce4cea2c67bf6d04bb64ee1b790a27733992d855894c86278148f530cf3d	56348075277f0a90235fd8405fef003158f21c7b89a2c01c9a190dda240a654a	3	3	taxonomy	0.2738095238095238	0.30392156862745096
shape	192	genus	15	153	39	4840028e6cc310bfbd6341e0535e1fd13eec3bcad53d715c3b79c230cd782c47	543ddec9196250e8dda902254a10b5cab84009f1a41c589c92f9cf86e853b786	3	3	prevalence	0.3333333333333333	0.3105022831050228
shape	192	genus	15	153	39	4840028e6cc310bfbd6341e0535e1fd13eec3bcad53d715c3b79c230cd782c47	543ddec9196250e8dda902254a10b5cab84009f1a41c589c92f9cf86e853b786	3	3	taxonomy	0.5032679738562091	0.4222801680428799
shape	192	genus	16	154	38	92caccdf664732444d31b321abed2088b1e1421c57b2d9b199a01b49d65e8e9e	becac62057ad65ca5ae71bbfa7b2f1e8be695a9c89a1a3dad36c89a1669459db	3	3	prevalence	0.3333333333333333	0.29411764705882354
shape	192	genus	16	154	38	92caccdf664732444d31b321abed2088b1e1421c57b2d9b199a01b49d65e8e9e	becac62057ad65ca5ae71bbfa7b2f1e8be695a9c89a1a3dad36c89a1669459db	3	3	taxonomy	0.38888888888888884	0.325
shape	192	genus	17	154	38	4dd60db20e266c3c41df5711196b211766e2f0c8d17754690c3cfeb9aa398835	4407d7d2aece2cc480578bafb14324dd59a737e1472d9347e4885649bf624198	3	3	prevalence	0.3333333333333333	0.25136612021857924
shape	192	genus	17	154	38	4dd60db20e266c3c41df5711196b211766e2f0c8d17754690c3cfeb9aa398835	4407d7d2aece2cc480578bafb14324dd59a737e1472d9347e4885649bf624198	3	3	taxonomy	0.35072463768115947	0.3598444680098975
shape	192	genus	18	154	38	24270ef013405a42335139f273ed8a332d52d148770b61bdd1ae7773a975e6a7	7df2619506da08649a246ae4f0b75ecc03d1aaa144a92114d006df1a93207b33	3	3	prevalence	0.3333333333333333	0.2828282828282828
shape	192	genus	18	154	38	24270ef013405a42335139f273ed8a332d52d148770b61bdd1ae7773a975e6a7	7df2619506da08649a246ae4f0b75ecc03d1aaa144a92114d006df1a93207b33	3	3	taxonomy	0.5555555555555555	0.5260557053009883
shape	192	genus	19	153	39	291c68b1940af8bd37f9dd700321fe2324096afec565f8653ff1d9f292bd87a1	6800142118a089ec6dbbfdee969c0f6a02e0642e96b93e79c5fe17d9d6f52df8	3	3	prevalence	0.3333333333333333	0.29523809523809524
shape	192	genus	19	153	39	291c68b1940af8bd37f9dd700321fe2324096afec565f8653ff1d9f292bd87a1	6800142118a089ec6dbbfdee969c0f6a02e0642e96b93e79c5fe17d9d6f52df8	3	3	taxonomy	0.546594982078853	0.48735632183908045
shape	192	family	0	152	40	851c7733eeb0a797ecd1b8e4c9c72eaac9b5ca4cd9c78e7e0eb817fe6c675926	012acb05ba276adb29463be0ea9f9913f8ab6d9f1829d7e0bb3cdaefbff10f1a	3	3	prevalence	0.3333333333333333	0.3247863247863248
shape	192	family	0	152	40	851c7733eeb0a797ecd1b8e4c9c72eaac9b5ca4cd9c78e7e0eb817fe6c675926	012acb05ba276adb29463be0ea9f9913f8ab6d9f1829d7e0bb3cdaefbff10f1a	3	3	taxonomy	0.42105263157894735	0.1706349206349206
shape	192	family	1	150	42	4e44a611d69c420077e15bbe3e5dbe4b867dac0295b34bbca9b7eca14964e440	8fd56945d04833c4a922907fdc325ba7bf347f8f9e575ba0146f2e44ea474e13	3	3	prevalence	0.3333333333333333	0.2608695652173913
shape	192	family	1	150	42	4e44a611d69c420077e15bbe3e5dbe4b867dac0295b34bbca9b7eca14964e440	8fd56945d04833c4a922907fdc325ba7bf347f8f9e575ba0146f2e44ea474e13	3	3	taxonomy	0.44246031746031744	0.4420086875329843
shape	192	family	2	150	42	fd441fb110dbe373bff9f291fde62b56e4899dd8ee70dcc65413466468b2c707	483d86604186359ff0788fa01757b24c8354c4ddbd86e9a794c63f36d08b17d8	3	3	prevalence	0.3333333333333333	0.29333333333333333
shape	192	family	2	150	42	fd441fb110dbe373bff9f291fde62b56e4899dd8ee70dcc65413466468b2c707	483d86604186359ff0788fa01757b24c8354c4ddbd86e9a794c63f36d08b17d8	3	3	taxonomy	0.39191919191919194	0.3547008547008547
shape	192	family	3	154	38	3efcc288778841338bf67d465e36b656a39e3e3b9d319bb65135daffdc679916	5606643da9f15f039bb48961887a9dd96ff3d24926788edbd773f6d4ab8ecb6a	3	3	prevalence	0.3333333333333333	0.27692307692307694
shape	192	family	3	154	38	3efcc288778841338bf67d465e36b656a39e3e3b9d319bb65135daffdc679916	5606643da9f15f039bb48961887a9dd96ff3d24926788edbd773f6d4ab8ecb6a	3	3	taxonomy	0.4037037037037037	0.34048174048174046
shape	192	family	4	153	39	59f9d9a2c9bd6243d7f62a09edb0a14ec50bb1749ee2d18a1b305257c9aa8797	7e723e1c147d7d94488a39a8e223b50604c73af126612997b96af658f38b2e1c	3	3	prevalence	0.3333333333333333	0.27860696517412936
shape	192	family	4	153	39	59f9d9a2c9bd6243d7f62a09edb0a14ec50bb1749ee2d18a1b305257c9aa8797	7e723e1c147d7d94488a39a8e223b50604c73af126612997b96af658f38b2e1c	3	3	taxonomy	0.3365079365079365	0.2408080808080808
shape	192	family	5	153	39	bc9fe1b3c0006363d4f109160751b168f65add6b35985954832b42bfdace519c	cb5889678d7aa9d68cc7ec91aab2ebba0eb051c4cbec85586beb4de8ad981429	3	3	prevalence	0.3333333333333333	0.2898550724637681
shape	192	family	5	153	39	bc9fe1b3c0006363d4f109160751b168f65add6b35985954832b42bfdace519c	cb5889678d7aa9d68cc7ec91aab2ebba0eb051c4cbec85586beb4de8ad981429	3	3	taxonomy	0.4444444444444445	0.342911877394636
shape	192	family	6	153	39	09398c0facf5afdab19b4609b5ae0d20a5849d1c953fce35dfdb0616cd908397	42feb6aafe83ddfdefed8dcc51392d5f980c682e46b4e01b84619e774c2da8fa	3	3	prevalence	0.3333333333333333	0.3153153153153153
shape	192	family	6	153	39	09398c0facf5afdab19b4609b5ae0d20a5849d1c953fce35dfdb0616cd908397	42feb6aafe83ddfdefed8dcc51392d5f980c682e46b4e01b84619e774c2da8fa	3	3	taxonomy	0.5523809523809523	0.4125159642401022
shape	192	family	7	152	40	a24f961a30f5fc4d4af6208d138dc76ab01ebd1141db8a4d488bdef2b4df96c8	1b683dd2ec17038510ddedc6f2d37652499d5d23e4dcb85a28aabdec2d144477	3	3	prevalence	0.3333333333333333	0.24338624338624337
shape	192	family	7	152	40	a24f961a30f5fc4d4af6208d138dc76ab01ebd1141db8a4d488bdef2b4df96c8	1b683dd2ec17038510ddedc6f2d37652499d5d23e4dcb85a28aabdec2d144477	3	3	taxonomy	0.27375201288244766	0.1562962962962963
shape	192	family	8	146	46	e6a6db742288de13030a1129c2bc707812eb54cb7438ae65a7a97741a4440de0	82133a19e022da315f13be8e1e2384b33605b88fd55b71cb0191e736b76e4c67	3	3	prevalence	0.3333333333333333	0.30158730158730157
shape	192	family	8	146	46	e6a6db742288de13030a1129c2bc707812eb54cb7438ae65a7a97741a4440de0	82133a19e022da315f13be8e1e2384b33605b88fd55b71cb0191e736b76e4c67	3	3	taxonomy	0.5807017543859648	0.3958333333333333
shape	192	family	9	153	39	6c08698d4873356980038c117304d9219590692f5ad6404d626679a355db08d5	0f8435ee9b84810b6921a05e567d1820f7d625f3770702172c3e9bd3b47c3705	3	3	prevalence	0.3333333333333333	0.3004694835680751
shape	192	family	9	153	39	6c08698d4873356980038c117304d9219590692f5ad6404d626679a355db08d5	0f8435ee9b84810b6921a05e567d1820f7d625f3770702172c3e9bd3b47c3705	3	3	taxonomy	0.3333333333333333	0.24546485260770975
shape	192	family	10	154	38	709d8172bbde234c3583390820be810affeac61b3dc1a8929fd4321f3a734781	cd7fbc64323591224c5c40ae8382b14e873967173586a262948ef7255d843807	3	3	prevalence	0.3333333333333333	0.3148148148148148
shape	192	family	10	154	38	709d8172bbde234c3583390820be810affeac61b3dc1a8929fd4321f3a734781	cd7fbc64323591224c5c40ae8382b14e873967173586a262948ef7255d843807	3	3	taxonomy	0.5294117647058824	0.3757575757575758
shape	192	family	11	152	40	e72451ffef2f042a1231af64707aa7e629274130a5bf2416a3bec9504f146374	f0311d07a40fc530d02dda67ffeb5b91e4230770c43df463cee32f444bdd3b18	3	3	prevalence	0.3333333333333333	0.30630630630630634
shape	192	family	11	152	40	e72451ffef2f042a1231af64707aa7e629274130a5bf2416a3bec9504f146374	f0311d07a40fc530d02dda67ffeb5b91e4230770c43df463cee32f444bdd3b18	3	3	taxonomy	0.2745098039215686	0.22620380739081747
shape	192	family	12	154	38	5443176d976f8f0ddd0353374ed6dc844ed0a58b1b054fc13abd650203d58fa4	022e51ea90bd331c3ed441ef26eaaa0a4a66fc58cd175766f4c227cebf2ab0d0	3	3	prevalence	0.3333333333333333	0.2885572139303482
shape	192	family	12	154	38	5443176d976f8f0ddd0353374ed6dc844ed0a58b1b054fc13abd650203d58fa4	022e51ea90bd331c3ed441ef26eaaa0a4a66fc58cd175766f4c227cebf2ab0d0	3	3	taxonomy	0.4597701149425288	0.28750000000000003
shape	192	family	13	153	39	b24c9c951d0138e2e39912472796a3c7eab359116d0af7ce7e7ff6976e66bd8d	b51afc93856a645af47129611d5e2b925d598ab5e84dd127e5ffeec36cd56f3f	3	3	prevalence	0.3333333333333333	0.29523809523809524
shape	192	family	13	153	39	b24c9c951d0138e2e39912472796a3c7eab359116d0af7ce7e7ff6976e66bd8d	b51afc93856a645af47129611d5e2b925d598ab5e84dd127e5ffeec36cd56f3f	3	3	taxonomy	0.34050179211469533	0.22222222222222224
shape	192	family	14	153	39	f50a4d27b026a6b79b74bd0708e7379aadd68197f8a7d08266de9b9d48618e2d	74e3414a3f748824446cd9249b5ddcc944e5ac506443ed0377487fe723e40330	3	3	prevalence	0.3333333333333333	0.29523809523809524
shape	192	family	14	153	39	f50a4d27b026a6b79b74bd0708e7379aadd68197f8a7d08266de9b9d48618e2d	74e3414a3f748824446cd9249b5ddcc944e5ac506443ed0377487fe723e40330	3	3	taxonomy	0.4365591397849462	0.37686809616634176
shape	192	family	15	154	38	b5867276731fc5027535f22405b138145cd885ef2b266725bb38ae5f4dbfcc83	e76567dd30980f8c1d209b4dc63f328edd61c828f5772494abc752b6802c4b57	3	3	prevalence	0.3333333333333333	0.2995169082125604
shape	192	family	15	154	38	b5867276731fc5027535f22405b138145cd885ef2b266725bb38ae5f4dbfcc83	e76567dd30980f8c1d209b4dc63f328edd61c828f5772494abc752b6802c4b57	3	3	taxonomy	0.33064516129032256	0.31825396825396823
shape	192	family	16	151	41	57f0d12da28bb54f03779291dd99a49777f549b0c33b1f04734f60dcb24fb895	c0af1f0b59ce87548203ce0924ac4ebfe4178c9ade3e5ac20580e277cf0fc7b5	3	3	prevalence	0.3333333333333333	0.25870646766169153
shape	192	family	16	151	41	57f0d12da28bb54f03779291dd99a49777f549b0c33b1f04734f60dcb24fb895	c0af1f0b59ce87548203ce0924ac4ebfe4178c9ade3e5ac20580e277cf0fc7b5	3	3	taxonomy	0.5527065527065527	0.5499999999999999
shape	192	family	17	154	38	1021216272b57f95edd88e063de6058b35b56b520f1e909bbdd0861c1f3e1133	c8cc19c4876ce45153bd11993660940690bcacb91b6a29ccbc341ee72c482d8a	3	3	prevalence	0.3333333333333333	0.29411764705882354
shape	192	family	17	154	38	1021216272b57f95edd88e063de6058b35b56b520f1e909bbdd0861c1f3e1133	c8cc19c4876ce45153bd11993660940690bcacb91b6a29ccbc341ee72c482d8a	3	3	taxonomy	0.39999999999999997	0.37254901960784315
shape	192	family	18	146	46	25a97424efe35a9f66a43019f039589eb7fffd5c7a93b79861403baa9b1bf839	621937b6cf048f66c86ddc8aa14dc6ce60c161b99999fa4caf95f5c029ea3ae7	3	3	prevalence	0.3333333333333333	0.2465753424657534
shape	192	family	18	146	46	25a97424efe35a9f66a43019f039589eb7fffd5c7a93b79861403baa9b1bf839	621937b6cf048f66c86ddc8aa14dc6ce60c161b99999fa4caf95f5c029ea3ae7	3	3	taxonomy	0.36296296296296293	0.3267901234567901
shape	192	family	19	151	41	6a656eaca132ff03a3f2a61e9f105c8f2f611dfa681151acb23c7e5c6d1c250c	6929719f2f3ccbb0042994885b621df63d2eb596e77a9bf3072b8b4fa7ed58f7	3	3	prevalence	0.3333333333333333	0.30701754385964913
shape	192	family	19	151	41	6a656eaca132ff03a3f2a61e9f105c8f2f611dfa681151acb23c7e5c6d1c250c	6929719f2f3ccbb0042994885b621df63d2eb596e77a9bf3072b8b4fa7ed58f7	3	3	taxonomy	0.5142857142857142	0.3922077922077922
shape	192	order	0	152	40	2ec6d8f7eddbf87c87dc5bed2428e42d646f140ee8221e35cae7370599335c75	194ee3e05b2eda0067aa4cc4bebac304d75187d6007aff08fb22ec86794009c5	3	3	prevalence	0.3333333333333333	0.3111111111111111
shape	192	order	0	152	40	2ec6d8f7eddbf87c87dc5bed2428e42d646f140ee8221e35cae7370599335c75	194ee3e05b2eda0067aa4cc4bebac304d75187d6007aff08fb22ec86794009c5	3	3	taxonomy	0.2380952380952381	0.25641025641025644
shape	192	order	1	153	39	5ab9303f7d289feb15f6b9701983ce1a0c4e1caf7ee487b37d4339ca992d409a	51944001a144fd9728127ddf5e262749f20bcf7efa1d3eaef0cc8ac0c916c248	3	3	prevalence	0.3333333333333333	0.24731182795698925
shape	192	order	1	153	39	5ab9303f7d289feb15f6b9701983ce1a0c4e1caf7ee487b37d4339ca992d409a	51944001a144fd9728127ddf5e262749f20bcf7efa1d3eaef0cc8ac0c916c248	3	3	taxonomy	0.302536231884058	0.2678062678062678
shape	192	order	2	149	43	c9ce4cabf23bd401adb30dbd9217c7a9e1e3ab3ac9a482d9c92132d6b84bb503	cd6440a8960269f1eba2666b536dbf20215ee1fd0912d263435d6aa708f75228	3	3	prevalence	0.3333333333333333	0.273972602739726
shape	192	order	2	149	43	c9ce4cabf23bd401adb30dbd9217c7a9e1e3ab3ac9a482d9c92132d6b84bb503	cd6440a8960269f1eba2666b536dbf20215ee1fd0912d263435d6aa708f75228	3	3	taxonomy	0.4238095238095238	0.3526414010910135
shape	192	order	3	152	40	b19edb8f840641f66a2a3f967d1f483390b74d9f93cb56daefa12d24acf934e2	f34048df7b57f7cb036f21928d971a2d796c87c41aee0b1d6ebd344bb30bacb8	3	3	prevalence	0.3333333333333333	0.3111111111111111
shape	192	order	3	152	40	b19edb8f840641f66a2a3f967d1f483390b74d9f93cb56daefa12d24acf934e2	f34048df7b57f7cb036f21928d971a2d796c87c41aee0b1d6ebd344bb30bacb8	3	3	taxonomy	0.40317460317460313	0.3328671328671329
shape	192	order	4	152	40	2de6325e28e63de7ad6bd1a57613045a3b0b319b34eefb0aa4540e80e2c504ef	f474713a243b4a013eea541ed0c558673538bb53e5d83679590b6feb87c5c87b	3	3	prevalence	0.3333333333333333	0.30630630630630634
shape	192	order	4	152	40	2de6325e28e63de7ad6bd1a57613045a3b0b319b34eefb0aa4540e80e2c504ef	f474713a243b4a013eea541ed0c558673538bb53e5d83679590b6feb87c5c87b	3	3	taxonomy	0.4215686274509804	0.196969696969697
shape	192	order	5	153	39	2f1ea2ace8b65c6be8026d6893b2fbf2b98d26e4f95969bd568baadfe1f2160f	be3e323e8f555e5327edf383a6595b7301591d27d8274d4441a9ad91ef05b8e8	3	3	prevalence	0.3333333333333333	0.29523809523809524
shape	192	order	5	153	39	2f1ea2ace8b65c6be8026d6893b2fbf2b98d26e4f95969bd568baadfe1f2160f	be3e323e8f555e5327edf383a6595b7301591d27d8274d4441a9ad91ef05b8e8	3	3	taxonomy	0.3906810035842294	0.34017094017094013
shape	192	order	6	149	43	b4d349e43c792431396badd5a237660a60a424f9502a354a6fee9589e325ec15	c62e2e6d4424876a0e12624c51dca3a975f1fd21f11c12b0fc0eb9db3430fe06	3	3	prevalence	0.3333333333333333	0.29914529914529914
shape	192	order	6	149	43	b4d349e43c792431396badd5a237660a60a424f9502a354a6fee9589e325ec15	c62e2e6d4424876a0e12624c51dca3a975f1fd21f11c12b0fc0eb9db3430fe06	3	3	taxonomy	0.4523809523809524	0.3496732026143791
shape	192	order	7	152	40	fa146a4ae491ef13c4608107a1a8aeef5b42bb826a9bf725256f117191cb4fdf	b36c5545ba01d82ed32164d370a3a60e86b3458476a99355bd48d842e0e76912	3	3	prevalence	0.3333333333333333	0.30630630630630634
shape	192	order	7	152	40	fa146a4ae491ef13c4608107a1a8aeef5b42bb826a9bf725256f117191cb4fdf	b36c5545ba01d82ed32164d370a3a60e86b3458476a99355bd48d842e0e76912	3	3	taxonomy	0.5196078431372549	0.3215244229736984
shape	192	order	8	152	40	ae5571c7fbb78f6b1e41645afae291a146ae5e04d7d3a2d398bc5c3e3fd4f5eb	51c8f03f26683d1e8d8816d843dcc35690e0b8ae2998b69d4d78d93c5d9f0b8b	3	3	prevalence	0.3333333333333333	0.3013698630136986
shape	192	order	8	152	40	ae5571c7fbb78f6b1e41645afae291a146ae5e04d7d3a2d398bc5c3e3fd4f5eb	51c8f03f26683d1e8d8816d843dcc35690e0b8ae2998b69d4d78d93c5d9f0b8b	3	3	taxonomy	0.3333333333333333	0.3013698630136986
shape	192	order	9	152	40	c381a8766c9981f383f48d72f919d99c7bfef7abfbf60cf942c3f67ca4d00967	8121fd2033d2c7caf9871733e5ff85b5ce313e2ce664b38c037aa6d7b40ccea2	3	3	prevalence	0.3333333333333333	0.2745098039215686
shape	192	order	9	152	40	c381a8766c9981f383f48d72f919d99c7bfef7abfbf60cf942c3f67ca4d00967	8121fd2033d2c7caf9871733e5ff85b5ce313e2ce664b38c037aa6d7b40ccea2	3	3	taxonomy	0.44047619047619047	0.34379217273954116
shape	192	order	10	152	40	ffe28d6ce5c9f7f6c5d28c3c28a2b57dbdb03d2f702fc94618e992b552f9d7be	ba5901f234b98ccc7ef88e9a29bc6eca6cb89c29d2090200417a23317092c466	3	3	prevalence	0.3333333333333333	0.2857142857142857
shape	192	order	10	152	40	ffe28d6ce5c9f7f6c5d28c3c28a2b57dbdb03d2f702fc94618e992b552f9d7be	ba5901f234b98ccc7ef88e9a29bc6eca6cb89c29d2090200417a23317092c466	3	3	taxonomy	0.3666666666666667	0.27999999999999997
shape	192	order	11	152	40	c300ad9faaa8d2049803b07b6e46779e2ad265637b339de27a5286f1a45ee4ee	0982de6cb33cc4f95c67eab1ebea274580fa2a2a3d17de09282a4d4e1cb6815a	3	3	prevalence	0.3333333333333333	0.2857142857142857
shape	192	order	11	152	40	c300ad9faaa8d2049803b07b6e46779e2ad265637b339de27a5286f1a45ee4ee	0982de6cb33cc4f95c67eab1ebea274580fa2a2a3d17de09282a4d4e1cb6815a	3	3	taxonomy	0.41111111111111115	0.3666666666666667
shape	192	order	12	152	40	125a03b58197afd11377bfbe8ce8af40b38501db45dd949b019d2291f698397f	1b11a949fe33e0337af8ed4f83c0bbab02c345593c1bedc53aa8e8eb3ddd1604	3	3	prevalence	0.3333333333333333	0.2745098039215686
shape	192	order	12	152	40	125a03b58197afd11377bfbe8ce8af40b38501db45dd949b019d2291f698397f	1b11a949fe33e0337af8ed4f83c0bbab02c345593c1bedc53aa8e8eb3ddd1604	3	3	taxonomy	0.48214285714285715	0.3060428849902534
shape	192	order	13	153	39	d80412fa8c7deb6175c5c5b4e839e85e64730d6d7f643f00fe9235f414f19003	228f486f27d64bcea5e05235f333597590d6592c4f6be4a9a550af5474c50da2	3	3	prevalence	0.3333333333333333	0.3004694835680751
shape	192	order	13	153	39	d80412fa8c7deb6175c5c5b4e839e85e64730d6d7f643f00fe9235f414f19003	228f486f27d64bcea5e05235f333597590d6592c4f6be4a9a550af5474c50da2	3	3	taxonomy	0.4930555555555555	0.3867171080285834
shape	192	order	14	152	40	e0ba9787bd3b6007acc926838a59a330058b604de149a5afba49168018f315ce	136ca90522ee2ed5ede2192de01398d327c64a1b31da70920a1efef65d9e792e	3	3	prevalence	0.3333333333333333	0.24338624338624337
shape	192	order	14	152	40	e0ba9787bd3b6007acc926838a59a330058b604de149a5afba49168018f315ce	136ca90522ee2ed5ede2192de01398d327c64a1b31da70920a1efef65d9e792e	3	3	taxonomy	0.34057971014492755	0.2812846068660022
shape	192	order	15	152	40	e5495a4f7ee77980dcfbba391d25eb9d9e79770fb740679bd9a3984e56e0c1f2	8bbaf324dccd6de8d9b3ec6cc2211ec9567a0e61a515a0dab0bf61612f12f15c	3	3	prevalence	0.3333333333333333	0.23655913978494625
shape	192	order	15	152	40	e5495a4f7ee77980dcfbba391d25eb9d9e79770fb740679bd9a3984e56e0c1f2	8bbaf324dccd6de8d9b3ec6cc2211ec9567a0e61a515a0dab0bf61612f12f15c	3	3	taxonomy	0.35833333333333334	0.22698412698412698
shape	192	order	16	152	40	4eae2103273ba3621d6641b59c645e22b329bc7002abb71d51d35a1f0497b141	9bcb624c1f34300a4116169ac63e3ab43ed60c37c347680ee8a309d6f70bc6f4	3	3	prevalence	0.3333333333333333	0.26865671641791045
shape	192	order	16	152	40	4eae2103273ba3621d6641b59c645e22b329bc7002abb71d51d35a1f0497b141	9bcb624c1f34300a4116169ac63e3ab43ed60c37c347680ee8a309d6f70bc6f4	3	3	taxonomy	0.328042328042328	0.2655155155155155
shape	192	order	17	153	39	b0be01aa67116d874381a3df128db7926f6a897852926b5a6ed6505712be6108	ba8900ffc986d45f1e91fae9b88acd0c0cd3d60e47d54b108c57a2b0884b7609	3	3	prevalence	0.3333333333333333	0.26666666666666666
shape	192	order	17	153	39	b0be01aa67116d874381a3df128db7926f6a897852926b5a6ed6505712be6108	ba8900ffc986d45f1e91fae9b88acd0c0cd3d60e47d54b108c57a2b0884b7609	3	3	taxonomy	0.45604395604395603	0.3753086419753086
shape	192	order	18	153	39	5a667726a978de744301cd2e144a6594c14c7aa37f5d2eace1a3b2ec0d43c0c1	c93efaf78d8f429d30d802506256953ff3e0c43c9244ee7cb449742a07df72a1	3	3	prevalence	0.3333333333333333	0.26666666666666666
shape	192	order	18	153	39	5a667726a978de744301cd2e144a6594c14c7aa37f5d2eace1a3b2ec0d43c0c1	c93efaf78d8f429d30d802506256953ff3e0c43c9244ee7cb449742a07df72a1	3	3	taxonomy	0.3803418803418803	0.3598086124401914
shape	192	order	19	149	43	f04830540e151772146c3856dc4343c547af4d7b5e9851144421da245c96b9c4	0ba6755c2fcf7d9a127f992b6bbb8a6ba0f9610f6ad1bc773bf356b61fa150d5	3	3	prevalence	0.3333333333333333	0.28444444444444444
shape	192	order	19	149	43	f04830540e151772146c3856dc4343c547af4d7b5e9851144421da245c96b9c4	0ba6755c2fcf7d9a127f992b6bbb8a6ba0f9610f6ad1bc773bf356b61fa150d5	3	3	taxonomy	0.3819444444444444	0.35000000000000003
motility	192	within	0	154	38	e9adf1310baf06dd1e013d22794fc40e967283ac868261f7159d364ee009208b	03f3b3804f09b030e82268e485db9ef8629968d2fa3474766e3f8b0331cee376	2	2	prevalence	0.5	0.3770491803278688
motility	192	within	0	154	38	e9adf1310baf06dd1e013d22794fc40e967283ac868261f7159d364ee009208b	03f3b3804f09b030e82268e485db9ef8629968d2fa3474766e3f8b0331cee376	2	2	taxonomy	0.6043478260869566	0.5983086680761099
motility	192	within	1	154	38	6c7343014d05a3a9db7020b2d2690bdc92931fc4dc4655b044c4473ef0189827	4ad74bce85b45374ee6f9eb2245eec85cf91168d20f6fbb5b346a5016171c4b6	2	2	prevalence	0.5	0.3770491803278688
motility	192	within	1	154	38	6c7343014d05a3a9db7020b2d2690bdc92931fc4dc4655b044c4473ef0189827	4ad74bce85b45374ee6f9eb2245eec85cf91168d20f6fbb5b346a5016171c4b6	2	2	taxonomy	0.6478260869565218	0.6458781362007169
motility	192	within	2	154	38	0bf67f5b19df66138a8563c6f2e3106b8baee9a32e9aad8e68854f867bc3ce85	cf0f3de1ce0c908bea525198ca4a617e53b9009334650cd3e4fccd7bf3e3f80d	2	2	prevalence	0.5	0.3870967741935484
motility	192	within	2	154	38	0bf67f5b19df66138a8563c6f2e3106b8baee9a32e9aad8e68854f867bc3ce85	cf0f3de1ce0c908bea525198ca4a617e53b9009334650cd3e4fccd7bf3e3f80d	2	2	taxonomy	0.6755952380952381	0.6695652173913043
motility	192	within	3	154	38	18b2973baa5c67b391835cc00c0e738c65e550a273c3110b034849d5d42e02cc	0da19e447e7f79c4986d474f37a90fd27d9241ec97cf34e48f8c6fa6aa1a98af	2	2	prevalence	0.5	0.3770491803278688
motility	192	within	3	154	38	18b2973baa5c67b391835cc00c0e738c65e550a273c3110b034849d5d42e02cc	0da19e447e7f79c4986d474f37a90fd27d9241ec97cf34e48f8c6fa6aa1a98af	2	2	taxonomy	0.7579710144927536	0.7548387096774194
motility	192	within	4	154	38	7e38edd61403973e2d714d2959396961b02f16f4ec9745bc6d1f89feb6a0dfba	5d0c5bcc718eee69c9d67293ea69fce03d26b592eb956ea3c296741d574deddc	2	2	prevalence	0.5	0.3770491803278688
motility	192	within	4	154	38	7e38edd61403973e2d714d2959396961b02f16f4ec9745bc6d1f89feb6a0dfba	5d0c5bcc718eee69c9d67293ea69fce03d26b592eb956ea3c296741d574deddc	2	2	taxonomy	0.7478260869565218	0.7338935574229692
motility	192	within	5	154	38	604dcd0f04a3c894029546a3ee6c4400573e7fbf0fae48feeff8a3d70be7ace0	ba888ab4e8bf6d0ce340111b1f53c4c3765721324a17cf163577f62c1941696d	2	2	prevalence	0.5	0.36666666666666664
motility	192	within	5	154	38	604dcd0f04a3c894029546a3ee6c4400573e7fbf0fae48feeff8a3d70be7ace0	ba888ab4e8bf6d0ce340111b1f53c4c3765721324a17cf163577f62c1941696d	2	2	taxonomy	0.7159090909090908	0.7087108013937282
motility	192	within	6	154	38	7c80f2b59924ab693a7f68104f1b4259f1ff1bca393efadcb8d2a4c4145fd9e9	5388f2582b87e3bd1a3282b683a6243e8f19b7db5cb4511dbd999915de5bd868	2	2	prevalence	0.5	0.3870967741935484
motility	192	within	6	154	38	7c80f2b59924ab693a7f68104f1b4259f1ff1bca393efadcb8d2a4c4145fd9e9	5388f2582b87e3bd1a3282b683a6243e8f19b7db5cb4511dbd999915de5bd868	2	2	taxonomy	0.7261904761904762	0.7054263565891472
motility	192	within	7	154	38	39dc361cd97b1176e5485922932f2073981b32469bea313050538bd678e62a34	d163d02f1bc179b3c9215755d0603a36f65de229fde9d8f428898636c4b7cb31	2	2	prevalence	0.5	0.3559322033898305
motility	192	within	7	154	38	39dc361cd97b1176e5485922932f2073981b32469bea313050538bd678e62a34	d163d02f1bc179b3c9215755d0603a36f65de229fde9d8f428898636c4b7cb31	2	2	taxonomy	0.5686274509803921	0.5681818181818181
motility	192	within	8	154	38	e7f9419a8521f7e7ad91730ce3fd8a90c8588e579b7b50c1f986275a93075e7a	5aec335d9bbe9593c8fa56613ea15f304caadceec43832edbf1e0711b8898262	2	2	prevalence	0.5	0.3770491803278688
motility	192	within	8	154	38	e7f9419a8521f7e7ad91730ce3fd8a90c8588e579b7b50c1f986275a93075e7a	5aec335d9bbe9593c8fa56613ea15f304caadceec43832edbf1e0711b8898262	2	2	taxonomy	0.6478260869565218	0.6458781362007169
motility	192	within	9	154	38	ae187f4e2218b4160e9a767db3acfe95750d8d34504043b06df670fa70b046e1	838a1db79676d613201e2dae313d896ab39bf482ca3cd5f4f6941602387dd4e3	2	2	prevalence	0.5	0.40625
motility	192	within	9	154	38	ae187f4e2218b4160e9a767db3acfe95750d8d34504043b06df670fa70b046e1	838a1db79676d613201e2dae313d896ab39bf482ca3cd5f4f6941602387dd4e3	2	2	taxonomy	0.5833333333333333	0.5447498238195913
motility	192	within	10	154	38	a371de2713ee4a5bf7b8d4c09efadcc74d526b85a1ad5279d661fb5f47faed89	b171ede8215d5ec13f0da90caf6c2ace7ce05ca35fd05df8afedff89f7b5bb7e	2	2	prevalence	0.5	0.40625
motility	192	within	10	154	38	a371de2713ee4a5bf7b8d4c09efadcc74d526b85a1ad5279d661fb5f47faed89	b171ede8215d5ec13f0da90caf6c2ace7ce05ca35fd05df8afedff89f7b5bb7e	2	2	taxonomy	0.6217948717948718	0.5913978494623655
motility	192	within	11	154	38	ad03f13a2aa267ed0a6124891fbc1f18b7fb634d5e4eea1524ad3c8ba1f81439	e03e6a612d42b262f33a79e7cc66f925f2d7aed0c0b3f19e17cb5ff8b10a3546	2	2	prevalence	0.5	0.3333333333333333
motility	192	within	11	154	38	ad03f13a2aa267ed0a6124891fbc1f18b7fb634d5e4eea1524ad3c8ba1f81439	e03e6a612d42b262f33a79e7cc66f925f2d7aed0c0b3f19e17cb5ff8b10a3546	2	2	taxonomy	0.6052631578947368	0.6049896049896051
motility	192	within	12	154	38	9aff78cff14c32f485f64154cf8af9f2ff966be3d6593e9e65f48247289c5290	834907f5381537c17792ff025baca1d25913fdd4d0fd845bfed2cb761966913c	2	2	prevalence	0.5	0.3870967741935484
motility	192	within	12	154	38	9aff78cff14c32f485f64154cf8af9f2ff966be3d6593e9e65f48247289c5290	834907f5381537c17792ff025baca1d25913fdd4d0fd845bfed2cb761966913c	2	2	taxonomy	0.7886904761904762	0.7797101449275362
motility	192	within	13	154	38	a86d9c0229ac77ce6ee8c0c291bfd724f8cc5a35fc0087c24daf7f423369a268	265cde3a9705506ca3e3f866681c62b7d7e85af5bdcca0373644e43aa8f548fc	2	2	prevalence	0.5	0.36666666666666664
motility	192	within	13	154	38	a86d9c0229ac77ce6ee8c0c291bfd724f8cc5a35fc0087c24daf7f423369a268	265cde3a9705506ca3e3f866681c62b7d7e85af5bdcca0373644e43aa8f548fc	2	2	taxonomy	0.7642045454545454	0.7361111111111112
motility	192	within	14	154	38	d5ab922173c4542069221e83770f4af56001da0d3b066ad980eb072346526a62	e1e8e13d7ae7209ff958aa392be3c5f7829d92a8fafcc8d6c761825b0c4ab269	2	2	prevalence	0.5	0.32142857142857145
motility	192	within	14	154	38	d5ab922173c4542069221e83770f4af56001da0d3b066ad980eb072346526a62	e1e8e13d7ae7209ff958aa392be3c5f7829d92a8fafcc8d6c761825b0c4ab269	2	2	taxonomy	0.6833333333333333	0.6833333333333333
motility	192	within	15	154	38	f70d60993f43df1dc599ad2447ab81040612af780b43f7bc69146627735bab62	1afbe13027360cb9b448b29cf34750a649411fab365d9f811540b955c5b75d09	2	2	prevalence	0.5	0.3968253968253968
motility	192	within	15	154	38	f70d60993f43df1dc599ad2447ab81040612af780b43f7bc69146627735bab62	1afbe13027360cb9b448b29cf34750a649411fab365d9f811540b955c5b75d09	2	2	taxonomy	0.6476923076923078	0.6375641966250918
motility	192	within	16	154	38	f6771500e4e01f4b0e47dc9ec84e1e4c8523aec88b34ce3f2f338680a44fbecf	92bc686fabfeb34ffe8da177d59bfffea9b702ff4fbc21c2d3b00a65c1252c0a	2	2	prevalence	0.5	0.3448275862068966
motility	192	within	16	154	38	f6771500e4e01f4b0e47dc9ec84e1e4c8523aec88b34ce3f2f338680a44fbecf	92bc686fabfeb34ffe8da177d59bfffea9b702ff4fbc21c2d3b00a65c1252c0a	2	2	taxonomy	0.6805555555555556	0.680672268907563
motility	192	within	17	154	38	d62d425adf1c9b9538ccfaf8b80a2e85d8651de15eea7f171ae9139c19871ee2	aa4ad7f14524ed21062c2c6a4ea15e4a3834a67da040bb2e02bc09c19083d910	2	2	prevalence	0.5	0.3559322033898305
motility	192	within	17	154	38	d62d425adf1c9b9538ccfaf8b80a2e85d8651de15eea7f171ae9139c19871ee2	aa4ad7f14524ed21062c2c6a4ea15e4a3834a67da040bb2e02bc09c19083d910	2	2	taxonomy	0.7633053221288515	0.7616724738675958
motility	192	within	18	154	38	94d5a8020a89f5f0631024582a503f718dc14ecfeced5229c58ae1f54b6205bc	e7469400aa0b60d0f2c24871f64b63877869964bfd4edfd9798a6c2333210988	2	2	prevalence	0.5	0.3559322033898305
motility	192	within	18	154	38	94d5a8020a89f5f0631024582a503f718dc14ecfeced5229c58ae1f54b6205bc	e7469400aa0b60d0f2c24871f64b63877869964bfd4edfd9798a6c2333210988	2	2	taxonomy	0.6218487394957983	0.6221590909090908
motility	192	within	19	154	38	963f33bdfcafc0cc404fa35c919b35c6c88611d8aa1f0dccd6ec1c0b64a729eb	9bf6fd999ddaaa8c107eeae96f0874851e13df6848b53945485e9023a7c102bc	2	2	prevalence	0.5	0.3448275862068966
motility	192	within	19	154	38	963f33bdfcafc0cc404fa35c919b35c6c88611d8aa1f0dccd6ec1c0b64a729eb	9bf6fd999ddaaa8c107eeae96f0874851e13df6848b53945485e9023a7c102bc	2	2	taxonomy	0.7666666666666666	0.7629937629937631
motility	192	genus	0	150	42	abec218a8b9f7419399534eebe4ac5432351634260baaa22ce85c77bf1535537	60e40b55bf154b795ccf8df906a1bf0af333f4c7804980885ce6fa3f118be2e7	2	2	prevalence	0.5	0.3225806451612903
motility	192	genus	0	150	42	abec218a8b9f7419399534eebe4ac5432351634260baaa22ce85c77bf1535537	60e40b55bf154b795ccf8df906a1bf0af333f4c7804980885ce6fa3f118be2e7	2	2	taxonomy	0.5159090909090909	0.5058823529411764
motility	192	genus	1	154	38	3ce300b89ec034b0d343a90743948c64355d42f45763279992e186c794ee23a5	e54479c511bcb14edcfdfcaaa7fdf6f284de700e6877aaed42b749e9aaf1b924	2	2	prevalence	0.5	0.2830188679245283
motility	192	genus	1	154	38	3ce300b89ec034b0d343a90743948c64355d42f45763279992e186c794ee23a5	e54479c511bcb14edcfdfcaaa7fdf6f284de700e6877aaed42b749e9aaf1b924	2	2	taxonomy	0.7362318840579709	0.7301136363636364
motility	192	genus	2	154	38	17ee1f77e8f5eaffd2bcae033ee21fd8730bb9c40846aec3e55ce430e3979eae	d8222bdf8f05456855bf8f27c56df65c608d8b3efcf5cb1d7e668f74c8c97881	2	2	prevalence	0.5	0.36666666666666664
motility	192	genus	2	154	38	17ee1f77e8f5eaffd2bcae033ee21fd8730bb9c40846aec3e55ce430e3979eae	d8222bdf8f05456855bf8f27c56df65c608d8b3efcf5cb1d7e668f74c8c97881	2	2	taxonomy	0.6448863636363636	0.6458781362007169
motility	192	genus	3	154	38	acd1563c890a8d4f5bd89b73045a94e72c3799778f84becf5c717492299f8a47	c8b7aa3fd3c09fc79bdf99142b0cd644a3999f2d1c0429a4523929d50cde9817	2	2	prevalence	0.5	0.2962962962962963
motility	192	genus	3	154	38	acd1563c890a8d4f5bd89b73045a94e72c3799778f84becf5c717492299f8a47	c8b7aa3fd3c09fc79bdf99142b0cd644a3999f2d1c0429a4523929d50cde9817	2	2	taxonomy	0.5113636363636364	0.4933333333333333
motility	192	genus	4	154	38	d630733e742cd5dfbd65709a22175e362fea45723cb42c0da7dda3f57013d3c9	e9540f28469a0992415ffbe8d57b5a7dbeccbde0c191dfd10fff58dd4c009a11	2	2	prevalence	0.5	0.4153846153846154
motility	192	genus	4	154	38	d630733e742cd5dfbd65709a22175e362fea45723cb42c0da7dda3f57013d3c9	e9540f28469a0992415ffbe8d57b5a7dbeccbde0c191dfd10fff58dd4c009a11	2	2	taxonomy	0.5218855218855218	0.4677871148459384
motility	192	genus	5	154	38	1af1151e107a6891ca9975733c2123401317c2716b433ccb71e26f05f975ae2f	e9b742f072ce79e7df1fa01239c816b11216ef295c95cd603a35ed7d18e6c288	2	2	prevalence	0.5	0.2830188679245283
motility	192	genus	5	154	38	1af1151e107a6891ca9975733c2123401317c2716b433ccb71e26f05f975ae2f	e9b742f072ce79e7df1fa01239c816b11216ef295c95cd603a35ed7d18e6c288	2	2	taxonomy	0.644927536231884	0.638095238095238
motility	192	genus	6	153	39	0fadf2043b03e7176a9874cce64edbf31a58f55c4b52f9fcdc7d68f4f5706f4a	95401f1a8ffed4be9bbb1fb79d3a33f624a62c3a48fb79a6d7879184df91051b	2	2	prevalence	0.5	0.36065573770491804
motility	192	genus	6	153	39	0fadf2043b03e7176a9874cce64edbf31a58f55c4b52f9fcdc7d68f4f5706f4a	95401f1a8ffed4be9bbb1fb79d3a33f624a62c3a48fb79a6d7879184df91051b	2	2	taxonomy	0.7005347593582887	0.6921052631578948
motility	192	genus	7	154	38	e1d9150933d348d98fb9b1dbaf14076feb50664e4c1df24cb84d6181e1302ae3	1f19810900b1edf7155839f450289c8c3fddfe92f58cab51702f81305d8351b0	2	2	prevalence	0.5	0.32142857142857145
motility	192	genus	7	154	38	e1d9150933d348d98fb9b1dbaf14076feb50664e4c1df24cb84d6181e1302ae3	1f19810900b1edf7155839f450289c8c3fddfe92f58cab51702f81305d8351b0	2	2	taxonomy	0.6027777777777779	0.602787456445993
motility	192	genus	8	154	38	53a29c312d7247c413dcf833bd0e16ca06f354405a4f9ebcd317ea1262138cdb	7cabe6c29f833b697a281108273696c67bd8e046c0b3bfb58b03f162dce84e64	2	2	prevalence	0.5	0.3870967741935484
motility	192	genus	8	154	38	53a29c312d7247c413dcf833bd0e16ca06f354405a4f9ebcd317ea1262138cdb	7cabe6c29f833b697a281108273696c67bd8e046c0b3bfb58b03f162dce84e64	2	2	taxonomy	0.6428571428571428	0.6049896049896051
motility	192	genus	9	154	38	4321edb1d44a6f948afb607a2708d5ef48bf3ba33a4e98ce32661cc75906ba75	610fa2491590fc35a9755c4a7b8dc2652447bb8a6ca3605c3002375f8e0aef17	2	2	prevalence	0.5	0.3559322033898305
motility	192	genus	9	154	38	4321edb1d44a6f948afb607a2708d5ef48bf3ba33a4e98ce32661cc75906ba75	610fa2491590fc35a9755c4a7b8dc2652447bb8a6ca3605c3002375f8e0aef17	2	2	taxonomy	0.7450980392156863	0.7368421052631579
motility	192	genus	10	153	39	cdd8a7b557f5e80f134c56d9325e5c691e34b0c756e54c361bc17224f08c7869	24591b9d0f536d7c7a28f18c7234a14c581990d0ad188a8a25a96d1755629ff3	2	2	prevalence	0.5	0.2909090909090909
motility	192	genus	10	153	39	cdd8a7b557f5e80f134c56d9325e5c691e34b0c756e54c361bc17224f08c7869	24591b9d0f536d7c7a28f18c7234a14c581990d0ad188a8a25a96d1755629ff3	2	2	taxonomy	0.6820652173913043	0.6820652173913043
motility	192	genus	11	154	38	3d045de3575422f8a9548ee29a6a32b94a609859509b492bfa14cd9fd3465927	ddd03ec118e1b71a45ce4140fd6ef53986d68ed8faeae0285141250e8fbd07ee	2	2	prevalence	0.5	0.3448275862068966
motility	192	genus	11	154	38	3d045de3575422f8a9548ee29a6a32b94a609859509b492bfa14cd9fd3465927	ddd03ec118e1b71a45ce4140fd6ef53986d68ed8faeae0285141250e8fbd07ee	2	2	taxonomy	0.6527777777777778	0.6518675123326286
motility	192	genus	12	154	38	a92becb709bf7accb88f401a38019c31f247e93cd4c03c9b2b82eeb07285d586	24fdc7ce12d72f37b5b157a83b28b2c25ec090984d3e404b5f0f2235d995b65b	2	2	prevalence	0.5	0.40625
motility	192	genus	12	154	38	a92becb709bf7accb88f401a38019c31f247e93cd4c03c9b2b82eeb07285d586	24fdc7ce12d72f37b5b157a83b28b2c25ec090984d3e404b5f0f2235d995b65b	2	2	taxonomy	0.6794871794871795	0.6607142857142857
motility	192	genus	13	154	38	e3d8f5c48995b73868c21943af5b1bd6d738c2214a87c25c7af5fd70ebe88898	a157b2e7910a2695568b3a5033dbafe5d288befa8d751b1b5f72744420f538aa	2	2	prevalence	0.5	0.3448275862068966
motility	192	genus	13	154	38	e3d8f5c48995b73868c21943af5b1bd6d738c2214a87c25c7af5fd70ebe88898	a157b2e7910a2695568b3a5033dbafe5d288befa8d751b1b5f72744420f538aa	2	2	taxonomy	0.6611111111111111	0.6576576576576576
motility	192	genus	14	154	38	ddbcce4cea2c67bf6d04bb64ee1b790a27733992d855894c86278148f530cf3d	56348075277f0a90235fd8405fef003158f21c7b89a2c01c9a190dda240a654a	2	2	prevalence	0.5	0.3968253968253968
motility	192	genus	14	154	38	ddbcce4cea2c67bf6d04bb64ee1b790a27733992d855894c86278148f530cf3d	56348075277f0a90235fd8405fef003158f21c7b89a2c01c9a190dda240a654a	2	2	taxonomy	0.7446153846153847	0.7246376811594203
motility	192	genus	15	153	39	4840028e6cc310bfbd6341e0535e1fd13eec3bcad53d715c3b79c230cd782c47	543ddec9196250e8dda902254a10b5cab84009f1a41c589c92f9cf86e853b786	2	2	prevalence	0.5	0.2641509433962264
motility	192	genus	15	153	39	4840028e6cc310bfbd6341e0535e1fd13eec3bcad53d715c3b79c230cd782c47	543ddec9196250e8dda902254a10b5cab84009f1a41c589c92f9cf86e853b786	2	2	taxonomy	0.7371428571428571	0.7291666666666666
motility	192	genus	16	154	38	92caccdf664732444d31b321abed2088b1e1421c57b2d9b199a01b49d65e8e9e	becac62057ad65ca5ae71bbfa7b2f1e8be695a9c89a1a3dad36c89a1669459db	2	2	prevalence	0.5	0.3559322033898305
motility	192	genus	16	154	38	92caccdf664732444d31b321abed2088b1e1421c57b2d9b199a01b49d65e8e9e	becac62057ad65ca5ae71bbfa7b2f1e8be695a9c89a1a3dad36c89a1669459db	2	2	taxonomy	0.7170868347338936	0.7172619047619048
motility	192	genus	17	154	38	4dd60db20e266c3c41df5711196b211766e2f0c8d17754690c3cfeb9aa398835	4407d7d2aece2cc480578bafb14324dd59a737e1472d9347e4885649bf624198	2	2	prevalence	0.5	0.3968253968253968
motility	192	genus	17	154	38	4dd60db20e266c3c41df5711196b211766e2f0c8d17754690c3cfeb9aa398835	4407d7d2aece2cc480578bafb14324dd59a737e1472d9347e4885649bf624198	2	2	taxonomy	0.6676923076923077	0.6607142857142857
motility	192	genus	18	154	38	24270ef013405a42335139f273ed8a332d52d148770b61bdd1ae7773a975e6a7	7df2619506da08649a246ae4f0b75ecc03d1aaa144a92114d006df1a93207b33	2	2	prevalence	0.5	0.32142857142857145
motility	192	genus	18	154	38	24270ef013405a42335139f273ed8a332d52d148770b61bdd1ae7773a975e6a7	7df2619506da08649a246ae4f0b75ecc03d1aaa144a92114d006df1a93207b33	2	2	taxonomy	0.7361111111111112	0.7361111111111112
motility	192	genus	19	153	39	291c68b1940af8bd37f9dd700321fe2324096afec565f8653ff1d9f292bd87a1	6800142118a089ec6dbbfdee969c0f6a02e0642e96b93e79c5fe17d9d6f52df8	2	2	prevalence	0.5	0.35
motility	192	genus	19	153	39	291c68b1940af8bd37f9dd700321fe2324096afec565f8653ff1d9f292bd87a1	6800142118a089ec6dbbfdee969c0f6a02e0642e96b93e79c5fe17d9d6f52df8	2	2	taxonomy	0.753968253968254	0.7420634920634921
motility	192	family	0	152	40	851c7733eeb0a797ecd1b8e4c9c72eaac9b5ca4cd9c78e7e0eb817fe6c675926	012acb05ba276adb29463be0ea9f9913f8ab6d9f1829d7e0bb3cdaefbff10f1a	2	2	prevalence	0.5	0.2857142857142857
motility	192	family	0	152	40	851c7733eeb0a797ecd1b8e4c9c72eaac9b5ca4cd9c78e7e0eb817fe6c675926	012acb05ba276adb29463be0ea9f9913f8ab6d9f1829d7e0bb3cdaefbff10f1a	2	2	taxonomy	0.6666666666666667	0.6491228070175439
motility	192	family	1	150	42	4e44a611d69c420077e15bbe3e5dbe4b867dac0295b34bbca9b7eca14964e440	8fd56945d04833c4a922907fdc325ba7bf347f8f9e575ba0146f2e44ea474e13	2	2	prevalence	0.5	0.4166666666666667
motility	192	family	1	150	42	4e44a611d69c420077e15bbe3e5dbe4b867dac0295b34bbca9b7eca14964e440	8fd56945d04833c4a922907fdc325ba7bf347f8f9e575ba0146f2e44ea474e13	2	2	taxonomy	0.6583333333333333	0.6047058823529412
motility	192	family	2	150	42	fd441fb110dbe373bff9f291fde62b56e4899dd8ee70dcc65413466468b2c707	483d86604186359ff0788fa01757b24c8354c4ddbd86e9a794c63f36d08b17d8	2	2	prevalence	0.5	0.3333333333333333
motility	192	family	2	150	42	fd441fb110dbe373bff9f291fde62b56e4899dd8ee70dcc65413466468b2c707	483d86604186359ff0788fa01757b24c8354c4ddbd86e9a794c63f36d08b17d8	2	2	taxonomy	0.47619047619047616	0.47619047619047616
motility	192	family	3	154	38	3efcc288778841338bf67d465e36b656a39e3e3b9d319bb65135daffdc679916	5606643da9f15f039bb48961887a9dd96ff3d24926788edbd773f6d4ab8ecb6a	2	2	prevalence	0.5	0.4153846153846154
motility	192	family	3	154	38	3efcc288778841338bf67d465e36b656a39e3e3b9d319bb65135daffdc679916	5606643da9f15f039bb48961887a9dd96ff3d24926788edbd773f6d4ab8ecb6a	2	2	taxonomy	0.7070707070707071	0.6955128205128205
motility	192	family	4	153	39	59f9d9a2c9bd6243d7f62a09edb0a14ec50bb1749ee2d18a1b305257c9aa8797	7e723e1c147d7d94488a39a8e223b50604c73af126612997b96af658f38b2e1c	2	2	prevalence	0.5	0.390625
motility	192	family	4	153	39	59f9d9a2c9bd6243d7f62a09edb0a14ec50bb1749ee2d18a1b305257c9aa8797	7e723e1c147d7d94488a39a8e223b50604c73af126612997b96af658f38b2e1c	2	2	taxonomy	0.65	0.6538461538461539
motility	192	family	5	153	39	bc9fe1b3c0006363d4f109160751b168f65add6b35985954832b42bfdace519c	cb5889678d7aa9d68cc7ec91aab2ebba0eb051c4cbec85586beb4de8ad981429	2	2	prevalence	0.5	0.35
motility	192	family	5	153	39	bc9fe1b3c0006363d4f109160751b168f65add6b35985954832b42bfdace519c	cb5889678d7aa9d68cc7ec91aab2ebba0eb051c4cbec85586beb4de8ad981429	2	2	taxonomy	0.8214285714285714	0.8200395517468688
motility	192	family	6	153	39	09398c0facf5afdab19b4609b5ae0d20a5849d1c953fce35dfdb0616cd908397	42feb6aafe83ddfdefed8dcc51392d5f980c682e46b4e01b84619e774c2da8fa	2	2	prevalence	0.5	0.3709677419354839
motility	192	family	6	153	39	09398c0facf5afdab19b4609b5ae0d20a5849d1c953fce35dfdb0616cd908397	42feb6aafe83ddfdefed8dcc51392d5f980c682e46b4e01b84619e774c2da8fa	2	2	taxonomy	0.6576086956521738	0.6407894736842106
motility	192	family	7	152	40	a24f961a30f5fc4d4af6208d138dc76ab01ebd1141db8a4d488bdef2b4df96c8	1b683dd2ec17038510ddedc6f2d37652499d5d23e4dcb85a28aabdec2d144477	2	2	prevalence	0.5	0.36507936507936506
motility	192	family	7	152	40	a24f961a30f5fc4d4af6208d138dc76ab01ebd1141db8a4d488bdef2b4df96c8	1b683dd2ec17038510ddedc6f2d37652499d5d23e4dcb85a28aabdec2d144477	2	2	taxonomy	0.7071611253196931	0.7103357472021066
motility	192	family	8	146	46	e6a6db742288de13030a1129c2bc707812eb54cb7438ae65a7a97741a4440de0	82133a19e022da315f13be8e1e2384b33605b88fd55b71cb0191e736b76e4c67	2	2	prevalence	0.5	0.38666666666666666
motility	192	family	8	146	46	e6a6db742288de13030a1129c2bc707812eb54cb7438ae65a7a97741a4440de0	82133a19e022da315f13be8e1e2384b33605b88fd55b71cb0191e736b76e4c67	2	2	taxonomy	0.550709939148073	0.5511042629686698
motility	192	family	9	153	39	6c08698d4873356980038c117304d9219590692f5ad6404d626679a355db08d5	0f8435ee9b84810b6921a05e567d1820f7d625f3770702172c3e9bd3b47c3705	2	2	prevalence	0.5	0.3389830508474576
motility	192	family	9	153	39	6c08698d4873356980038c117304d9219590692f5ad6404d626679a355db08d5	0f8435ee9b84810b6921a05e567d1820f7d625f3770702172c3e9bd3b47c3705	2	2	taxonomy	0.5684210526315789	0.5535353535353535
motility	192	family	10	154	38	709d8172bbde234c3583390820be810affeac61b3dc1a8929fd4321f3a734781	cd7fbc64323591224c5c40ae8382b14e873967173586a262948ef7255d843807	2	2	prevalence	0.5	0.2962962962962963
motility	192	family	10	154	38	709d8172bbde234c3583390820be810affeac61b3dc1a8929fd4321f3a734781	cd7fbc64323591224c5c40ae8382b14e873967173586a262948ef7255d843807	2	2	taxonomy	0.6931818181818181	0.6833333333333333
motility	192	family	11	152	40	e72451ffef2f042a1231af64707aa7e629274130a5bf2416a3bec9504f146374	f0311d07a40fc530d02dda67ffeb5b91e4230770c43df463cee32f444bdd3b18	2	2	prevalence	0.5	0.2982456140350877
motility	192	family	11	152	40	e72451ffef2f042a1231af64707aa7e629274130a5bf2416a3bec9504f146374	f0311d07a40fc530d02dda67ffeb5b91e4230770c43df463cee32f444bdd3b18	2	2	taxonomy	0.809462915601023	0.8156682027649769
motility	192	family	12	154	38	5443176d976f8f0ddd0353374ed6dc844ed0a58b1b054fc13abd650203d58fa4	022e51ea90bd331c3ed441ef26eaaa0a4a66fc58cd175766f4c227cebf2ab0d0	2	2	prevalence	0.5	0.36666666666666664
motility	192	family	12	154	38	5443176d976f8f0ddd0353374ed6dc844ed0a58b1b054fc13abd650203d58fa4	022e51ea90bd331c3ed441ef26eaaa0a4a66fc58cd175766f4c227cebf2ab0d0	2	2	taxonomy	0.6477272727272727	0.631578947368421
motility	192	family	13	153	39	b24c9c951d0138e2e39912472796a3c7eab359116d0af7ce7e7ff6976e66bd8d	b51afc93856a645af47129611d5e2b925d598ab5e84dd127e5ffeec36cd56f3f	2	2	prevalence	0.5	0.417910447761194
motility	192	family	13	153	39	b24c9c951d0138e2e39912472796a3c7eab359116d0af7ce7e7ff6976e66bd8d	b51afc93856a645af47129611d5e2b925d598ab5e84dd127e5ffeec36cd56f3f	2	2	taxonomy	0.6006493506493507	0.6068548387096775
motility	192	family	14	153	39	f50a4d27b026a6b79b74bd0708e7379aadd68197f8a7d08266de9b9d48618e2d	74e3414a3f748824446cd9249b5ddcc944e5ac506443ed0377487fe723e40330	2	2	prevalence	0.5	0.3389830508474576
motility	192	family	14	153	39	f50a4d27b026a6b79b74bd0708e7379aadd68197f8a7d08266de9b9d48618e2d	74e3414a3f748824446cd9249b5ddcc944e5ac506443ed0377487fe723e40330	2	2	taxonomy	0.49473684210526314	0.44285714285714284
motility	192	family	15	154	38	b5867276731fc5027535f22405b138145cd885ef2b266725bb38ae5f4dbfcc83	e76567dd30980f8c1d209b4dc63f328edd61c828f5772494abc752b6802c4b57	2	2	prevalence	0.5	0.2962962962962963
motility	192	family	15	154	38	b5867276731fc5027535f22405b138145cd885ef2b266725bb38ae5f4dbfcc83	e76567dd30980f8c1d209b4dc63f328edd61c828f5772494abc752b6802c4b57	2	2	taxonomy	0.7045454545454546	0.7076923076923077
motility	192	family	16	151	41	57f0d12da28bb54f03779291dd99a49777f549b0c33b1f04734f60dcb24fb895	c0af1f0b59ce87548203ce0924ac4ebfe4178c9ade3e5ac20580e277cf0fc7b5	2	2	prevalence	0.5	0.3050847457627119
motility	192	family	16	151	41	57f0d12da28bb54f03779291dd99a49777f549b0c33b1f04734f60dcb24fb895	c0af1f0b59ce87548203ce0924ac4ebfe4178c9ade3e5ac20580e277cf0fc7b5	2	2	taxonomy	0.6171497584541064	0.5876436781609196
motility	192	family	17	154	38	1021216272b57f95edd88e063de6058b35b56b520f1e909bbdd0861c1f3e1133	c8cc19c4876ce45153bd11993660940690bcacb91b6a29ccbc341ee72c482d8a	2	2	prevalence	0.5	0.3090909090909091
motility	192	family	17	154	38	1021216272b57f95edd88e063de6058b35b56b520f1e909bbdd0861c1f3e1133	c8cc19c4876ce45153bd11993660940690bcacb91b6a29ccbc341ee72c482d8a	2	2	taxonomy	0.6036414565826331	0.602787456445993
motility	192	family	18	146	46	25a97424efe35a9f66a43019f039589eb7fffd5c7a93b79861403baa9b1bf839	621937b6cf048f66c86ddc8aa14dc6ce60c161b99999fa4caf95f5c029ea3ae7	2	2	prevalence	0.5	0.3783783783783784
motility	192	family	18	146	46	25a97424efe35a9f66a43019f039589eb7fffd5c7a93b79861403baa9b1bf839	621937b6cf048f66c86ddc8aa14dc6ce60c161b99999fa4caf95f5c029ea3ae7	2	2	taxonomy	0.5992063492063493	0.5964912280701754
motility	192	family	19	151	41	6a656eaca132ff03a3f2a61e9f105c8f2f611dfa681151acb23c7e5c6d1c250c	6929719f2f3ccbb0042994885b621df63d2eb596e77a9bf3072b8b4fa7ed58f7	2	2	prevalence	0.5	0.2545454545454545
motility	192	family	19	151	41	6a656eaca132ff03a3f2a61e9f105c8f2f611dfa681151acb23c7e5c6d1c250c	6929719f2f3ccbb0042994885b621df63d2eb596e77a9bf3072b8b4fa7ed58f7	2	2	taxonomy	0.4775132275132275	0.4698275862068966
motility	192	order	0	152	40	2ec6d8f7eddbf87c87dc5bed2428e42d646f140ee8221e35cae7370599335c75	194ee3e05b2eda0067aa4cc4bebac304d75187d6007aff08fb22ec86794009c5	2	2	prevalence	0.5	0.38461538461538464
motility	192	order	0	152	40	2ec6d8f7eddbf87c87dc5bed2428e42d646f140ee8221e35cae7370599335c75	194ee3e05b2eda0067aa4cc4bebac304d75187d6007aff08fb22ec86794009c5	2	2	taxonomy	0.6333333333333333	0.6190476190476191
motility	192	order	1	153	39	5ab9303f7d289feb15f6b9701983ce1a0c4e1caf7ee487b37d4339ca992d409a	51944001a144fd9728127ddf5e262749f20bcf7efa1d3eaef0cc8ac0c916c248	2	2	prevalence	0.5	0.38095238095238093
motility	192	order	1	153	39	5ab9303f7d289feb15f6b9701983ce1a0c4e1caf7ee487b37d4339ca992d409a	51944001a144fd9728127ddf5e262749f20bcf7efa1d3eaef0cc8ac0c916c248	2	2	taxonomy	0.49166666666666664	0.42647058823529416
motility	192	order	2	149	43	c9ce4cabf23bd401adb30dbd9217c7a9e1e3ab3ac9a482d9c92132d6b84bb503	cd6440a8960269f1eba2666b536dbf20215ee1fd0912d263435d6aa708f75228	2	2	prevalence	0.5	0.31746031746031744
motility	192	order	2	149	43	c9ce4cabf23bd401adb30dbd9217c7a9e1e3ab3ac9a482d9c92132d6b84bb503	cd6440a8960269f1eba2666b536dbf20215ee1fd0912d263435d6aa708f75228	2	2	taxonomy	0.7663043478260869	0.7663043478260869
motility	192	order	3	152	40	b19edb8f840641f66a2a3f967d1f483390b74d9f93cb56daefa12d24acf934e2	f34048df7b57f7cb036f21928d971a2d796c87c41aee0b1d6ebd344bb30bacb8	2	2	prevalence	0.5	0.3220338983050847
motility	192	order	3	152	40	b19edb8f840641f66a2a3f967d1f483390b74d9f93cb56daefa12d24acf934e2	f34048df7b57f7cb036f21928d971a2d796c87c41aee0b1d6ebd344bb30bacb8	2	2	taxonomy	0.662907268170426	0.6484110885733604
motility	192	order	4	152	40	2de6325e28e63de7ad6bd1a57613045a3b0b319b34eefb0aa4540e80e2c504ef	f474713a243b4a013eea541ed0c558673538bb53e5d83679590b6feb87c5c87b	2	2	prevalence	0.5	0.3442622950819672
motility	192	order	4	152	40	2de6325e28e63de7ad6bd1a57613045a3b0b319b34eefb0aa4540e80e2c504ef	f474713a243b4a013eea541ed0c558673538bb53e5d83679590b6feb87c5c87b	2	2	taxonomy	0.68796992481203	0.6576695194206715
motility	192	order	5	153	39	2f1ea2ace8b65c6be8026d6893b2fbf2b98d26e4f95969bd568baadfe1f2160f	be3e323e8f555e5327edf383a6595b7301591d27d8274d4441a9ad91ef05b8e8	2	2	prevalence	0.5	0.3389830508474576
motility	192	order	5	153	39	2f1ea2ace8b65c6be8026d6893b2fbf2b98d26e4f95969bd568baadfe1f2160f	be3e323e8f555e5327edf383a6595b7301591d27d8274d4441a9ad91ef05b8e8	2	2	taxonomy	0.6473684210526316	0.6208333333333333
motility	192	order	6	149	43	b4d349e43c792431396badd5a237660a60a424f9502a354a6fee9589e325ec15	c62e2e6d4424876a0e12624c51dca3a975f1fd21f11c12b0fc0eb9db3430fe06	2	2	prevalence	0.5	0.2711864406779661
motility	192	order	6	149	43	b4d349e43c792431396badd5a237660a60a424f9502a354a6fee9589e325ec15	c62e2e6d4424876a0e12624c51dca3a975f1fd21f11c12b0fc0eb9db3430fe06	2	2	taxonomy	0.712962962962963	0.7243589743589745
motility	192	order	7	152	40	fa146a4ae491ef13c4608107a1a8aeef5b42bb826a9bf725256f117191cb4fdf	b36c5545ba01d82ed32164d370a3a60e86b3458476a99355bd48d842e0e76912	2	2	prevalence	0.5	0.2982456140350877
motility	192	order	7	152	40	fa146a4ae491ef13c4608107a1a8aeef5b42bb826a9bf725256f117191cb4fdf	b36c5545ba01d82ed32164d370a3a60e86b3458476a99355bd48d842e0e76912	2	2	taxonomy	0.7941176470588236	0.8043326345213138
motility	192	order	8	152	40	ae5571c7fbb78f6b1e41645afae291a146ae5e04d7d3a2d398bc5c3e3fd4f5eb	51c8f03f26683d1e8d8816d843dcc35690e0b8ae2998b69d4d78d93c5d9f0b8b	2	2	prevalence	0.5	0.3442622950819672
motility	192	order	8	152	40	ae5571c7fbb78f6b1e41645afae291a146ae5e04d7d3a2d398bc5c3e3fd4f5eb	51c8f03f26683d1e8d8816d843dcc35690e0b8ae2998b69d4d78d93c5d9f0b8b	2	2	taxonomy	0.6378446115288221	0.6050032916392363
motility	192	order	9	152	40	c381a8766c9981f383f48d72f919d99c7bfef7abfbf60cf942c3f67ca4d00967	8121fd2033d2c7caf9871733e5ff85b5ce313e2ce664b38c037aa6d7b40ccea2	2	2	prevalence	0.5	0.38461538461538464
motility	192	order	9	152	40	c381a8766c9981f383f48d72f919d99c7bfef7abfbf60cf942c3f67ca4d00967	8121fd2033d2c7caf9871733e5ff85b5ce313e2ce664b38c037aa6d7b40ccea2	2	2	taxonomy	0.45999999999999996	0.44727272727272727
motility	192	order	10	152	40	ffe28d6ce5c9f7f6c5d28c3c28a2b57dbdb03d2f702fc94618e992b552f9d7be	ba5901f234b98ccc7ef88e9a29bc6eca6cb89c29d2090200417a23317092c466	2	2	prevalence	0.5	0.43661971830985913
motility	192	order	10	152	40	ffe28d6ce5c9f7f6c5d28c3c28a2b57dbdb03d2f702fc94618e992b552f9d7be	ba5901f234b98ccc7ef88e9a29bc6eca6cb89c29d2090200417a23317092c466	2	2	taxonomy	0.7688172043010753	0.7584124245038826
motility	192	order	11	152	40	c300ad9faaa8d2049803b07b6e46779e2ad265637b339de27a5286f1a45ee4ee	0982de6cb33cc4f95c67eab1ebea274580fa2a2a3d17de09282a4d4e1cb6815a	2	2	prevalence	0.5	0.2857142857142857
motility	192	order	11	152	40	c300ad9faaa8d2049803b07b6e46779e2ad265637b339de27a5286f1a45ee4ee	0982de6cb33cc4f95c67eab1ebea274580fa2a2a3d17de09282a4d4e1cb6815a	2	2	taxonomy	0.7604166666666667	0.7474747474747474
motility	192	order	12	152	40	125a03b58197afd11377bfbe8ce8af40b38501db45dd949b019d2291f698397f	1b11a949fe33e0337af8ed4f83c0bbab02c345593c1bedc53aa8e8eb3ddd1604	2	2	prevalence	0.5	0.40298507462686567
motility	192	order	12	152	40	125a03b58197afd11377bfbe8ce8af40b38501db45dd949b019d2291f698397f	1b11a949fe33e0337af8ed4f83c0bbab02c345593c1bedc53aa8e8eb3ddd1604	2	2	taxonomy	0.7136752136752136	0.7254004576659039
motility	192	order	13	153	39	d80412fa8c7deb6175c5c5b4e839e85e64730d6d7f643f00fe9235f414f19003	228f486f27d64bcea5e05235f333597590d6592c4f6be4a9a550af5474c50da2	2	2	prevalence	0.5	0.3709677419354839
motility	192	order	13	153	39	d80412fa8c7deb6175c5c5b4e839e85e64730d6d7f643f00fe9235f414f19003	228f486f27d64bcea5e05235f333597590d6592c4f6be4a9a550af5474c50da2	2	2	taxonomy	0.5584239130434783	0.501010101010101
motility	192	order	14	152	40	e0ba9787bd3b6007acc926838a59a330058b604de149a5afba49168018f315ce	136ca90522ee2ed5ede2192de01398d327c64a1b31da70920a1efef65d9e792e	2	2	prevalence	0.5	0.38461538461538464
motility	192	order	14	152	40	e0ba9787bd3b6007acc926838a59a330058b604de149a5afba49168018f315ce	136ca90522ee2ed5ede2192de01398d327c64a1b31da70920a1efef65d9e792e	2	2	taxonomy	0.5666666666666667	0.5636363636363637
motility	192	order	15	152	40	e5495a4f7ee77980dcfbba391d25eb9d9e79770fb740679bd9a3984e56e0c1f2	8bbaf324dccd6de8d9b3ec6cc2211ec9567a0e61a515a0dab0bf61612f12f15c	2	2	prevalence	0.5	0.42028985507246375
motility	192	order	15	152	40	e5495a4f7ee77980dcfbba391d25eb9d9e79770fb740679bd9a3984e56e0c1f2	8bbaf324dccd6de8d9b3ec6cc2211ec9567a0e61a515a0dab0bf61612f12f15c	2	2	taxonomy	0.5	0.42028985507246375
motility	192	order	16	152	40	4eae2103273ba3621d6641b59c645e22b329bc7002abb71d51d35a1f0497b141	9bcb624c1f34300a4116169ac63e3ab43ed60c37c347680ee8a309d6f70bc6f4	2	2	prevalence	0.5	0.42028985507246375
motility	192	order	16	152	40	4eae2103273ba3621d6641b59c645e22b329bc7002abb71d51d35a1f0497b141	9bcb624c1f34300a4116169ac63e3ab43ed60c37c347680ee8a309d6f70bc6f4	2	2	taxonomy	0.5470219435736677	0.42464040025015637
motility	192	order	17	153	39	b0be01aa67116d874381a3df128db7926f6a897852926b5a6ed6505712be6108	ba8900ffc986d45f1e91fae9b88acd0c0cd3d60e47d54b108c57a2b0884b7609	2	2	prevalence	0.5	0.3275862068965517
motility	192	order	17	153	39	b0be01aa67116d874381a3df128db7926f6a897852926b5a6ed6505712be6108	ba8900ffc986d45f1e91fae9b88acd0c0cd3d60e47d54b108c57a2b0884b7609	2	2	taxonomy	0.763157894736842	0.752990851513019
motility	192	order	18	153	39	5a667726a978de744301cd2e144a6594c14c7aa37f5d2eace1a3b2ec0d43c0c1	c93efaf78d8f429d30d802506256953ff3e0c43c9244ee7cb449742a07df72a1	2	2	prevalence	0.5	0.390625
motility	192	order	18	153	39	5a667726a978de744301cd2e144a6594c14c7aa37f5d2eace1a3b2ec0d43c0c1	c93efaf78d8f429d30d802506256953ff3e0c43c9244ee7cb449742a07df72a1	2	2	taxonomy	0.7	0.6112956810631229
motility	192	order	19	149	43	f04830540e151772146c3856dc4343c547af4d7b5e9851144421da245c96b9c4	0ba6755c2fcf7d9a127f992b6bbb8a6ba0f9610f6ad1bc773bf356b61fa150d5	2	2	prevalence	0.5	0.3484848484848485
motility	192	order	19	149	43	f04830540e151772146c3856dc4343c547af4d7b5e9851144421da245c96b9c4	0ba6755c2fcf7d9a127f992b6bbb8a6ba0f9610f6ad1bc773bf356b61fa150d5	2	2	taxonomy	0.5	0.31746031746031744
spore	192	within	0	154	38	e9adf1310baf06dd1e013d22794fc40e967283ac868261f7159d364ee009208b	03f3b3804f09b030e82268e485db9ef8629968d2fa3474766e3f8b0331cee376	2	2	prevalence	0.5	0.4492753623188406
spore	192	within	0	154	38	e9adf1310baf06dd1e013d22794fc40e967283ac868261f7159d364ee009208b	03f3b3804f09b030e82268e485db9ef8629968d2fa3474766e3f8b0331cee376	2	2	taxonomy	0.7926267281105991	0.7625
spore	192	within	1	154	38	6c7343014d05a3a9db7020b2d2690bdc92931fc4dc4655b044c4473ef0189827	4ad74bce85b45374ee6f9eb2245eec85cf91168d20f6fbb5b346a5016171c4b6	2	2	prevalence	0.5	0.4864864864864865
spore	192	within	1	154	38	6c7343014d05a3a9db7020b2d2690bdc92931fc4dc4655b044c4473ef0189827	4ad74bce85b45374ee6f9eb2245eec85cf91168d20f6fbb5b346a5016171c4b6	2	2	taxonomy	0.6944444444444444	0.6066252587991718
spore	192	within	2	154	38	0bf67f5b19df66138a8563c6f2e3106b8baee9a32e9aad8e68854f867bc3ce85	cf0f3de1ce0c908bea525198ca4a617e53b9009334650cd3e4fccd7bf3e3f80d	2	2	prevalence	0.5	0.43283582089552236
spore	192	within	2	154	38	0bf67f5b19df66138a8563c6f2e3106b8baee9a32e9aad8e68854f867bc3ce85	cf0f3de1ce0c908bea525198ca4a617e53b9009334650cd3e4fccd7bf3e3f80d	2	2	taxonomy	0.6781609195402298	0.6346153846153846
spore	192	within	3	154	38	18b2973baa5c67b391835cc00c0e738c65e550a273c3110b034849d5d42e02cc	0da19e447e7f79c4986d474f37a90fd27d9241ec97cf34e48f8c6fa6aa1a98af	2	2	prevalence	0.5	0.43283582089552236
spore	192	within	3	154	38	18b2973baa5c67b391835cc00c0e738c65e550a273c3110b034849d5d42e02cc	0da19e447e7f79c4986d474f37a90fd27d9241ec97cf34e48f8c6fa6aa1a98af	2	2	taxonomy	0.7605363984674329	0.7923497267759563
spore	192	within	4	154	38	7e38edd61403973e2d714d2959396961b02f16f4ec9745bc6d1f89feb6a0dfba	5d0c5bcc718eee69c9d67293ea69fce03d26b592eb956ea3c296741d574deddc	2	2	prevalence	0.5	0.45714285714285713
spore	192	within	4	154	38	7e38edd61403973e2d714d2959396961b02f16f4ec9745bc6d1f89feb6a0dfba	5d0c5bcc718eee69c9d67293ea69fce03d26b592eb956ea3c296741d574deddc	2	2	taxonomy	0.921875	0.810568295114656
spore	192	within	5	154	38	604dcd0f04a3c894029546a3ee6c4400573e7fbf0fae48feeff8a3d70be7ace0	ba888ab4e8bf6d0ce340111b1f53c4c3765721324a17cf163577f62c1941696d	2	2	prevalence	0.5	0.4647887323943662
spore	192	within	5	154	38	604dcd0f04a3c894029546a3ee6c4400573e7fbf0fae48feeff8a3d70be7ace0	ba888ab4e8bf6d0ce340111b1f53c4c3765721324a17cf163577f62c1941696d	2	2	taxonomy	0.7545454545454545	0.7342657342657343
spore	192	within	6	154	38	7c80f2b59924ab693a7f68104f1b4259f1ff1bca393efadcb8d2a4c4145fd9e9	5388f2582b87e3bd1a3282b683a6243e8f19b7db5cb4511dbd999915de5bd868	2	2	prevalence	0.5	0.3968253968253968
spore	192	within	6	154	38	7c80f2b59924ab693a7f68104f1b4259f1ff1bca393efadcb8d2a4c4145fd9e9	5388f2582b87e3bd1a3282b683a6243e8f19b7db5cb4511dbd999915de5bd868	2	2	taxonomy	0.7661538461538462	0.7661538461538462
spore	192	within	7	154	38	39dc361cd97b1176e5485922932f2073981b32469bea313050538bd678e62a34	d163d02f1bc179b3c9215755d0603a36f65de229fde9d8f428898636c4b7cb31	2	2	prevalence	0.5	0.4492753623188406
spore	192	within	7	154	38	39dc361cd97b1176e5485922932f2073981b32469bea313050538bd678e62a34	d163d02f1bc179b3c9215755d0603a36f65de229fde9d8f428898636c4b7cb31	2	2	taxonomy	0.7211981566820276	0.7092896174863388
spore	192	within	8	154	38	e7f9419a8521f7e7ad91730ce3fd8a90c8588e579b7b50c1f986275a93075e7a	5aec335d9bbe9593c8fa56613ea15f304caadceec43832edbf1e0711b8898262	2	2	prevalence	0.5	0.45714285714285713
spore	192	within	8	154	38	e7f9419a8521f7e7ad91730ce3fd8a90c8588e579b7b50c1f986275a93075e7a	5aec335d9bbe9593c8fa56613ea15f304caadceec43832edbf1e0711b8898262	2	2	taxonomy	0.8177083333333333	0.8405594405594405
spore	192	within	9	154	38	ae187f4e2218b4160e9a767db3acfe95750d8d34504043b06df670fa70b046e1	838a1db79676d613201e2dae313d896ab39bf482ca3cd5f4f6941602387dd4e3	2	2	prevalence	0.5	0.45714285714285713
spore	192	within	9	154	38	ae187f4e2218b4160e9a767db3acfe95750d8d34504043b06df670fa70b046e1	838a1db79676d613201e2dae313d896ab39bf482ca3cd5f4f6941602387dd4e3	2	2	taxonomy	0.8697916666666667	0.8248847926267281
spore	192	within	10	154	38	a371de2713ee4a5bf7b8d4c09efadcc74d526b85a1ad5279d661fb5f47faed89	b171ede8215d5ec13f0da90caf6c2ace7ce05ca35fd05df8afedff89f7b5bb7e	2	2	prevalence	0.5	0.45714285714285713
spore	192	within	10	154	38	a371de2713ee4a5bf7b8d4c09efadcc74d526b85a1ad5279d661fb5f47faed89	b171ede8215d5ec13f0da90caf6c2ace7ce05ca35fd05df8afedff89f7b5bb7e	2	2	taxonomy	0.7708333333333333	0.7373271889400921
spore	192	within	11	154	38	ad03f13a2aa267ed0a6124891fbc1f18b7fb634d5e4eea1524ad3c8ba1f81439	e03e6a612d42b262f33a79e7cc66f925f2d7aed0c0b3f19e17cb5ff8b10a3546	2	2	prevalence	0.5	0.43283582089552236
spore	192	within	11	154	38	ad03f13a2aa267ed0a6124891fbc1f18b7fb634d5e4eea1524ad3c8ba1f81439	e03e6a612d42b262f33a79e7cc66f925f2d7aed0c0b3f19e17cb5ff8b10a3546	2	2	taxonomy	0.8026819923371648	0.7696969696969697
spore	192	within	12	154	38	9aff78cff14c32f485f64154cf8af9f2ff966be3d6593e9e65f48247289c5290	834907f5381537c17792ff025baca1d25913fdd4d0fd845bfed2cb761966913c	2	2	prevalence	0.5	0.43283582089552236
spore	192	within	12	154	38	9aff78cff14c32f485f64154cf8af9f2ff966be3d6593e9e65f48247289c5290	834907f5381537c17792ff025baca1d25913fdd4d0fd845bfed2cb761966913c	2	2	taxonomy	0.8026819923371648	0.7696969696969697
spore	192	within	13	154	38	a86d9c0229ac77ce6ee8c0c291bfd724f8cc5a35fc0087c24daf7f423369a268	265cde3a9705506ca3e3f866681c62b7d7e85af5bdcca0373644e43aa8f548fc	2	2	prevalence	0.5	0.42424242424242425
spore	192	within	13	154	38	a86d9c0229ac77ce6ee8c0c291bfd724f8cc5a35fc0087c24daf7f423369a268	265cde3a9705506ca3e3f866681c62b7d7e85af5bdcca0373644e43aa8f548fc	2	2	taxonomy	0.8464285714285715	0.8354978354978355
spore	192	within	14	154	38	d5ab922173c4542069221e83770f4af56001da0d3b066ad980eb072346526a62	e1e8e13d7ae7209ff958aa392be3c5f7829d92a8fafcc8d6c761825b0c4ab269	2	2	prevalence	0.5	0.3770491803278688
spore	192	within	14	154	38	d5ab922173c4542069221e83770f4af56001da0d3b066ad980eb072346526a62	e1e8e13d7ae7209ff958aa392be3c5f7829d92a8fafcc8d6c761825b0c4ab269	2	2	taxonomy	0.8347826086956522	0.8347826086956522
spore	192	within	15	154	38	f70d60993f43df1dc599ad2447ab81040612af780b43f7bc69146627735bab62	1afbe13027360cb9b448b29cf34750a649411fab365d9f811540b955c5b75d09	2	2	prevalence	0.5	0.42424242424242425
spore	192	within	15	154	38	f70d60993f43df1dc599ad2447ab81040612af780b43f7bc69146627735bab62	1afbe13027360cb9b448b29cf34750a649411fab365d9f811540b955c5b75d09	2	2	taxonomy	0.7964285714285715	0.7964285714285715
spore	192	within	16	154	38	f6771500e4e01f4b0e47dc9ec84e1e4c8523aec88b34ce3f2f338680a44fbecf	92bc686fabfeb34ffe8da177d59bfffea9b702ff4fbc21c2d3b00a65c1252c0a	2	2	prevalence	0.5	0.4153846153846154
spore	192	within	16	154	38	f6771500e4e01f4b0e47dc9ec84e1e4c8523aec88b34ce3f2f338680a44fbecf	92bc686fabfeb34ffe8da177d59bfffea9b702ff4fbc21c2d3b00a65c1252c0a	2	2	taxonomy	0.8265993265993266	0.8354978354978355
spore	192	within	17	154	38	d62d425adf1c9b9538ccfaf8b80a2e85d8651de15eea7f171ae9139c19871ee2	aa4ad7f14524ed21062c2c6a4ea15e4a3834a67da040bb2e02bc09c19083d910	2	2	prevalence	0.5	0.3968253968253968
spore	192	within	17	154	38	d62d425adf1c9b9538ccfaf8b80a2e85d8651de15eea7f171ae9139c19871ee2	aa4ad7f14524ed21062c2c6a4ea15e4a3834a67da040bb2e02bc09c19083d910	2	2	taxonomy	0.9030769230769231	0.9105882352941177
spore	192	within	18	154	38	94d5a8020a89f5f0631024582a503f718dc14ecfeced5229c58ae1f54b6205bc	e7469400aa0b60d0f2c24871f64b63877869964bfd4edfd9798a6c2333210988	2	2	prevalence	0.5	0.3870967741935484
spore	192	within	18	154	38	94d5a8020a89f5f0631024582a503f718dc14ecfeced5229c58ae1f54b6205bc	e7469400aa0b60d0f2c24871f64b63877869964bfd4edfd9798a6c2333210988	2	2	taxonomy	0.7797619047619048	0.7913725490196079
spore	192	within	19	154	38	963f33bdfcafc0cc404fa35c919b35c6c88611d8aa1f0dccd6ec1c0b64a729eb	9bf6fd999ddaaa8c107eeae96f0874851e13df6848b53945485e9023a7c102bc	2	2	prevalence	0.5	0.3968253968253968
spore	192	within	19	154	38	963f33bdfcafc0cc404fa35c919b35c6c88611d8aa1f0dccd6ec1c0b64a729eb	9bf6fd999ddaaa8c107eeae96f0874851e13df6848b53945485e9023a7c102bc	2	2	taxonomy	0.8830769230769231	0.8830769230769231
spore	192	genus	0	150	42	abec218a8b9f7419399534eebe4ac5432351634260baaa22ce85c77bf1535537	60e40b55bf154b795ccf8df906a1bf0af333f4c7804980885ce6fa3f118be2e7	2	2	prevalence	0.5	0.4246575342465753
spore	192	genus	0	150	42	abec218a8b9f7419399534eebe4ac5432351634260baaa22ce85c77bf1535537	60e40b55bf154b795ccf8df906a1bf0af333f4c7804980885ce6fa3f118be2e7	2	2	taxonomy	0.8475073313782991	0.86875
spore	192	genus	1	154	38	3ce300b89ec034b0d343a90743948c64355d42f45763279992e186c794ee23a5	e54479c511bcb14edcfdfcaaa7fdf6f284de700e6877aaed42b749e9aaf1b924	2	2	prevalence	0.5	0.4153846153846154
spore	192	genus	1	154	38	3ce300b89ec034b0d343a90743948c64355d42f45763279992e186c794ee23a5	e54479c511bcb14edcfdfcaaa7fdf6f284de700e6877aaed42b749e9aaf1b924	2	2	taxonomy	0.7811447811447811	0.7964285714285715
spore	192	genus	2	154	38	17ee1f77e8f5eaffd2bcae033ee21fd8730bb9c40846aec3e55ce430e3979eae	d8222bdf8f05456855bf8f27c56df65c608d8b3efcf5cb1d7e668f74c8c97881	2	2	prevalence	0.5	0.4153846153846154
spore	192	genus	2	154	38	17ee1f77e8f5eaffd2bcae033ee21fd8730bb9c40846aec3e55ce430e3979eae	d8222bdf8f05456855bf8f27c56df65c608d8b3efcf5cb1d7e668f74c8c97881	2	2	taxonomy	0.8619528619528619	0.8246153846153846
spore	192	genus	3	154	38	acd1563c890a8d4f5bd89b73045a94e72c3799778f84becf5c717492299f8a47	c8b7aa3fd3c09fc79bdf99142b0cd644a3999f2d1c0429a4523929d50cde9817	2	2	prevalence	0.5	0.4411764705882353
spore	192	genus	3	154	38	acd1563c890a8d4f5bd89b73045a94e72c3799778f84becf5c717492299f8a47	c8b7aa3fd3c09fc79bdf99142b0cd644a3999f2d1c0429a4523929d50cde9817	2	2	taxonomy	0.9666666666666667	0.9272030651340997
spore	192	genus	4	154	38	d630733e742cd5dfbd65709a22175e362fea45723cb42c0da7dda3f57013d3c9	e9540f28469a0992415ffbe8d57b5a7dbeccbde0c191dfd10fff58dd4c009a11	2	2	prevalence	0.5	0.4722222222222222
spore	192	genus	4	154	38	d630733e742cd5dfbd65709a22175e362fea45723cb42c0da7dda3f57013d3c9	e9540f28469a0992415ffbe8d57b5a7dbeccbde0c191dfd10fff58dd4c009a11	2	2	taxonomy	0.9705882352941176	0.8848484848484849
spore	192	genus	5	154	38	1af1151e107a6891ca9975733c2123401317c2716b433ccb71e26f05f975ae2f	e9b742f072ce79e7df1fa01239c816b11216ef295c95cd603a35ed7d18e6c288	2	2	prevalence	0.5	0.4411764705882353
spore	192	genus	5	154	38	1af1151e107a6891ca9975733c2123401317c2716b433ccb71e26f05f975ae2f	e9b742f072ce79e7df1fa01239c816b11216ef295c95cd603a35ed7d18e6c288	2	2	taxonomy	0.7875	0.6955128205128205
spore	192	genus	6	153	39	0fadf2043b03e7176a9874cce64edbf31a58f55c4b52f9fcdc7d68f4f5706f4a	95401f1a8ffed4be9bbb1fb79d3a33f624a62c3a48fb79a6d7879184df91051b	2	2	prevalence	0.5	0.4264705882352941
spore	192	genus	6	153	39	0fadf2043b03e7176a9874cce64edbf31a58f55c4b52f9fcdc7d68f4f5706f4a	95401f1a8ffed4be9bbb1fb79d3a33f624a62c3a48fb79a6d7879184df91051b	2	2	taxonomy	0.9	0.9277777777777778
spore	192	genus	7	154	38	e1d9150933d348d98fb9b1dbaf14076feb50664e4c1df24cb84d6181e1302ae3	1f19810900b1edf7155839f450289c8c3fddfe92f58cab51702f81305d8351b0	2	2	prevalence	0.5	0.4492753623188406
spore	192	genus	7	154	38	e1d9150933d348d98fb9b1dbaf14076feb50664e4c1df24cb84d6181e1302ae3	1f19810900b1edf7155839f450289c8c3fddfe92f58cab51702f81305d8351b0	2	2	taxonomy	0.880184331797235	0.8416666666666667
spore	192	genus	8	154	38	53a29c312d7247c413dcf833bd0e16ca06f354405a4f9ebcd317ea1262138cdb	7cabe6c29f833b697a281108273696c67bd8e046c0b3bfb58b03f162dce84e64	2	2	prevalence	0.5	0.43283582089552236
spore	192	genus	8	154	38	53a29c312d7247c413dcf833bd0e16ca06f354405a4f9ebcd317ea1262138cdb	7cabe6c29f833b697a281108273696c67bd8e046c0b3bfb58b03f162dce84e64	2	2	taxonomy	0.7816091954022988	0.7816091954022988
spore	192	genus	9	154	38	4321edb1d44a6f948afb607a2708d5ef48bf3ba33a4e98ce32661cc75906ba75	610fa2491590fc35a9755c4a7b8dc2652447bb8a6ca3605c3002375f8e0aef17	2	2	prevalence	0.5	0.43283582089552236
spore	192	genus	9	154	38	4321edb1d44a6f948afb607a2708d5ef48bf3ba33a4e98ce32661cc75906ba75	610fa2491590fc35a9755c4a7b8dc2652447bb8a6ca3605c3002375f8e0aef17	2	2	taxonomy	0.764367816091954	0.7543859649122806
spore	192	genus	10	153	39	cdd8a7b557f5e80f134c56d9325e5c691e34b0c756e54c361bc17224f08c7869	24591b9d0f536d7c7a28f18c7234a14c581990d0ad188a8a25a96d1755629ff3	2	2	prevalence	0.5	0.4090909090909091
spore	192	genus	10	153	39	cdd8a7b557f5e80f134c56d9325e5c691e34b0c756e54c361bc17224f08c7869	24591b9d0f536d7c7a28f18c7234a14c581990d0ad188a8a25a96d1755629ff3	2	2	taxonomy	0.7453703703703703	0.7214285714285715
spore	192	genus	11	154	38	3d045de3575422f8a9548ee29a6a32b94a609859509b492bfa14cd9fd3465927	ddd03ec118e1b71a45ce4140fd6ef53986d68ed8faeae0285141250e8fbd07ee	2	2	prevalence	0.5	0.4153846153846154
spore	192	genus	11	154	38	3d045de3575422f8a9548ee29a6a32b94a609859509b492bfa14cd9fd3465927	ddd03ec118e1b71a45ce4140fd6ef53986d68ed8faeae0285141250e8fbd07ee	2	2	taxonomy	0.7070707070707071	0.6955128205128205
spore	192	genus	12	154	38	a92becb709bf7accb88f401a38019c31f247e93cd4c03c9b2b82eeb07285d586	24fdc7ce12d72f37b5b157a83b28b2c25ec090984d3e404b5f0f2235d995b65b	2	2	prevalence	0.5	0.43283582089552236
spore	192	genus	12	154	38	a92becb709bf7accb88f401a38019c31f247e93cd4c03c9b2b82eeb07285d586	24fdc7ce12d72f37b5b157a83b28b2c25ec090984d3e404b5f0f2235d995b65b	2	2	taxonomy	0.8065134099616857	0.7317647058823529
spore	192	genus	13	154	38	e3d8f5c48995b73868c21943af5b1bd6d738c2214a87c25c7af5fd70ebe88898	a157b2e7910a2695568b3a5033dbafe5d288befa8d751b1b5f72744420f538aa	2	2	prevalence	0.5	0.40625
spore	192	genus	13	154	38	e3d8f5c48995b73868c21943af5b1bd6d738c2214a87c25c7af5fd70ebe88898	a157b2e7910a2695568b3a5033dbafe5d288befa8d751b1b5f72744420f538aa	2	2	taxonomy	0.7980769230769231	0.7913725490196079
spore	192	genus	14	154	38	ddbcce4cea2c67bf6d04bb64ee1b790a27733992d855894c86278148f530cf3d	56348075277f0a90235fd8405fef003158f21c7b89a2c01c9a190dda240a654a	2	2	prevalence	0.5	0.43283582089552236
spore	192	genus	14	154	38	ddbcce4cea2c67bf6d04bb64ee1b790a27733992d855894c86278148f530cf3d	56348075277f0a90235fd8405fef003158f21c7b89a2c01c9a190dda240a654a	2	2	taxonomy	0.7681992337164751	0.7194421657095981
spore	192	genus	15	153	39	4840028e6cc310bfbd6341e0535e1fd13eec3bcad53d715c3b79c230cd782c47	543ddec9196250e8dda902254a10b5cab84009f1a41c589c92f9cf86e853b786	2	2	prevalence	0.5	0.417910447761194
spore	192	genus	15	153	39	4840028e6cc310bfbd6341e0535e1fd13eec3bcad53d715c3b79c230cd782c47	543ddec9196250e8dda902254a10b5cab84009f1a41c589c92f9cf86e853b786	2	2	taxonomy	0.7727272727272727	0.8119575699132112
spore	192	genus	16	154	38	92caccdf664732444d31b321abed2088b1e1421c57b2d9b199a01b49d65e8e9e	becac62057ad65ca5ae71bbfa7b2f1e8be695a9c89a1a3dad36c89a1669459db	2	2	prevalence	0.5	0.43283582089552236
spore	192	genus	16	154	38	92caccdf664732444d31b321abed2088b1e1421c57b2d9b199a01b49d65e8e9e	becac62057ad65ca5ae71bbfa7b2f1e8be695a9c89a1a3dad36c89a1669459db	2	2	taxonomy	0.89272030651341	0.8642857142857143
spore	192	genus	17	154	38	4dd60db20e266c3c41df5711196b211766e2f0c8d17754690c3cfeb9aa398835	4407d7d2aece2cc480578bafb14324dd59a737e1472d9347e4885649bf624198	2	2	prevalence	0.5	0.43283582089552236
spore	192	genus	17	154	38	4dd60db20e266c3c41df5711196b211766e2f0c8d17754690c3cfeb9aa398835	4407d7d2aece2cc480578bafb14324dd59a737e1472d9347e4885649bf624198	2	2	taxonomy	0.8716475095785441	0.8863409770687936
spore	192	genus	18	154	38	24270ef013405a42335139f273ed8a332d52d148770b61bdd1ae7773a975e6a7	7df2619506da08649a246ae4f0b75ecc03d1aaa144a92114d006df1a93207b33	2	2	prevalence	0.5	0.4153846153846154
spore	192	genus	18	154	38	24270ef013405a42335139f273ed8a332d52d148770b61bdd1ae7773a975e6a7	7df2619506da08649a246ae4f0b75ecc03d1aaa144a92114d006df1a93207b33	2	2	taxonomy	0.7626262626262625	0.7696969696969697
spore	192	genus	19	153	39	291c68b1940af8bd37f9dd700321fe2324096afec565f8653ff1d9f292bd87a1	6800142118a089ec6dbbfdee969c0f6a02e0642e96b93e79c5fe17d9d6f52df8	2	2	prevalence	0.5	0.417910447761194
spore	192	genus	19	153	39	291c68b1940af8bd37f9dd700321fe2324096afec565f8653ff1d9f292bd87a1	6800142118a089ec6dbbfdee969c0f6a02e0642e96b93e79c5fe17d9d6f52df8	2	2	taxonomy	0.7938311688311688	0.7291666666666666
spore	192	family	0	152	40	851c7733eeb0a797ecd1b8e4c9c72eaac9b5ca4cd9c78e7e0eb817fe6c675926	012acb05ba276adb29463be0ea9f9913f8ab6d9f1829d7e0bb3cdaefbff10f1a	2	2	prevalence	0.5	0.43661971830985913
spore	192	family	0	152	40	851c7733eeb0a797ecd1b8e4c9c72eaac9b5ca4cd9c78e7e0eb817fe6c675926	012acb05ba276adb29463be0ea9f9913f8ab6d9f1829d7e0bb3cdaefbff10f1a	2	2	taxonomy	0.7777777777777778	0.8268398268398269
spore	192	family	1	150	42	4e44a611d69c420077e15bbe3e5dbe4b867dac0295b34bbca9b7eca14964e440	8fd56945d04833c4a922907fdc325ba7bf347f8f9e575ba0146f2e44ea474e13	2	2	prevalence	0.5	0.46835443037974683
spore	192	family	1	150	42	4e44a611d69c420077e15bbe3e5dbe4b867dac0295b34bbca9b7eca14964e440	8fd56945d04833c4a922907fdc325ba7bf347f8f9e575ba0146f2e44ea474e13	2	2	taxonomy	0.772972972972973	0.772972972972973
spore	192	family	2	150	42	fd441fb110dbe373bff9f291fde62b56e4899dd8ee70dcc65413466468b2c707	483d86604186359ff0788fa01757b24c8354c4ddbd86e9a794c63f36d08b17d8	2	2	prevalence	0.5	0.35384615384615387
spore	192	family	2	150	42	fd441fb110dbe373bff9f291fde62b56e4899dd8ee70dcc65413466468b2c707	483d86604186359ff0788fa01757b24c8354c4ddbd86e9a794c63f36d08b17d8	2	2	taxonomy	0.799771167048055	0.7846153846153847
spore	192	family	3	154	38	3efcc288778841338bf67d465e36b656a39e3e3b9d319bb65135daffdc679916	5606643da9f15f039bb48961887a9dd96ff3d24926788edbd773f6d4ab8ecb6a	2	2	prevalence	0.5	0.4411764705882353
spore	192	family	3	154	38	3efcc288778841338bf67d465e36b656a39e3e3b9d319bb65135daffdc679916	5606643da9f15f039bb48961887a9dd96ff3d24926788edbd773f6d4ab8ecb6a	2	2	taxonomy	0.8083333333333333	0.7816091954022988
spore	192	family	4	153	39	59f9d9a2c9bd6243d7f62a09edb0a14ec50bb1749ee2d18a1b305257c9aa8797	7e723e1c147d7d94488a39a8e223b50604c73af126612997b96af658f38b2e1c	2	2	prevalence	0.5	0.4583333333333333
spore	192	family	4	153	39	59f9d9a2c9bd6243d7f62a09edb0a14ec50bb1749ee2d18a1b305257c9aa8797	7e723e1c147d7d94488a39a8e223b50604c73af126612997b96af658f38b2e1c	2	2	taxonomy	0.75	0.8115942028985508
spore	192	family	5	153	39	bc9fe1b3c0006363d4f109160751b168f65add6b35985954832b42bfdace519c	cb5889678d7aa9d68cc7ec91aab2ebba0eb051c4cbec85586beb4de8ad981429	2	2	prevalence	0.5	0.417910447761194
spore	192	family	5	153	39	bc9fe1b3c0006363d4f109160751b168f65add6b35985954832b42bfdace519c	cb5889678d7aa9d68cc7ec91aab2ebba0eb051c4cbec85586beb4de8ad981429	2	2	taxonomy	0.9090909090909092	0.9327586206896552
spore	192	family	6	153	39	09398c0facf5afdab19b4609b5ae0d20a5849d1c953fce35dfdb0616cd908397	42feb6aafe83ddfdefed8dcc51392d5f980c682e46b4e01b84619e774c2da8fa	2	2	prevalence	0.5	0.4
spore	192	family	6	153	39	09398c0facf5afdab19b4609b5ae0d20a5849d1c953fce35dfdb0616cd908397	42feb6aafe83ddfdefed8dcc51392d5f980c682e46b4e01b84619e774c2da8fa	2	2	taxonomy	0.9038461538461539	0.8885714285714286
spore	192	family	7	152	40	a24f961a30f5fc4d4af6208d138dc76ab01ebd1141db8a4d488bdef2b4df96c8	1b683dd2ec17038510ddedc6f2d37652499d5d23e4dcb85a28aabdec2d144477	2	2	prevalence	0.5	0.42028985507246375
spore	192	family	7	152	40	a24f961a30f5fc4d4af6208d138dc76ab01ebd1141db8a4d488bdef2b4df96c8	1b683dd2ec17038510ddedc6f2d37652499d5d23e4dcb85a28aabdec2d144477	2	2	taxonomy	0.6802507836990596	0.6581196581196581
spore	192	family	8	146	46	e6a6db742288de13030a1129c2bc707812eb54cb7438ae65a7a97741a4440de0	82133a19e022da315f13be8e1e2384b33605b88fd55b71cb0191e736b76e4c67	2	2	prevalence	0.5	0.425
spore	192	family	8	146	46	e6a6db742288de13030a1129c2bc707812eb54cb7438ae65a7a97741a4440de0	82133a19e022da315f13be8e1e2384b33605b88fd55b71cb0191e736b76e4c67	2	2	taxonomy	0.9019607843137255	0.9130434782608696
spore	192	family	9	153	39	6c08698d4873356980038c117304d9219590692f5ad6404d626679a355db08d5	0f8435ee9b84810b6921a05e567d1820f7d625f3770702172c3e9bd3b47c3705	2	2	prevalence	0.5	0.38095238095238093
spore	192	family	9	153	39	6c08698d4873356980038c117304d9219590692f5ad6404d626679a355db08d5	0f8435ee9b84810b6921a05e567d1820f7d625f3770702172c3e9bd3b47c3705	2	2	taxonomy	0.8583333333333334	0.8627726952850105
spore	192	family	10	154	38	709d8172bbde234c3583390820be810affeac61b3dc1a8929fd4321f3a734781	cd7fbc64323591224c5c40ae8382b14e873967173586a262948ef7255d843807	2	2	prevalence	0.5	0.3870967741935484
spore	192	family	10	154	38	709d8172bbde234c3583390820be810affeac61b3dc1a8929fd4321f3a734781	cd7fbc64323591224c5c40ae8382b14e873967173586a262948ef7255d843807	2	2	taxonomy	0.8720238095238095	0.8830769230769231
spore	192	family	11	152	40	e72451ffef2f042a1231af64707aa7e629274130a5bf2416a3bec9504f146374	f0311d07a40fc530d02dda67ffeb5b91e4230770c43df463cee32f444bdd3b18	2	2	prevalence	0.5	0.43661971830985913
spore	192	family	11	152	40	e72451ffef2f042a1231af64707aa7e629274130a5bf2416a3bec9504f146374	f0311d07a40fc530d02dda67ffeb5b91e4230770c43df463cee32f444bdd3b18	2	2	taxonomy	0.8799283154121864	0.8385794995964487
spore	192	family	12	154	38	5443176d976f8f0ddd0353374ed6dc844ed0a58b1b054fc13abd650203d58fa4	022e51ea90bd331c3ed441ef26eaaa0a4a66fc58cd175766f4c227cebf2ab0d0	2	2	prevalence	0.5	0.43283582089552236
spore	192	family	12	154	38	5443176d976f8f0ddd0353374ed6dc844ed0a58b1b054fc13abd650203d58fa4	022e51ea90bd331c3ed441ef26eaaa0a4a66fc58cd175766f4c227cebf2ab0d0	2	2	taxonomy	0.7509578544061303	0.6955128205128205
spore	192	family	13	153	39	b24c9c951d0138e2e39912472796a3c7eab359116d0af7ce7e7ff6976e66bd8d	b51afc93856a645af47129611d5e2b925d598ab5e84dd127e5ffeec36cd56f3f	2	2	prevalence	0.5	0.48
spore	192	family	13	153	39	b24c9c951d0138e2e39912472796a3c7eab359116d0af7ce7e7ff6976e66bd8d	b51afc93856a645af47129611d5e2b925d598ab5e84dd127e5ffeec36cd56f3f	2	2	taxonomy	0.8055555555555556	0.7645875251509053
spore	192	family	14	153	39	f50a4d27b026a6b79b74bd0708e7379aadd68197f8a7d08266de9b9d48618e2d	74e3414a3f748824446cd9249b5ddcc944e5ac506443ed0377487fe723e40330	2	2	prevalence	0.5	0.3709677419354839
spore	192	family	14	153	39	f50a4d27b026a6b79b74bd0708e7379aadd68197f8a7d08266de9b9d48618e2d	74e3414a3f748824446cd9249b5ddcc944e5ac506443ed0377487fe723e40330	2	2	taxonomy	0.8817934782608696	0.8704318936877076
spore	192	family	15	154	38	b5867276731fc5027535f22405b138145cd885ef2b266725bb38ae5f4dbfcc83	e76567dd30980f8c1d209b4dc63f328edd61c828f5772494abc752b6802c4b57	2	2	prevalence	0.5	0.3870967741935484
spore	192	family	15	154	38	b5867276731fc5027535f22405b138145cd885ef2b266725bb38ae5f4dbfcc83	e76567dd30980f8c1d209b4dc63f328edd61c828f5772494abc752b6802c4b57	2	2	taxonomy	0.9642857142857143	0.9712773998488284
spore	192	family	16	151	41	57f0d12da28bb54f03779291dd99a49777f549b0c33b1f04734f60dcb24fb895	c0af1f0b59ce87548203ce0924ac4ebfe4178c9ade3e5ac20580e277cf0fc7b5	2	2	prevalence	0.5	0.4057971014492754
spore	192	family	16	151	41	57f0d12da28bb54f03779291dd99a49777f549b0c33b1f04734f60dcb24fb895	c0af1f0b59ce87548203ce0924ac4ebfe4178c9ade3e5ac20580e277cf0fc7b5	2	2	taxonomy	0.9052197802197802	0.9136842105263158
spore	192	family	17	154	38	1021216272b57f95edd88e063de6058b35b56b520f1e909bbdd0861c1f3e1133	c8cc19c4876ce45153bd11993660940690bcacb91b6a29ccbc341ee72c482d8a	2	2	prevalence	0.5	0.3870967741935484
spore	192	family	17	154	38	1021216272b57f95edd88e063de6058b35b56b520f1e909bbdd0861c1f3e1133	c8cc19c4876ce45153bd11993660940690bcacb91b6a29ccbc341ee72c482d8a	2	2	taxonomy	0.8660714285714286	0.8606016140865738
spore	192	family	18	146	46	25a97424efe35a9f66a43019f039589eb7fffd5c7a93b79861403baa9b1bf839	621937b6cf048f66c86ddc8aa14dc6ce60c161b99999fa4caf95f5c029ea3ae7	2	2	prevalence	0.5	0.4772727272727273
spore	192	family	18	146	46	25a97424efe35a9f66a43019f039589eb7fffd5c7a93b79861403baa9b1bf839	621937b6cf048f66c86ddc8aa14dc6ce60c161b99999fa4caf95f5c029ea3ae7	2	2	taxonomy	0.625	0.6827586206896552
spore	192	family	19	151	41	6a656eaca132ff03a3f2a61e9f105c8f2f611dfa681151acb23c7e5c6d1c250c	6929719f2f3ccbb0042994885b621df63d2eb596e77a9bf3072b8b4fa7ed58f7	2	2	prevalence	0.5	0.4533333333333333
spore	192	family	19	151	41	6a656eaca132ff03a3f2a61e9f105c8f2f611dfa681151acb23c7e5c6d1c250c	6929719f2f3ccbb0042994885b621df63d2eb596e77a9bf3072b8b4fa7ed58f7	2	2	taxonomy	0.7542016806722689	0.6917293233082706
spore	192	order	0	152	40	2ec6d8f7eddbf87c87dc5bed2428e42d646f140ee8221e35cae7370599335c75	194ee3e05b2eda0067aa4cc4bebac304d75187d6007aff08fb22ec86794009c5	2	2	prevalence	0.5	0.42028985507246375
spore	192	order	0	152	40	2ec6d8f7eddbf87c87dc5bed2428e42d646f140ee8221e35cae7370599335c75	194ee3e05b2eda0067aa4cc4bebac304d75187d6007aff08fb22ec86794009c5	2	2	taxonomy	0.9545454545454546	0.9677158999192897
spore	192	order	1	153	39	5ab9303f7d289feb15f6b9701983ce1a0c4e1caf7ee487b37d4339ca992d409a	51944001a144fd9728127ddf5e262749f20bcf7efa1d3eaef0cc8ac0c916c248	2	2	prevalence	0.5	0.4264705882352941
spore	192	order	1	153	39	5ab9303f7d289feb15f6b9701983ce1a0c4e1caf7ee487b37d4339ca992d409a	51944001a144fd9728127ddf5e262749f20bcf7efa1d3eaef0cc8ac0c916c248	2	2	taxonomy	0.643103448275862	0.5883180858550316
spore	192	order	2	149	43	c9ce4cabf23bd401adb30dbd9217c7a9e1e3ab3ac9a482d9c92132d6b84bb503	cd6440a8960269f1eba2666b536dbf20215ee1fd0912d263435d6aa708f75228	2	2	prevalence	0.5	0.38571428571428573
spore	192	order	2	149	43	c9ce4cabf23bd401adb30dbd9217c7a9e1e3ab3ac9a482d9c92132d6b84bb503	cd6440a8960269f1eba2666b536dbf20215ee1fd0912d263435d6aa708f75228	2	2	taxonomy	0.7627314814814814	0.7794871794871795
spore	192	order	3	152	40	b19edb8f840641f66a2a3f967d1f483390b74d9f93cb56daefa12d24acf934e2	f34048df7b57f7cb036f21928d971a2d796c87c41aee0b1d6ebd344bb30bacb8	2	2	prevalence	0.5	0.42028985507246375
spore	192	order	3	152	40	b19edb8f840641f66a2a3f967d1f483390b74d9f93cb56daefa12d24acf934e2	f34048df7b57f7cb036f21928d971a2d796c87c41aee0b1d6ebd344bb30bacb8	2	2	taxonomy	0.9545454545454546	0.9677158999192897
spore	192	order	4	152	40	2de6325e28e63de7ad6bd1a57613045a3b0b319b34eefb0aa4540e80e2c504ef	f474713a243b4a013eea541ed0c558673538bb53e5d83679590b6feb87c5c87b	2	2	prevalence	0.5	0.48717948717948717
spore	192	order	4	152	40	2de6325e28e63de7ad6bd1a57613045a3b0b319b34eefb0aa4540e80e2c504ef	f474713a243b4a013eea541ed0c558673538bb53e5d83679590b6feb87c5c87b	2	2	taxonomy	0.5	0.48717948717948717
spore	192	order	5	153	39	2f1ea2ace8b65c6be8026d6893b2fbf2b98d26e4f95969bd568baadfe1f2160f	be3e323e8f555e5327edf383a6595b7301591d27d8274d4441a9ad91ef05b8e8	2	2	prevalence	0.5	0.36065573770491804
spore	192	order	5	153	39	2f1ea2ace8b65c6be8026d6893b2fbf2b98d26e4f95969bd568baadfe1f2160f	be3e323e8f555e5327edf383a6595b7301591d27d8274d4441a9ad91ef05b8e8	2	2	taxonomy	0.8502673796791445	0.8452380952380952
spore	192	order	6	149	43	b4d349e43c792431396badd5a237660a60a424f9502a354a6fee9589e325ec15	c62e2e6d4424876a0e12624c51dca3a975f1fd21f11c12b0fc0eb9db3430fe06	2	2	prevalence	0.5	0.4266666666666667
spore	192	order	6	149	43	b4d349e43c792431396badd5a237660a60a424f9502a354a6fee9589e325ec15	c62e2e6d4424876a0e12624c51dca3a975f1fd21f11c12b0fc0eb9db3430fe06	2	2	taxonomy	0.8934659090909092	0.9054945054945055
spore	192	order	7	152	40	fa146a4ae491ef13c4608107a1a8aeef5b42bb826a9bf725256f117191cb4fdf	b36c5545ba01d82ed32164d370a3a60e86b3458476a99355bd48d842e0e76912	2	2	prevalence	0.5	0.36507936507936506
spore	192	order	7	152	40	fa146a4ae491ef13c4608107a1a8aeef5b42bb826a9bf725256f117191cb4fdf	b36c5545ba01d82ed32164d370a3a60e86b3458476a99355bd48d842e0e76912	2	2	taxonomy	0.7941176470588236	0.8043326345213138
spore	192	order	8	152	40	ae5571c7fbb78f6b1e41645afae291a146ae5e04d7d3a2d398bc5c3e3fd4f5eb	51c8f03f26683d1e8d8816d843dcc35690e0b8ae2998b69d4d78d93c5d9f0b8b	2	2	prevalence	0.5	0.48717948717948717
spore	192	order	8	152	40	ae5571c7fbb78f6b1e41645afae291a146ae5e04d7d3a2d398bc5c3e3fd4f5eb	51c8f03f26683d1e8d8816d843dcc35690e0b8ae2998b69d4d78d93c5d9f0b8b	2	2	taxonomy	0.631578947368421	0.5098039215686274
spore	192	order	9	152	40	c381a8766c9981f383f48d72f919d99c7bfef7abfbf60cf942c3f67ca4d00967	8121fd2033d2c7caf9871733e5ff85b5ce313e2ce664b38c037aa6d7b40ccea2	2	2	prevalence	0.5	0.4117647058823529
spore	192	order	9	152	40	c381a8766c9981f383f48d72f919d99c7bfef7abfbf60cf942c3f67ca4d00967	8121fd2033d2c7caf9871733e5ff85b5ce313e2ce664b38c037aa6d7b40ccea2	2	2	taxonomy	0.7976190476190477	0.7395833333333333
spore	192	order	10	152	40	ffe28d6ce5c9f7f6c5d28c3c28a2b57dbdb03d2f702fc94618e992b552f9d7be	ba5901f234b98ccc7ef88e9a29bc6eca6cb89c29d2090200417a23317092c466	2	2	prevalence	0.5	0.375
spore	192	order	10	152	40	ffe28d6ce5c9f7f6c5d28c3c28a2b57dbdb03d2f702fc94618e992b552f9d7be	ba5901f234b98ccc7ef88e9a29bc6eca6cb89c29d2090200417a23317092c466	2	2	taxonomy	0.8125	0.829059829059829
spore	192	order	11	152	40	c300ad9faaa8d2049803b07b6e46779e2ad265637b339de27a5286f1a45ee4ee	0982de6cb33cc4f95c67eab1ebea274580fa2a2a3d17de09282a4d4e1cb6815a	2	2	prevalence	0.5	0.4936708860759494
spore	192	order	11	152	40	c300ad9faaa8d2049803b07b6e46779e2ad265637b339de27a5286f1a45ee4ee	0982de6cb33cc4f95c67eab1ebea274580fa2a2a3d17de09282a4d4e1cb6815a	2	2	taxonomy	0.5	0.4936708860759494
spore	192	order	12	152	40	125a03b58197afd11377bfbe8ce8af40b38501db45dd949b019d2291f698397f	1b11a949fe33e0337af8ed4f83c0bbab02c345593c1bedc53aa8e8eb3ddd1604	2	2	prevalence	0.5	0.43661971830985913
spore	192	order	12	152	40	125a03b58197afd11377bfbe8ce8af40b38501db45dd949b019d2291f698397f	1b11a949fe33e0337af8ed4f83c0bbab02c345593c1bedc53aa8e8eb3ddd1604	2	2	taxonomy	0.5	0.43661971830985913
spore	192	order	13	153	39	d80412fa8c7deb6175c5c5b4e839e85e64730d6d7f643f00fe9235f414f19003	228f486f27d64bcea5e05235f333597590d6592c4f6be4a9a550af5474c50da2	2	2	prevalence	0.5	0.44285714285714284
spore	192	order	13	153	39	d80412fa8c7deb6175c5c5b4e839e85e64730d6d7f643f00fe9235f414f19003	228f486f27d64bcea5e05235f333597590d6592c4f6be4a9a550af5474c50da2	2	2	taxonomy	0.8266129032258065	0.8119575699132112
spore	192	order	14	152	40	e0ba9787bd3b6007acc926838a59a330058b604de149a5afba49168018f315ce	136ca90522ee2ed5ede2192de01398d327c64a1b31da70920a1efef65d9e792e	2	2	prevalence	0.5	0.48717948717948717
spore	192	order	14	152	40	e0ba9787bd3b6007acc926838a59a330058b604de149a5afba49168018f315ce	136ca90522ee2ed5ede2192de01398d327c64a1b31da70920a1efef65d9e792e	2	2	taxonomy	0.5	0.48717948717948717
spore	192	order	15	152	40	e5495a4f7ee77980dcfbba391d25eb9d9e79770fb740679bd9a3984e56e0c1f2	8bbaf324dccd6de8d9b3ec6cc2211ec9567a0e61a515a0dab0bf61612f12f15c	2	2	prevalence	0.5	0.4666666666666667
spore	192	order	15	152	40	e5495a4f7ee77980dcfbba391d25eb9d9e79770fb740679bd9a3984e56e0c1f2	8bbaf324dccd6de8d9b3ec6cc2211ec9567a0e61a515a0dab0bf61612f12f15c	2	2	taxonomy	0.6714285714285715	0.5054545454545455
spore	192	order	16	152	40	4eae2103273ba3621d6641b59c645e22b329bc7002abb71d51d35a1f0497b141	9bcb624c1f34300a4116169ac63e3ab43ed60c37c347680ee8a309d6f70bc6f4	2	2	prevalence	0.5	0.4117647058823529
spore	192	order	16	152	40	4eae2103273ba3621d6641b59c645e22b329bc7002abb71d51d35a1f0497b141	9bcb624c1f34300a4116169ac63e3ab43ed60c37c347680ee8a309d6f70bc6f4	2	2	taxonomy	0.7976190476190477	0.7395833333333333
spore	192	order	17	153	39	b0be01aa67116d874381a3df128db7926f6a897852926b5a6ed6505712be6108	ba8900ffc986d45f1e91fae9b88acd0c0cd3d60e47d54b108c57a2b0884b7609	2	2	prevalence	0.5	0.4264705882352941
spore	192	order	17	153	39	b0be01aa67116d874381a3df128db7926f6a897852926b5a6ed6505712be6108	ba8900ffc986d45f1e91fae9b88acd0c0cd3d60e47d54b108c57a2b0884b7609	2	2	taxonomy	0.710344827586207	0.6432090077410275
spore	192	order	18	153	39	5a667726a978de744301cd2e144a6594c14c7aa37f5d2eace1a3b2ec0d43c0c1	c93efaf78d8f429d30d802506256953ff3e0c43c9244ee7cb449742a07df72a1	2	2	prevalence	0.5	0.30357142857142855
spore	192	order	18	153	39	5a667726a978de744301cd2e144a6594c14c7aa37f5d2eace1a3b2ec0d43c0c1	c93efaf78d8f429d30d802506256953ff3e0c43c9244ee7cb449742a07df72a1	2	2	taxonomy	0.5	0.36065573770491804
spore	192	order	19	149	43	f04830540e151772146c3856dc4343c547af4d7b5e9851144421da245c96b9c4	0ba6755c2fcf7d9a127f992b6bbb8a6ba0f9610f6ad1bc773bf356b61fa150d5	2	2	prevalence	0.5	0.4189189189189189
spore	192	order	19	149	43	f04830540e151772146c3856dc4343c547af4d7b5e9851144421da245c96b9c4	0ba6755c2fcf7d9a127f992b6bbb8a6ba0f9610f6ad1bc773bf356b61fa150d5	2	2	taxonomy	0.7553763440860215	0.7013888888888888
oxygen	192	within	0	154	38	e9adf1310baf06dd1e013d22794fc40e967283ac868261f7159d364ee009208b	03f3b3804f09b030e82268e485db9ef8629968d2fa3474766e3f8b0331cee376	3	3	prevalence	0.3333333333333333	0.23728813559322035
oxygen	192	within	0	154	38	e9adf1310baf06dd1e013d22794fc40e967283ac868261f7159d364ee009208b	03f3b3804f09b030e82268e485db9ef8629968d2fa3474766e3f8b0331cee376	3	3	taxonomy	0.7438672438672439	0.7157181571815717
oxygen	192	within	1	154	38	6c7343014d05a3a9db7020b2d2690bdc92931fc4dc4655b044c4473ef0189827	4ad74bce85b45374ee6f9eb2245eec85cf91168d20f6fbb5b346a5016171c4b6	3	3	prevalence	0.3333333333333333	0.27692307692307694
oxygen	192	within	1	154	38	6c7343014d05a3a9db7020b2d2690bdc92931fc4dc4655b044c4473ef0189827	4ad74bce85b45374ee6f9eb2245eec85cf91168d20f6fbb5b346a5016171c4b6	3	3	taxonomy	0.6395061728395062	0.6597402597402596
oxygen	192	within	2	154	38	0bf67f5b19df66138a8563c6f2e3106b8baee9a32e9aad8e68854f867bc3ce85	cf0f3de1ce0c908bea525198ca4a617e53b9009334650cd3e4fccd7bf3e3f80d	3	3	prevalence	0.3333333333333333	0.2995169082125604
oxygen	192	within	2	154	38	0bf67f5b19df66138a8563c6f2e3106b8baee9a32e9aad8e68854f867bc3ce85	cf0f3de1ce0c908bea525198ca4a617e53b9009334650cd3e4fccd7bf3e3f80d	3	3	taxonomy	0.6139784946236558	0.5404761904761904
oxygen	192	within	3	154	38	18b2973baa5c67b391835cc00c0e738c65e550a273c3110b034849d5d42e02cc	0da19e447e7f79c4986d474f37a90fd27d9241ec97cf34e48f8c6fa6aa1a98af	3	3	prevalence	0.3333333333333333	0.26455026455026454
oxygen	192	within	3	154	38	18b2973baa5c67b391835cc00c0e738c65e550a273c3110b034849d5d42e02cc	0da19e447e7f79c4986d474f37a90fd27d9241ec97cf34e48f8c6fa6aa1a98af	3	3	taxonomy	0.5177777777777778	0.5177777777777778
oxygen	192	within	4	154	38	7e38edd61403973e2d714d2959396961b02f16f4ec9745bc6d1f89feb6a0dfba	5d0c5bcc718eee69c9d67293ea69fce03d26b592eb956ea3c296741d574deddc	3	3	prevalence	0.3333333333333333	0.2708333333333333
oxygen	192	within	4	154	38	7e38edd61403973e2d714d2959396961b02f16f4ec9745bc6d1f89feb6a0dfba	5d0c5bcc718eee69c9d67293ea69fce03d26b592eb956ea3c296741d574deddc	3	3	taxonomy	0.6324786324786325	0.6184126984126984
oxygen	192	within	5	154	38	604dcd0f04a3c894029546a3ee6c4400573e7fbf0fae48feeff8a3d70be7ace0	ba888ab4e8bf6d0ce340111b1f53c4c3765721324a17cf163577f62c1941696d	3	3	prevalence	0.3333333333333333	0.2885572139303482
oxygen	192	within	5	154	38	604dcd0f04a3c894029546a3ee6c4400573e7fbf0fae48feeff8a3d70be7ace0	ba888ab4e8bf6d0ce340111b1f53c4c3765721324a17cf163577f62c1941696d	3	3	taxonomy	0.5965517241379311	0.5341880341880342
oxygen	192	within	6	154	38	7c80f2b59924ab693a7f68104f1b4259f1ff1bca393efadcb8d2a4c4145fd9e9	5388f2582b87e3bd1a3282b683a6243e8f19b7db5cb4511dbd999915de5bd868	3	3	prevalence	0.3333333333333333	0.2708333333333333
oxygen	192	within	6	154	38	7c80f2b59924ab693a7f68104f1b4259f1ff1bca393efadcb8d2a4c4145fd9e9	5388f2582b87e3bd1a3282b683a6243e8f19b7db5cb4511dbd999915de5bd868	3	3	taxonomy	0.701923076923077	0.6309178743961352
oxygen	192	within	7	154	38	39dc361cd97b1176e5485922932f2073981b32469bea313050538bd678e62a34	d163d02f1bc179b3c9215755d0603a36f65de229fde9d8f428898636c4b7cb31	3	3	prevalence	0.3333333333333333	0.2708333333333333
oxygen	192	within	7	154	38	39dc361cd97b1176e5485922932f2073981b32469bea313050538bd678e62a34	d163d02f1bc179b3c9215755d0603a36f65de229fde9d8f428898636c4b7cb31	3	3	taxonomy	0.6534798534798535	0.6524216524216524
oxygen	192	within	8	154	38	e7f9419a8521f7e7ad91730ce3fd8a90c8588e579b7b50c1f986275a93075e7a	5aec335d9bbe9593c8fa56613ea15f304caadceec43832edbf1e0711b8898262	3	3	prevalence	0.3333333333333333	0.24444444444444444
oxygen	192	within	8	154	38	e7f9419a8521f7e7ad91730ce3fd8a90c8588e579b7b50c1f986275a93075e7a	5aec335d9bbe9593c8fa56613ea15f304caadceec43832edbf1e0711b8898262	3	3	taxonomy	0.5227272727272728	0.5415873015873015
oxygen	192	within	9	154	38	ae187f4e2218b4160e9a767db3acfe95750d8d34504043b06df670fa70b046e1	838a1db79676d613201e2dae313d896ab39bf482ca3cd5f4f6941602387dd4e3	3	3	prevalence	0.3333333333333333	0.2708333333333333
oxygen	192	within	9	154	38	ae187f4e2218b4160e9a767db3acfe95750d8d34504043b06df670fa70b046e1	838a1db79676d613201e2dae313d896ab39bf482ca3cd5f4f6941602387dd4e3	3	3	taxonomy	0.5192307692307693	0.5192307692307693
oxygen	192	within	10	154	38	a371de2713ee4a5bf7b8d4c09efadcc74d526b85a1ad5279d661fb5f47faed89	b171ede8215d5ec13f0da90caf6c2ace7ce05ca35fd05df8afedff89f7b5bb7e	3	3	prevalence	0.3333333333333333	0.2885572139303482
oxygen	192	within	10	154	38	a371de2713ee4a5bf7b8d4c09efadcc74d526b85a1ad5279d661fb5f47faed89	b171ede8215d5ec13f0da90caf6c2ace7ce05ca35fd05df8afedff89f7b5bb7e	3	3	taxonomy	0.7298850574712644	0.5761904761904763
oxygen	192	within	11	154	38	ad03f13a2aa267ed0a6124891fbc1f18b7fb634d5e4eea1524ad3c8ba1f81439	e03e6a612d42b262f33a79e7cc66f925f2d7aed0c0b3f19e17cb5ff8b10a3546	3	3	prevalence	0.3333333333333333	0.2828282828282828
oxygen	192	within	11	154	38	ad03f13a2aa267ed0a6124891fbc1f18b7fb634d5e4eea1524ad3c8ba1f81439	e03e6a612d42b262f33a79e7cc66f925f2d7aed0c0b3f19e17cb5ff8b10a3546	3	3	taxonomy	0.41904761904761906	0.4045197740112994
oxygen	192	within	12	154	38	9aff78cff14c32f485f64154cf8af9f2ff966be3d6593e9e65f48247289c5290	834907f5381537c17792ff025baca1d25913fdd4d0fd845bfed2cb761966913c	3	3	prevalence	0.3333333333333333	0.25136612021857924
oxygen	192	within	12	154	38	9aff78cff14c32f485f64154cf8af9f2ff966be3d6593e9e65f48247289c5290	834907f5381537c17792ff025baca1d25913fdd4d0fd845bfed2cb761966913c	3	3	taxonomy	0.6180124223602484	0.6235731171901384
oxygen	192	within	13	154	38	a86d9c0229ac77ce6ee8c0c291bfd724f8cc5a35fc0087c24daf7f423369a268	265cde3a9705506ca3e3f866681c62b7d7e85af5bdcca0373644e43aa8f548fc	3	3	prevalence	0.3333333333333333	0.25136612021857924
oxygen	192	within	13	154	38	a86d9c0229ac77ce6ee8c0c291bfd724f8cc5a35fc0087c24daf7f423369a268	265cde3a9705506ca3e3f866681c62b7d7e85af5bdcca0373644e43aa8f548fc	3	3	taxonomy	0.48110766045548653	0.4888591800356507
oxygen	192	within	14	154	38	d5ab922173c4542069221e83770f4af56001da0d3b066ad980eb072346526a62	e1e8e13d7ae7209ff958aa392be3c5f7829d92a8fafcc8d6c761825b0c4ab269	3	3	prevalence	0.3333333333333333	0.26455026455026454
oxygen	192	within	14	154	38	d5ab922173c4542069221e83770f4af56001da0d3b066ad980eb072346526a62	e1e8e13d7ae7209ff958aa392be3c5f7829d92a8fafcc8d6c761825b0c4ab269	3	3	taxonomy	0.5611111111111111	0.4827264239028945
oxygen	192	within	15	154	38	f70d60993f43df1dc599ad2447ab81040612af780b43f7bc69146627735bab62	1afbe13027360cb9b448b29cf34750a649411fab365d9f811540b955c5b75d09	3	3	prevalence	0.3333333333333333	0.25136612021857924
oxygen	192	within	15	154	38	f70d60993f43df1dc599ad2447ab81040612af780b43f7bc69146627735bab62	1afbe13027360cb9b448b29cf34750a649411fab365d9f811540b955c5b75d09	3	3	taxonomy	0.6156126482213439	0.6313131313131314
oxygen	192	within	16	154	38	f6771500e4e01f4b0e47dc9ec84e1e4c8523aec88b34ce3f2f338680a44fbecf	92bc686fabfeb34ffe8da177d59bfffea9b702ff4fbc21c2d3b00a65c1252c0a	3	3	prevalence	0.3333333333333333	0.25806451612903225
oxygen	192	within	16	154	38	f6771500e4e01f4b0e47dc9ec84e1e4c8523aec88b34ce3f2f338680a44fbecf	92bc686fabfeb34ffe8da177d59bfffea9b702ff4fbc21c2d3b00a65c1252c0a	3	3	taxonomy	0.611111111111111	0.5833333333333334
oxygen	192	within	17	154	38	d62d425adf1c9b9538ccfaf8b80a2e85d8651de15eea7f171ae9139c19871ee2	aa4ad7f14524ed21062c2c6a4ea15e4a3834a67da040bb2e02bc09c19083d910	3	3	prevalence	0.3333333333333333	0.25136612021857924
oxygen	192	within	17	154	38	d62d425adf1c9b9538ccfaf8b80a2e85d8651de15eea7f171ae9139c19871ee2	aa4ad7f14524ed21062c2c6a4ea15e4a3834a67da040bb2e02bc09c19083d910	3	3	taxonomy	0.5797101449275361	0.575036075036075
oxygen	192	within	18	154	38	94d5a8020a89f5f0631024582a503f718dc14ecfeced5229c58ae1f54b6205bc	e7469400aa0b60d0f2c24871f64b63877869964bfd4edfd9798a6c2333210988	3	3	prevalence	0.3333333333333333	0.2708333333333333
oxygen	192	within	18	154	38	94d5a8020a89f5f0631024582a503f718dc14ecfeced5229c58ae1f54b6205bc	e7469400aa0b60d0f2c24871f64b63877869964bfd4edfd9798a6c2333210988	3	3	taxonomy	0.5085470085470085	0.425438596491228
oxygen	192	within	19	154	38	963f33bdfcafc0cc404fa35c919b35c6c88611d8aa1f0dccd6ec1c0b64a729eb	9bf6fd999ddaaa8c107eeae96f0874851e13df6848b53945485e9023a7c102bc	3	3	prevalence	0.3333333333333333	0.26455026455026454
oxygen	192	within	19	154	38	963f33bdfcafc0cc404fa35c919b35c6c88611d8aa1f0dccd6ec1c0b64a729eb	9bf6fd999ddaaa8c107eeae96f0874851e13df6848b53945485e9023a7c102bc	3	3	taxonomy	0.6447619047619048	0.6203985140155353
oxygen	192	genus	0	150	42	abec218a8b9f7419399534eebe4ac5432351634260baaa22ce85c77bf1535537	60e40b55bf154b795ccf8df906a1bf0af333f4c7804980885ce6fa3f118be2e7	3	3	prevalence	0.3333333333333333	0.24875621890547264
oxygen	192	genus	0	150	42	abec218a8b9f7419399534eebe4ac5432351634260baaa22ce85c77bf1535537	60e40b55bf154b795ccf8df906a1bf0af333f4c7804980885ce6fa3f118be2e7	3	3	taxonomy	0.6922222222222222	0.6233729824982979
oxygen	192	genus	1	154	38	3ce300b89ec034b0d343a90743948c64355d42f45763279992e186c794ee23a5	e54479c511bcb14edcfdfcaaa7fdf6f284de700e6877aaed42b749e9aaf1b924	3	3	prevalence	0.3333333333333333	0.26455026455026454
oxygen	192	genus	1	154	38	3ce300b89ec034b0d343a90743948c64355d42f45763279992e186c794ee23a5	e54479c511bcb14edcfdfcaaa7fdf6f284de700e6877aaed42b749e9aaf1b924	3	3	taxonomy	0.5539682539682539	0.45578865578865574
oxygen	192	genus	2	154	38	17ee1f77e8f5eaffd2bcae033ee21fd8730bb9c40846aec3e55ce430e3979eae	d8222bdf8f05456855bf8f27c56df65c608d8b3efcf5cb1d7e668f74c8c97881	3	3	prevalence	0.3333333333333333	0.2708333333333333
oxygen	192	genus	2	154	38	17ee1f77e8f5eaffd2bcae033ee21fd8730bb9c40846aec3e55ce430e3979eae	d8222bdf8f05456855bf8f27c56df65c608d8b3efcf5cb1d7e668f74c8c97881	3	3	taxonomy	0.5224358974358975	0.513888888888889
oxygen	192	genus	3	154	38	acd1563c890a8d4f5bd89b73045a94e72c3799778f84becf5c717492299f8a47	c8b7aa3fd3c09fc79bdf99142b0cd644a3999f2d1c0429a4523929d50cde9817	3	3	prevalence	0.3333333333333333	0.2885572139303482
oxygen	192	genus	3	154	38	acd1563c890a8d4f5bd89b73045a94e72c3799778f84becf5c717492299f8a47	c8b7aa3fd3c09fc79bdf99142b0cd644a3999f2d1c0429a4523929d50cde9817	3	3	taxonomy	0.6346469622331692	0.5479876160990712
oxygen	192	genus	4	154	38	d630733e742cd5dfbd65709a22175e362fea45723cb42c0da7dda3f57013d3c9	e9540f28469a0992415ffbe8d57b5a7dbeccbde0c191dfd10fff58dd4c009a11	3	3	prevalence	0.3333333333333333	0.24444444444444444
oxygen	192	genus	4	154	38	d630733e742cd5dfbd65709a22175e362fea45723cb42c0da7dda3f57013d3c9	e9540f28469a0992415ffbe8d57b5a7dbeccbde0c191dfd10fff58dd4c009a11	3	3	taxonomy	0.5686868686868687	0.5849944008958566
oxygen	192	genus	5	154	38	1af1151e107a6891ca9975733c2123401317c2716b433ccb71e26f05f975ae2f	e9b742f072ce79e7df1fa01239c816b11216ef295c95cd603a35ed7d18e6c288	3	3	prevalence	0.3333333333333333	0.26455026455026454
oxygen	192	genus	5	154	38	1af1151e107a6891ca9975733c2123401317c2716b433ccb71e26f05f975ae2f	e9b742f072ce79e7df1fa01239c816b11216ef295c95cd603a35ed7d18e6c288	3	3	taxonomy	0.4611111111111111	0.4720851475568457
oxygen	192	genus	6	153	39	0fadf2043b03e7176a9874cce64edbf31a58f55c4b52f9fcdc7d68f4f5706f4a	95401f1a8ffed4be9bbb1fb79d3a33f624a62c3a48fb79a6d7879184df91051b	3	3	prevalence	0.3333333333333333	0.27272727272727276
oxygen	192	genus	6	153	39	0fadf2043b03e7176a9874cce64edbf31a58f55c4b52f9fcdc7d68f4f5706f4a	95401f1a8ffed4be9bbb1fb79d3a33f624a62c3a48fb79a6d7879184df91051b	3	3	taxonomy	0.5555555555555555	0.5316666666666666
oxygen	192	genus	7	154	38	e1d9150933d348d98fb9b1dbaf14076feb50664e4c1df24cb84d6181e1302ae3	1f19810900b1edf7155839f450289c8c3fddfe92f58cab51702f81305d8351b0	3	3	prevalence	0.3333333333333333	0.2885572139303482
oxygen	192	genus	7	154	38	e1d9150933d348d98fb9b1dbaf14076feb50664e4c1df24cb84d6181e1302ae3	1f19810900b1edf7155839f450289c8c3fddfe92f58cab51702f81305d8351b0	3	3	taxonomy	0.6454022988505748	0.5381106988249845
oxygen	192	genus	8	154	38	53a29c312d7247c413dcf833bd0e16ca06f354405a4f9ebcd317ea1262138cdb	7cabe6c29f833b697a281108273696c67bd8e046c0b3bfb58b03f162dce84e64	3	3	prevalence	0.3333333333333333	0.25136612021857924
oxygen	192	genus	8	154	38	53a29c312d7247c413dcf833bd0e16ca06f354405a4f9ebcd317ea1262138cdb	7cabe6c29f833b697a281108273696c67bd8e046c0b3bfb58b03f162dce84e64	3	3	taxonomy	0.5905797101449276	0.4997570850202429
oxygen	192	genus	9	154	38	4321edb1d44a6f948afb607a2708d5ef48bf3ba33a4e98ce32661cc75906ba75	610fa2491590fc35a9755c4a7b8dc2652447bb8a6ca3605c3002375f8e0aef17	3	3	prevalence	0.3333333333333333	0.25136612021857924
oxygen	192	genus	9	154	38	4321edb1d44a6f948afb607a2708d5ef48bf3ba33a4e98ce32661cc75906ba75	610fa2491590fc35a9755c4a7b8dc2652447bb8a6ca3605c3002375f8e0aef17	3	3	taxonomy	0.5703933747412008	0.5629233511586453
oxygen	192	genus	10	153	39	cdd8a7b557f5e80f134c56d9325e5c691e34b0c756e54c361bc17224f08c7869	24591b9d0f536d7c7a28f18c7234a14c581990d0ad188a8a25a96d1755629ff3	3	3	prevalence	0.3333333333333333	0.2604166666666667
oxygen	192	genus	10	153	39	cdd8a7b557f5e80f134c56d9325e5c691e34b0c756e54c361bc17224f08c7869	24591b9d0f536d7c7a28f18c7234a14c581990d0ad188a8a25a96d1755629ff3	3	3	taxonomy	0.5942857142857143	0.5493443754313319
oxygen	192	genus	11	154	38	3d045de3575422f8a9548ee29a6a32b94a609859509b492bfa14cd9fd3465927	ddd03ec118e1b71a45ce4140fd6ef53986d68ed8faeae0285141250e8fbd07ee	3	3	prevalence	0.3333333333333333	0.29411764705882354
oxygen	192	genus	11	154	38	3d045de3575422f8a9548ee29a6a32b94a609859509b492bfa14cd9fd3465927	ddd03ec118e1b71a45ce4140fd6ef53986d68ed8faeae0285141250e8fbd07ee	3	3	taxonomy	0.6222222222222221	0.4708624708624709
oxygen	192	genus	12	154	38	a92becb709bf7accb88f401a38019c31f247e93cd4c03c9b2b82eeb07285d586	24fdc7ce12d72f37b5b157a83b28b2c25ec090984d3e404b5f0f2235d995b65b	3	3	prevalence	0.3333333333333333	0.27692307692307694
oxygen	192	genus	12	154	38	a92becb709bf7accb88f401a38019c31f247e93cd4c03c9b2b82eeb07285d586	24fdc7ce12d72f37b5b157a83b28b2c25ec090984d3e404b5f0f2235d995b65b	3	3	taxonomy	0.5950617283950617	0.6037758537758537
oxygen	192	genus	13	154	38	e3d8f5c48995b73868c21943af5b1bd6d738c2214a87c25c7af5fd70ebe88898	a157b2e7910a2695568b3a5033dbafe5d288befa8d751b1b5f72744420f538aa	3	3	prevalence	0.3333333333333333	0.2828282828282828
oxygen	192	genus	13	154	38	e3d8f5c48995b73868c21943af5b1bd6d738c2214a87c25c7af5fd70ebe88898	a157b2e7910a2695568b3a5033dbafe5d288befa8d751b1b5f72744420f538aa	3	3	taxonomy	0.33730158730158727	0.3090909090909091
oxygen	192	genus	14	154	38	ddbcce4cea2c67bf6d04bb64ee1b790a27733992d855894c86278148f530cf3d	56348075277f0a90235fd8405fef003158f21c7b89a2c01c9a190dda240a654a	3	3	prevalence	0.3333333333333333	0.27692307692307694
oxygen	192	genus	14	154	38	ddbcce4cea2c67bf6d04bb64ee1b790a27733992d855894c86278148f530cf3d	56348075277f0a90235fd8405fef003158f21c7b89a2c01c9a190dda240a654a	3	3	taxonomy	0.6753086419753087	0.5874396135265699
oxygen	192	genus	15	153	39	4840028e6cc310bfbd6341e0535e1fd13eec3bcad53d715c3b79c230cd782c47	543ddec9196250e8dda902254a10b5cab84009f1a41c589c92f9cf86e853b786	3	3	prevalence	0.3333333333333333	0.27860696517412936
oxygen	192	genus	15	153	39	4840028e6cc310bfbd6341e0535e1fd13eec3bcad53d715c3b79c230cd782c47	543ddec9196250e8dda902254a10b5cab84009f1a41c589c92f9cf86e853b786	3	3	taxonomy	0.5642857142857143	0.4367290775959507
oxygen	192	genus	16	154	38	92caccdf664732444d31b321abed2088b1e1421c57b2d9b199a01b49d65e8e9e	becac62057ad65ca5ae71bbfa7b2f1e8be695a9c89a1a3dad36c89a1669459db	3	3	prevalence	0.3333333333333333	0.2708333333333333
oxygen	192	genus	16	154	38	92caccdf664732444d31b321abed2088b1e1421c57b2d9b199a01b49d65e8e9e	becac62057ad65ca5ae71bbfa7b2f1e8be695a9c89a1a3dad36c89a1669459db	3	3	taxonomy	0.35421245421245423	0.34817280355037794
oxygen	192	genus	17	154	38	4dd60db20e266c3c41df5711196b211766e2f0c8d17754690c3cfeb9aa398835	4407d7d2aece2cc480578bafb14324dd59a737e1472d9347e4885649bf624198	3	3	prevalence	0.3333333333333333	0.25806451612903225
oxygen	192	genus	17	154	38	4dd60db20e266c3c41df5711196b211766e2f0c8d17754690c3cfeb9aa398835	4407d7d2aece2cc480578bafb14324dd59a737e1472d9347e4885649bf624198	3	3	taxonomy	0.5972222222222222	0.6023504273504273
oxygen	192	genus	18	154	38	24270ef013405a42335139f273ed8a332d52d148770b61bdd1ae7773a975e6a7	7df2619506da08649a246ae4f0b75ecc03d1aaa144a92114d006df1a93207b33	3	3	prevalence	0.3333333333333333	0.25806451612903225
oxygen	192	genus	18	154	38	24270ef013405a42335139f273ed8a332d52d148770b61bdd1ae7773a975e6a7	7df2619506da08649a246ae4f0b75ecc03d1aaa144a92114d006df1a93207b33	3	3	taxonomy	0.47129629629629627	0.4708624708624709
oxygen	192	genus	19	153	39	291c68b1940af8bd37f9dd700321fe2324096afec565f8653ff1d9f292bd87a1	6800142118a089ec6dbbfdee969c0f6a02e0642e96b93e79c5fe17d9d6f52df8	3	3	prevalence	0.3333333333333333	0.2604166666666667
oxygen	192	genus	19	153	39	291c68b1940af8bd37f9dd700321fe2324096afec565f8653ff1d9f292bd87a1	6800142118a089ec6dbbfdee969c0f6a02e0642e96b93e79c5fe17d9d6f52df8	3	3	taxonomy	0.4518518518518519	0.4122807017543859
oxygen	192	family	0	152	40	851c7733eeb0a797ecd1b8e4c9c72eaac9b5ca4cd9c78e7e0eb817fe6c675926	012acb05ba276adb29463be0ea9f9913f8ab6d9f1829d7e0bb3cdaefbff10f1a	3	3	prevalence	0.3333333333333333	0.2857142857142857
oxygen	192	family	0	152	40	851c7733eeb0a797ecd1b8e4c9c72eaac9b5ca4cd9c78e7e0eb817fe6c675926	012acb05ba276adb29463be0ea9f9913f8ab6d9f1829d7e0bb3cdaefbff10f1a	3	3	taxonomy	0.6079365079365079	0.4271804062126643
oxygen	192	family	1	150	42	4e44a611d69c420077e15bbe3e5dbe4b867dac0295b34bbca9b7eca14964e440	8fd56945d04833c4a922907fdc325ba7bf347f8f9e575ba0146f2e44ea474e13	3	3	prevalence	0.3333333333333333	0.2777777777777778
oxygen	192	family	1	150	42	4e44a611d69c420077e15bbe3e5dbe4b867dac0295b34bbca9b7eca14964e440	8fd56945d04833c4a922907fdc325ba7bf347f8f9e575ba0146f2e44ea474e13	3	3	taxonomy	0.35185185185185186	0.3555967841682128
oxygen	192	family	2	150	42	fd441fb110dbe373bff9f291fde62b56e4899dd8ee70dcc65413466468b2c707	483d86604186359ff0788fa01757b24c8354c4ddbd86e9a794c63f36d08b17d8	3	3	prevalence	0.3333333333333333	0.2608695652173913
oxygen	192	family	2	150	42	fd441fb110dbe373bff9f291fde62b56e4899dd8ee70dcc65413466468b2c707	483d86604186359ff0788fa01757b24c8354c4ddbd86e9a794c63f36d08b17d8	3	3	taxonomy	0.49753086419753084	0.4888888888888889
oxygen	192	family	3	154	38	3efcc288778841338bf67d465e36b656a39e3e3b9d319bb65135daffdc679916	5606643da9f15f039bb48961887a9dd96ff3d24926788edbd773f6d4ab8ecb6a	3	3	prevalence	0.3333333333333333	0.29411764705882354
oxygen	192	family	3	154	38	3efcc288778841338bf67d465e36b656a39e3e3b9d319bb65135daffdc679916	5606643da9f15f039bb48961887a9dd96ff3d24926788edbd773f6d4ab8ecb6a	3	3	taxonomy	0.6222222222222222	0.4911100803957947
oxygen	192	family	4	153	39	59f9d9a2c9bd6243d7f62a09edb0a14ec50bb1749ee2d18a1b305257c9aa8797	7e723e1c147d7d94488a39a8e223b50604c73af126612997b96af658f38b2e1c	3	3	prevalence	0.3333333333333333	0.26666666666666666
oxygen	192	family	4	153	39	59f9d9a2c9bd6243d7f62a09edb0a14ec50bb1749ee2d18a1b305257c9aa8797	7e723e1c147d7d94488a39a8e223b50604c73af126612997b96af658f38b2e1c	3	3	taxonomy	0.6320512820512821	0.4954051796157059
oxygen	192	family	5	153	39	bc9fe1b3c0006363d4f109160751b168f65add6b35985954832b42bfdace519c	cb5889678d7aa9d68cc7ec91aab2ebba0eb051c4cbec85586beb4de8ad981429	3	3	prevalence	0.3333333333333333	0.24043715846994537
oxygen	192	family	5	153	39	bc9fe1b3c0006363d4f109160751b168f65add6b35985954832b42bfdace519c	cb5889678d7aa9d68cc7ec91aab2ebba0eb051c4cbec85586beb4de8ad981429	3	3	taxonomy	0.5281385281385281	0.41904761904761906
oxygen	192	family	6	153	39	09398c0facf5afdab19b4609b5ae0d20a5849d1c953fce35dfdb0616cd908397	42feb6aafe83ddfdefed8dcc51392d5f980c682e46b4e01b84619e774c2da8fa	3	3	prevalence	0.3333333333333333	0.27860696517412936
oxygen	192	family	6	153	39	09398c0facf5afdab19b4609b5ae0d20a5849d1c953fce35dfdb0616cd908397	42feb6aafe83ddfdefed8dcc51392d5f980c682e46b4e01b84619e774c2da8fa	3	3	taxonomy	0.4523809523809524	0.4371929824561403
oxygen	192	family	7	152	40	a24f961a30f5fc4d4af6208d138dc76ab01ebd1141db8a4d488bdef2b4df96c8	1b683dd2ec17038510ddedc6f2d37652499d5d23e4dcb85a28aabdec2d144477	3	3	prevalence	0.3333333333333333	0.2745098039215686
oxygen	192	family	7	152	40	a24f961a30f5fc4d4af6208d138dc76ab01ebd1141db8a4d488bdef2b4df96c8	1b683dd2ec17038510ddedc6f2d37652499d5d23e4dcb85a28aabdec2d144477	3	3	taxonomy	0.5452380952380952	0.45941558441558444
oxygen	192	family	8	146	46	e6a6db742288de13030a1129c2bc707812eb54cb7438ae65a7a97741a4440de0	82133a19e022da315f13be8e1e2384b33605b88fd55b71cb0191e736b76e4c67	3	3	prevalence	0.3333333333333333	0.2971887550200803
oxygen	192	family	8	146	46	e6a6db742288de13030a1129c2bc707812eb54cb7438ae65a7a97741a4440de0	82133a19e022da315f13be8e1e2384b33605b88fd55b71cb0191e736b76e4c67	3	3	taxonomy	0.4189189189189189	0.3922245226593053
oxygen	192	family	9	153	39	6c08698d4873356980038c117304d9219590692f5ad6404d626679a355db08d5	0f8435ee9b84810b6921a05e567d1820f7d625f3770702172c3e9bd3b47c3705	3	3	prevalence	0.3333333333333333	0.28431372549019607
oxygen	192	family	9	153	39	6c08698d4873356980038c117304d9219590692f5ad6404d626679a355db08d5	0f8435ee9b84810b6921a05e567d1820f7d625f3770702172c3e9bd3b47c3705	3	3	taxonomy	0.4568965517241379	0.5066666666666667
oxygen	192	family	10	154	38	709d8172bbde234c3583390820be810affeac61b3dc1a8929fd4321f3a734781	cd7fbc64323591224c5c40ae8382b14e873967173586a262948ef7255d843807	3	3	prevalence	0.3333333333333333	0.25806451612903225
oxygen	192	family	10	154	38	709d8172bbde234c3583390820be810affeac61b3dc1a8929fd4321f3a734781	cd7fbc64323591224c5c40ae8382b14e873967173586a262948ef7255d843807	3	3	taxonomy	0.3666666666666667	0.35638740344622694
oxygen	192	family	11	152	40	e72451ffef2f042a1231af64707aa7e629274130a5bf2416a3bec9504f146374	f0311d07a40fc530d02dda67ffeb5b91e4230770c43df463cee32f444bdd3b18	3	3	prevalence	0.3333333333333333	0.23655913978494625
oxygen	192	family	11	152	40	e72451ffef2f042a1231af64707aa7e629274130a5bf2416a3bec9504f146374	f0311d07a40fc530d02dda67ffeb5b91e4230770c43df463cee32f444bdd3b18	3	3	taxonomy	0.6190476190476191	0.4761904761904762
oxygen	192	family	12	154	38	5443176d976f8f0ddd0353374ed6dc844ed0a58b1b054fc13abd650203d58fa4	022e51ea90bd331c3ed441ef26eaaa0a4a66fc58cd175766f4c227cebf2ab0d0	3	3	prevalence	0.3333333333333333	0.2885572139303482
oxygen	192	family	12	154	38	5443176d976f8f0ddd0353374ed6dc844ed0a58b1b054fc13abd650203d58fa4	022e51ea90bd331c3ed441ef26eaaa0a4a66fc58cd175766f4c227cebf2ab0d0	3	3	taxonomy	0.41609195402298854	0.291358024691358
oxygen	192	family	13	153	39	b24c9c951d0138e2e39912472796a3c7eab359116d0af7ce7e7ff6976e66bd8d	b51afc93856a645af47129611d5e2b925d598ab5e84dd127e5ffeec36cd56f3f	3	2	prevalence	NA	NA
oxygen	192	family	13	153	39	b24c9c951d0138e2e39912472796a3c7eab359116d0af7ce7e7ff6976e66bd8d	b51afc93856a645af47129611d5e2b925d598ab5e84dd127e5ffeec36cd56f3f	3	2	taxonomy	NA	NA
oxygen	192	family	14	153	39	f50a4d27b026a6b79b74bd0708e7379aadd68197f8a7d08266de9b9d48618e2d	74e3414a3f748824446cd9249b5ddcc944e5ac506443ed0377487fe723e40330	3	3	prevalence	0.3333333333333333	0.28431372549019607
oxygen	192	family	14	153	39	f50a4d27b026a6b79b74bd0708e7379aadd68197f8a7d08266de9b9d48618e2d	74e3414a3f748824446cd9249b5ddcc944e5ac506443ed0377487fe723e40330	3	3	taxonomy	0.4568965517241379	0.4458204334365325
oxygen	192	family	15	154	38	b5867276731fc5027535f22405b138145cd885ef2b266725bb38ae5f4dbfcc83	e76567dd30980f8c1d209b4dc63f328edd61c828f5772494abc752b6802c4b57	3	3	prevalence	0.3333333333333333	0.2142857142857143
oxygen	192	family	15	154	38	b5867276731fc5027535f22405b138145cd885ef2b266725bb38ae5f4dbfcc83	e76567dd30980f8c1d209b4dc63f328edd61c828f5772494abc752b6802c4b57	3	3	taxonomy	0.7111111111111111	0.7224171539961014
oxygen	192	family	16	151	41	57f0d12da28bb54f03779291dd99a49777f549b0c33b1f04734f60dcb24fb895	c0af1f0b59ce87548203ce0924ac4ebfe4178c9ade3e5ac20580e277cf0fc7b5	3	3	prevalence	0.3333333333333333	0.22580645161290322
oxygen	192	family	16	151	41	57f0d12da28bb54f03779291dd99a49777f549b0c33b1f04734f60dcb24fb895	c0af1f0b59ce87548203ce0924ac4ebfe4178c9ade3e5ac20580e277cf0fc7b5	3	3	taxonomy	0.44047619047619047	0.34385964912280703
oxygen	192	family	17	154	38	1021216272b57f95edd88e063de6058b35b56b520f1e909bbdd0861c1f3e1133	c8cc19c4876ce45153bd11993660940690bcacb91b6a29ccbc341ee72c482d8a	3	3	prevalence	0.3333333333333333	0.26455026455026454
oxygen	192	family	17	154	38	1021216272b57f95edd88e063de6058b35b56b520f1e909bbdd0861c1f3e1133	c8cc19c4876ce45153bd11993660940690bcacb91b6a29ccbc341ee72c482d8a	3	3	taxonomy	0.3377777777777778	0.35166666666666674
oxygen	192	family	18	146	46	25a97424efe35a9f66a43019f039589eb7fffd5c7a93b79861403baa9b1bf839	621937b6cf048f66c86ddc8aa14dc6ce60c161b99999fa4caf95f5c029ea3ae7	3	3	prevalence	0.3333333333333333	0.2631578947368421
oxygen	192	family	18	146	46	25a97424efe35a9f66a43019f039589eb7fffd5c7a93b79861403baa9b1bf839	621937b6cf048f66c86ddc8aa14dc6ce60c161b99999fa4caf95f5c029ea3ae7	3	3	taxonomy	0.6111111111111112	0.4116656763715587
oxygen	192	family	19	151	41	6a656eaca132ff03a3f2a61e9f105c8f2f611dfa681151acb23c7e5c6d1c250c	6929719f2f3ccbb0042994885b621df63d2eb596e77a9bf3072b8b4fa7ed58f7	3	3	prevalence	0.3333333333333333	0.3116883116883117
oxygen	192	family	19	151	41	6a656eaca132ff03a3f2a61e9f105c8f2f611dfa681151acb23c7e5c6d1c250c	6929719f2f3ccbb0042994885b621df63d2eb596e77a9bf3072b8b4fa7ed58f7	3	3	taxonomy	0.4537037037037037	0.2593548387096774
oxygen	192	order	0	152	40	2ec6d8f7eddbf87c87dc5bed2428e42d646f140ee8221e35cae7370599335c75	194ee3e05b2eda0067aa4cc4bebac304d75187d6007aff08fb22ec86794009c5	3	3	prevalence	0.3333333333333333	0.26865671641791045
oxygen	192	order	0	152	40	2ec6d8f7eddbf87c87dc5bed2428e42d646f140ee8221e35cae7370599335c75	194ee3e05b2eda0067aa4cc4bebac304d75187d6007aff08fb22ec86794009c5	3	3	taxonomy	0.3333333333333333	0.06060606060606061
oxygen	192	order	1	153	39	5ab9303f7d289feb15f6b9701983ce1a0c4e1caf7ee487b37d4339ca992d409a	51944001a144fd9728127ddf5e262749f20bcf7efa1d3eaef0cc8ac0c916c248	3	3	prevalence	0.3333333333333333	0.25396825396825395
oxygen	192	order	1	153	39	5ab9303f7d289feb15f6b9701983ce1a0c4e1caf7ee487b37d4339ca992d409a	51944001a144fd9728127ddf5e262749f20bcf7efa1d3eaef0cc8ac0c916c248	3	3	taxonomy	0.4444444444444444	0.32780291603821016
oxygen	192	order	2	149	43	c9ce4cabf23bd401adb30dbd9217c7a9e1e3ab3ac9a482d9c92132d6b84bb503	cd6440a8960269f1eba2666b536dbf20215ee1fd0912d263435d6aa708f75228	3	3	prevalence	0.3333333333333333	0.29914529914529914
oxygen	192	order	2	149	43	c9ce4cabf23bd401adb30dbd9217c7a9e1e3ab3ac9a482d9c92132d6b84bb503	cd6440a8960269f1eba2666b536dbf20215ee1fd0912d263435d6aa708f75228	3	3	taxonomy	0.5142857142857142	0.3682340647857889
oxygen	192	order	3	152	40	b19edb8f840641f66a2a3f967d1f483390b74d9f93cb56daefa12d24acf934e2	f34048df7b57f7cb036f21928d971a2d796c87c41aee0b1d6ebd344bb30bacb8	3	3	prevalence	0.3333333333333333	0.29107981220657275
oxygen	192	order	3	152	40	b19edb8f840641f66a2a3f967d1f483390b74d9f93cb56daefa12d24acf934e2	f34048df7b57f7cb036f21928d971a2d796c87c41aee0b1d6ebd344bb30bacb8	3	3	taxonomy	0.3279569892473118	0.289027149321267
oxygen	192	order	4	152	40	2de6325e28e63de7ad6bd1a57613045a3b0b319b34eefb0aa4540e80e2c504ef	f474713a243b4a013eea541ed0c558673538bb53e5d83679590b6feb87c5c87b	3	3	prevalence	0.3333333333333333	0.2801932367149758
oxygen	192	order	4	152	40	2de6325e28e63de7ad6bd1a57613045a3b0b319b34eefb0aa4540e80e2c504ef	f474713a243b4a013eea541ed0c558673538bb53e5d83679590b6feb87c5c87b	3	3	taxonomy	0.31417624521072796	0.2746831712348954
oxygen	192	order	5	153	39	2f1ea2ace8b65c6be8026d6893b2fbf2b98d26e4f95969bd568baadfe1f2160f	be3e323e8f555e5327edf383a6595b7301591d27d8274d4441a9ad91ef05b8e8	3	3	prevalence	0.3333333333333333	0.2604166666666667
oxygen	192	order	5	153	39	2f1ea2ace8b65c6be8026d6893b2fbf2b98d26e4f95969bd568baadfe1f2160f	be3e323e8f555e5327edf383a6595b7301591d27d8274d4441a9ad91ef05b8e8	3	3	taxonomy	0.3011111111111111	0.21443001443001442
oxygen	192	order	6	149	43	b4d349e43c792431396badd5a237660a60a424f9502a354a6fee9589e325ec15	c62e2e6d4424876a0e12624c51dca3a975f1fd21f11c12b0fc0eb9db3430fe06	3	3	prevalence	0.3333333333333333	0.273972602739726
oxygen	192	order	6	149	43	b4d349e43c792431396badd5a237660a60a424f9502a354a6fee9589e325ec15	c62e2e6d4424876a0e12624c51dca3a975f1fd21f11c12b0fc0eb9db3430fe06	3	3	taxonomy	0.37777777777777777	0.3399612965650702
oxygen	192	order	7	152	40	fa146a4ae491ef13c4608107a1a8aeef5b42bb826a9bf725256f117191cb4fdf	b36c5545ba01d82ed32164d370a3a60e86b3458476a99355bd48d842e0e76912	3	3	prevalence	0.3333333333333333	0.2962962962962963
oxygen	192	order	7	152	40	fa146a4ae491ef13c4608107a1a8aeef5b42bb826a9bf725256f117191cb4fdf	b36c5545ba01d82ed32164d370a3a60e86b3458476a99355bd48d842e0e76912	3	3	taxonomy	0.4375	0.2698412698412698
oxygen	192	order	8	152	40	ae5571c7fbb78f6b1e41645afae291a146ae5e04d7d3a2d398bc5c3e3fd4f5eb	51c8f03f26683d1e8d8816d843dcc35690e0b8ae2998b69d4d78d93c5d9f0b8b	3	3	prevalence	0.3333333333333333	0.23655913978494625
oxygen	192	order	8	152	40	ae5571c7fbb78f6b1e41645afae291a146ae5e04d7d3a2d398bc5c3e3fd4f5eb	51c8f03f26683d1e8d8816d843dcc35690e0b8ae2998b69d4d78d93c5d9f0b8b	3	3	taxonomy	0.39285714285714285	0.2445887445887446
oxygen	192	order	9	152	40	c381a8766c9981f383f48d72f919d99c7bfef7abfbf60cf942c3f67ca4d00967	8121fd2033d2c7caf9871733e5ff85b5ce313e2ce664b38c037aa6d7b40ccea2	3	3	prevalence	0.3333333333333333	0.29107981220657275
oxygen	192	order	9	152	40	c381a8766c9981f383f48d72f919d99c7bfef7abfbf60cf942c3f67ca4d00967	8121fd2033d2c7caf9871733e5ff85b5ce313e2ce664b38c037aa6d7b40ccea2	3	3	taxonomy	0.32565284178187404	0.3398692810457516
oxygen	192	order	10	152	40	ffe28d6ce5c9f7f6c5d28c3c28a2b57dbdb03d2f702fc94618e992b552f9d7be	ba5901f234b98ccc7ef88e9a29bc6eca6cb89c29d2090200417a23317092c466	3	3	prevalence	0.3333333333333333	0.2626262626262626
oxygen	192	order	10	152	40	ffe28d6ce5c9f7f6c5d28c3c28a2b57dbdb03d2f702fc94618e992b552f9d7be	ba5901f234b98ccc7ef88e9a29bc6eca6cb89c29d2090200417a23317092c466	3	3	taxonomy	0.1692307692307692	0.1603864734299517
oxygen	192	order	11	152	40	c300ad9faaa8d2049803b07b6e46779e2ad265637b339de27a5286f1a45ee4ee	0982de6cb33cc4f95c67eab1ebea274580fa2a2a3d17de09282a4d4e1cb6815a	3	3	prevalence	0.3333333333333333	0.25
oxygen	192	order	11	152	40	c300ad9faaa8d2049803b07b6e46779e2ad265637b339de27a5286f1a45ee4ee	0982de6cb33cc4f95c67eab1ebea274580fa2a2a3d17de09282a4d4e1cb6815a	3	3	taxonomy	0.4166666666666667	0.27972027972027974
oxygen	192	order	12	152	40	125a03b58197afd11377bfbe8ce8af40b38501db45dd949b019d2291f698397f	1b11a949fe33e0337af8ed4f83c0bbab02c345593c1bedc53aa8e8eb3ddd1604	3	3	prevalence	0.3333333333333333	0.30630630630630634
oxygen	192	order	12	152	40	125a03b58197afd11377bfbe8ce8af40b38501db45dd949b019d2291f698397f	1b11a949fe33e0337af8ed4f83c0bbab02c345593c1bedc53aa8e8eb3ddd1604	3	3	taxonomy	0.4264705882352941	0.3253968253968254
oxygen	192	order	13	153	39	d80412fa8c7deb6175c5c5b4e839e85e64730d6d7f643f00fe9235f414f19003	228f486f27d64bcea5e05235f333597590d6592c4f6be4a9a550af5474c50da2	3	3	prevalence	0.3333333333333333	0.3153153153153153
oxygen	192	order	13	153	39	d80412fa8c7deb6175c5c5b4e839e85e64730d6d7f643f00fe9235f414f19003	228f486f27d64bcea5e05235f333597590d6592c4f6be4a9a550af5474c50da2	3	3	taxonomy	0.41904761904761906	0.22424242424242424
oxygen	192	order	14	152	40	e0ba9787bd3b6007acc926838a59a330058b604de149a5afba49168018f315ce	136ca90522ee2ed5ede2192de01398d327c64a1b31da70920a1efef65d9e792e	3	3	prevalence	0.3333333333333333	0.26865671641791045
oxygen	192	order	14	152	40	e0ba9787bd3b6007acc926838a59a330058b604de149a5afba49168018f315ce	136ca90522ee2ed5ede2192de01398d327c64a1b31da70920a1efef65d9e792e	3	3	taxonomy	0.23961840628507294	0.1165843262617456
oxygen	192	order	15	152	40	e5495a4f7ee77980dcfbba391d25eb9d9e79770fb740679bd9a3984e56e0c1f2	8bbaf324dccd6de8d9b3ec6cc2211ec9567a0e61a515a0dab0bf61612f12f15c	3	3	prevalence	0.3333333333333333	0.3013698630136986
oxygen	192	order	15	152	40	e5495a4f7ee77980dcfbba391d25eb9d9e79770fb740679bd9a3984e56e0c1f2	8bbaf324dccd6de8d9b3ec6cc2211ec9567a0e61a515a0dab0bf61612f12f15c	3	3	taxonomy	0.23232323232323235	0.24338624338624337
oxygen	192	order	16	152	40	4eae2103273ba3621d6641b59c645e22b329bc7002abb71d51d35a1f0497b141	9bcb624c1f34300a4116169ac63e3ab43ed60c37c347680ee8a309d6f70bc6f4	3	3	prevalence	0.3333333333333333	0.20689655172413793
oxygen	192	order	16	152	40	4eae2103273ba3621d6641b59c645e22b329bc7002abb71d51d35a1f0497b141	9bcb624c1f34300a4116169ac63e3ab43ed60c37c347680ee8a309d6f70bc6f4	3	3	taxonomy	0.3462962962962963	0.2541125541125541
oxygen	192	order	17	153	39	b0be01aa67116d874381a3df128db7926f6a897852926b5a6ed6505712be6108	ba8900ffc986d45f1e91fae9b88acd0c0cd3d60e47d54b108c57a2b0884b7609	3	3	prevalence	0.3333333333333333	0.27860696517412936
oxygen	192	order	17	153	39	b0be01aa67116d874381a3df128db7926f6a897852926b5a6ed6505712be6108	ba8900ffc986d45f1e91fae9b88acd0c0cd3d60e47d54b108c57a2b0884b7609	3	3	taxonomy	0.4047619047619048	0.32264957264957267
oxygen	192	order	18	153	39	5a667726a978de744301cd2e144a6594c14c7aa37f5d2eace1a3b2ec0d43c0c1	c93efaf78d8f429d30d802506256953ff3e0c43c9244ee7cb449742a07df72a1	3	3	prevalence	0.3333333333333333	0.2604166666666667
oxygen	192	order	18	153	39	5a667726a978de744301cd2e144a6594c14c7aa37f5d2eace1a3b2ec0d43c0c1	c93efaf78d8f429d30d802506256953ff3e0c43c9244ee7cb449742a07df72a1	3	3	taxonomy	0.19999999999999998	0.1851851851851852
oxygen	192	order	19	149	43	f04830540e151772146c3856dc4343c547af4d7b5e9851144421da245c96b9c4	0ba6755c2fcf7d9a127f992b6bbb8a6ba0f9610f6ad1bc773bf356b61fa150d5	3	3	prevalence	0.3333333333333333	0.20430107526881722
oxygen	192	order	19	149	43	f04830540e151772146c3856dc4343c547af4d7b5e9851144421da245c96b9c4	0ba6755c2fcf7d9a127f992b6bbb8a6ba0f9610f6ad1bc773bf356b61fa150d5	3	3	taxonomy	0.358974358974359	0.19565217391304346
temperature	192	within	0	154	38	e9adf1310baf06dd1e013d22794fc40e967283ac868261f7159d364ee009208b	03f3b3804f09b030e82268e485db9ef8629968d2fa3474766e3f8b0331cee376	3	3	prevalence	0.3333333333333333	0.2828282828282828
temperature	192	within	0	154	38	e9adf1310baf06dd1e013d22794fc40e967283ac868261f7159d364ee009208b	03f3b3804f09b030e82268e485db9ef8629968d2fa3474766e3f8b0331cee376	3	3	taxonomy	0.65	0.5950226244343891
temperature	192	within	1	154	38	6c7343014d05a3a9db7020b2d2690bdc92931fc4dc4655b044c4473ef0189827	4ad74bce85b45374ee6f9eb2245eec85cf91168d20f6fbb5b346a5016171c4b6	3	3	prevalence	0.3333333333333333	0.2828282828282828
temperature	192	within	1	154	38	6c7343014d05a3a9db7020b2d2690bdc92931fc4dc4655b044c4473ef0189827	4ad74bce85b45374ee6f9eb2245eec85cf91168d20f6fbb5b346a5016171c4b6	3	3	taxonomy	0.6587301587301587	0.5694444444444444
temperature	192	within	2	154	38	0bf67f5b19df66138a8563c6f2e3106b8baee9a32e9aad8e68854f867bc3ce85	cf0f3de1ce0c908bea525198ca4a617e53b9009334650cd3e4fccd7bf3e3f80d	3	3	prevalence	0.3333333333333333	0.26455026455026454
temperature	192	within	2	154	38	0bf67f5b19df66138a8563c6f2e3106b8baee9a32e9aad8e68854f867bc3ce85	cf0f3de1ce0c908bea525198ca4a617e53b9009334650cd3e4fccd7bf3e3f80d	3	3	taxonomy	0.6883333333333335	0.6174242424242424
temperature	192	within	3	154	38	18b2973baa5c67b391835cc00c0e738c65e550a273c3110b034849d5d42e02cc	0da19e447e7f79c4986d474f37a90fd27d9241ec97cf34e48f8c6fa6aa1a98af	3	3	prevalence	0.3333333333333333	0.2995169082125604
temperature	192	within	3	154	38	18b2973baa5c67b391835cc00c0e738c65e550a273c3110b034849d5d42e02cc	0da19e447e7f79c4986d474f37a90fd27d9241ec97cf34e48f8c6fa6aa1a98af	3	3	taxonomy	0.7706093189964157	0.5762527233115468
temperature	192	within	4	154	38	7e38edd61403973e2d714d2959396961b02f16f4ec9745bc6d1f89feb6a0dfba	5d0c5bcc718eee69c9d67293ea69fce03d26b592eb956ea3c296741d574deddc	3	3	prevalence	0.3333333333333333	0.2708333333333333
temperature	192	within	4	154	38	7e38edd61403973e2d714d2959396961b02f16f4ec9745bc6d1f89feb6a0dfba	5d0c5bcc718eee69c9d67293ea69fce03d26b592eb956ea3c296741d574deddc	3	3	taxonomy	0.717948717948718	0.6325757575757576
temperature	192	within	5	154	38	604dcd0f04a3c894029546a3ee6c4400573e7fbf0fae48feeff8a3d70be7ace0	ba888ab4e8bf6d0ce340111b1f53c4c3765721324a17cf163577f62c1941696d	3	3	prevalence	0.3333333333333333	0.2885572139303482
temperature	192	within	5	154	38	604dcd0f04a3c894029546a3ee6c4400573e7fbf0fae48feeff8a3d70be7ace0	ba888ab4e8bf6d0ce340111b1f53c4c3765721324a17cf163577f62c1941696d	3	3	taxonomy	0.6743295019157088	0.5673469387755102
temperature	192	within	6	154	38	7c80f2b59924ab693a7f68104f1b4259f1ff1bca393efadcb8d2a4c4145fd9e9	5388f2582b87e3bd1a3282b683a6243e8f19b7db5cb4511dbd999915de5bd868	3	3	prevalence	0.3333333333333333	0.2995169082125604
temperature	192	within	6	154	38	7c80f2b59924ab693a7f68104f1b4259f1ff1bca393efadcb8d2a4c4145fd9e9	5388f2582b87e3bd1a3282b683a6243e8f19b7db5cb4511dbd999915de5bd868	3	3	taxonomy	0.7806451612903226	0.5993006993006994
temperature	192	within	7	154	38	39dc361cd97b1176e5485922932f2073981b32469bea313050538bd678e62a34	d163d02f1bc179b3c9215755d0603a36f65de229fde9d8f428898636c4b7cb31	3	3	prevalence	0.3333333333333333	0.2995169082125604
temperature	192	within	7	154	38	39dc361cd97b1176e5485922932f2073981b32469bea313050538bd678e62a34	d163d02f1bc179b3c9215755d0603a36f65de229fde9d8f428898636c4b7cb31	3	3	taxonomy	0.6550179211469533	0.4775046382189239
temperature	192	within	8	154	38	e7f9419a8521f7e7ad91730ce3fd8a90c8588e579b7b50c1f986275a93075e7a	5aec335d9bbe9593c8fa56613ea15f304caadceec43832edbf1e0711b8898262	3	3	prevalence	0.3333333333333333	0.30985915492957744
temperature	192	within	8	154	38	e7f9419a8521f7e7ad91730ce3fd8a90c8588e579b7b50c1f986275a93075e7a	5aec335d9bbe9593c8fa56613ea15f304caadceec43832edbf1e0711b8898262	3	3	taxonomy	0.5757575757575758	0.5182863113897597
temperature	192	within	9	154	38	ae187f4e2218b4160e9a767db3acfe95750d8d34504043b06df670fa70b046e1	838a1db79676d613201e2dae313d896ab39bf482ca3cd5f4f6941602387dd4e3	3	3	prevalence	0.3333333333333333	0.2885572139303482
temperature	192	within	9	154	38	ae187f4e2218b4160e9a767db3acfe95750d8d34504043b06df670fa70b046e1	838a1db79676d613201e2dae313d896ab39bf482ca3cd5f4f6941602387dd4e3	3	3	taxonomy	0.4568965517241379	0.3511111111111111
temperature	192	within	10	154	38	a371de2713ee4a5bf7b8d4c09efadcc74d526b85a1ad5279d661fb5f47faed89	b171ede8215d5ec13f0da90caf6c2ace7ce05ca35fd05df8afedff89f7b5bb7e	3	3	prevalence	0.3333333333333333	0.3148148148148148
temperature	192	within	10	154	38	a371de2713ee4a5bf7b8d4c09efadcc74d526b85a1ad5279d661fb5f47faed89	b171ede8215d5ec13f0da90caf6c2ace7ce05ca35fd05df8afedff89f7b5bb7e	3	3	taxonomy	0.3660130718954248	0.3629032258064517
temperature	192	within	11	154	38	ad03f13a2aa267ed0a6124891fbc1f18b7fb634d5e4eea1524ad3c8ba1f81439	e03e6a612d42b262f33a79e7cc66f925f2d7aed0c0b3f19e17cb5ff8b10a3546	3	3	prevalence	0.3333333333333333	0.29411764705882354
temperature	192	within	11	154	38	ad03f13a2aa267ed0a6124891fbc1f18b7fb634d5e4eea1524ad3c8ba1f81439	e03e6a612d42b262f33a79e7cc66f925f2d7aed0c0b3f19e17cb5ff8b10a3546	3	3	taxonomy	0.7777777777777777	0.5862242332830568
temperature	192	within	12	154	38	9aff78cff14c32f485f64154cf8af9f2ff966be3d6593e9e65f48247289c5290	834907f5381537c17792ff025baca1d25913fdd4d0fd845bfed2cb761966913c	3	3	prevalence	0.3333333333333333	0.2885572139303482
temperature	192	within	12	154	38	9aff78cff14c32f485f64154cf8af9f2ff966be3d6593e9e65f48247289c5290	834907f5381537c17792ff025baca1d25913fdd4d0fd845bfed2cb761966913c	3	3	taxonomy	0.8132183908045977	0.6873015873015872
temperature	192	within	13	154	38	a86d9c0229ac77ce6ee8c0c291bfd724f8cc5a35fc0087c24daf7f423369a268	265cde3a9705506ca3e3f866681c62b7d7e85af5bdcca0373644e43aa8f548fc	3	3	prevalence	0.3333333333333333	0.26455026455026454
temperature	192	within	13	154	38	a86d9c0229ac77ce6ee8c0c291bfd724f8cc5a35fc0087c24daf7f423369a268	265cde3a9705506ca3e3f866681c62b7d7e85af5bdcca0373644e43aa8f548fc	3	3	taxonomy	0.7850000000000001	0.7073112073112074
temperature	192	within	14	154	38	d5ab922173c4542069221e83770f4af56001da0d3b066ad980eb072346526a62	e1e8e13d7ae7209ff958aa392be3c5f7829d92a8fafcc8d6c761825b0c4ab269	3	3	prevalence	0.3333333333333333	0.2828282828282828
temperature	192	within	14	154	38	d5ab922173c4542069221e83770f4af56001da0d3b066ad980eb072346526a62	e1e8e13d7ae7209ff958aa392be3c5f7829d92a8fafcc8d6c761825b0c4ab269	3	3	taxonomy	0.720899470899471	0.4818754925137904
temperature	192	within	15	154	38	f70d60993f43df1dc599ad2447ab81040612af780b43f7bc69146627735bab62	1afbe13027360cb9b448b29cf34750a649411fab365d9f811540b955c5b75d09	3	3	prevalence	0.3333333333333333	0.29411764705882354
temperature	192	within	15	154	38	f70d60993f43df1dc599ad2447ab81040612af780b43f7bc69146627735bab62	1afbe13027360cb9b448b29cf34750a649411fab365d9f811540b955c5b75d09	3	3	taxonomy	0.6777777777777777	0.5934744268077602
temperature	192	within	16	154	38	f6771500e4e01f4b0e47dc9ec84e1e4c8523aec88b34ce3f2f338680a44fbecf	92bc686fabfeb34ffe8da177d59bfffea9b702ff4fbc21c2d3b00a65c1252c0a	3	3	prevalence	0.3333333333333333	0.27692307692307694
temperature	192	within	16	154	38	f6771500e4e01f4b0e47dc9ec84e1e4c8523aec88b34ce3f2f338680a44fbecf	92bc686fabfeb34ffe8da177d59bfffea9b702ff4fbc21c2d3b00a65c1252c0a	3	3	taxonomy	0.5765432098765432	0.5232905982905983
temperature	192	within	17	154	38	d62d425adf1c9b9538ccfaf8b80a2e85d8651de15eea7f171ae9139c19871ee2	aa4ad7f14524ed21062c2c6a4ea15e4a3834a67da040bb2e02bc09c19083d910	3	3	prevalence	0.3333333333333333	0.2885572139303482
temperature	192	within	17	154	38	d62d425adf1c9b9538ccfaf8b80a2e85d8651de15eea7f171ae9139c19871ee2	aa4ad7f14524ed21062c2c6a4ea15e4a3834a67da040bb2e02bc09c19083d910	3	3	taxonomy	0.7624521072796934	0.5758319694489907
temperature	192	within	18	154	38	94d5a8020a89f5f0631024582a503f718dc14ecfeced5229c58ae1f54b6205bc	e7469400aa0b60d0f2c24871f64b63877869964bfd4edfd9798a6c2333210988	3	3	prevalence	0.3333333333333333	0.2885572139303482
temperature	192	within	18	154	38	94d5a8020a89f5f0631024582a503f718dc14ecfeced5229c58ae1f54b6205bc	e7469400aa0b60d0f2c24871f64b63877869964bfd4edfd9798a6c2333210988	3	3	taxonomy	0.5421455938697318	0.5101410934744268
temperature	192	within	19	154	38	963f33bdfcafc0cc404fa35c919b35c6c88611d8aa1f0dccd6ec1c0b64a729eb	9bf6fd999ddaaa8c107eeae96f0874851e13df6848b53945485e9023a7c102bc	3	3	prevalence	0.3333333333333333	0.2995169082125604
temperature	192	within	19	154	38	963f33bdfcafc0cc404fa35c919b35c6c88611d8aa1f0dccd6ec1c0b64a729eb	9bf6fd999ddaaa8c107eeae96f0874851e13df6848b53945485e9023a7c102bc	3	3	taxonomy	0.8387096774193549	0.5475852752448497
temperature	192	genus	0	150	42	abec218a8b9f7419399534eebe4ac5432351634260baaa22ce85c77bf1535537	60e40b55bf154b795ccf8df906a1bf0af333f4c7804980885ce6fa3f118be2e7	3	3	prevalence	0.3333333333333333	0.2777777777777778
temperature	192	genus	0	150	42	abec218a8b9f7419399534eebe4ac5432351634260baaa22ce85c77bf1535537	60e40b55bf154b795ccf8df906a1bf0af333f4c7804980885ce6fa3f118be2e7	3	3	taxonomy	0.6968253968253969	0.6079622132253711
temperature	192	genus	1	154	38	3ce300b89ec034b0d343a90743948c64355d42f45763279992e186c794ee23a5	e54479c511bcb14edcfdfcaaa7fdf6f284de700e6877aaed42b749e9aaf1b924	3	3	prevalence	0.3333333333333333	0.2708333333333333
temperature	192	genus	1	154	38	3ce300b89ec034b0d343a90743948c64355d42f45763279992e186c794ee23a5	e54479c511bcb14edcfdfcaaa7fdf6f284de700e6877aaed42b749e9aaf1b924	3	3	taxonomy	0.6253561253561253	0.5631313131313131
temperature	192	genus	2	154	38	17ee1f77e8f5eaffd2bcae033ee21fd8730bb9c40846aec3e55ce430e3979eae	d8222bdf8f05456855bf8f27c56df65c608d8b3efcf5cb1d7e668f74c8c97881	3	3	prevalence	0.3333333333333333	0.2995169082125604
temperature	192	genus	2	154	38	17ee1f77e8f5eaffd2bcae033ee21fd8730bb9c40846aec3e55ce430e3979eae	d8222bdf8f05456855bf8f27c56df65c608d8b3efcf5cb1d7e668f74c8c97881	3	3	taxonomy	0.5602150537634408	0.43841269841269837
temperature	192	genus	3	154	38	acd1563c890a8d4f5bd89b73045a94e72c3799778f84becf5c717492299f8a47	c8b7aa3fd3c09fc79bdf99142b0cd644a3999f2d1c0429a4523929d50cde9817	3	3	prevalence	0.3333333333333333	0.2142857142857143
temperature	192	genus	3	154	38	acd1563c890a8d4f5bd89b73045a94e72c3799778f84becf5c717492299f8a47	c8b7aa3fd3c09fc79bdf99142b0cd644a3999f2d1c0429a4523929d50cde9817	3	3	taxonomy	0.4599104599104599	0.4660368870895186
temperature	192	genus	4	154	38	d630733e742cd5dfbd65709a22175e362fea45723cb42c0da7dda3f57013d3c9	e9540f28469a0992415ffbe8d57b5a7dbeccbde0c191dfd10fff58dd4c009a11	3	3	prevalence	0.3333333333333333	0.30985915492957744
temperature	192	genus	4	154	38	d630733e742cd5dfbd65709a22175e362fea45723cb42c0da7dda3f57013d3c9	e9540f28469a0992415ffbe8d57b5a7dbeccbde0c191dfd10fff58dd4c009a11	3	3	taxonomy	0.6515151515151515	0.5322751322751322
temperature	192	genus	5	154	38	1af1151e107a6891ca9975733c2123401317c2716b433ccb71e26f05f975ae2f	e9b742f072ce79e7df1fa01239c816b11216ef295c95cd603a35ed7d18e6c288	3	3	prevalence	0.3333333333333333	0.23728813559322035
temperature	192	genus	5	154	38	1af1151e107a6891ca9975733c2123401317c2716b433ccb71e26f05f975ae2f	e9b742f072ce79e7df1fa01239c816b11216ef295c95cd603a35ed7d18e6c288	3	3	taxonomy	0.6233766233766233	0.5762962962962962
temperature	192	genus	6	153	39	0fadf2043b03e7176a9874cce64edbf31a58f55c4b52f9fcdc7d68f4f5706f4a	95401f1a8ffed4be9bbb1fb79d3a33f624a62c3a48fb79a6d7879184df91051b	3	3	prevalence	0.3333333333333333	0.29523809523809524
temperature	192	genus	6	153	39	0fadf2043b03e7176a9874cce64edbf31a58f55c4b52f9fcdc7d68f4f5706f4a	95401f1a8ffed4be9bbb1fb79d3a33f624a62c3a48fb79a6d7879184df91051b	3	3	taxonomy	0.5295698924731184	0.446236559139785
temperature	192	genus	7	154	38	e1d9150933d348d98fb9b1dbaf14076feb50664e4c1df24cb84d6181e1302ae3	1f19810900b1edf7155839f450289c8c3fddfe92f58cab51702f81305d8351b0	3	3	prevalence	0.3333333333333333	0.23728813559322035
temperature	192	genus	7	154	38	e1d9150933d348d98fb9b1dbaf14076feb50664e4c1df24cb84d6181e1302ae3	1f19810900b1edf7155839f450289c8c3fddfe92f58cab51702f81305d8351b0	3	3	taxonomy	0.5825396825396826	0.5755555555555555
temperature	192	genus	8	154	38	53a29c312d7247c413dcf833bd0e16ca06f354405a4f9ebcd317ea1262138cdb	7cabe6c29f833b697a281108273696c67bd8e046c0b3bfb58b03f162dce84e64	3	3	prevalence	0.3333333333333333	0.27692307692307694
temperature	192	genus	8	154	38	53a29c312d7247c413dcf833bd0e16ca06f354405a4f9ebcd317ea1262138cdb	7cabe6c29f833b697a281108273696c67bd8e046c0b3bfb58b03f162dce84e64	3	3	taxonomy	0.6164021164021164	0.58
temperature	192	genus	9	154	38	4321edb1d44a6f948afb607a2708d5ef48bf3ba33a4e98ce32661cc75906ba75	610fa2491590fc35a9755c4a7b8dc2652447bb8a6ca3605c3002375f8e0aef17	3	3	prevalence	0.3333333333333333	0.2708333333333333
temperature	192	genus	9	154	38	4321edb1d44a6f948afb607a2708d5ef48bf3ba33a4e98ce32661cc75906ba75	610fa2491590fc35a9755c4a7b8dc2652447bb8a6ca3605c3002375f8e0aef17	3	3	taxonomy	0.5575091575091574	0.5097786374382118
temperature	192	genus	10	153	39	cdd8a7b557f5e80f134c56d9325e5c691e34b0c756e54c361bc17224f08c7869	24591b9d0f536d7c7a28f18c7234a14c581990d0ad188a8a25a96d1755629ff3	3	3	prevalence	0.3333333333333333	0.26666666666666666
temperature	192	genus	10	153	39	cdd8a7b557f5e80f134c56d9325e5c691e34b0c756e54c361bc17224f08c7869	24591b9d0f536d7c7a28f18c7234a14c581990d0ad188a8a25a96d1755629ff3	3	3	taxonomy	0.708974358974359	0.6254208754208753
temperature	192	genus	11	154	38	3d045de3575422f8a9548ee29a6a32b94a609859509b492bfa14cd9fd3465927	ddd03ec118e1b71a45ce4140fd6ef53986d68ed8faeae0285141250e8fbd07ee	3	3	prevalence	0.3333333333333333	0.29411764705882354
temperature	192	genus	11	154	38	3d045de3575422f8a9548ee29a6a32b94a609859509b492bfa14cd9fd3465927	ddd03ec118e1b71a45ce4140fd6ef53986d68ed8faeae0285141250e8fbd07ee	3	3	taxonomy	0.4238095238095238	0.43703703703703706
temperature	192	genus	12	154	38	a92becb709bf7accb88f401a38019c31f247e93cd4c03c9b2b82eeb07285d586	24fdc7ce12d72f37b5b157a83b28b2c25ec090984d3e404b5f0f2235d995b65b	3	3	prevalence	0.3333333333333333	0.27692307692307694
temperature	192	genus	12	154	38	a92becb709bf7accb88f401a38019c31f247e93cd4c03c9b2b82eeb07285d586	24fdc7ce12d72f37b5b157a83b28b2c25ec090984d3e404b5f0f2235d995b65b	3	3	taxonomy	0.5308641975308642	0.38435374149659857
temperature	192	genus	13	154	38	e3d8f5c48995b73868c21943af5b1bd6d738c2214a87c25c7af5fd70ebe88898	a157b2e7910a2695568b3a5033dbafe5d288befa8d751b1b5f72744420f538aa	3	3	prevalence	0.3333333333333333	0.27692307692307694
temperature	192	genus	13	154	38	e3d8f5c48995b73868c21943af5b1bd6d738c2214a87c25c7af5fd70ebe88898	a157b2e7910a2695568b3a5033dbafe5d288befa8d751b1b5f72744420f538aa	3	3	taxonomy	0.8302469135802468	0.7074029611844739
temperature	192	genus	14	154	38	ddbcce4cea2c67bf6d04bb64ee1b790a27733992d855894c86278148f530cf3d	56348075277f0a90235fd8405fef003158f21c7b89a2c01c9a190dda240a654a	3	3	prevalence	0.3333333333333333	0.30476190476190473
temperature	192	genus	14	154	38	ddbcce4cea2c67bf6d04bb64ee1b790a27733992d855894c86278148f530cf3d	56348075277f0a90235fd8405fef003158f21c7b89a2c01c9a190dda240a654a	3	3	taxonomy	0.8291666666666666	0.5508072174738842
temperature	192	genus	15	153	39	4840028e6cc310bfbd6341e0535e1fd13eec3bcad53d715c3b79c230cd782c47	543ddec9196250e8dda902254a10b5cab84009f1a41c589c92f9cf86e853b786	3	3	prevalence	0.3333333333333333	0.2333333333333333
temperature	192	genus	15	153	39	4840028e6cc310bfbd6341e0535e1fd13eec3bcad53d715c3b79c230cd782c47	543ddec9196250e8dda902254a10b5cab84009f1a41c589c92f9cf86e853b786	3	3	taxonomy	0.608946608946609	0.5190224828934507
temperature	192	genus	16	154	38	92caccdf664732444d31b321abed2088b1e1421c57b2d9b199a01b49d65e8e9e	becac62057ad65ca5ae71bbfa7b2f1e8be695a9c89a1a3dad36c89a1669459db	3	3	prevalence	0.3333333333333333	0.2995169082125604
temperature	192	genus	16	154	38	92caccdf664732444d31b321abed2088b1e1421c57b2d9b199a01b49d65e8e9e	becac62057ad65ca5ae71bbfa7b2f1e8be695a9c89a1a3dad36c89a1669459db	3	3	taxonomy	0.4265232974910394	0.3269230769230769
temperature	192	genus	17	154	38	4dd60db20e266c3c41df5711196b211766e2f0c8d17754690c3cfeb9aa398835	4407d7d2aece2cc480578bafb14324dd59a737e1472d9347e4885649bf624198	3	3	prevalence	0.3333333333333333	0.2885572139303482
temperature	192	genus	17	154	38	4dd60db20e266c3c41df5711196b211766e2f0c8d17754690c3cfeb9aa398835	4407d7d2aece2cc480578bafb14324dd59a737e1472d9347e4885649bf624198	3	3	taxonomy	0.7830459770114943	0.556917211328976
temperature	192	genus	18	154	38	24270ef013405a42335139f273ed8a332d52d148770b61bdd1ae7773a975e6a7	7df2619506da08649a246ae4f0b75ecc03d1aaa144a92114d006df1a93207b33	3	3	prevalence	0.3333333333333333	0.2885572139303482
temperature	192	genus	18	154	38	24270ef013405a42335139f273ed8a332d52d148770b61bdd1ae7773a975e6a7	7df2619506da08649a246ae4f0b75ecc03d1aaa144a92114d006df1a93207b33	3	3	taxonomy	0.7394636015325671	0.5705083965953531
temperature	192	genus	19	153	39	291c68b1940af8bd37f9dd700321fe2324096afec565f8653ff1d9f292bd87a1	6800142118a089ec6dbbfdee969c0f6a02e0642e96b93e79c5fe17d9d6f52df8	3	3	prevalence	0.3333333333333333	0.2604166666666667
temperature	192	genus	19	153	39	291c68b1940af8bd37f9dd700321fe2324096afec565f8653ff1d9f292bd87a1	6800142118a089ec6dbbfdee969c0f6a02e0642e96b93e79c5fe17d9d6f52df8	3	3	taxonomy	0.7314285714285714	0.6299636559429264
temperature	192	family	0	152	40	851c7733eeb0a797ecd1b8e4c9c72eaac9b5ca4cd9c78e7e0eb817fe6c675926	012acb05ba276adb29463be0ea9f9913f8ab6d9f1829d7e0bb3cdaefbff10f1a	3	3	prevalence	0.3333333333333333	0.24338624338624337
temperature	192	family	0	152	40	851c7733eeb0a797ecd1b8e4c9c72eaac9b5ca4cd9c78e7e0eb817fe6c675926	012acb05ba276adb29463be0ea9f9913f8ab6d9f1829d7e0bb3cdaefbff10f1a	3	3	taxonomy	0.8487922705314009	0.8543940795559667
temperature	192	family	1	150	42	4e44a611d69c420077e15bbe3e5dbe4b867dac0295b34bbca9b7eca14964e440	8fd56945d04833c4a922907fdc325ba7bf347f8f9e575ba0146f2e44ea474e13	3	3	prevalence	0.3333333333333333	0.31223628691983124
temperature	192	family	1	150	42	4e44a611d69c420077e15bbe3e5dbe4b867dac0295b34bbca9b7eca14964e440	8fd56945d04833c4a922907fdc325ba7bf347f8f9e575ba0146f2e44ea474e13	3	3	taxonomy	0.5765765765765766	0.6060606060606061
temperature	192	family	2	150	42	fd441fb110dbe373bff9f291fde62b56e4899dd8ee70dcc65413466468b2c707	483d86604186359ff0788fa01757b24c8354c4ddbd86e9a794c63f36d08b17d8	3	3	prevalence	0.3333333333333333	0.27230046948356806
temperature	192	family	2	150	42	fd441fb110dbe373bff9f291fde62b56e4899dd8ee70dcc65413466468b2c707	483d86604186359ff0788fa01757b24c8354c4ddbd86e9a794c63f36d08b17d8	3	3	taxonomy	0.38058748403575987	0.35683760683760685
temperature	192	family	3	154	38	3efcc288778841338bf67d465e36b656a39e3e3b9d319bb65135daffdc679916	5606643da9f15f039bb48961887a9dd96ff3d24926788edbd773f6d4ab8ecb6a	3	3	prevalence	0.3333333333333333	0.2885572139303482
temperature	192	family	3	154	38	3efcc288778841338bf67d465e36b656a39e3e3b9d319bb65135daffdc679916	5606643da9f15f039bb48961887a9dd96ff3d24926788edbd773f6d4ab8ecb6a	3	3	taxonomy	0.7833333333333333	0.8526541764246681
temperature	192	family	4	153	39	59f9d9a2c9bd6243d7f62a09edb0a14ec50bb1749ee2d18a1b305257c9aa8797	7e723e1c147d7d94488a39a8e223b50604c73af126612997b96af658f38b2e1c	3	3	prevalence	0.3333333333333333	0.27860696517412936
temperature	192	family	4	153	39	59f9d9a2c9bd6243d7f62a09edb0a14ec50bb1749ee2d18a1b305257c9aa8797	7e723e1c147d7d94488a39a8e223b50604c73af126612997b96af658f38b2e1c	3	3	taxonomy	0.501984126984127	0.4059052059052059
temperature	192	family	5	153	39	bc9fe1b3c0006363d4f109160751b168f65add6b35985954832b42bfdace519c	cb5889678d7aa9d68cc7ec91aab2ebba0eb051c4cbec85586beb4de8ad981429	3	3	prevalence	0.3333333333333333	0.28431372549019607
temperature	192	family	5	153	39	bc9fe1b3c0006363d4f109160751b168f65add6b35985954832b42bfdace519c	cb5889678d7aa9d68cc7ec91aab2ebba0eb051c4cbec85586beb4de8ad981429	3	3	taxonomy	0.6542145593869731	0.47051282051282056
temperature	192	family	6	153	39	09398c0facf5afdab19b4609b5ae0d20a5849d1c953fce35dfdb0616cd908397	42feb6aafe83ddfdefed8dcc51392d5f980c682e46b4e01b84619e774c2da8fa	3	3	prevalence	0.3333333333333333	0.24731182795698925
temperature	192	family	6	153	39	09398c0facf5afdab19b4609b5ae0d20a5849d1c953fce35dfdb0616cd908397	42feb6aafe83ddfdefed8dcc51392d5f980c682e46b4e01b84619e774c2da8fa	3	3	taxonomy	0.5108695652173912	0.4405797101449275
temperature	192	family	7	152	40	a24f961a30f5fc4d4af6208d138dc76ab01ebd1141db8a4d488bdef2b4df96c8	1b683dd2ec17038510ddedc6f2d37652499d5d23e4dcb85a28aabdec2d144477	3	3	prevalence	0.3333333333333333	0.30630630630630634
temperature	192	family	7	152	40	a24f961a30f5fc4d4af6208d138dc76ab01ebd1141db8a4d488bdef2b4df96c8	1b683dd2ec17038510ddedc6f2d37652499d5d23e4dcb85a28aabdec2d144477	3	3	taxonomy	0.2679738562091503	0.23411371237458192
temperature	192	family	8	146	46	e6a6db742288de13030a1129c2bc707812eb54cb7438ae65a7a97741a4440de0	82133a19e022da315f13be8e1e2384b33605b88fd55b71cb0191e736b76e4c67	3	3	prevalence	0.3333333333333333	0.28806584362139914
temperature	192	family	8	146	46	e6a6db742288de13030a1129c2bc707812eb54cb7438ae65a7a97741a4440de0	82133a19e022da315f13be8e1e2384b33605b88fd55b71cb0191e736b76e4c67	3	3	taxonomy	0.27619047619047615	0.31288004422332777
temperature	192	family	9	153	39	6c08698d4873356980038c117304d9219590692f5ad6404d626679a355db08d5	0f8435ee9b84810b6921a05e567d1820f7d625f3770702172c3e9bd3b47c3705	3	3	prevalence	0.3333333333333333	0.28431372549019607
temperature	192	family	9	153	39	6c08698d4873356980038c117304d9219590692f5ad6404d626679a355db08d5	0f8435ee9b84810b6921a05e567d1820f7d625f3770702172c3e9bd3b47c3705	3	3	taxonomy	0.4850574712643678	0.40045248868778277
temperature	192	family	10	154	38	709d8172bbde234c3583390820be810affeac61b3dc1a8929fd4321f3a734781	cd7fbc64323591224c5c40ae8382b14e873967173586a262948ef7255d843807	3	3	prevalence	0.3333333333333333	0.24444444444444444
temperature	192	family	10	154	38	709d8172bbde234c3583390820be810affeac61b3dc1a8929fd4321f3a734781	cd7fbc64323591224c5c40ae8382b14e873967173586a262948ef7255d843807	3	3	taxonomy	0.47575757575757577	0.4727398205659075
temperature	192	family	11	152	40	e72451ffef2f042a1231af64707aa7e629274130a5bf2416a3bec9504f146374	f0311d07a40fc530d02dda67ffeb5b91e4230770c43df463cee32f444bdd3b18	3	3	prevalence	0.3333333333333333	0.25641025641025644
temperature	192	family	11	152	40	e72451ffef2f042a1231af64707aa7e629274130a5bf2416a3bec9504f146374	f0311d07a40fc530d02dda67ffeb5b91e4230770c43df463cee32f444bdd3b18	3	3	taxonomy	0.6333333333333333	0.4482758620689655
temperature	192	family	12	154	38	5443176d976f8f0ddd0353374ed6dc844ed0a58b1b054fc13abd650203d58fa4	022e51ea90bd331c3ed441ef26eaaa0a4a66fc58cd175766f4c227cebf2ab0d0	3	3	prevalence	0.3333333333333333	0.30476190476190473
temperature	192	family	12	154	38	5443176d976f8f0ddd0353374ed6dc844ed0a58b1b054fc13abd650203d58fa4	022e51ea90bd331c3ed441ef26eaaa0a4a66fc58cd175766f4c227cebf2ab0d0	3	3	taxonomy	0.5729166666666666	0.48015873015873006
temperature	192	family	13	153	39	b24c9c951d0138e2e39912472796a3c7eab359116d0af7ce7e7ff6976e66bd8d	b51afc93856a645af47129611d5e2b925d598ab5e84dd127e5ffeec36cd56f3f	3	3	prevalence	0.3333333333333333	0.29523809523809524
temperature	192	family	13	153	39	b24c9c951d0138e2e39912472796a3c7eab359116d0af7ce7e7ff6976e66bd8d	b51afc93856a645af47129611d5e2b925d598ab5e84dd127e5ffeec36cd56f3f	3	3	taxonomy	0.6605222734254993	0.5529100529100529
temperature	192	family	14	153	39	f50a4d27b026a6b79b74bd0708e7379aadd68197f8a7d08266de9b9d48618e2d	74e3414a3f748824446cd9249b5ddcc944e5ac506443ed0377487fe723e40330	3	3	prevalence	0.3333333333333333	0.29523809523809524
temperature	192	family	14	153	39	f50a4d27b026a6b79b74bd0708e7379aadd68197f8a7d08266de9b9d48618e2d	74e3414a3f748824446cd9249b5ddcc944e5ac506443ed0377487fe723e40330	3	3	taxonomy	0.5483870967741935	0.41823899371069184
temperature	192	family	15	154	38	b5867276731fc5027535f22405b138145cd885ef2b266725bb38ae5f4dbfcc83	e76567dd30980f8c1d209b4dc63f328edd61c828f5772494abc752b6802c4b57	3	3	prevalence	0.3333333333333333	0.23728813559322035
temperature	192	family	15	154	38	b5867276731fc5027535f22405b138145cd885ef2b266725bb38ae5f4dbfcc83	e76567dd30980f8c1d209b4dc63f328edd61c828f5772494abc752b6802c4b57	3	3	taxonomy	0.7444444444444445	0.6583333333333333
temperature	192	family	16	151	41	57f0d12da28bb54f03779291dd99a49777f549b0c33b1f04734f60dcb24fb895	c0af1f0b59ce87548203ce0924ac4ebfe4178c9ade3e5ac20580e277cf0fc7b5	3	3	prevalence	0.3333333333333333	0.25252525252525254
temperature	192	family	16	151	41	57f0d12da28bb54f03779291dd99a49777f549b0c33b1f04734f60dcb24fb895	c0af1f0b59ce87548203ce0924ac4ebfe4178c9ade3e5ac20580e277cf0fc7b5	3	3	taxonomy	0.7346031746031746	0.6833460656990068
temperature	192	family	17	154	38	1021216272b57f95edd88e063de6058b35b56b520f1e909bbdd0861c1f3e1133	c8cc19c4876ce45153bd11993660940690bcacb91b6a29ccbc341ee72c482d8a	3	3	prevalence	0.3333333333333333	0.2708333333333333
temperature	192	family	17	154	38	1021216272b57f95edd88e063de6058b35b56b520f1e909bbdd0861c1f3e1133	c8cc19c4876ce45153bd11993660940690bcacb91b6a29ccbc341ee72c482d8a	3	3	taxonomy	0.717948717948718	0.6393939393939393
temperature	192	family	18	146	46	25a97424efe35a9f66a43019f039589eb7fffd5c7a93b79861403baa9b1bf839	621937b6cf048f66c86ddc8aa14dc6ce60c161b99999fa4caf95f5c029ea3ae7	3	3	prevalence	0.3333333333333333	0.2971887550200803
temperature	192	family	18	146	46	25a97424efe35a9f66a43019f039589eb7fffd5c7a93b79861403baa9b1bf839	621937b6cf048f66c86ddc8aa14dc6ce60c161b99999fa4caf95f5c029ea3ae7	3	3	taxonomy	0.7432432432432433	0.5435897435897435
temperature	192	family	19	151	41	6a656eaca132ff03a3f2a61e9f105c8f2f611dfa681151acb23c7e5c6d1c250c	6929719f2f3ccbb0042994885b621df63d2eb596e77a9bf3072b8b4fa7ed58f7	3	3	prevalence	0.3333333333333333	0.23958333333333334
temperature	192	family	19	151	41	6a656eaca132ff03a3f2a61e9f105c8f2f611dfa681151acb23c7e5c6d1c250c	6929719f2f3ccbb0042994885b621df63d2eb596e77a9bf3072b8b4fa7ed58f7	3	3	taxonomy	0.7330917874396136	0.6864771748492678
temperature	192	order	0	152	40	2ec6d8f7eddbf87c87dc5bed2428e42d646f140ee8221e35cae7370599335c75	194ee3e05b2eda0067aa4cc4bebac304d75187d6007aff08fb22ec86794009c5	3	3	prevalence	0.3333333333333333	0.29107981220657275
temperature	192	order	0	152	40	2ec6d8f7eddbf87c87dc5bed2428e42d646f140ee8221e35cae7370599335c75	194ee3e05b2eda0067aa4cc4bebac304d75187d6007aff08fb22ec86794009c5	3	3	taxonomy	0.6	0.25620915032679736
temperature	192	order	1	153	39	5ab9303f7d289feb15f6b9701983ce1a0c4e1caf7ee487b37d4339ca992d409a	51944001a144fd9728127ddf5e262749f20bcf7efa1d3eaef0cc8ac0c916c248	3	3	prevalence	0.3333333333333333	0.3153153153153153
temperature	192	order	1	153	39	5ab9303f7d289feb15f6b9701983ce1a0c4e1caf7ee487b37d4339ca992d409a	51944001a144fd9728127ddf5e262749f20bcf7efa1d3eaef0cc8ac0c916c248	3	3	taxonomy	0.5206349206349207	0.20942760942760943
temperature	192	order	2	149	43	c9ce4cabf23bd401adb30dbd9217c7a9e1e3ab3ac9a482d9c92132d6b84bb503	cd6440a8960269f1eba2666b536dbf20215ee1fd0912d263435d6aa708f75228	3	3	prevalence	0.3333333333333333	0.26851851851851855
temperature	192	order	2	149	43	c9ce4cabf23bd401adb30dbd9217c7a9e1e3ab3ac9a482d9c92132d6b84bb503	cd6440a8960269f1eba2666b536dbf20215ee1fd0912d263435d6aa708f75228	3	3	taxonomy	0.7632183908045977	0.6289715886354542
temperature	192	order	3	152	40	b19edb8f840641f66a2a3f967d1f483390b74d9f93cb56daefa12d24acf934e2	f34048df7b57f7cb036f21928d971a2d796c87c41aee0b1d6ebd344bb30bacb8	3	3	prevalence	0.3333333333333333	0.22950819672131148
temperature	192	order	3	152	40	b19edb8f840641f66a2a3f967d1f483390b74d9f93cb56daefa12d24acf934e2	f34048df7b57f7cb036f21928d971a2d796c87c41aee0b1d6ebd344bb30bacb8	3	3	taxonomy	0.7190476190476192	0.6262281256588657
temperature	192	order	4	152	40	2de6325e28e63de7ad6bd1a57613045a3b0b319b34eefb0aa4540e80e2c504ef	f474713a243b4a013eea541ed0c558673538bb53e5d83679590b6feb87c5c87b	3	3	prevalence	0.3333333333333333	0.26865671641791045
temperature	192	order	4	152	40	2de6325e28e63de7ad6bd1a57613045a3b0b319b34eefb0aa4540e80e2c504ef	f474713a243b4a013eea541ed0c558673538bb53e5d83679590b6feb87c5c87b	3	3	taxonomy	0.43209876543209874	0.3230059327620303
temperature	192	order	5	153	39	2f1ea2ace8b65c6be8026d6893b2fbf2b98d26e4f95969bd568baadfe1f2160f	be3e323e8f555e5327edf383a6595b7301591d27d8274d4441a9ad91ef05b8e8	3	3	prevalence	0.3333333333333333	0.26666666666666666
temperature	192	order	5	153	39	2f1ea2ace8b65c6be8026d6893b2fbf2b98d26e4f95969bd568baadfe1f2160f	be3e323e8f555e5327edf383a6595b7301591d27d8274d4441a9ad91ef05b8e8	3	3	taxonomy	0.40170940170940167	0.34575569358178054
temperature	192	order	6	149	43	b4d349e43c792431396badd5a237660a60a424f9502a354a6fee9589e325ec15	c62e2e6d4424876a0e12624c51dca3a975f1fd21f11c12b0fc0eb9db3430fe06	3	3	prevalence	0.3333333333333333	0.20430107526881722
temperature	192	order	6	149	43	b4d349e43c792431396badd5a237660a60a424f9502a354a6fee9589e325ec15	c62e2e6d4424876a0e12624c51dca3a975f1fd21f11c12b0fc0eb9db3430fe06	3	3	taxonomy	0.6736842105263158	0.6361602982292638
temperature	192	order	7	152	40	fa146a4ae491ef13c4608107a1a8aeef5b42bb826a9bf725256f117191cb4fdf	b36c5545ba01d82ed32164d370a3a60e86b3458476a99355bd48d842e0e76912	3	3	prevalence	0.3333333333333333	0.2222222222222222
temperature	192	order	7	152	40	fa146a4ae491ef13c4608107a1a8aeef5b42bb826a9bf725256f117191cb4fdf	b36c5545ba01d82ed32164d370a3a60e86b3458476a99355bd48d842e0e76912	3	3	taxonomy	0.6904761904761904	0.6417112299465241
temperature	192	order	8	152	40	ae5571c7fbb78f6b1e41645afae291a146ae5e04d7d3a2d398bc5c3e3fd4f5eb	51c8f03f26683d1e8d8816d843dcc35690e0b8ae2998b69d4d78d93c5d9f0b8b	3	3	prevalence	0.3333333333333333	0.2222222222222222
temperature	192	order	8	152	40	ae5571c7fbb78f6b1e41645afae291a146ae5e04d7d3a2d398bc5c3e3fd4f5eb	51c8f03f26683d1e8d8816d843dcc35690e0b8ae2998b69d4d78d93c5d9f0b8b	3	3	taxonomy	0.3333333333333333	0.2318840579710145
temperature	192	order	9	152	40	c381a8766c9981f383f48d72f919d99c7bfef7abfbf60cf942c3f67ca4d00967	8121fd2033d2c7caf9871733e5ff85b5ce313e2ce664b38c037aa6d7b40ccea2	3	3	prevalence	0.3333333333333333	0.3013698630136986
temperature	192	order	9	152	40	c381a8766c9981f383f48d72f919d99c7bfef7abfbf60cf942c3f67ca4d00967	8121fd2033d2c7caf9871733e5ff85b5ce313e2ce664b38c037aa6d7b40ccea2	3	3	taxonomy	0.5252525252525252	0.48899371069182385
temperature	192	order	10	152	40	ffe28d6ce5c9f7f6c5d28c3c28a2b57dbdb03d2f702fc94618e992b552f9d7be	ba5901f234b98ccc7ef88e9a29bc6eca6cb89c29d2090200417a23317092c466	3	2	prevalence	NA	NA
temperature	192	order	10	152	40	ffe28d6ce5c9f7f6c5d28c3c28a2b57dbdb03d2f702fc94618e992b552f9d7be	ba5901f234b98ccc7ef88e9a29bc6eca6cb89c29d2090200417a23317092c466	3	2	taxonomy	NA	NA
temperature	192	order	11	152	40	c300ad9faaa8d2049803b07b6e46779e2ad265637b339de27a5286f1a45ee4ee	0982de6cb33cc4f95c67eab1ebea274580fa2a2a3d17de09282a4d4e1cb6815a	3	3	prevalence	0.3333333333333333	0.24338624338624337
temperature	192	order	11	152	40	c300ad9faaa8d2049803b07b6e46779e2ad265637b339de27a5286f1a45ee4ee	0982de6cb33cc4f95c67eab1ebea274580fa2a2a3d17de09282a4d4e1cb6815a	3	3	taxonomy	0.47826086956521735	0.4035705896171013
temperature	192	order	12	152	40	125a03b58197afd11377bfbe8ce8af40b38501db45dd949b019d2291f698397f	1b11a949fe33e0337af8ed4f83c0bbab02c345593c1bedc53aa8e8eb3ddd1604	3	3	prevalence	0.3333333333333333	0.2745098039215686
temperature	192	order	12	152	40	125a03b58197afd11377bfbe8ce8af40b38501db45dd949b019d2291f698397f	1b11a949fe33e0337af8ed4f83c0bbab02c345593c1bedc53aa8e8eb3ddd1604	3	3	taxonomy	0.4523809523809524	0.4008620689655172
temperature	192	order	13	153	39	d80412fa8c7deb6175c5c5b4e839e85e64730d6d7f643f00fe9235f414f19003	228f486f27d64bcea5e05235f333597590d6592c4f6be4a9a550af5474c50da2	3	3	prevalence	0.3333333333333333	0.3055555555555555
temperature	192	order	13	153	39	d80412fa8c7deb6175c5c5b4e839e85e64730d6d7f643f00fe9235f414f19003	228f486f27d64bcea5e05235f333597590d6592c4f6be4a9a550af5474c50da2	3	3	taxonomy	0.5616161616161616	0.31236897274633124
temperature	192	order	14	152	40	e0ba9787bd3b6007acc926838a59a330058b604de149a5afba49168018f315ce	136ca90522ee2ed5ede2192de01398d327c64a1b31da70920a1efef65d9e792e	3	3	prevalence	0.3333333333333333	0.3203463203463203
temperature	192	order	14	152	40	e0ba9787bd3b6007acc926838a59a330058b604de149a5afba49168018f315ce	136ca90522ee2ed5ede2192de01398d327c64a1b31da70920a1efef65d9e792e	3	3	taxonomy	0.16666666666666666	0.030303030303030304
temperature	192	order	15	152	40	e5495a4f7ee77980dcfbba391d25eb9d9e79770fb740679bd9a3984e56e0c1f2	8bbaf324dccd6de8d9b3ec6cc2211ec9567a0e61a515a0dab0bf61612f12f15c	3	2	prevalence	NA	NA
temperature	192	order	15	152	40	e5495a4f7ee77980dcfbba391d25eb9d9e79770fb740679bd9a3984e56e0c1f2	8bbaf324dccd6de8d9b3ec6cc2211ec9567a0e61a515a0dab0bf61612f12f15c	3	2	taxonomy	NA	NA
temperature	192	order	16	152	40	4eae2103273ba3621d6641b59c645e22b329bc7002abb71d51d35a1f0497b141	9bcb624c1f34300a4116169ac63e3ab43ed60c37c347680ee8a309d6f70bc6f4	3	3	prevalence	0.3333333333333333	0.30630630630630634
temperature	192	order	16	152	40	4eae2103273ba3621d6641b59c645e22b329bc7002abb71d51d35a1f0497b141	9bcb624c1f34300a4116169ac63e3ab43ed60c37c347680ee8a309d6f70bc6f4	3	3	taxonomy	0.35490196078431374	0.24303030303030304
temperature	192	order	17	153	39	b0be01aa67116d874381a3df128db7926f6a897852926b5a6ed6505712be6108	ba8900ffc986d45f1e91fae9b88acd0c0cd3d60e47d54b108c57a2b0884b7609	3	3	prevalence	0.3333333333333333	0.26666666666666666
temperature	192	order	17	153	39	b0be01aa67116d874381a3df128db7926f6a897852926b5a6ed6505712be6108	ba8900ffc986d45f1e91fae9b88acd0c0cd3d60e47d54b108c57a2b0884b7609	3	3	taxonomy	0.6752136752136751	0.6497584541062802
temperature	192	order	18	153	39	5a667726a978de744301cd2e144a6594c14c7aa37f5d2eace1a3b2ec0d43c0c1	c93efaf78d8f429d30d802506256953ff3e0c43c9244ee7cb449742a07df72a1	3	2	prevalence	NA	NA
temperature	192	order	18	153	39	5a667726a978de744301cd2e144a6594c14c7aa37f5d2eace1a3b2ec0d43c0c1	c93efaf78d8f429d30d802506256953ff3e0c43c9244ee7cb449742a07df72a1	3	2	taxonomy	NA	NA
temperature	192	order	19	149	43	f04830540e151772146c3856dc4343c547af4d7b5e9851144421da245c96b9c4	0ba6755c2fcf7d9a127f992b6bbb8a6ba0f9610f6ad1bc773bf356b61fa150d5	3	3	prevalence	0.3333333333333333	0.2629107981220657
temperature	192	order	19	149	43	f04830540e151772146c3856dc4343c547af4d7b5e9851144421da245c96b9c4	0ba6755c2fcf7d9a127f992b6bbb8a6ba0f9610f6ad1bc773bf356b61fa150d5	3	3	taxonomy	0.5145502645502645	0.41318814277071986
