trait	split	repeat	model	nearest_train_rank	n	balanced_accuracy	macro_f1
gram	within	0	prevalence	same_family	19	0.5	0.36666666666666664
gram	within	0	prevalence	same_genus	14	0.5	0.44
gram	within	0	prevalence	same_order	5	0.5	0.375
gram	within	0	taxonomy	same_family	19	0.9375	0.9449275362318841
gram	within	0	taxonomy	same_genus	14	0.9545454545454546	0.9047619047619047
gram	within	0	taxonomy	same_order	5	1.0	1.0
gram	within	1	prevalence	same_family	16	0.5	0.4482758620689655
gram	within	1	prevalence	same_genus	14	0.5	0.4166666666666667
gram	within	1	prevalence	same_order	8	0.5	0.38461538461538464
gram	within	1	taxonomy	same_family	16	1.0	1.0
gram	within	1	taxonomy	same_genus	14	0.875	0.9047619047619047
gram	within	1	taxonomy	same_order	8	1.0	1.0
gram	within	2	prevalence	same_family	19	0.5	0.36666666666666664
gram	within	2	prevalence	same_genus	10	0.5	0.47368421052631576
gram	within	2	prevalence	same_order	9	0.5	0.35714285714285715
gram	within	2	taxonomy	same_family	19	0.9545454545454546	0.9467787114845938
gram	within	2	taxonomy	same_genus	10	1.0	1.0
gram	within	2	taxonomy	same_order	9	1.0	1.0
gram	within	3	prevalence	same_family	17	0.5	0.39285714285714285
gram	within	3	prevalence	same_genus	17	0.5	0.43333333333333335
gram	within	3	prevalence	same_order	4	0.5	0.3333333333333333
gram	within	3	taxonomy	same_family	17	1.0	1.0
gram	within	3	taxonomy	same_genus	17	1.0	1.0
gram	within	3	taxonomy	same_order	4	1.0	1.0
gram	within	4	prevalence	same_family	15	0.5	0.375
gram	within	4	prevalence	same_genus	20	0.5	0.4444444444444444
gram	within	4	prevalence	same_order	3	0.5	0.25
gram	within	4	taxonomy	same_family	15	1.0	1.0
gram	within	4	taxonomy	same_genus	20	1.0	1.0
gram	within	4	taxonomy	same_order	3	1.0	1.0
gram	within	5	prevalence	same_family	16	0.5	0.30434782608695654
gram	within	5	prevalence	same_genus	17	0.5	0.46875
gram	within	5	prevalence	same_order	5	1.0	1.0
gram	within	5	taxonomy	same_family	16	1.0	1.0
gram	within	5	taxonomy	same_genus	17	1.0	1.0
gram	within	5	taxonomy	same_order	5	1.0	1.0
gram	within	6	prevalence	same_family	19	0.5	0.2962962962962963
gram	within	6	prevalence	same_genus	14	0.5	0.46153846153846156
gram	within	6	prevalence	same_order	5	0.5	0.2857142857142857
gram	within	6	taxonomy	same_family	19	0.9375	0.9449275362318841
gram	within	6	taxonomy	same_genus	14	0.75	0.8133333333333332
gram	within	6	taxonomy	same_order	5	1.0	1.0
gram	within	7	prevalence	same_family	18	0.5	0.35714285714285715
gram	within	7	prevalence	same_genus	14	0.5	0.46153846153846156
gram	within	7	prevalence	same_order	6	0.5	0.45454545454545453
gram	within	7	taxonomy	same_family	18	0.9375	0.9428571428571428
gram	within	7	taxonomy	same_genus	14	0.9583333333333333	0.8782608695652174
gram	within	7	taxonomy	same_order	6	1.0	1.0
gram	within	8	prevalence	same_family	19	0.5	0.42424242424242425
gram	within	8	prevalence	same_genus	14	0.5	0.4166666666666667
gram	within	8	prevalence	same_order	5	0.5	0.2857142857142857
gram	within	8	taxonomy	same_family	19	0.9642857142857143	0.936026936026936
gram	within	8	taxonomy	same_genus	14	1.0	1.0
gram	within	8	taxonomy	same_order	5	1.0	1.0
gram	within	9	prevalence	same_family	13	0.5	0.4583333333333333
gram	within	9	prevalence	same_genus	12	0.5	0.4
gram	within	9	prevalence	same_order	13	0.5	0.4090909090909091
gram	within	9	taxonomy	same_family	13	0.9545454545454546	0.8761904761904762
gram	within	9	taxonomy	same_genus	12	0.875	0.8991596638655461
gram	within	9	taxonomy	same_order	13	1.0	1.0
gram	within	10	prevalence	same_family	16	0.5	0.4074074074074074
gram	within	10	prevalence	same_genus	16	0.5	0.38461538461538464
gram	within	10	prevalence	same_order	6	0.5	0.45454545454545453
gram	within	10	taxonomy	same_family	16	0.9545454545454546	0.9307359307359306
gram	within	10	taxonomy	same_genus	16	0.9166666666666667	0.9307359307359306
gram	within	10	taxonomy	same_order	6	1.0	1.0
gram	within	11	prevalence	same_family	18	0.5	0.41935483870967744
gram	within	11	prevalence	same_genus	9	0.5	0.35714285714285715
gram	within	11	prevalence	same_order	11	0.5	0.42105263157894735
gram	within	11	taxonomy	same_family	18	0.8846153846153846	0.8193979933110368
gram	within	11	taxonomy	same_genus	9	1.0	1.0
gram	within	11	taxonomy	same_order	11	1.0	1.0
gram	within	12	prevalence	same_family	21	0.5	0.25
gram	within	12	prevalence	same_genus	13	0.5	0.4583333333333333
gram	within	12	prevalence	same_order	4	0.5	0.3333333333333333
gram	within	12	taxonomy	same_family	21	1.0	1.0
gram	within	12	taxonomy	same_genus	13	0.75	0.8115942028985508
gram	within	12	taxonomy	same_order	4	1.0	1.0
gram	within	13	prevalence	same_family	18	0.5	0.3333333333333333
gram	within	13	prevalence	same_genus	14	0.5	0.44
gram	within	13	prevalence	same_order	6	0.5	0.4
gram	within	13	taxonomy	same_family	18	0.9444444444444444	0.9442724458204335
gram	within	13	taxonomy	same_genus	14	0.9545454545454546	0.9047619047619047
gram	within	13	taxonomy	same_order	6	1.0	1.0
gram	within	14	prevalence	same_family	18	0.5	0.35714285714285715
gram	within	14	prevalence	same_genus	11	0.5	0.3888888888888889
gram	within	14	prevalence	same_order	9	0.5	0.18181818181818182
gram	within	14	taxonomy	same_family	18	1.0	1.0
gram	within	14	taxonomy	same_genus	11	1.0	1.0
gram	within	14	taxonomy	same_order	9	1.0	1.0
gram	within	15	prevalence	same_family	21	0.5	0.3225806451612903
gram	within	15	prevalence	same_genus	6	0.5	0.3333333333333333
gram	within	15	prevalence	same_order	11	0.5	0.3125
gram	within	15	taxonomy	same_family	21	0.95	0.9519450800915332
gram	within	15	taxonomy	same_genus	6	0.8333333333333333	0.8285714285714285
gram	within	15	taxonomy	same_order	11	1.0	1.0
gram	within	16	prevalence	same_family	21	0.5	0.3225806451612903
gram	within	16	prevalence	same_genus	13	0.5	0.4090909090909091
gram	within	16	prevalence	same_order	4	0.5	0.42857142857142855
gram	within	16	taxonomy	same_family	21	0.95	0.9519450800915332
gram	within	16	taxonomy	same_genus	13	0.875	0.9022556390977443
gram	within	16	taxonomy	same_order	4	1.0	1.0
gram	within	17	prevalence	same_family	22	0.5	0.3333333333333333
gram	within	17	prevalence	same_genus	13	0.5	0.4090909090909091
gram	within	17	prevalence	same_order	3	1.0	1.0
gram	within	17	taxonomy	same_family	22	0.9090909090909091	0.9090909090909091
gram	within	17	taxonomy	same_genus	13	0.75	0.7833333333333333
gram	within	17	taxonomy	same_order	3	1.0	1.0
gram	within	18	prevalence	same_family	20	0.5	0.3548387096774194
gram	within	18	prevalence	same_genus	9	0.5	0.47058823529411764
gram	within	18	prevalence	same_order	9	0.5	0.35714285714285715
gram	within	18	taxonomy	same_family	20	0.898989898989899	0.898989898989899
gram	within	18	taxonomy	same_genus	9	0.5	0.47058823529411764
gram	within	18	taxonomy	same_order	9	1.0	1.0
gram	within	19	prevalence	same_family	23	0.5	0.3611111111111111
gram	within	19	prevalence	same_genus	10	0.5	0.4117647058823529
gram	within	19	prevalence	same_order	5	0.5	0.2857142857142857
gram	within	19	taxonomy	same_family	23	0.95	0.9551656920077972
gram	within	19	taxonomy	same_genus	10	0.9285714285714286	0.8901098901098901
gram	within	19	taxonomy	same_order	5	1.0	1.0
gram	genus	0	prevalence	same_family	27	0.5	0.38636363636363635
gram	genus	0	prevalence	same_order	15	0.5	0.4642857142857143
gram	genus	0	taxonomy	same_family	27	0.9117647058823529	0.8863955119214586
gram	genus	0	taxonomy	same_order	15	1.0	1.0
gram	genus	1	prevalence	same_family	26	0.5	0.38095238095238093
gram	genus	1	prevalence	same_order	12	0.5	0.3684210526315789
gram	genus	1	taxonomy	same_family	26	0.91875	0.91875
gram	genus	1	taxonomy	same_order	12	0.9	0.9111111111111111
gram	genus	2	prevalence	same_family	31	0.5	0.3404255319148936
gram	genus	2	prevalence	same_order	7	0.5	0.36363636363636365
gram	genus	2	taxonomy	same_family	31	0.96875	0.967741935483871
gram	genus	2	taxonomy	same_order	7	0.8333333333333333	0.8444444444444444
gram	genus	3	prevalence	same_family	25	0.5	0.4186046511627907
gram	genus	3	prevalence	same_order	13	0.5	0.43478260869565216
gram	genus	3	taxonomy	same_family	25	0.9722222222222222	0.9523809523809523
gram	genus	3	taxonomy	same_order	13	1.0	1.0
gram	genus	4	prevalence	same_family	31	0.5	0.44642857142857145
gram	genus	4	prevalence	same_order	7	0.5	0.3
gram	genus	4	taxonomy	same_family	31	1.0	1.0
gram	genus	4	taxonomy	same_order	7	1.0	1.0
gram	genus	5	prevalence	same_family	26	0.5	0.4090909090909091
gram	genus	5	prevalence	same_order	12	0.5	0.4
gram	genus	5	taxonomy	same_family	26	0.8819444444444444	0.8689075630252101
gram	genus	5	taxonomy	same_order	12	1.0	1.0
gram	genus	6	prevalence	same_family	33	0.5	0.3888888888888889
gram	genus	6	prevalence	same_order	6	0.5	0.25
gram	genus	6	taxonomy	same_family	33	0.9523809523809523	0.9365384615384615
gram	genus	6	taxonomy	same_order	6	0.875	0.8285714285714285
gram	genus	7	prevalence	same_family	25	0.5	0.40476190476190477
gram	genus	7	prevalence	same_order	13	0.5	0.48
gram	genus	7	taxonomy	same_family	25	0.9411764705882353	0.9131944444444444
gram	genus	7	taxonomy	same_order	13	1.0	1.0
gram	genus	8	prevalence	same_family	25	0.5	0.375
gram	genus	8	prevalence	same_order	13	0.5	0.38095238095238093
gram	genus	8	taxonomy	same_family	25	0.8333333333333334	0.8333333333333334
gram	genus	8	taxonomy	same_order	13	1.0	1.0
gram	genus	9	prevalence	same_family	29	0.5	0.3958333333333333
gram	genus	9	prevalence	same_order	9	0.5	0.35714285714285715
gram	genus	9	taxonomy	same_family	29	0.9473684210526316	0.9267676767676767
gram	genus	9	taxonomy	same_order	9	1.0	1.0
gram	genus	10	prevalence	same_family	22	0.5	0.37142857142857144
gram	genus	10	prevalence	same_order	17	0.5	0.39285714285714285
gram	genus	10	taxonomy	same_family	22	0.8461538461538461	0.8181818181818182
gram	genus	10	taxonomy	same_order	17	1.0	1.0
gram	genus	11	prevalence	same_family	25	0.5	0.3902439024390244
gram	genus	11	prevalence	same_order	13	0.5	0.3157894736842105
gram	genus	11	taxonomy	same_family	25	0.8819444444444444	0.8726655348047538
gram	genus	11	taxonomy	same_order	13	0.9285714285714286	0.9230769230769231
gram	genus	12	prevalence	same_family	29	0.5	0.35555555555555557
gram	genus	12	prevalence	same_order	9	0.5	0.35714285714285715
gram	genus	12	taxonomy	same_family	29	1.0	1.0
gram	genus	12	taxonomy	same_order	9	1.0	1.0
gram	genus	13	prevalence	same_family	27	0.5	0.34146341463414637
gram	genus	13	prevalence	same_order	11	0.5	0.3125
gram	genus	13	taxonomy	same_family	27	0.9642857142857143	0.9629629629629629
gram	genus	13	taxonomy	same_order	11	1.0	1.0
gram	genus	14	prevalence	same_family	33	0.5	0.35294117647058826
gram	genus	14	prevalence	same_order	5	0.5	0.4444444444444444
gram	genus	14	taxonomy	same_family	33	0.9111111111111111	0.9087557603686636
gram	genus	14	taxonomy	same_order	5	1.0	1.0
gram	genus	15	prevalence	same_family	26	0.5	0.43478260869565216
gram	genus	15	prevalence	same_order	13	0.5	0.43478260869565216
gram	genus	15	taxonomy	same_family	26	0.975	0.9487179487179487
gram	genus	15	taxonomy	same_order	13	1.0	1.0
gram	genus	16	prevalence	same_family	29	0.5	0.40816326530612246
gram	genus	16	prevalence	same_order	9	0.5	0.47058823529411764
gram	genus	16	taxonomy	same_family	29	0.925	0.888030888030888
gram	genus	16	taxonomy	same_order	9	1.0	1.0
gram	genus	17	prevalence	same_family	25	0.5	0.375
gram	genus	17	prevalence	same_order	13	0.5	0.38095238095238093
gram	genus	17	taxonomy	same_family	25	0.9666666666666667	0.9589490968801313
gram	genus	17	taxonomy	same_order	13	1.0	1.0
gram	genus	18	prevalence	same_family	24	0.5	0.38461538461538464
gram	genus	18	prevalence	same_order	14	0.5	0.44
gram	genus	18	taxonomy	same_family	24	0.9333333333333333	0.9142857142857144
gram	genus	18	taxonomy	same_order	14	0.8333333333333333	0.8782608695652174
gram	genus	19	prevalence	same_family	29	0.5	0.2926829268292683
gram	genus	19	prevalence	same_order	10	0.5	0.47368421052631576
gram	genus	19	taxonomy	same_family	29	0.8995098039215685	0.8945454545454545
gram	genus	19	taxonomy	same_order	10	1.0	1.0
gram	family	0	prevalence	same_class	10	1.0	1.0
gram	family	0	prevalence	same_order	30	0.5	0.3617021276595745
gram	family	0	taxonomy	same_class	10	1.0	1.0
gram	family	0	taxonomy	same_order	30	0.9615384615384616	0.9657142857142857
gram	family	1	prevalence	same_class	20	1.0	1.0
gram	family	1	prevalence	same_order	22	0.5	0.3333333333333333
gram	family	1	taxonomy	same_class	20	1.0	1.0
gram	family	1	taxonomy	same_order	22	0.9545454545454546	0.9544513457556936
gram	family	2	prevalence	same_order	42	0.5	0.3333333333333333
gram	family	2	taxonomy	same_order	42	0.9047619047619047	0.9045454545454545
gram	family	3	prevalence	same_class	10	1.0	1.0
gram	family	3	prevalence	same_order	28	0.5	0.3170731707317073
gram	family	3	taxonomy	same_class	10	1.0	1.0
gram	family	3	taxonomy	same_order	28	0.9666666666666667	0.9642401021711366
gram	family	4	prevalence	same_class	13	1.0	1.0
gram	family	4	prevalence	same_order	26	0.5	0.4090909090909091
gram	family	4	taxonomy	same_class	13	1.0	1.0
gram	family	4	taxonomy	same_order	26	1.0	1.0
gram	family	5	prevalence	same_class	13	1.0	1.0
gram	family	5	prevalence	same_order	26	0.5	0.3333333333333333
gram	family	5	taxonomy	same_class	13	1.0	1.0
gram	family	5	taxonomy	same_order	26	0.9230769230769231	0.9226190476190477
gram	family	6	prevalence	same_order	39	0.5	0.4090909090909091
gram	family	6	taxonomy	same_order	39	0.9444444444444444	0.9150326797385621
gram	family	7	prevalence	same_class	19	0.5	0.36666666666666664
gram	family	7	prevalence	same_order	21	0.5	0.38235294117647056
gram	family	7	taxonomy	same_class	19	0.9545454545454546	0.9467787114845938
gram	family	7	taxonomy	same_order	21	1.0	1.0
gram	family	8	prevalence	same_class	20	1.0	1.0
gram	family	8	prevalence	same_order	26	0.5	0.35
gram	family	8	taxonomy	same_class	20	1.0	1.0
gram	family	8	taxonomy	same_order	26	0.9226190476190477	0.9226190476190477
gram	family	9	prevalence	same_order	39	0.5	0.417910447761194
gram	family	9	taxonomy	same_order	39	0.9464285714285714	0.9116981132075472
gram	family	10	prevalence	same_order	28	0.5	0.42857142857142855
gram	family	10	prevalence	same_phylum	10	0.5	0.23076923076923078
gram	family	10	taxonomy	same_order	28	1.0	1.0
gram	family	10	taxonomy	same_phylum	10	0.5	0.4117647058823529
gram	family	11	prevalence	same_class	9	0.5	0.1
gram	family	11	prevalence	same_order	31	0.5	0.43636363636363634
gram	family	11	taxonomy	same_class	9	0.5	0.47058823529411764
gram	family	11	taxonomy	same_order	31	0.9791666666666667	0.9560283687943263
gram	family	12	prevalence	same_class	9	0.5	0.1
gram	family	12	prevalence	same_order	29	0.5	0.35555555555555557
gram	family	12	taxonomy	same_class	9	0.5	0.47058823529411764
gram	family	12	taxonomy	same_order	29	1.0	1.0
gram	family	13	prevalence	same_class	20	1.0	1.0
gram	family	13	prevalence	same_order	19	0.5	0.42424242424242425
gram	family	13	taxonomy	same_class	20	1.0	1.0
gram	family	13	taxonomy	same_order	19	1.0	1.0
gram	family	14	prevalence	same_class	10	1.0	1.0
gram	family	14	prevalence	same_order	29	0.5	0.30952380952380953
gram	family	14	taxonomy	same_class	10	1.0	1.0
gram	family	14	taxonomy	same_order	29	0.8846153846153846	0.8919254658385093
gram	family	15	prevalence	same_order	38	0.5	0.3559322033898305
gram	family	15	taxonomy	same_order	38	0.9523809523809523	0.9472222222222222
gram	family	16	prevalence	same_class	10	1.0	1.0
gram	family	16	prevalence	same_order	21	0.5	0.38235294117647056
gram	family	16	prevalence	same_phylum	10	0.5	0.23076923076923078
gram	family	16	taxonomy	same_class	10	1.0	1.0
gram	family	16	taxonomy	same_order	21	1.0	1.0
gram	family	16	taxonomy	same_phylum	10	0.5	0.4117647058823529
gram	family	17	prevalence	same_order	38	0.5	0.3559322033898305
gram	family	17	taxonomy	same_order	38	0.9523809523809523	0.9472222222222222
gram	family	18	prevalence	same_class	10	1.0	1.0
gram	family	18	prevalence	same_order	36	0.5	0.4
gram	family	18	taxonomy	same_class	10	1.0	1.0
gram	family	18	taxonomy	same_order	36	0.8333333333333333	0.775
gram	family	19	prevalence	same_class	13	1.0	1.0
gram	family	19	prevalence	same_order	28	0.5	0.4166666666666667
gram	family	19	taxonomy	same_class	13	1.0	1.0
gram	family	19	taxonomy	same_order	28	1.0	1.0
gram	order	0	prevalence	same_class	40	0.5	0.42857142857142855
gram	order	0	taxonomy	same_class	40	0.9333333333333333	0.9333333333333333
gram	order	1	prevalence	same_class	39	0.5	0.35
gram	order	1	taxonomy	same_class	39	0.9761904761904762	0.974291364535267
gram	order	2	prevalence	same_class	43	0.5	0.3484848484848485
gram	order	2	taxonomy	same_class	43	1.0	1.0
gram	order	3	prevalence	same_class	40	0.5	0.43661971830985913
gram	order	3	taxonomy	same_class	40	0.9838709677419355	0.9654874892148404
gram	order	4	prevalence	same_class	40	1.0	1.0
gram	order	4	taxonomy	same_class	40	1.0	1.0
gram	order	5	prevalence	same_class	29	0.5	0.42
gram	order	5	prevalence	same_phylum	10	0.5	0.23076923076923078
gram	order	5	taxonomy	same_class	29	0.9761904761904762	0.9583931133428981
gram	order	5	taxonomy	same_phylum	10	0.5	0.4117647058823529
gram	order	6	prevalence	same_class	43	0.5	0.4342105263157895
gram	order	6	taxonomy	same_class	43	1.0	1.0
gram	order	7	prevalence	same_class	40	0.5	0.3442622950819672
gram	order	7	taxonomy	same_class	40	0.9761904761904762	0.9749843652282677
gram	order	8	prevalence	same_class	40	0.5	0.42857142857142855
gram	order	8	taxonomy	same_class	40	1.0	1.0
gram	order	9	prevalence	same_class	40	0.5	0.3442622950819672
gram	order	9	taxonomy	same_class	40	0.9761904761904762	0.9749843652282677
gram	order	10	prevalence	same_class	40	0.5	0.3333333333333333
gram	order	10	taxonomy	same_class	40	0.95	0.95
gram	order	11	prevalence	same_class	40	0.5	0.4936708860759494
gram	order	11	taxonomy	same_class	40	0.5	0.4936708860759494
gram	order	12	prevalence	same_class	40	0.5	0.42857142857142855
gram	order	12	taxonomy	same_class	40	1.0	1.0
gram	order	13	prevalence	same_class	39	0.5	0.44285714285714284
gram	order	13	taxonomy	same_class	39	0.9838709677419355	0.9623915139826422
gram	order	14	prevalence	same_class	40	0.5	0.4936708860759494
gram	order	14	taxonomy	same_class	40	0.5	0.4936708860759494
gram	order	15	prevalence	same_class	40	0.5	0.3442622950819672
gram	order	15	taxonomy	same_class	40	0.9761904761904762	0.9749843652282677
gram	order	16	prevalence	same_class	40	0.5	0.3333333333333333
gram	order	16	taxonomy	same_class	40	0.95	0.95
gram	order	17	prevalence	same_class	39	0.5	0.35
gram	order	17	taxonomy	same_class	39	0.9761904761904762	0.974291364535267
gram	order	18	prevalence	same_class	39	0.5	0.025
gram	order	18	taxonomy	same_class	39	0.5	0.4935064935064935
gram	order	19	prevalence	same_class	33	0.5	0.4107142857142857
gram	order	19	prevalence	same_phylum	10	0.5	0.23076923076923078
gram	order	19	taxonomy	same_class	33	1.0	1.0
gram	order	19	taxonomy	same_phylum	10	0.5	0.4117647058823529
shape	within	0	prevalence	same_family	19	0.3333333333333333	0.25806451612903225
shape	within	0	prevalence	same_genus	14	0.3333333333333333	0.3076923076923077
shape	within	0	prevalence	same_order	5	0.3333333333333333	0.19047619047619047
shape	within	0	taxonomy	same_family	19	0.38888888888888884	0.3796296296296296
shape	within	0	taxonomy	same_genus	14	0.5833333333333334	0.43939393939393945
shape	within	0	taxonomy	same_order	5	0.0	0.0
shape	within	1	prevalence	same_family	16	0.3333333333333333	0.25641025641025644
shape	within	1	prevalence	same_genus	14	0.3333333333333333	0.29333333333333333
shape	within	1	prevalence	same_order	8	0.3333333333333333	0.2222222222222222
shape	within	1	taxonomy	same_family	16	0.6777777777777777	0.644880174291939
shape	within	1	taxonomy	same_genus	14	0.43939393939393945	0.4523809523809524
shape	within	1	taxonomy	same_order	8	0.4166666666666667	0.24444444444444446
shape	within	2	prevalence	same_family	19	0.3333333333333333	0.29411764705882354
shape	within	2	prevalence	same_genus	10	0.5	0.47368421052631576
shape	within	2	prevalence	same_order	9	0.3333333333333333	0.2380952380952381
shape	within	2	taxonomy	same_family	19	0.3111111111111111	0.3141025641025641
shape	within	2	taxonomy	same_genus	10	0.4444444444444444	0.4444444444444444
shape	within	2	taxonomy	same_order	9	0.19999999999999998	0.2222222222222222
shape	within	3	prevalence	same_family	17	0.3333333333333333	0.2888888888888889
shape	within	3	prevalence	same_genus	17	0.3333333333333333	0.27586206896551724
shape	within	3	prevalence	same_order	4	0.3333333333333333	0.2222222222222222
shape	within	3	taxonomy	same_family	17	0.36752136752136755	0.36190476190476195
shape	within	3	taxonomy	same_genus	17	0.75	0.6180124223602484
shape	within	3	taxonomy	same_order	4	0.16666666666666666	0.16666666666666666
shape	within	4	prevalence	same_family	15	0.3333333333333333	0.2962962962962963
shape	within	4	prevalence	same_genus	20	0.3333333333333333	0.2626262626262626
shape	within	4	prevalence	same_order	3	0.5	0.4
shape	within	4	taxonomy	same_family	15	0.6111111111111112	0.42318840579710143
shape	within	4	taxonomy	same_genus	20	0.4444444444444444	0.45555555555555555
shape	within	4	taxonomy	same_order	3	0.5	0.3333333333333333
shape	within	5	prevalence	same_family	16	0.3333333333333333	0.2028985507246377
shape	within	5	prevalence	same_genus	17	0.3333333333333333	0.27586206896551724
shape	within	5	prevalence	same_order	5	1.0	1.0
shape	within	5	taxonomy	same_family	16	0.23809523809523805	0.26455026455026454
shape	within	5	taxonomy	same_genus	17	0.5833333333333334	0.6153846153846154
shape	within	5	taxonomy	same_order	5	0.0	0.0
shape	within	6	prevalence	same_family	19	0.3333333333333333	0.25806451612903225
shape	within	6	prevalence	same_genus	14	0.5	0.44
shape	within	6	prevalence	same_order	5	0.3333333333333333	0.19047619047619047
shape	within	6	taxonomy	same_family	19	0.5277777777777778	0.48253968253968255
shape	within	6	taxonomy	same_genus	14	0.5303030303030303	0.36507936507936506
shape	within	6	taxonomy	same_order	5	0.16666666666666666	0.13333333333333333
shape	within	7	prevalence	same_family	18	0.3333333333333333	0.2795698924731183
shape	within	7	prevalence	same_genus	14	0.3333333333333333	0.3076923076923077
shape	within	7	prevalence	same_order	6	0.3333333333333333	0.16666666666666666
shape	within	7	taxonomy	same_family	18	0.4743589743589744	0.41904761904761906
shape	within	7	taxonomy	same_genus	14	0.2777777777777778	0.2898550724637681
shape	within	7	taxonomy	same_order	6	0.3333333333333333	0.27777777777777773
shape	within	8	prevalence	same_family	19	0.3333333333333333	0.24444444444444444
shape	within	8	prevalence	same_genus	14	0.5	0.48148148148148145
shape	within	8	prevalence	same_order	5	0.3333333333333333	0.19047619047619047
shape	within	8	taxonomy	same_family	19	0.49292929292929294	0.47222222222222215
shape	within	8	taxonomy	same_genus	14	0.9230769230769231	0.7083333333333333
shape	within	8	taxonomy	same_order	5	0.3333333333333333	0.3333333333333333
shape	within	9	prevalence	same_family	13	0.3333333333333333	0.3055555555555555
shape	within	9	prevalence	same_genus	12	0.3333333333333333	0.30303030303030304
shape	within	9	prevalence	same_order	13	0.3333333333333333	0.2333333333333333
shape	within	9	taxonomy	same_family	13	0.5151515151515151	0.3686274509803922
shape	within	9	taxonomy	same_genus	12	0.3	0.3
shape	within	9	taxonomy	same_order	13	0.2380952380952381	0.2380952380952381
shape	within	10	prevalence	same_family	16	0.3333333333333333	0.2988505747126437
shape	within	10	prevalence	same_genus	16	0.3333333333333333	0.2857142857142857
shape	within	10	prevalence	same_order	6	0.3333333333333333	0.09523809523809523
shape	within	10	taxonomy	same_family	16	0.4871794871794872	0.3666666666666667
shape	within	10	taxonomy	same_genus	16	0.6111111111111112	0.5898550724637681
shape	within	10	taxonomy	same_order	6	0.0	0.0
shape	within	11	prevalence	same_family	18	0.5	0.47058823529411764
shape	within	11	prevalence	same_genus	9	0.3333333333333333	0.2380952380952381
shape	within	11	prevalence	same_order	11	0.3333333333333333	0.2807017543859649
shape	within	11	taxonomy	same_family	18	0.5625	0.36752136752136755
shape	within	11	taxonomy	same_genus	9	0.7111111111111111	0.709090909090909
shape	within	11	taxonomy	same_order	11	0.125	0.16666666666666666
shape	within	12	prevalence	same_family	21	0.3333333333333333	0.24242424242424243
shape	within	12	prevalence	same_genus	13	0.5	0.43478260869565216
shape	within	12	prevalence	same_order	4	0.5	0.2
shape	within	12	taxonomy	same_family	21	0.5222222222222223	0.5085137085137085
shape	within	12	taxonomy	same_genus	13	0.6166666666666667	0.4523809523809524
shape	within	12	taxonomy	same_order	4	0.6666666666666666	0.5
shape	within	13	prevalence	same_family	18	0.3333333333333333	0.2916666666666667
shape	within	13	prevalence	same_genus	14	0.5	0.46153846153846156
shape	within	13	prevalence	same_order	6	0.3333333333333333	0.16666666666666666
shape	within	13	taxonomy	same_family	18	0.5714285714285715	0.5063492063492063
shape	within	13	taxonomy	same_genus	14	0.625	0.494949494949495
shape	within	13	taxonomy	same_order	6	0.5	0.38888888888888884
shape	within	14	prevalence	same_family	18	0.3333333333333333	0.2916666666666667
shape	within	14	prevalence	same_genus	11	0.5	0.47619047619047616
shape	within	14	prevalence	same_order	9	0.3333333333333333	0.2380952380952381
shape	within	14	taxonomy	same_family	18	0.34920634920634924	0.38974358974358975
shape	within	14	taxonomy	same_genus	11	0.9	0.5185185185185185
shape	within	14	taxonomy	same_order	9	0.43333333333333335	0.37777777777777777
shape	within	15	prevalence	same_family	21	0.3333333333333333	0.2549019607843137
shape	within	15	prevalence	same_genus	6	0.3333333333333333	0.26666666666666666
shape	within	15	prevalence	same_order	11	0.3333333333333333	0.25925925925925924
shape	within	15	taxonomy	same_family	21	0.5384615384615384	0.49242424242424243
shape	within	15	taxonomy	same_genus	6	0.5833333333333334	0.47222222222222215
shape	within	15	taxonomy	same_order	11	0.5238095238095238	0.32575757575757575
shape	within	16	prevalence	same_family	21	0.3333333333333333	0.2549019607843137
shape	within	16	prevalence	same_genus	13	0.5	0.43478260869565216
shape	within	16	prevalence	same_order	4	0.5	0.3333333333333333
shape	within	16	taxonomy	same_family	21	0.4871794871794872	0.43121693121693117
shape	within	16	taxonomy	same_genus	13	0.6166666666666667	0.4666666666666666
shape	within	16	taxonomy	same_order	4	0.25	0.16666666666666666
shape	within	17	prevalence	same_family	22	0.3333333333333333	0.2807017543859649
shape	within	17	prevalence	same_genus	13	0.5	0.43478260869565216
shape	within	17	prevalence	same_order	3	0.5	0.4
shape	within	17	taxonomy	same_family	22	0.5208333333333334	0.4793650793650794
shape	within	17	taxonomy	same_genus	13	0.5666666666666667	0.4140350877192982
shape	within	17	taxonomy	same_order	3	0.25	0.16666666666666666
shape	within	18	prevalence	same_family	20	0.3333333333333333	0.3157894736842105
shape	within	18	prevalence	same_genus	9	0.5	0.47058823529411764
shape	within	18	prevalence	same_order	9	0.3333333333333333	0.26666666666666666
shape	within	18	taxonomy	same_family	20	0.20370370370370372	0.24444444444444444
shape	within	18	taxonomy	same_genus	9	0.4375	0.4375
shape	within	18	taxonomy	same_order	9	0.5	0.31746031746031744
shape	within	19	prevalence	same_family	23	0.3333333333333333	0.2631578947368421
shape	within	19	prevalence	same_genus	10	0.5	0.4117647058823529
shape	within	19	prevalence	same_order	5	0.3333333333333333	0.25
shape	within	19	taxonomy	same_family	23	0.41111111111111115	0.41375661375661377
shape	within	19	taxonomy	same_genus	10	0.8333333333333333	0.6
shape	within	19	taxonomy	same_order	5	0.2222222222222222	0.2222222222222222
shape	genus	0	prevalence	same_family	27	0.3333333333333333	0.2916666666666667
shape	genus	0	prevalence	same_order	15	0.3333333333333333	0.26666666666666666
shape	genus	0	taxonomy	same_family	27	0.42063492063492064	0.34017094017094013
shape	genus	0	taxonomy	same_order	15	0.3666666666666667	0.3055555555555555
shape	genus	1	prevalence	same_family	26	0.3333333333333333	0.3055555555555555
shape	genus	1	prevalence	same_order	12	0.5	0.42857142857142855
shape	genus	1	taxonomy	same_family	26	0.4090909090909091	0.37127371273712734
shape	genus	1	taxonomy	same_order	12	0.7222222222222222	0.6974789915966386
shape	genus	2	prevalence	same_family	31	0.3333333333333333	0.2839506172839506
shape	genus	2	prevalence	same_order	7	0.3333333333333333	0.24242424242424243
shape	genus	2	taxonomy	same_family	31	0.43188405797101453	0.4268292682926829
shape	genus	2	taxonomy	same_order	7	0.5	0.41269841269841273
shape	genus	3	prevalence	same_family	25	0.3333333333333333	0.3043478260869565
shape	genus	3	prevalence	same_order	13	0.3333333333333333	0.2898550724637681
shape	genus	3	taxonomy	same_family	25	0.30158730158730157	0.30158730158730157
shape	genus	3	taxonomy	same_order	13	0.43333333333333335	0.4074074074074074
shape	genus	4	prevalence	same_family	31	0.3333333333333333	0.27672955974842767
shape	genus	4	prevalence	same_order	7	0.5	0.36363636363636365
shape	genus	4	taxonomy	same_family	31	0.5742424242424242	0.5166666666666666
shape	genus	4	taxonomy	same_order	7	0.8333333333333333	0.8444444444444444
shape	genus	5	prevalence	same_family	26	0.3333333333333333	0.27272727272727276
shape	genus	5	prevalence	same_order	12	0.3333333333333333	0.2857142857142857
shape	genus	5	taxonomy	same_family	26	0.47222222222222215	0.44983164983164986
shape	genus	5	taxonomy	same_order	12	0.46296296296296297	0.4296296296296296
shape	genus	6	prevalence	same_family	33	0.3333333333333333	0.2937853107344633
shape	genus	6	prevalence	same_order	6	0.5	0.4
shape	genus	6	taxonomy	same_family	33	0.4666666666666666	0.3666666666666667
shape	genus	6	taxonomy	same_order	6	0.25	0.2222222222222222
shape	genus	7	prevalence	same_family	25	0.3333333333333333	0.2698412698412698
shape	genus	7	prevalence	same_order	13	0.5	0.4583333333333333
shape	genus	7	taxonomy	same_family	25	0.33464052287581697	0.317016317016317
shape	genus	7	taxonomy	same_order	13	0.9090909090909092	0.7833333333333333
shape	genus	8	prevalence	same_family	25	0.3333333333333333	0.27906976744186046
shape	genus	8	prevalence	same_order	13	0.3333333333333333	0.25396825396825395
shape	genus	8	taxonomy	same_family	25	0.5648148148148148	0.5245098039215687
shape	genus	8	taxonomy	same_order	13	0.3333333333333333	0.1111111111111111
shape	genus	9	prevalence	same_family	29	0.3333333333333333	0.2948717948717949
shape	genus	9	prevalence	same_order	9	0.3333333333333333	0.2380952380952381
shape	genus	9	taxonomy	same_family	29	0.5362318840579711	0.29987129987129985
shape	genus	9	taxonomy	same_order	9	0.06666666666666667	0.09523809523809523
shape	genus	10	prevalence	same_family	22	0.5	0.4883720930232558
shape	genus	10	prevalence	same_order	17	0.3333333333333333	0.23076923076923075
shape	genus	10	taxonomy	same_family	22	0.9285714285714286	0.6615384615384616
shape	genus	10	taxonomy	same_order	17	0.3055555555555555	0.32222222222222224
shape	genus	11	prevalence	same_family	25	0.3333333333333333	0.2962962962962963
shape	genus	11	prevalence	same_order	13	0.3333333333333333	0.2333333333333333
shape	genus	11	taxonomy	same_family	25	0.5888888888888889	0.48983957219251345
shape	genus	11	taxonomy	same_order	13	0.32142857142857145	0.3397435897435897
shape	genus	12	prevalence	same_family	29	0.3333333333333333	0.28758169934640526
shape	genus	12	prevalence	same_order	9	0.3333333333333333	0.26666666666666666
shape	genus	12	taxonomy	same_family	29	0.616161616161616	0.5325181640971115
shape	genus	12	taxonomy	same_order	9	0.16666666666666666	0.2222222222222222
shape	genus	13	prevalence	same_family	27	0.3333333333333333	0.29931972789115646
shape	genus	13	prevalence	same_order	11	0.3333333333333333	0.2807017543859649
shape	genus	13	taxonomy	same_family	27	0.42424242424242425	0.40454545454545454
shape	genus	13	taxonomy	same_order	11	0.4583333333333333	0.3722943722943723
shape	genus	14	prevalence	same_family	33	0.3333333333333333	0.28735632183908044
shape	genus	14	prevalence	same_order	5	0.5	0.375
shape	genus	14	taxonomy	same_family	33	0.30666666666666664	0.33494363929146537
shape	genus	14	taxonomy	same_order	5	0.16666666666666666	0.13333333333333333
shape	genus	15	prevalence	same_family	26	0.3333333333333333	0.3129251700680272
shape	genus	15	prevalence	same_order	13	0.5	0.4583333333333333
shape	genus	15	taxonomy	same_family	26	0.6884057971014492	0.4185185185185185
shape	genus	15	taxonomy	same_order	13	0.45454545454545453	0.43478260869565216
shape	genus	16	prevalence	same_family	29	0.3333333333333333	0.2948717948717949
shape	genus	16	prevalence	same_order	9	0.5	0.4375
shape	genus	16	taxonomy	same_family	29	0.4528985507246377	0.41794871794871796
shape	genus	16	taxonomy	same_order	9	0.07142857142857142	0.08333333333333333
shape	genus	17	prevalence	same_family	25	0.3333333333333333	0.2601626016260163
shape	genus	17	prevalence	same_order	13	0.3333333333333333	0.2333333333333333
shape	genus	17	taxonomy	same_family	25	0.3511904761904762	0.37191358024691357
shape	genus	17	taxonomy	same_order	13	0.34920634920634924	0.3333333333333333
shape	genus	18	prevalence	same_family	24	0.3333333333333333	0.26666666666666666
shape	genus	18	prevalence	same_order	14	0.3333333333333333	0.3076923076923077
shape	genus	18	taxonomy	same_family	24	0.5402777777777777	0.5316239316239316
shape	genus	18	taxonomy	same_order	14	0.6111111111111112	0.5120772946859903
shape	genus	19	prevalence	same_family	29	0.3333333333333333	0.28758169934640526
shape	genus	19	prevalence	same_order	10	0.5	0.47368421052631576
shape	genus	19	taxonomy	same_family	29	0.47575757575757577	0.4166666666666667
shape	genus	19	taxonomy	same_order	10	1.0	1.0
shape	family	0	prevalence	same_class	10	1.0	1.0
shape	family	0	prevalence	same_order	30	0.3333333333333333	0.3218390804597701
shape	family	0	taxonomy	same_class	10	0.0	0.0
shape	family	0	taxonomy	same_order	30	0.4523809523809524	0.2071846282372598
shape	family	1	prevalence	same_class	20	0.3333333333333333	0.2857142857142857
shape	family	1	prevalence	same_order	22	0.3333333333333333	0.23529411764705885
shape	family	1	taxonomy	same_class	20	0.4222222222222222	0.3425641025641026
shape	family	1	taxonomy	same_order	22	0.4166666666666667	0.41904761904761906
shape	family	2	prevalence	same_order	42	0.3333333333333333	0.29333333333333333
shape	family	2	taxonomy	same_order	42	0.39191919191919194	0.3547008547008547
shape	family	3	prevalence	same_class	10	0.3333333333333333	0.25
shape	family	3	prevalence	same_order	28	0.3333333333333333	0.2857142857142857
shape	family	3	taxonomy	same_class	10	0.3333333333333333	0.1111111111111111
shape	family	3	taxonomy	same_order	28	0.3849206349206349	0.3603729603729604
shape	family	4	prevalence	same_class	13	0.5	0.4583333333333333
shape	family	4	prevalence	same_order	26	0.3333333333333333	0.2635658914728682
shape	family	4	taxonomy	same_class	13	0.34090909090909094	0.22619047619047616
shape	family	4	taxonomy	same_order	26	0.26143790849673204	0.20350877192982456
shape	family	5	prevalence	same_class	13	0.5	0.4583333333333333
shape	family	5	prevalence	same_order	26	0.3333333333333333	0.2814814814814815
shape	family	5	taxonomy	same_class	13	0.5	0.4583333333333333
shape	family	5	taxonomy	same_order	26	0.41228070175438597	0.3300653594771242
shape	family	6	prevalence	same_order	39	0.3333333333333333	0.3153153153153153
shape	family	6	taxonomy	same_order	39	0.5523809523809523	0.4125159642401022
shape	family	7	prevalence	same_class	19	0.3333333333333333	0.25806451612903225
shape	family	7	prevalence	same_order	21	0.3333333333333333	0.22916666666666666
shape	family	7	taxonomy	same_class	19	0.3333333333333333	0.0909090909090909
shape	family	7	taxonomy	same_order	21	0.25252525252525254	0.24175824175824176
shape	family	8	prevalence	same_class	20	0.3333333333333333	0.2857142857142857
shape	family	8	prevalence	same_order	26	0.5	0.46938775510204084
shape	family	8	taxonomy	same_class	20	0.3333333333333333	0.08695652173913043
shape	family	8	taxonomy	same_order	26	0.6159420289855072	0.45645645645645644
shape	family	9	prevalence	same_order	39	0.3333333333333333	0.3004694835680751
shape	family	9	taxonomy	same_order	39	0.3333333333333333	0.24546485260770975
shape	family	10	prevalence	same_order	28	0.3333333333333333	0.3076923076923077
shape	family	10	prevalence	same_phylum	10	1.0	1.0
shape	family	10	taxonomy	same_order	28	0.47222222222222227	0.3238095238095238
shape	family	10	taxonomy	same_phylum	10	1.0	1.0
shape	family	11	prevalence	same_class	9	0.5	0.4375
shape	family	11	prevalence	same_order	31	0.3333333333333333	0.3103448275862069
shape	family	11	taxonomy	same_class	9	0.5	0.18181818181818182
shape	family	11	taxonomy	same_order	31	0.13580246913580246	0.18333333333333335
shape	family	12	prevalence	same_class	9	0.5	0.4375
shape	family	12	prevalence	same_order	29	0.3333333333333333	0.28758169934640526
shape	family	12	taxonomy	same_class	9	0.5	0.18181818181818182
shape	family	12	taxonomy	same_order	29	0.5	0.31746031746031744
shape	family	13	prevalence	same_class	20	0.5	0.47368421052631576
shape	family	13	prevalence	same_order	19	0.3333333333333333	0.2708333333333333
shape	family	13	taxonomy	same_class	20	0.5	0.09090909090909091
shape	family	13	taxonomy	same_order	19	0.28205128205128205	0.3055555555555555
shape	family	14	prevalence	same_class	10	0.3333333333333333	0.25
shape	family	14	prevalence	same_order	29	0.3333333333333333	0.30864197530864196
shape	family	14	taxonomy	same_class	10	0.3333333333333333	0.1111111111111111
shape	family	14	taxonomy	same_order	29	0.40444444444444444	0.40079365079365076
shape	family	15	prevalence	same_order	38	0.3333333333333333	0.2995169082125604
shape	family	15	taxonomy	same_order	38	0.33064516129032256	0.31825396825396823
shape	family	16	prevalence	same_class	10	0.3333333333333333	0.2222222222222222
shape	family	16	prevalence	same_order	21	0.3333333333333333	0.22916666666666666
shape	family	16	prevalence	same_phylum	10	1.0	1.0
shape	family	16	taxonomy	same_class	10	0.3333333333333333	0.19047619047619047
shape	family	16	taxonomy	same_order	21	0.503030303030303	0.5046698872785829
shape	family	16	taxonomy	same_phylum	10	1.0	1.0
shape	family	17	prevalence	same_order	38	0.3333333333333333	0.29411764705882354
shape	family	17	taxonomy	same_order	38	0.39999999999999997	0.37254901960784315
shape	family	18	prevalence	same_class	10	0.3333333333333333	0.25
shape	family	18	prevalence	same_order	36	0.3333333333333333	0.24561403508771928
shape	family	18	taxonomy	same_class	10	0.3333333333333333	0.1111111111111111
shape	family	18	taxonomy	same_order	36	0.38095238095238093	0.30980392156862746
shape	family	19	prevalence	same_class	13	0.3333333333333333	0.25396825396825395
shape	family	19	prevalence	same_order	28	0.5	0.4909090909090909
shape	family	19	taxonomy	same_class	13	0.3055555555555555	0.22377622377622378
shape	family	19	taxonomy	same_order	28	0.8148148148148149	0.39090909090909093
shape	order	0	prevalence	same_class	40	0.3333333333333333	0.3111111111111111
shape	order	0	taxonomy	same_class	40	0.2380952380952381	0.25641025641025644
shape	order	1	prevalence	same_class	39	0.3333333333333333	0.24731182795698925
shape	order	1	taxonomy	same_class	39	0.302536231884058	0.2678062678062678
shape	order	2	prevalence	same_class	43	0.3333333333333333	0.273972602739726
shape	order	2	taxonomy	same_class	43	0.4238095238095238	0.3526414010910135
shape	order	3	prevalence	same_class	40	0.3333333333333333	0.3111111111111111
shape	order	3	taxonomy	same_class	40	0.40317460317460313	0.3328671328671329
shape	order	4	prevalence	same_class	40	0.3333333333333333	0.30630630630630634
shape	order	4	taxonomy	same_class	40	0.4215686274509804	0.196969696969697
shape	order	5	prevalence	same_class	29	0.3333333333333333	0.27999999999999997
shape	order	5	prevalence	same_phylum	10	1.0	1.0
shape	order	5	taxonomy	same_class	29	0.36507936507936506	0.317948717948718
shape	order	5	taxonomy	same_phylum	10	1.0	1.0
shape	order	6	prevalence	same_class	43	0.3333333333333333	0.29914529914529914
shape	order	6	taxonomy	same_class	43	0.4523809523809524	0.3496732026143791
shape	order	7	prevalence	same_class	40	0.3333333333333333	0.30630630630630634
shape	order	7	taxonomy	same_class	40	0.5196078431372549	0.3215244229736984
shape	order	8	prevalence	same_class	40	0.3333333333333333	0.3013698630136986
shape	order	8	taxonomy	same_class	40	0.3333333333333333	0.3013698630136986
shape	order	9	prevalence	same_class	40	0.3333333333333333	0.2745098039215686
shape	order	9	taxonomy	same_class	40	0.44047619047619047	0.34379217273954116
shape	order	10	prevalence	same_class	40	0.3333333333333333	0.2857142857142857
shape	order	10	taxonomy	same_class	40	0.3666666666666667	0.27999999999999997
shape	order	11	prevalence	same_class	40	0.3333333333333333	0.2857142857142857
shape	order	11	taxonomy	same_class	40	0.41111111111111115	0.3666666666666667
shape	order	12	prevalence	same_class	40	0.3333333333333333	0.2745098039215686
shape	order	12	taxonomy	same_class	40	0.48214285714285715	0.3060428849902534
shape	order	13	prevalence	same_class	39	0.3333333333333333	0.3004694835680751
shape	order	13	taxonomy	same_class	39	0.4930555555555555	0.3867171080285834
shape	order	14	prevalence	same_class	40	0.3333333333333333	0.24338624338624337
shape	order	14	taxonomy	same_class	40	0.34057971014492755	0.2812846068660022
shape	order	15	prevalence	same_class	40	0.3333333333333333	0.23655913978494625
shape	order	15	taxonomy	same_class	40	0.35833333333333334	0.22698412698412698
shape	order	16	prevalence	same_class	40	0.3333333333333333	0.26865671641791045
shape	order	16	taxonomy	same_class	40	0.328042328042328	0.2655155155155155
shape	order	17	prevalence	same_class	39	0.3333333333333333	0.26666666666666666
shape	order	17	taxonomy	same_class	39	0.45604395604395603	0.3753086419753086
shape	order	18	prevalence	same_class	39	0.3333333333333333	0.26666666666666666
shape	order	18	taxonomy	same_class	39	0.3803418803418803	0.3598086124401914
shape	order	19	prevalence	same_class	33	0.3333333333333333	0.26666666666666666
shape	order	19	prevalence	same_phylum	10	1.0	1.0
shape	order	19	taxonomy	same_class	33	0.35353535353535354	0.32037037037037036
shape	order	19	taxonomy	same_phylum	10	1.0	1.0
motility	within	0	prevalence	same_family	19	0.5	0.40625
motility	within	0	prevalence	same_genus	14	0.5	0.3333333333333333
motility	within	0	prevalence	same_order	5	0.5	0.375
motility	within	0	taxonomy	same_family	19	0.5641025641025641	0.5210084033613445
motility	within	0	taxonomy	same_genus	14	0.7142857142857142	0.7083333333333333
motility	within	0	taxonomy	same_order	5	0.5833333333333333	0.5833333333333333
motility	within	1	prevalence	same_family	16	0.5	0.38461538461538464
motility	within	1	prevalence	same_genus	14	0.5	0.391304347826087
motility	within	1	prevalence	same_order	8	0.5	0.3333333333333333
motility	within	1	taxonomy	same_family	16	0.6	0.6
motility	within	1	taxonomy	same_genus	14	0.8888888888888888	0.8541666666666667
motility	within	1	taxonomy	same_order	8	0.375	0.36507936507936506
motility	within	2	prevalence	same_family	19	0.5	0.40625
motility	within	2	prevalence	same_genus	10	0.5	0.375
motility	within	2	prevalence	same_order	9	0.5	0.35714285714285715
motility	within	2	taxonomy	same_family	19	0.47435897435897434	0.47384615384615386
motility	within	2	taxonomy	same_genus	10	0.9166666666666667	0.898989898989899
motility	within	2	taxonomy	same_order	9	0.775	0.775
motility	within	3	prevalence	same_family	17	0.5	0.32
motility	within	3	prevalence	same_genus	17	0.5	0.41379310344827586
motility	within	3	prevalence	same_order	4	0.5	0.42857142857142855
motility	within	3	taxonomy	same_family	17	0.7708333333333333	0.7638888888888888
motility	within	3	taxonomy	same_genus	17	0.775	0.7424242424242424
motility	within	3	taxonomy	same_order	4	0.8333333333333333	0.7333333333333334
motility	within	4	prevalence	same_family	15	0.5	0.2857142857142857
motility	within	4	prevalence	same_genus	20	0.5	0.4444444444444444
motility	within	4	prevalence	same_order	3	0.5	0.25
motility	within	4	taxonomy	same_family	15	0.5	0.49760765550239233
motility	within	4	taxonomy	same_genus	20	0.90625	0.8119122257053292
motility	within	4	taxonomy	same_order	3	1.0	1.0
motility	within	5	prevalence	same_family	16	0.5	0.42857142857142855
motility	within	5	prevalence	same_genus	17	0.5	0.32
motility	within	5	prevalence	same_order	5	0.5	0.2857142857142857
motility	within	5	taxonomy	same_family	16	0.7083333333333333	0.6536796536796536
motility	within	5	taxonomy	same_genus	17	0.7708333333333333	0.7638888888888888
motility	within	5	taxonomy	same_order	5	0.5	0.375
motility	within	6	prevalence	same_family	19	0.5	0.3870967741935484
motility	within	6	prevalence	same_genus	14	0.5	0.391304347826087
motility	within	6	prevalence	same_order	5	0.5	0.375
motility	within	6	taxonomy	same_family	19	0.8333333333333333	0.788888888888889
motility	within	6	taxonomy	same_genus	14	0.6888888888888889	0.6888888888888889
motility	within	6	taxonomy	same_order	5	0.41666666666666663	0.4
motility	within	7	prevalence	same_family	18	0.5	0.3793103448275862
motility	within	7	prevalence	same_genus	14	0.5	0.3333333333333333
motility	within	7	prevalence	same_order	6	0.5	0.3333333333333333
motility	within	7	taxonomy	same_family	18	0.6038961038961039	0.6
motility	within	7	taxonomy	same_genus	14	0.6428571428571428	0.625668449197861
motility	within	7	taxonomy	same_order	6	0.3333333333333333	0.3333333333333333
motility	within	8	prevalence	same_family	19	0.5	0.36666666666666664
motility	within	8	prevalence	same_genus	14	0.5	0.391304347826087
motility	within	8	prevalence	same_order	5	0.5	0.375
motility	within	8	taxonomy	same_family	19	0.5681818181818181	0.5681818181818181
motility	within	8	taxonomy	same_genus	14	0.788888888888889	0.7754010695187166
motility	within	8	taxonomy	same_order	5	0.5833333333333333	0.5833333333333333
motility	within	9	prevalence	same_family	13	0.5	0.38095238095238093
motility	within	9	prevalence	same_genus	12	0.5	0.4
motility	within	9	prevalence	same_order	13	0.5	0.43478260869565216
motility	within	9	taxonomy	same_family	13	0.5125	0.5125
motility	within	9	taxonomy	same_genus	12	0.625	0.5804195804195804
motility	within	9	taxonomy	same_order	13	0.7	0.5357142857142857
motility	within	10	prevalence	same_family	16	0.5	0.4074074074074074
motility	within	10	prevalence	same_genus	16	0.5	0.42857142857142855
motility	within	10	prevalence	same_order	6	0.5	0.3333333333333333
motility	within	10	taxonomy	same_family	16	0.42727272727272725	0.41700404858299595
motility	within	10	taxonomy	same_genus	16	0.8333333333333333	0.7333333333333334
motility	within	10	taxonomy	same_order	6	0.6666666666666666	0.6666666666666666
motility	within	11	prevalence	same_family	18	0.5	0.3076923076923077
motility	within	11	prevalence	same_genus	9	0.5	0.35714285714285715
motility	within	11	prevalence	same_order	11	0.5	0.35294117647058826
motility	within	11	taxonomy	same_family	18	0.6625	0.6625
motility	within	11	taxonomy	same_genus	9	0.525	0.5
motility	within	11	taxonomy	same_order	11	0.55	0.5454545454545454
motility	within	12	prevalence	same_family	21	0.5	0.36363636363636365
motility	within	12	prevalence	same_genus	13	0.5	0.4090909090909091
motility	within	12	prevalence	same_order	4	0.5	0.42857142857142855
motility	within	12	taxonomy	same_family	21	0.8472222222222222	0.851764705882353
motility	within	12	taxonomy	same_genus	13	0.7083333333333333	0.675
motility	within	12	taxonomy	same_order	4	0.8333333333333333	0.7333333333333334
motility	within	13	prevalence	same_family	18	0.5	0.35714285714285715
motility	within	13	prevalence	same_genus	14	0.5	0.36363636363636365
motility	within	13	prevalence	same_order	6	0.5	0.4
motility	within	13	taxonomy	same_family	18	0.7375	0.7213622291021672
motility	within	13	taxonomy	same_genus	14	0.875	0.8571428571428571
motility	within	13	taxonomy	same_order	6	0.625	0.4857142857142857
motility	within	14	prevalence	same_family	18	0.5	0.3333333333333333
motility	within	14	prevalence	same_genus	11	0.5	0.3888888888888889
motility	within	14	prevalence	same_order	9	0.5	0.18181818181818182
motility	within	14	taxonomy	same_family	18	0.6666666666666667	0.6625
motility	within	14	taxonomy	same_genus	11	0.5892857142857143	0.5454545454545454
motility	within	14	taxonomy	same_order	9	0.9285714285714286	0.8615384615384616
motility	within	15	prevalence	same_family	21	0.5	0.43243243243243246
motility	within	15	prevalence	same_genus	6	0.5	0.3333333333333333
motility	within	15	prevalence	same_order	11	0.5	0.35294117647058826
motility	within	15	taxonomy	same_family	21	0.775	0.7214854111405835
motility	within	15	taxonomy	same_genus	6	0.8333333333333333	0.8285714285714285
motility	within	15	taxonomy	same_order	11	0.35	0.3418803418803419
motility	within	16	prevalence	same_family	21	0.5	0.34375
motility	within	16	prevalence	same_genus	13	0.5	0.38095238095238093
motility	within	16	prevalence	same_order	4	0.5	0.2
motility	within	16	taxonomy	same_family	21	0.6636363636363636	0.6636155606407322
motility	within	16	taxonomy	same_genus	13	0.675	0.675
motility	within	16	taxonomy	same_order	4	0.8333333333333333	0.7333333333333334
motility	within	17	prevalence	same_family	22	0.5	0.3333333333333333
motility	within	17	prevalence	same_genus	13	0.5	0.43478260869565216
motility	within	17	prevalence	same_order	3	0.0	0.0
motility	within	17	taxonomy	same_family	22	0.7727272727272727	0.7722567287784678
motility	within	17	taxonomy	same_genus	13	0.6833333333333333	0.6388888888888888
motility	within	17	taxonomy	same_order	3	1.0	1.0
motility	within	18	prevalence	same_family	20	0.5	0.3333333333333333
motility	within	18	prevalence	same_genus	9	0.5	0.4
motility	within	18	prevalence	same_order	9	0.5	0.35714285714285715
motility	within	18	taxonomy	same_family	20	0.7	0.696969696969697
motility	within	18	taxonomy	same_genus	9	0.6666666666666666	0.6493506493506493
motility	within	18	taxonomy	same_order	9	0.425	0.41558441558441556
motility	within	19	prevalence	same_family	23	0.5	0.34285714285714286
motility	within	19	prevalence	same_genus	10	0.5	0.375
motility	within	19	prevalence	same_order	5	0.5	0.2857142857142857
motility	within	19	taxonomy	same_family	23	0.7878787878787878	0.780952380952381
motility	within	19	taxonomy	same_genus	10	0.6666666666666667	0.6703296703296704
motility	within	19	taxonomy	same_order	5	0.75	0.7619047619047619
motility	genus	0	prevalence	same_family	27	0.5	0.34146341463414637
motility	genus	0	prevalence	same_order	15	0.5	0.2857142857142857
motility	genus	0	taxonomy	same_family	27	0.44780219780219777	0.4413793103448276
motility	genus	0	taxonomy	same_order	15	0.611111111111111	0.6031746031746031
motility	genus	1	prevalence	same_family	26	0.5	0.2972972972972973
motility	genus	1	prevalence	same_order	12	0.5	0.25
motility	genus	1	taxonomy	same_family	26	0.6636363636363636	0.6533333333333333
motility	genus	1	taxonomy	same_order	12	0.875	0.8991596638655461
motility	genus	2	prevalence	same_family	31	0.5	0.3541666666666667
motility	genus	2	prevalence	same_order	7	0.5	0.4166666666666667
motility	genus	2	taxonomy	same_family	31	0.6323529411764706	0.6313513513513513
motility	genus	2	taxonomy	same_order	7	0.8	0.7083333333333333
motility	genus	3	prevalence	same_family	25	0.5	0.3055555555555556
motility	genus	3	prevalence	same_order	13	0.5	0.2777777777777778
motility	genus	3	taxonomy	same_family	25	0.4935064935064935	0.47916666666666663
motility	genus	3	taxonomy	same_order	13	0.5375	0.5112781954887218
motility	genus	4	prevalence	same_family	31	0.5	0.43636363636363634
motility	genus	4	prevalence	same_order	7	0.5	0.3
motility	genus	4	taxonomy	same_family	31	0.4226190476190476	0.3881578947368421
motility	genus	4	taxonomy	same_order	7	0.6666666666666666	0.65
motility	genus	5	prevalence	same_family	26	0.5	0.3157894736842105
motility	genus	5	prevalence	same_order	12	0.5	0.2
motility	genus	5	taxonomy	same_family	26	0.6726190476190477	0.6601307189542484
motility	genus	5	taxonomy	same_order	12	0.5	0.42857142857142855
motility	genus	6	prevalence	same_family	33	0.5	0.36538461538461536
motility	genus	6	prevalence	same_order	6	0.5	0.3333333333333333
motility	genus	6	taxonomy	same_family	33	0.6729323308270676	0.6654377880184332
motility	genus	6	taxonomy	same_order	6	0.8333333333333333	0.8285714285714285
motility	genus	7	prevalence	same_family	25	0.5	0.375
motility	genus	7	prevalence	same_order	13	0.5	0.1875
motility	genus	7	taxonomy	same_family	25	0.5333333333333333	0.5331069609507639
motility	genus	7	taxonomy	same_order	13	0.45	0.4090909090909091
motility	genus	8	prevalence	same_family	25	0.5	0.358974358974359
motility	genus	8	prevalence	same_order	13	0.5	0.43478260869565216
motility	genus	8	taxonomy	same_family	25	0.6136363636363636	0.5993589743589745
motility	genus	8	taxonomy	same_order	13	0.75	0.606060606060606
motility	genus	9	prevalence	same_family	29	0.5	0.3695652173913043
motility	genus	9	prevalence	same_order	9	0.5	0.3076923076923077
motility	genus	9	taxonomy	same_family	29	0.7818627450980392	0.7586206896551724
motility	genus	9	taxonomy	same_order	9	0.675	0.6666666666666666
motility	genus	10	prevalence	same_family	22	0.5	0.26666666666666666
motility	genus	10	prevalence	same_order	17	0.5	0.32
motility	genus	10	taxonomy	same_family	22	0.5446428571428572	0.5448275862068965
motility	genus	10	taxonomy	same_order	17	0.8263888888888888	0.8235294117647058
motility	genus	11	prevalence	same_family	25	0.5	0.32432432432432434
motility	genus	11	prevalence	same_order	13	0.5	0.38095238095238093
motility	genus	11	taxonomy	same_family	25	0.6474358974358975	0.6305418719211823
motility	genus	11	taxonomy	same_order	13	0.7125	0.6904761904761905
motility	genus	12	prevalence	same_family	29	0.5	0.42
motility	genus	12	prevalence	same_order	9	0.5	0.35714285714285715
motility	genus	12	taxonomy	same_family	29	0.6071428571428572	0.5972222222222222
motility	genus	12	taxonomy	same_order	9	0.8	0.775
motility	genus	13	prevalence	same_family	27	0.5	0.35714285714285715
motility	genus	13	prevalence	same_order	11	0.5	0.3125
motility	genus	13	taxonomy	same_family	27	0.6	0.5925925925925926
motility	genus	13	taxonomy	same_order	11	0.8166666666666667	0.8166666666666667
motility	genus	14	prevalence	same_family	33	0.5	0.4107142857142857
motility	genus	14	prevalence	same_order	5	0.5	0.2857142857142857
motility	genus	14	taxonomy	same_family	33	0.6978260869565217	0.6726190476190477
motility	genus	14	taxonomy	same_order	5	1.0	1.0
motility	genus	15	prevalence	same_family	26	0.5	0.2972972972972973
motility	genus	15	prevalence	same_order	13	0.5	0.1875
motility	genus	15	taxonomy	same_family	26	0.6636363636363636	0.6533333333333333
motility	genus	15	taxonomy	same_order	13	0.8333333333333333	0.8761904761904762
motility	genus	16	prevalence	same_family	29	0.5	0.3829787234042553
motility	genus	16	prevalence	same_order	9	0.5	0.25
motility	genus	16	taxonomy	same_family	29	0.654040404040404	0.6547619047619048
motility	genus	16	taxonomy	same_order	9	0.75	0.75
motility	genus	17	prevalence	same_family	25	0.5	0.40476190476190477
motility	genus	17	prevalence	same_order	13	0.5	0.38095238095238093
motility	genus	17	taxonomy	same_family	25	0.6948529411764706	0.6880570409982174
motility	genus	17	taxonomy	same_order	13	0.6125	0.606060606060606
motility	genus	18	prevalence	same_family	24	0.5	0.35135135135135137
motility	genus	18	prevalence	same_order	14	0.5	0.2631578947368421
motility	genus	18	taxonomy	same_family	24	0.7097902097902098	0.7078260869565217
motility	genus	18	taxonomy	same_order	14	0.788888888888889	0.7754010695187166
motility	genus	19	prevalence	same_family	29	0.5	0.3829787234042553
motility	genus	19	prevalence	same_order	10	0.5	0.23076923076923078
motility	genus	19	taxonomy	same_family	29	0.7702020202020202	0.7539393939393939
motility	genus	19	taxonomy	same_order	10	0.5	0.4117647058823529
motility	family	0	prevalence	same_class	10	0.0	0.0
motility	family	0	prevalence	same_order	30	0.5	0.34782608695652173
motility	family	0	taxonomy	same_class	10	1.0	1.0
motility	family	0	taxonomy	same_order	30	0.5178571428571428	0.49760765550239233
motility	family	1	prevalence	same_class	20	0.5	0.4444444444444444
motility	family	1	prevalence	same_order	22	0.5	0.3888888888888889
motility	family	1	taxonomy	same_class	20	0.65625	0.5604395604395604
motility	family	1	taxonomy	same_order	22	0.6607142857142857	0.6333333333333333
motility	family	2	prevalence	same_order	42	0.5	0.3333333333333333
motility	family	2	taxonomy	same_order	42	0.47619047619047616	0.47619047619047616
motility	family	3	prevalence	same_class	10	0.5	0.4117647058823529
motility	family	3	prevalence	same_order	28	0.5	0.4166666666666667
motility	family	3	taxonomy	same_class	10	0.5	0.4117647058823529
motility	family	3	taxonomy	same_order	28	0.7875	0.7333333333333334
motility	family	4	prevalence	same_class	13	0.5	0.35
motility	family	4	prevalence	same_order	26	0.5	0.4090909090909091
motility	family	4	taxonomy	same_class	13	0.75	0.7450980392156863
motility	family	4	taxonomy	same_order	26	0.6111111111111112	0.6067226890756303
motility	family	5	prevalence	same_class	13	0.5	0.4090909090909091
motility	family	5	prevalence	same_order	26	0.5	0.3157894736842105
motility	family	5	taxonomy	same_class	13	0.875	0.9022556390977443
motility	family	5	taxonomy	same_order	26	0.7619047619047619	0.7636363636363637
motility	family	6	prevalence	same_order	39	0.5	0.3709677419354839
motility	family	6	taxonomy	same_order	39	0.6576086956521738	0.6407894736842106
motility	family	7	prevalence	same_class	19	0.5	0.32142857142857145
motility	family	7	prevalence	same_order	21	0.5	0.4
motility	family	7	taxonomy	same_class	19	0.6333333333333333	0.631578947368421
motility	family	7	taxonomy	same_order	21	0.75	0.7666666666666666
motility	family	8	prevalence	same_class	20	0.5	0.4444444444444444
motility	family	8	prevalence	same_order	26	0.5	0.3333333333333333
motility	family	8	taxonomy	same_class	20	0.65625	0.5604395604395604
motility	family	8	taxonomy	same_order	26	0.5769230769230769	0.5438596491228069
motility	family	9	prevalence	same_order	39	0.5	0.3389830508474576
motility	family	9	taxonomy	same_order	39	0.5684210526315789	0.5535353535353535
motility	family	10	prevalence	same_order	28	0.5	0.3170731707317073
motility	family	10	prevalence	same_phylum	10	0.5	0.23076923076923078
motility	family	10	taxonomy	same_order	28	0.6948717948717948	0.6679841897233202
motility	family	10	taxonomy	same_phylum	10	0.5	0.4117647058823529
motility	family	11	prevalence	same_class	9	0.5	0.25
motility	family	11	prevalence	same_order	31	0.5	0.3111111111111111
motility	family	11	taxonomy	same_class	9	0.5	0.4
motility	family	11	taxonomy	same_order	31	0.8697478991596639	0.8697478991596639
motility	family	12	prevalence	same_class	9	0.5	0.25
motility	family	12	prevalence	same_order	29	0.5	0.3958333333333333
motility	family	12	taxonomy	same_class	9	0.5	0.4
motility	family	12	taxonomy	same_order	29	0.6157894736842104	0.6037267080745341
motility	family	13	prevalence	same_class	20	0.5	0.4444444444444444
motility	family	13	prevalence	same_order	19	0.5	0.3870967741935484
motility	family	13	taxonomy	same_class	20	0.5	0.4444444444444444
motility	family	13	taxonomy	same_order	19	0.6309523809523809	0.6346153846153846
motility	family	14	prevalence	same_class	10	0.5	0.4117647058823529
motility	family	14	prevalence	same_order	29	0.5	0.30952380952380953
motility	family	14	taxonomy	same_class	10	0.5	0.23076923076923078
motility	family	14	taxonomy	same_order	29	0.5288461538461539	0.5148005148005148
motility	family	15	prevalence	same_order	38	0.5	0.2962962962962963
motility	family	15	taxonomy	same_order	38	0.7045454545454546	0.7076923076923077
motility	family	16	prevalence	same_class	10	0.5	0.375
motility	family	16	prevalence	same_order	21	0.5	0.3
motility	family	16	prevalence	same_phylum	10	0.5	0.23076923076923078
motility	family	16	taxonomy	same_class	10	0.5	0.2857142857142857
motility	family	16	taxonomy	same_order	21	0.7361111111111112	0.7407407407407407
motility	family	16	taxonomy	same_phylum	10	0.5	0.4117647058823529
motility	family	17	prevalence	same_order	38	0.5	0.3090909090909091
motility	family	17	taxonomy	same_order	38	0.6036414565826331	0.602787456445993
motility	family	18	prevalence	same_class	10	0.5	0.4117647058823529
motility	family	18	prevalence	same_order	36	0.5	0.3684210526315789
motility	family	18	taxonomy	same_class	10	0.5	0.4117647058823529
motility	family	18	taxonomy	same_order	36	0.5952380952380952	0.583011583011583
motility	family	19	prevalence	same_class	13	0.5	0.35
motility	family	19	prevalence	same_order	28	0.5	0.2
motility	family	19	taxonomy	same_class	13	0.5	0.3157894736842105
motility	family	19	taxonomy	same_order	28	0.5476190476190476	0.5354449472096531
motility	order	0	prevalence	same_class	40	0.5	0.38461538461538464
motility	order	0	taxonomy	same_class	40	0.6333333333333333	0.6190476190476191
motility	order	1	prevalence	same_class	39	0.5	0.38095238095238093
motility	order	1	taxonomy	same_class	39	0.49166666666666664	0.42647058823529416
motility	order	2	prevalence	same_class	43	0.5	0.31746031746031744
motility	order	2	taxonomy	same_class	43	0.7663043478260869	0.7663043478260869
motility	order	3	prevalence	same_class	40	0.5	0.3220338983050847
motility	order	3	taxonomy	same_class	40	0.662907268170426	0.6484110885733604
motility	order	4	prevalence	same_class	40	0.5	0.3442622950819672
motility	order	4	taxonomy	same_class	40	0.68796992481203	0.6576695194206715
motility	order	5	prevalence	same_class	29	0.5	0.3695652173913043
motility	order	5	prevalence	same_phylum	10	0.5	0.23076923076923078
motility	order	5	taxonomy	same_class	29	0.6519607843137255	0.6188769414575865
motility	order	5	taxonomy	same_phylum	10	0.5	0.4117647058823529
motility	order	6	prevalence	same_class	43	0.5	0.2711864406779661
motility	order	6	taxonomy	same_class	43	0.712962962962963	0.7243589743589745
motility	order	7	prevalence	same_class	40	0.5	0.2982456140350877
motility	order	7	taxonomy	same_class	40	0.7941176470588236	0.8043326345213138
motility	order	8	prevalence	same_class	40	0.5	0.3442622950819672
motility	order	8	taxonomy	same_class	40	0.6378446115288221	0.6050032916392363
motility	order	9	prevalence	same_class	40	0.5	0.38461538461538464
motility	order	9	taxonomy	same_class	40	0.45999999999999996	0.44727272727272727
motility	order	10	prevalence	same_class	40	0.5	0.43661971830985913
motility	order	10	taxonomy	same_class	40	0.7688172043010753	0.7584124245038826
motility	order	11	prevalence	same_class	40	0.5	0.2857142857142857
motility	order	11	taxonomy	same_class	40	0.7604166666666667	0.7474747474747474
motility	order	12	prevalence	same_class	40	0.5	0.40298507462686567
motility	order	12	taxonomy	same_class	40	0.7136752136752136	0.7254004576659039
motility	order	13	prevalence	same_class	39	0.5	0.3709677419354839
motility	order	13	taxonomy	same_class	39	0.5584239130434783	0.501010101010101
motility	order	14	prevalence	same_class	40	0.5	0.38461538461538464
motility	order	14	taxonomy	same_class	40	0.5666666666666667	0.5636363636363637
motility	order	15	prevalence	same_class	40	0.5	0.42028985507246375
motility	order	15	taxonomy	same_class	40	0.5	0.42028985507246375
motility	order	16	prevalence	same_class	40	0.5	0.42028985507246375
motility	order	16	taxonomy	same_class	40	0.5470219435736677	0.42464040025015637
motility	order	17	prevalence	same_class	39	0.5	0.3275862068965517
motility	order	17	taxonomy	same_class	39	0.763157894736842	0.752990851513019
motility	order	18	prevalence	same_class	39	0.5	0.390625
motility	order	18	taxonomy	same_class	39	0.7	0.6112956810631229
motility	order	19	prevalence	same_class	33	0.5	0.37735849056603776
motility	order	19	prevalence	same_phylum	10	0.5	0.23076923076923078
motility	order	19	taxonomy	same_class	33	0.5	0.2826086956521739
motility	order	19	taxonomy	same_phylum	10	0.5	0.4117647058823529
spore	within	0	prevalence	same_family	19	0.5	0.4411764705882353
spore	within	0	prevalence	same_genus	14	0.5	0.46153846153846156
spore	within	0	prevalence	same_order	5	0.5	0.4444444444444444
spore	within	0	taxonomy	same_family	19	0.775	0.7285714285714285
spore	within	0	taxonomy	same_genus	14	1.0	1.0
spore	within	0	taxonomy	same_order	5	0.375	0.375
spore	within	1	prevalence	same_family	16	1.0	1.0
spore	within	1	prevalence	same_genus	14	0.5	0.48148148148148145
spore	within	1	prevalence	same_order	8	0.5	0.4666666666666667
spore	within	1	taxonomy	same_family	16	0.75	0.42857142857142855
spore	within	1	taxonomy	same_genus	14	1.0	1.0
spore	within	1	taxonomy	same_order	8	0.5	0.4666666666666667
spore	within	2	prevalence	same_family	19	0.5	0.40625
spore	within	2	prevalence	same_genus	10	0.5	0.47368421052631576
spore	within	2	prevalence	same_order	9	0.5	0.4375
spore	within	2	taxonomy	same_family	19	0.6025641025641025	0.5681818181818181
spore	within	2	taxonomy	same_genus	10	0.9444444444444444	0.803921568627451
spore	within	2	taxonomy	same_order	9	0.6071428571428572	0.5846153846153846
spore	within	3	prevalence	same_family	17	0.5	0.41379310344827586
spore	within	3	prevalence	same_genus	17	0.5	0.46875
spore	within	3	prevalence	same_order	4	0.5	0.3333333333333333
spore	within	3	taxonomy	same_family	17	0.8	0.8365384615384616
spore	within	3	taxonomy	same_genus	17	0.7166666666666667	0.7166666666666667
spore	within	3	taxonomy	same_order	4	0.75	0.7333333333333334
spore	within	4	prevalence	same_family	15	0.5	0.4444444444444444
spore	within	4	prevalence	same_genus	20	0.5	0.47368421052631576
spore	within	4	prevalence	same_order	3	0.5	0.4
spore	within	4	taxonomy	same_family	15	0.8333333333333333	0.7
spore	within	4	taxonomy	same_genus	20	0.9722222222222222	0.8857142857142857
spore	within	4	taxonomy	same_order	3	1.0	1.0
spore	within	5	prevalence	same_family	16	0.5	0.4482758620689655
spore	within	5	prevalence	same_genus	17	0.5	0.48484848484848486
spore	within	5	prevalence	same_order	5	0.5	0.4444444444444444
spore	within	5	taxonomy	same_family	16	0.8846153846153846	0.7681159420289855
spore	within	5	taxonomy	same_genus	17	0.5	0.48484848484848486
spore	within	5	taxonomy	same_order	5	0.5	0.4444444444444444
spore	within	6	prevalence	same_family	19	0.5	0.36666666666666664
spore	within	6	prevalence	same_genus	14	0.5	0.46153846153846156
spore	within	6	prevalence	same_order	5	0.5	0.2857142857142857
spore	within	6	taxonomy	same_family	19	0.8636363636363636	0.8421052631578947
spore	within	6	taxonomy	same_genus	14	0.75	0.8133333333333332
spore	within	6	taxonomy	same_order	5	0.25	0.16666666666666666
spore	within	7	prevalence	same_family	18	0.5	0.4375
spore	within	7	prevalence	same_genus	14	0.5	0.46153846153846156
spore	within	7	prevalence	same_order	6	0.5	0.45454545454545453
spore	within	7	taxonomy	same_family	18	0.7678571428571428	0.7230769230769231
spore	within	7	taxonomy	same_genus	14	0.75	0.8133333333333332
spore	within	7	taxonomy	same_order	6	0.4	0.4
spore	within	8	prevalence	same_family	19	0.5	0.4411764705882353
spore	within	8	prevalence	same_genus	14	0.5	0.48148148148148145
spore	within	8	prevalence	same_order	5	0.5	0.4444444444444444
spore	within	8	taxonomy	same_family	19	0.8416666666666667	0.8416666666666667
spore	within	8	taxonomy	same_genus	14	1.0	1.0
spore	within	8	taxonomy	same_order	5	0.5	0.4444444444444444
spore	within	9	prevalence	same_family	13	0.5	0.4583333333333333
spore	within	9	prevalence	same_genus	12	0.5	0.45454545454545453
spore	within	9	prevalence	same_order	13	0.5	0.4583333333333333
spore	within	9	taxonomy	same_family	13	0.9545454545454546	0.8761904761904762
spore	within	9	taxonomy	same_genus	12	1.0	1.0
spore	within	9	taxonomy	same_order	13	0.6590909090909092	0.6285714285714286
spore	within	10	prevalence	same_family	16	0.5	0.4482758620689655
spore	within	10	prevalence	same_genus	16	0.5	0.4666666666666667
spore	within	10	prevalence	same_order	6	0.5	0.45454545454545453
spore	within	10	taxonomy	same_family	16	0.717948717948718	0.6666666666666667
spore	within	10	taxonomy	same_genus	16	0.9642857142857143	0.8814814814814815
spore	within	10	taxonomy	same_order	6	0.5	0.45454545454545453
spore	within	11	prevalence	same_family	18	0.5	0.41935483870967744
spore	within	11	prevalence	same_genus	9	0.5	0.47058823529411764
spore	within	11	prevalence	same_order	11	0.5	0.42105263157894735
spore	within	11	taxonomy	same_family	18	0.8846153846153846	0.8193979933110368
spore	within	11	taxonomy	same_genus	9	0.9375	0.8
spore	within	11	taxonomy	same_order	11	0.6041666666666666	0.611764705882353
spore	within	12	prevalence	same_family	21	0.5	0.38235294117647056
spore	within	12	prevalence	same_genus	13	0.5	0.48
spore	within	12	prevalence	same_order	4	1.0	1.0
spore	within	12	taxonomy	same_family	21	0.6826923076923077	0.6636155606407322
spore	within	12	taxonomy	same_genus	13	1.0	1.0
spore	within	12	taxonomy	same_order	4	1.0	1.0
spore	within	13	prevalence	same_family	18	0.5	0.3793103448275862
spore	within	13	prevalence	same_genus	14	0.5	0.46153846153846156
spore	within	13	prevalence	same_order	6	0.5	0.45454545454545453
spore	within	13	taxonomy	same_family	18	0.8831168831168831	0.8831168831168831
spore	within	13	taxonomy	same_genus	14	0.9583333333333333	0.8782608695652174
spore	within	13	taxonomy	same_order	6	0.4	0.4
spore	within	14	prevalence	same_family	18	0.5	0.35714285714285715
spore	within	14	prevalence	same_genus	11	0.5	0.45
spore	within	14	prevalence	same_order	9	0.5	0.3076923076923077
spore	within	14	taxonomy	same_family	18	0.825	0.8285714285714285
spore	within	14	taxonomy	same_genus	11	1.0	1.0
spore	within	14	taxonomy	same_order	9	0.65	0.6493506493506493
spore	within	15	prevalence	same_family	21	0.5	0.4473684210526316
spore	within	15	prevalence	same_genus	6	0.5	0.45454545454545453
spore	within	15	prevalence	same_order	11	0.5	0.35294117647058826
spore	within	15	taxonomy	same_family	21	0.8161764705882353	0.7878787878787878
spore	within	15	taxonomy	same_genus	6	0.9	0.7777777777777777
spore	within	15	taxonomy	same_order	11	0.8	0.8035714285714286
spore	within	16	prevalence	same_family	21	0.5	0.38235294117647056
spore	within	16	prevalence	same_genus	13	0.5	0.4583333333333333
spore	within	16	prevalence	same_order	4	0.5	0.42857142857142855
spore	within	16	taxonomy	same_family	21	0.7980769230769231	0.7980769230769231
spore	within	16	taxonomy	same_genus	13	0.75	0.8115942028985508
spore	within	16	taxonomy	same_order	4	1.0	1.0
spore	within	17	prevalence	same_family	22	0.5	0.3333333333333333
spore	within	17	prevalence	same_genus	13	0.5	0.4583333333333333
spore	within	17	prevalence	same_order	3	1.0	1.0
spore	within	17	taxonomy	same_family	22	0.8636363636363636	0.8633540372670807
spore	within	17	taxonomy	same_genus	13	1.0	1.0
spore	within	17	taxonomy	same_order	3	1.0	1.0
spore	within	18	prevalence	same_family	20	0.5	0.3939393939393939
spore	within	18	prevalence	same_genus	9	0.5	0.4375
spore	within	18	prevalence	same_order	9	0.5	0.3076923076923077
spore	within	18	taxonomy	same_family	20	0.8186813186813187	0.829059829059829
spore	within	18	taxonomy	same_genus	9	0.6785714285714286	0.6785714285714286
spore	within	18	taxonomy	same_order	9	0.8	0.775
spore	within	19	prevalence	same_family	23	0.5	0.41025641025641024
spore	within	19	prevalence	same_genus	10	0.5	0.4117647058823529
spore	within	19	prevalence	same_order	5	0.5	0.2857142857142857
spore	within	19	taxonomy	same_family	23	0.8660714285714286	0.8516129032258064
spore	within	19	taxonomy	same_genus	10	0.8333333333333333	0.8666666666666667
spore	within	19	taxonomy	same_order	5	1.0	1.0
spore	genus	0	prevalence	same_family	27	0.5	0.37209302325581395
spore	genus	0	prevalence	same_order	15	1.0	1.0
spore	genus	0	taxonomy	same_family	27	0.8636363636363636	0.8781954887218044
spore	genus	0	taxonomy	same_order	15	0.9333333333333333	0.4827586206896552
spore	genus	1	prevalence	same_family	26	0.5	0.3953488372093023
spore	genus	1	prevalence	same_order	12	0.5	0.45454545454545453
spore	genus	1	taxonomy	same_family	26	0.803921568627451	0.8194444444444444
spore	genus	1	taxonomy	same_order	12	0.7	0.7
spore	genus	2	prevalence	same_family	31	0.5	0.41509433962264153
spore	genus	2	prevalence	same_order	7	0.5	0.4166666666666667
spore	genus	2	taxonomy	same_family	31	0.8308080808080808	0.7886363636363636
spore	genus	2	taxonomy	same_order	7	1.0	1.0
spore	genus	3	prevalence	same_family	25	0.5	0.4318181818181818
spore	genus	3	prevalence	same_order	13	0.5	0.4583333333333333
spore	genus	3	taxonomy	same_family	25	0.9473684210526316	0.9007936507936507
spore	genus	3	taxonomy	same_order	13	1.0	1.0
spore	genus	4	prevalence	same_family	31	0.5	0.48333333333333334
spore	genus	4	prevalence	same_order	7	0.5	0.4166666666666667
spore	genus	4	taxonomy	same_family	31	0.9827586206896552	0.8912280701754386
spore	genus	4	taxonomy	same_order	7	0.9	0.8444444444444444
spore	genus	5	prevalence	same_family	26	0.5	0.43478260869565216
spore	genus	5	prevalence	same_order	12	0.5	0.45454545454545453
spore	genus	5	taxonomy	same_family	26	0.7416666666666667	0.6601307189542484
spore	genus	5	taxonomy	same_order	12	0.9	0.7777777777777777
spore	genus	6	prevalence	same_family	33	0.5	0.43103448275862066
spore	genus	6	prevalence	same_order	6	0.5	0.4
spore	genus	6	taxonomy	same_family	33	0.875	0.9093406593406593
spore	genus	6	taxonomy	same_order	6	1.0	1.0
spore	genus	7	prevalence	same_family	25	0.5	0.4318181818181818
spore	genus	7	prevalence	same_order	13	0.5	0.48
spore	genus	7	taxonomy	same_family	25	0.8377192982456141	0.8015873015873016
spore	genus	7	taxonomy	same_order	13	1.0	1.0
spore	genus	8	prevalence	same_family	25	0.5	0.4186046511627907
spore	genus	8	prevalence	same_order	13	0.5	0.4583333333333333
spore	genus	8	taxonomy	same_family	25	0.8452380952380952	0.8161764705882353
spore	genus	8	taxonomy	same_order	13	0.5	0.4583333333333333
spore	genus	9	prevalence	same_family	29	0.5	0.43137254901960786
spore	genus	9	prevalence	same_order	9	0.5	0.4375
spore	genus	9	taxonomy	same_family	29	0.788961038961039	0.7751937984496124
spore	genus	9	taxonomy	same_order	9	0.6785714285714286	0.6785714285714286
spore	genus	10	prevalence	same_family	22	0.5	0.3333333333333333
spore	genus	10	prevalence	same_order	17	0.5	0.48484848484848486
spore	genus	10	taxonomy	same_family	22	0.7727272727272727	0.7722567287784678
spore	genus	10	taxonomy	same_order	17	0.84375	0.5502645502645502
spore	genus	11	prevalence	same_family	25	0.5	0.4186046511627907
spore	genus	11	prevalence	same_order	13	0.5	0.4090909090909091
spore	genus	11	taxonomy	same_family	25	0.6746031746031746	0.6666666666666667
spore	genus	11	taxonomy	same_order	13	0.7638888888888888	0.7450980392156863
spore	genus	12	prevalence	same_family	29	0.5	0.43137254901960786
spore	genus	12	prevalence	same_order	9	0.5	0.4375
spore	genus	12	taxonomy	same_family	29	0.7922077922077921	0.7260458839406208
spore	genus	12	taxonomy	same_order	9	0.8571428571428572	0.75
spore	genus	13	prevalence	same_family	27	0.5	0.41304347826086957
spore	genus	13	prevalence	same_order	11	0.5	0.3888888888888889
spore	genus	13	taxonomy	same_family	27	0.8322368421052632	0.7969924812030075
spore	genus	13	taxonomy	same_order	11	0.75	0.7708333333333333
spore	genus	14	prevalence	same_family	33	0.5	0.42105263157894735
spore	genus	14	prevalence	same_order	5	1.0	1.0
spore	genus	14	taxonomy	same_family	33	0.7638888888888888	0.7272727272727273
spore	genus	14	taxonomy	same_order	5	0.8	0.4444444444444444
spore	genus	15	prevalence	same_family	26	0.5	0.4090909090909091
spore	genus	15	prevalence	same_order	13	0.5	0.43478260869565216
spore	genus	15	taxonomy	same_family	26	0.6875	0.7117516629711751
spore	genus	15	taxonomy	same_order	13	1.0	1.0
spore	genus	16	prevalence	same_family	29	0.5	0.42
spore	genus	16	prevalence	same_order	9	0.5	0.47058823529411764
spore	genus	16	taxonomy	same_family	29	0.8660714285714286	0.8388888888888889
spore	genus	16	taxonomy	same_order	9	1.0	1.0
spore	genus	17	prevalence	same_family	25	0.5	0.4444444444444444
spore	genus	17	prevalence	same_order	13	0.5	0.4090909090909091
spore	genus	17	taxonomy	same_family	25	0.875	0.875
spore	genus	17	taxonomy	same_order	13	0.875	0.9022556390977443
spore	genus	18	prevalence	same_family	24	0.5	0.38461538461538464
spore	genus	18	prevalence	same_order	14	0.5	0.46153846153846156
spore	genus	18	taxonomy	same_family	24	0.7333333333333334	0.7333333333333334
spore	genus	18	taxonomy	same_order	14	0.75	0.8133333333333332
spore	genus	19	prevalence	same_family	29	0.5	0.40816326530612246
spore	genus	19	prevalence	same_order	10	0.5	0.4444444444444444
spore	genus	19	taxonomy	same_family	29	0.775	0.6881720430107527
spore	genus	19	taxonomy	same_order	10	0.75	0.803921568627451
spore	family	0	prevalence	same_class	10	1.0	1.0
spore	family	0	prevalence	same_order	30	0.5	0.4117647058823529
spore	family	0	taxonomy	same_class	10	1.0	1.0
spore	family	0	taxonomy	same_order	30	0.7777777777777778	0.8136645962732919
spore	family	1	prevalence	same_class	20	0.5	0.48717948717948717
spore	family	1	prevalence	same_order	22	0.5	0.45
spore	family	1	taxonomy	same_class	20	0.5	0.48717948717948717
spore	family	1	taxonomy	same_order	22	0.8194444444444444	0.7904761904761904
spore	family	2	prevalence	same_order	42	0.5	0.35384615384615387
spore	family	2	taxonomy	same_order	42	0.799771167048055	0.7846153846153847
spore	family	3	prevalence	same_class	10	0.5	0.47368421052631576
spore	family	3	prevalence	same_order	28	0.5	0.42857142857142855
spore	family	3	taxonomy	same_class	10	0.5	0.47368421052631576
spore	family	3	taxonomy	same_order	28	0.8333333333333333	0.7888386123680242
spore	family	4	prevalence	same_class	13	0.5	0.48
spore	family	4	prevalence	same_order	26	0.5	0.44680851063829785
spore	family	4	taxonomy	same_class	13	0.5	0.48
spore	family	4	taxonomy	same_order	26	0.8	0.8522727272727273
spore	family	5	prevalence	same_class	13	1.0	1.0
spore	family	5	prevalence	same_order	26	0.5	0.36585365853658536
spore	family	5	taxonomy	same_class	13	1.0	1.0
spore	family	5	taxonomy	same_order	26	0.9090909090909092	0.91875
spore	family	6	prevalence	same_order	39	0.5	0.4
spore	family	6	taxonomy	same_order	39	0.9038461538461539	0.8885714285714286
spore	family	7	prevalence	same_class	19	0.5	0.36666666666666664
spore	family	7	prevalence	same_order	21	0.5	0.46153846153846156
spore	family	7	taxonomy	same_class	19	0.7386363636363636	0.7338935574229692
spore	family	7	taxonomy	same_order	21	0.5277777777777778	0.505050505050505
spore	family	8	prevalence	same_class	20	0.5	0.48717948717948717
spore	family	8	prevalence	same_order	26	0.5	0.36585365853658536
spore	family	8	taxonomy	same_class	20	0.5	0.48717948717948717
spore	family	8	taxonomy	same_order	26	0.9212121212121211	0.9212121212121211
spore	family	9	prevalence	same_order	39	0.5	0.38095238095238093
spore	family	9	taxonomy	same_order	39	0.8583333333333334	0.8627726952850105
spore	family	10	prevalence	same_order	28	0.5	0.45098039215686275
spore	family	10	prevalence	same_phylum	10	0.5	0.09090909090909091
spore	family	10	taxonomy	same_order	28	0.7	0.7551020408163265
spore	family	10	taxonomy	same_phylum	10	0.5	0.47368421052631576
spore	family	11	prevalence	same_class	9	0.5	0.25
spore	family	11	prevalence	same_order	31	0.5	0.4745762711864407
spore	family	11	taxonomy	same_class	9	0.5	0.4
spore	family	11	taxonomy	same_order	31	0.8154761904761905	0.8154761904761905
spore	family	12	prevalence	same_class	9	0.5	0.25
spore	family	12	prevalence	same_order	29	0.5	0.4727272727272727
spore	family	12	taxonomy	same_class	9	0.5	0.4
spore	family	12	taxonomy	same_order	29	0.5705128205128205	0.5396825396825397
spore	family	13	prevalence	same_class	20	0.5	0.48717948717948717
spore	family	13	prevalence	same_order	19	0.5	0.4722222222222222
spore	family	13	taxonomy	same_class	20	0.5	0.48717948717948717
spore	family	13	taxonomy	same_order	19	0.9411764705882353	0.8020833333333333
spore	family	14	prevalence	same_class	10	0.5	0.47368421052631576
spore	family	14	prevalence	same_order	29	0.5	0.32558139534883723
spore	family	14	taxonomy	same_class	10	0.5	0.47368421052631576
spore	family	14	taxonomy	same_order	29	0.8571428571428572	0.857843137254902
spore	family	15	prevalence	same_order	38	0.5	0.3870967741935484
spore	family	15	taxonomy	same_order	38	0.9642857142857143	0.9712773998488284
spore	family	16	prevalence	same_class	10	0.5	0.4444444444444444
spore	family	16	prevalence	same_order	21	0.5	0.475
spore	family	16	prevalence	same_phylum	10	0.5	0.09090909090909091
spore	family	16	taxonomy	same_class	10	0.5	0.4444444444444444
spore	family	16	taxonomy	same_order	21	1.0	1.0
spore	family	16	taxonomy	same_phylum	10	0.5	0.47368421052631576
spore	family	17	prevalence	same_order	38	0.5	0.3870967741935484
spore	family	17	taxonomy	same_order	38	0.8660714285714286	0.8606016140865738
spore	family	18	prevalence	same_class	10	0.5	0.47368421052631576
spore	family	18	prevalence	same_order	36	0.5	0.4782608695652174
spore	family	18	taxonomy	same_class	10	0.5	0.47368421052631576
spore	family	18	taxonomy	same_order	36	0.6666666666666666	0.7352941176470589
spore	family	19	prevalence	same_class	13	0.5	0.48
spore	family	19	prevalence	same_order	28	0.5	0.44
spore	family	19	taxonomy	same_class	13	0.5	0.48
spore	family	19	taxonomy	same_order	28	0.7575757575757576	0.672514619883041
spore	order	0	prevalence	same_class	40	0.5	0.42028985507246375
spore	order	0	taxonomy	same_class	40	0.9545454545454546	0.9677158999192897
spore	order	1	prevalence	same_class	39	0.5	0.4264705882352941
spore	order	1	taxonomy	same_class	39	0.643103448275862	0.5883180858550316
spore	order	2	prevalence	same_class	43	0.5	0.38571428571428573
spore	order	2	taxonomy	same_class	43	0.7627314814814814	0.7794871794871795
spore	order	3	prevalence	same_class	40	0.5	0.42028985507246375
spore	order	3	taxonomy	same_class	40	0.9545454545454546	0.9677158999192897
spore	order	4	prevalence	same_class	40	0.5	0.48717948717948717
spore	order	4	taxonomy	same_class	40	0.5	0.48717948717948717
spore	order	5	prevalence	same_class	29	0.5	0.42
spore	order	5	prevalence	same_phylum	10	0.5	0.09090909090909091
spore	order	5	taxonomy	same_class	29	0.8035714285714286	0.7919655667144907
spore	order	5	taxonomy	same_phylum	10	0.5	0.47368421052631576
spore	order	6	prevalence	same_class	43	0.5	0.4266666666666667
spore	order	6	taxonomy	same_class	43	0.8934659090909092	0.9054945054945055
spore	order	7	prevalence	same_class	40	0.5	0.36507936507936506
spore	order	7	taxonomy	same_class	40	0.7941176470588236	0.8043326345213138
spore	order	8	prevalence	same_class	40	0.5	0.48717948717948717
spore	order	8	taxonomy	same_class	40	0.631578947368421	0.5098039215686274
spore	order	9	prevalence	same_class	40	0.5	0.4117647058823529
spore	order	9	taxonomy	same_class	40	0.7976190476190477	0.7395833333333333
spore	order	10	prevalence	same_class	40	0.5	0.375
spore	order	10	taxonomy	same_class	40	0.8125	0.829059829059829
spore	order	11	prevalence	same_class	40	0.5	0.4936708860759494
spore	order	11	taxonomy	same_class	40	0.5	0.4936708860759494
spore	order	12	prevalence	same_class	40	0.5	0.43661971830985913
spore	order	12	taxonomy	same_class	40	0.5	0.43661971830985913
spore	order	13	prevalence	same_class	39	0.5	0.44285714285714284
spore	order	13	taxonomy	same_class	39	0.8266129032258065	0.8119575699132112
spore	order	14	prevalence	same_class	40	0.5	0.48717948717948717
spore	order	14	taxonomy	same_class	40	0.5	0.48717948717948717
spore	order	15	prevalence	same_class	40	0.5	0.4666666666666667
spore	order	15	taxonomy	same_class	40	0.6714285714285715	0.5054545454545455
spore	order	16	prevalence	same_class	40	0.5	0.4117647058823529
spore	order	16	taxonomy	same_class	40	0.7976190476190477	0.7395833333333333
spore	order	17	prevalence	same_class	39	0.5	0.4264705882352941
spore	order	17	taxonomy	same_class	39	0.710344827586207	0.6432090077410275
spore	order	18	prevalence	same_class	39	0.5	0.30357142857142855
spore	order	18	taxonomy	same_class	39	0.5	0.36065573770491804
spore	order	19	prevalence	same_class	33	0.5	0.47619047619047616
spore	order	19	prevalence	same_phylum	10	0.5	0.09090909090909091
spore	order	19	taxonomy	same_class	33	0.5166666666666666	0.4731494920174166
spore	order	19	taxonomy	same_phylum	10	0.5	0.47368421052631576
oxygen	within	0	prevalence	same_family	19	0.3333333333333333	0.24444444444444444
oxygen	within	0	prevalence	same_genus	14	0.3333333333333333	0.2222222222222222
oxygen	within	0	prevalence	same_order	5	0.5	0.375
oxygen	within	0	taxonomy	same_family	19	0.8030303030303031	0.7565217391304347
oxygen	within	0	taxonomy	same_genus	14	0.8214285714285715	0.8119658119658119
oxygen	within	0	taxonomy	same_order	5	0.41666666666666663	0.3
oxygen	within	1	prevalence	same_family	16	0.3333333333333333	0.2716049382716049
oxygen	within	1	prevalence	same_genus	14	0.5	0.46153846153846156
oxygen	within	1	prevalence	same_order	8	0.3333333333333333	0.2222222222222222
oxygen	within	1	taxonomy	same_family	16	0.6010101010101009	0.5952380952380952
oxygen	within	1	taxonomy	same_genus	14	1.0	1.0
oxygen	within	1	taxonomy	same_order	8	0.5	0.4646464646464647
oxygen	within	2	prevalence	same_family	19	0.3333333333333333	0.2708333333333333
oxygen	within	2	prevalence	same_genus	10	1.0	1.0
oxygen	within	2	prevalence	same_order	9	0.5	0.47058823529411764
oxygen	within	2	taxonomy	same_family	19	0.5384615384615384	0.49378881987577633
oxygen	within	2	taxonomy	same_genus	10	0.8	0.4444444444444444
oxygen	within	2	taxonomy	same_order	9	0.9375	0.6444444444444445
oxygen	within	3	prevalence	same_family	17	0.3333333333333333	0.21333333333333335
oxygen	within	3	prevalence	same_genus	17	0.3333333333333333	0.2888888888888889
oxygen	within	3	prevalence	same_order	4	1.0	1.0
oxygen	within	3	taxonomy	same_family	17	0.30357142857142855	0.2966507177033493
oxygen	within	3	taxonomy	same_genus	17	0.7564102564102564	0.7222222222222223
oxygen	within	3	taxonomy	same_order	4	0.75	0.42857142857142855
oxygen	within	4	prevalence	same_family	15	0.5	0.4444444444444444
oxygen	within	4	prevalence	same_genus	20	0.3333333333333333	0.25
oxygen	within	4	prevalence	same_order	3	0.5	0.4
oxygen	within	4	taxonomy	same_family	15	0.5416666666666666	0.39420289855072466
oxygen	within	4	taxonomy	same_genus	20	0.7833333333333333	0.7760210803689064
oxygen	within	4	taxonomy	same_order	3	0.25	0.16666666666666666
oxygen	within	5	prevalence	same_family	16	0.3333333333333333	0.2857142857142857
oxygen	within	5	prevalence	same_genus	17	0.3333333333333333	0.27586206896551724
oxygen	within	5	prevalence	same_order	5	1.0	1.0
oxygen	within	5	taxonomy	same_family	16	0.5555555555555555	0.4761904761904761
oxygen	within	5	taxonomy	same_genus	17	0.7222222222222223	0.7222222222222223
oxygen	within	5	taxonomy	same_order	5	0.4	0.2857142857142857
oxygen	within	6	prevalence	same_family	19	0.3333333333333333	0.24444444444444444
oxygen	within	6	prevalence	same_genus	14	0.3333333333333333	0.2777777777777778
oxygen	within	6	prevalence	same_order	5	1.0	1.0
oxygen	within	6	taxonomy	same_family	19	0.5757575757575758	0.5437229437229437
oxygen	within	6	taxonomy	same_genus	14	0.9333333333333332	0.8518518518518517
oxygen	within	6	taxonomy	same_order	5	0.6	0.375
oxygen	within	7	prevalence	same_family	18	0.3333333333333333	0.2528735632183908
oxygen	within	7	prevalence	same_genus	14	0.3333333333333333	0.2777777777777778
oxygen	within	7	prevalence	same_order	6	0.5	0.45454545454545453
oxygen	within	7	taxonomy	same_family	18	0.6313131313131314	0.611111111111111
oxygen	within	7	taxonomy	same_genus	14	0.6666666666666666	0.6507936507936508
oxygen	within	7	taxonomy	same_order	6	0.4	0.26666666666666666
oxygen	within	8	prevalence	same_family	19	0.3333333333333333	0.2142857142857143
oxygen	within	8	prevalence	same_genus	14	0.5	0.44
oxygen	within	8	prevalence	same_order	5	0.5	0.2857142857142857
oxygen	within	8	taxonomy	same_family	19	0.5092592592592592	0.5362318840579711
oxygen	within	8	taxonomy	same_genus	14	0.7878787878787878	0.7878787878787878
oxygen	within	8	taxonomy	same_order	5	0.41666666666666663	0.4
oxygen	within	9	prevalence	same_family	13	0.3333333333333333	0.25396825396825395
oxygen	within	9	prevalence	same_genus	12	0.3333333333333333	0.24561403508771928
oxygen	within	9	prevalence	same_order	13	0.3333333333333333	0.3055555555555555
oxygen	within	9	taxonomy	same_family	13	0.4166666666666667	0.3833333333333333
oxygen	within	9	taxonomy	same_genus	12	0.6190476190476191	0.6190476190476191
oxygen	within	9	taxonomy	same_order	13	0.27272727272727276	0.27272727272727276
oxygen	within	10	prevalence	same_family	16	0.5	0.4666666666666667
oxygen	within	10	prevalence	same_genus	16	0.3333333333333333	0.2716049382716049
oxygen	within	10	prevalence	same_order	6	0.5	0.4
oxygen	within	10	taxonomy	same_family	16	0.5357142857142857	0.35353535353535354
oxygen	within	10	taxonomy	same_genus	16	0.9393939393939394	0.8555555555555555
oxygen	within	10	taxonomy	same_order	6	0.375	0.25
oxygen	within	11	prevalence	same_family	18	0.3333333333333333	0.2795698924731183
oxygen	within	11	prevalence	same_genus	9	0.5	0.47058823529411764
oxygen	within	11	prevalence	same_order	11	0.3333333333333333	0.25925925925925924
oxygen	within	11	taxonomy	same_family	18	0.4743589743589744	0.5079365079365079
oxygen	within	11	taxonomy	same_genus	9	0.9375	0.8
oxygen	within	11	taxonomy	same_order	11	0.2380952380952381	0.20833333333333334
oxygen	within	12	prevalence	same_family	21	0.3333333333333333	0.2549019607843137
oxygen	within	12	prevalence	same_genus	13	0.3333333333333333	0.2333333333333333
oxygen	within	12	prevalence	same_order	4	0.5	0.42857142857142855
oxygen	within	12	taxonomy	same_family	21	0.4230769230769231	0.4047619047619048
oxygen	within	12	taxonomy	same_genus	13	0.7857142857142857	0.7857142857142857
oxygen	within	12	taxonomy	same_order	4	0.8333333333333333	0.7333333333333334
oxygen	within	13	prevalence	same_family	18	0.3333333333333333	0.2222222222222222
oxygen	within	13	prevalence	same_genus	14	0.3333333333333333	0.29333333333333333
oxygen	within	13	prevalence	same_order	6	0.3333333333333333	0.2222222222222222
oxygen	within	13	taxonomy	same_family	18	0.40925925925925927	0.40079365079365076
oxygen	within	13	taxonomy	same_genus	14	0.9696969696969697	0.9174603174603174
oxygen	within	13	taxonomy	same_order	6	0.1111111111111111	0.1111111111111111
oxygen	within	14	prevalence	same_family	18	0.3333333333333333	0.26666666666666666
oxygen	within	14	prevalence	same_genus	11	0.3333333333333333	0.2807017543859649
oxygen	within	14	prevalence	same_order	9	0.5	0.35714285714285715
oxygen	within	14	taxonomy	same_family	18	0.4166666666666667	0.3693121693121693
oxygen	within	14	taxonomy	same_genus	11	0.6666666666666666	0.6470588235294118
oxygen	within	14	taxonomy	same_order	9	0.35	0.23148148148148148
oxygen	within	15	prevalence	same_family	21	0.3333333333333333	0.24242424242424243
oxygen	within	15	prevalence	same_genus	6	0.3333333333333333	0.2222222222222222
oxygen	within	15	prevalence	same_order	11	0.5	0.42105263157894735
oxygen	within	15	taxonomy	same_family	21	0.5833333333333334	0.5598290598290598
oxygen	within	15	taxonomy	same_genus	6	0.8888888888888888	0.8666666666666667
oxygen	within	15	taxonomy	same_order	11	0.6041666666666666	0.611764705882353
oxygen	within	16	prevalence	same_family	21	0.3333333333333333	0.26666666666666666
oxygen	within	16	prevalence	same_genus	13	0.3333333333333333	0.25396825396825395
oxygen	within	16	prevalence	same_order	4	0.3333333333333333	0.2222222222222222
oxygen	within	16	taxonomy	same_family	21	0.48412698412698413	0.41954022988505746
oxygen	within	16	taxonomy	same_genus	13	0.8333333333333334	0.869281045751634
oxygen	within	16	taxonomy	same_order	4	0.5	0.5
oxygen	within	17	prevalence	same_family	22	0.3333333333333333	0.2702702702702703
oxygen	within	17	prevalence	same_genus	13	0.3333333333333333	0.2333333333333333
oxygen	within	17	prevalence	same_order	3	0.5	0.25
oxygen	within	17	taxonomy	same_family	22	0.45555555555555555	0.40432098765432095
oxygen	within	17	taxonomy	same_genus	13	0.9523809523809524	0.8632478632478633
oxygen	within	17	taxonomy	same_order	3	0.5	0.25
oxygen	within	18	prevalence	same_family	20	0.3333333333333333	0.25
oxygen	within	18	prevalence	same_genus	9	0.5	0.4
oxygen	within	18	prevalence	same_order	9	0.5	0.47058823529411764
oxygen	within	18	taxonomy	same_family	20	0.3611111111111111	0.2692307692307692
oxygen	within	18	taxonomy	same_genus	9	0.9166666666666667	0.6363636363636364
oxygen	within	18	taxonomy	same_order	9	0.5	0.47058823529411764
oxygen	within	19	prevalence	same_family	23	0.3333333333333333	0.2735042735042735
oxygen	within	19	prevalence	same_genus	10	0.3333333333333333	0.25
oxygen	within	19	prevalence	same_order	5	0.3333333333333333	0.25
oxygen	within	19	taxonomy	same_family	23	0.5694444444444444	0.5343915343915344
oxygen	within	19	taxonomy	same_genus	10	0.9444444444444445	0.903030303030303
oxygen	within	19	taxonomy	same_order	5	0.3333333333333333	0.25
oxygen	genus	0	prevalence	same_family	27	0.3333333333333333	0.22764227642276424
oxygen	genus	0	prevalence	same_order	15	0.3333333333333333	0.28205128205128205
oxygen	genus	0	taxonomy	same_family	27	0.7792207792207791	0.7792207792207791
oxygen	genus	0	taxonomy	same_order	15	0.5858585858585857	0.27985347985347986
oxygen	genus	1	prevalence	same_family	26	0.3333333333333333	0.2635658914728682
oxygen	genus	1	prevalence	same_order	12	0.3333333333333333	0.26666666666666666
oxygen	genus	1	taxonomy	same_family	26	0.5098039215686274	0.4444444444444445
oxygen	genus	1	taxonomy	same_order	12	0.7083333333333334	0.46296296296296297
oxygen	genus	2	prevalence	same_family	31	0.3333333333333333	0.2692307692307692
oxygen	genus	2	prevalence	same_order	7	0.3333333333333333	0.2777777777777778
oxygen	genus	2	taxonomy	same_family	31	0.5079365079365079	0.48531648531648536
oxygen	genus	2	taxonomy	same_order	7	0.6666666666666666	0.6363636363636364
oxygen	genus	3	prevalence	same_family	25	0.3333333333333333	0.2962962962962963
oxygen	genus	3	prevalence	same_order	13	0.3333333333333333	0.27272727272727276
oxygen	genus	3	taxonomy	same_family	25	0.43333333333333335	0.4473684210526316
oxygen	genus	3	taxonomy	same_order	13	0.8148148148148149	0.7202797202797203
oxygen	genus	4	prevalence	same_family	31	0.3333333333333333	0.2448979591836735
oxygen	genus	4	prevalence	same_order	7	0.5	0.36363636363636365
oxygen	genus	4	taxonomy	same_family	31	0.5793650793650794	0.6055555555555555
oxygen	genus	4	taxonomy	same_order	7	0.5833333333333333	0.5714285714285714
oxygen	genus	5	prevalence	same_family	26	0.3333333333333333	0.27272727272727276
oxygen	genus	5	prevalence	same_order	12	0.3333333333333333	0.24561403508771928
oxygen	genus	5	taxonomy	same_family	26	0.4851851851851852	0.4883597883597884
oxygen	genus	5	taxonomy	same_order	12	0.4166666666666667	0.3925925925925926
oxygen	genus	6	prevalence	same_family	33	0.3333333333333333	0.2807017543859649
oxygen	genus	6	prevalence	same_order	6	0.3333333333333333	0.2222222222222222
oxygen	genus	6	taxonomy	same_family	33	0.6055555555555555	0.5352415026833631
oxygen	genus	6	taxonomy	same_order	6	0.5555555555555555	0.5238095238095238
oxygen	genus	7	prevalence	same_family	25	0.3333333333333333	0.2962962962962963
oxygen	genus	7	prevalence	same_order	13	0.3333333333333333	0.27272727272727276
oxygen	genus	7	taxonomy	same_family	25	0.6222222222222222	0.5407407407407407
oxygen	genus	7	taxonomy	same_order	13	0.6666666666666666	0.6083916083916084
oxygen	genus	8	prevalence	same_family	25	0.3333333333333333	0.2280701754385965
oxygen	genus	8	prevalence	same_order	13	0.3333333333333333	0.2898550724637681
oxygen	genus	8	taxonomy	same_family	25	0.8018648018648019	0.6186299081035923
oxygen	genus	8	taxonomy	same_order	13	0.2333333333333333	0.20634920634920637
oxygen	genus	9	prevalence	same_family	29	0.3333333333333333	0.24637681159420288
oxygen	genus	9	prevalence	same_order	9	0.5	0.4
oxygen	genus	9	taxonomy	same_family	29	0.7107843137254902	0.6810640340052104
oxygen	genus	9	taxonomy	same_order	9	0.25	0.19999999999999998
oxygen	genus	10	prevalence	same_family	22	0.3333333333333333	0.24761904761904763
oxygen	genus	10	prevalence	same_order	17	0.5	0.41379310344827586
oxygen	genus	10	taxonomy	same_family	22	0.5164835164835164	0.49
oxygen	genus	10	taxonomy	same_order	17	0.4916666666666667	0.3434343434343434
oxygen	genus	11	prevalence	same_family	25	0.3333333333333333	0.2962962962962963
oxygen	genus	11	prevalence	same_order	13	0.3333333333333333	0.2898550724637681
oxygen	genus	11	taxonomy	same_family	25	0.6611111111111111	0.49494949494949486
oxygen	genus	11	taxonomy	same_order	13	0.5666666666666667	0.5789473684210527
oxygen	genus	12	prevalence	same_family	29	0.3333333333333333	0.272108843537415
oxygen	genus	12	prevalence	same_order	9	0.5	0.4375
oxygen	genus	12	taxonomy	same_family	29	0.5666666666666667	0.5849927849927851
oxygen	genus	12	taxonomy	same_order	9	0.6785714285714286	0.6785714285714286
oxygen	genus	13	prevalence	same_family	27	0.3333333333333333	0.2753623188405797
oxygen	genus	13	prevalence	same_order	11	0.5	0.45
oxygen	genus	13	taxonomy	same_family	27	0.40789473684210525	0.36296296296296293
oxygen	genus	13	taxonomy	same_order	11	0.16666666666666666	0.14285714285714285
oxygen	genus	14	prevalence	same_family	33	0.3333333333333333	0.2738095238095238
oxygen	genus	14	prevalence	same_order	5	0.5	0.4444444444444444
oxygen	genus	14	taxonomy	same_family	33	0.716183574879227	0.6041385515069725
oxygen	genus	14	taxonomy	same_order	5	0.375	0.375
oxygen	genus	15	prevalence	same_family	26	0.3333333333333333	0.2898550724637681
oxygen	genus	15	prevalence	same_order	13	0.5	0.38095238095238093
oxygen	genus	15	taxonomy	same_family	26	0.4166666666666667	0.371326164874552
oxygen	genus	15	taxonomy	same_order	13	0.425	0.27505827505827507
oxygen	genus	16	prevalence	same_family	29	0.3333333333333333	0.2553191489361702
oxygen	genus	16	prevalence	same_order	9	0.5	0.47058823529411764
oxygen	genus	16	taxonomy	same_family	29	0.43783068783068785	0.43743743743743746
oxygen	genus	16	taxonomy	same_order	9	0.0625	0.07407407407407407
oxygen	genus	17	prevalence	same_family	25	0.3333333333333333	0.25
oxygen	genus	17	prevalence	same_order	13	0.3333333333333333	0.27272727272727276
oxygen	genus	17	taxonomy	same_family	25	0.7388888888888889	0.707936507936508
oxygen	genus	17	taxonomy	same_order	13	0.25925925925925924	0.2333333333333333
oxygen	genus	18	prevalence	same_family	24	0.3333333333333333	0.24561403508771928
oxygen	genus	18	prevalence	same_order	14	0.3333333333333333	0.2777777777777778
oxygen	genus	18	taxonomy	same_family	24	0.3333333333333333	0.39957264957264965
oxygen	genus	18	taxonomy	same_order	14	0.6888888888888888	0.6323232323232323
oxygen	genus	19	prevalence	same_family	29	0.3333333333333333	0.24637681159420288
oxygen	genus	19	prevalence	same_order	10	0.5	0.4444444444444444
oxygen	genus	19	taxonomy	same_family	29	0.3420479302832244	0.362962962962963
oxygen	genus	19	taxonomy	same_order	10	0.625	0.2814814814814815
oxygen	family	0	prevalence	same_class	10	0.5	0.375
oxygen	family	0	prevalence	same_order	30	0.3333333333333333	0.2962962962962963
oxygen	family	0	taxonomy	same_class	10	0.5	0.2857142857142857
oxygen	family	0	taxonomy	same_order	30	0.5694444444444443	0.40305010893246185
oxygen	family	1	prevalence	same_class	20	0.3333333333333333	0.2962962962962963
oxygen	family	1	prevalence	same_order	22	0.3333333333333333	0.25925925925925924
oxygen	family	1	taxonomy	same_class	20	0.1875	0.23076923076923075
oxygen	family	1	taxonomy	same_order	22	0.42063492063492064	0.3493516399694889
oxygen	family	2	prevalence	same_order	42	0.3333333333333333	0.2608695652173913
oxygen	family	2	taxonomy	same_order	42	0.49753086419753084	0.4888888888888889
oxygen	family	3	prevalence	same_class	10	0.5	0.47368421052631576
oxygen	family	3	prevalence	same_order	28	0.3333333333333333	0.2857142857142857
oxygen	family	3	taxonomy	same_class	10	0.5	0.47368421052631576
oxygen	family	3	taxonomy	same_order	28	0.6761904761904761	0.4583333333333333
oxygen	family	4	prevalence	same_class	13	0.5	0.4583333333333333
oxygen	family	4	prevalence	same_order	26	0.3333333333333333	0.24390243902439024
oxygen	family	4	taxonomy	same_class	13	0.5	0.13333333333333333
oxygen	family	4	taxonomy	same_order	26	0.6722222222222222	0.6549707602339181
oxygen	family	5	prevalence	same_class	13	0.5	0.38095238095238093
oxygen	family	5	prevalence	same_order	26	0.3333333333333333	0.2333333333333333
oxygen	family	5	taxonomy	same_class	13	0.2	0.16666666666666666
oxygen	family	5	taxonomy	same_order	26	0.6047619047619047	0.5333333333333333
oxygen	family	6	prevalence	same_order	39	0.3333333333333333	0.27860696517412936
oxygen	family	6	taxonomy	same_order	39	0.4523809523809524	0.4371929824561403
oxygen	family	7	prevalence	same_class	19	0.3333333333333333	0.30476190476190473
oxygen	family	7	prevalence	same_order	21	0.3333333333333333	0.24242424242424243
oxygen	family	7	taxonomy	same_class	19	0.5	0.2717948717948718
oxygen	family	7	taxonomy	same_order	21	0.4444444444444445	0.4226475279106858
oxygen	family	8	prevalence	same_class	20	0.3333333333333333	0.2962962962962963
oxygen	family	8	prevalence	same_order	26	0.3333333333333333	0.2978723404255319
oxygen	family	8	taxonomy	same_class	20	0.1875	0.23076923076923075
oxygen	family	8	taxonomy	same_order	26	0.5793650793650793	0.627906976744186
oxygen	family	9	prevalence	same_order	39	0.3333333333333333	0.28431372549019607
oxygen	family	9	taxonomy	same_order	39	0.4568965517241379	0.5066666666666667
oxygen	family	10	prevalence	same_order	28	0.3333333333333333	0.3006535947712418
oxygen	family	10	prevalence	same_phylum	10	0.5	0.09090909090909091
oxygen	family	10	taxonomy	same_order	28	0.677536231884058	0.48541897379106685
oxygen	family	10	taxonomy	same_phylum	10	0.0	0.0
oxygen	family	11	prevalence	same_class	9	0.5	0.47058823529411764
oxygen	family	11	prevalence	same_order	31	0.3333333333333333	0.2074074074074074
oxygen	family	11	taxonomy	same_class	9	0.5	0.1
oxygen	family	11	taxonomy	same_order	31	0.6457431457431458	0.5641025641025641
oxygen	family	12	prevalence	same_class	9	0.5	0.47058823529411764
oxygen	family	12	prevalence	same_order	29	0.3333333333333333	0.27999999999999997
oxygen	family	12	taxonomy	same_class	9	0.5	0.1
oxygen	family	12	taxonomy	same_order	29	0.45634920634920634	0.35188129305776367
oxygen	family	13	prevalence	same_class	20	0.5	0.4594594594594595
oxygen	family	13	prevalence	same_order	19	0.5	0.45714285714285713
oxygen	family	13	taxonomy	same_class	20	0.0	0.0
oxygen	family	13	taxonomy	same_order	19	0.6354166666666666	0.6545454545454545
oxygen	family	14	prevalence	same_class	10	0.5	0.47368421052631576
oxygen	family	14	prevalence	same_order	29	0.3333333333333333	0.272108843537415
oxygen	family	14	taxonomy	same_class	10	0.5	0.47368421052631576
oxygen	family	14	taxonomy	same_order	29	0.4357142857142857	0.40972222222222215
oxygen	family	15	prevalence	same_order	38	0.3333333333333333	0.2142857142857143
oxygen	family	15	taxonomy	same_order	38	0.7111111111111111	0.7224171539961014
oxygen	family	16	prevalence	same_class	10	0.5	0.4444444444444444
oxygen	family	16	prevalence	same_order	21	0.3333333333333333	0.24242424242424243
oxygen	family	16	prevalence	same_phylum	10	0.5	0.09090909090909091
oxygen	family	16	taxonomy	same_class	10	0.5	0.4444444444444444
oxygen	family	16	taxonomy	same_order	21	0.3611111111111111	0.34035087719298246
oxygen	family	16	taxonomy	same_phylum	10	0.0	0.0
oxygen	family	17	prevalence	same_order	38	0.3333333333333333	0.26455026455026454
oxygen	family	17	taxonomy	same_order	38	0.3377777777777778	0.35166666666666674
oxygen	family	18	prevalence	same_class	10	0.5	0.47368421052631576
oxygen	family	18	prevalence	same_order	36	0.3333333333333333	0.24561403508771928
oxygen	family	18	taxonomy	same_class	10	0.5	0.09090909090909091
oxygen	family	18	taxonomy	same_order	36	0.6349206349206349	0.47918801541989947
oxygen	family	19	prevalence	same_class	13	0.3333333333333333	0.2898550724637681
oxygen	family	19	prevalence	same_order	28	0.5	0.48148148148148145
oxygen	family	19	taxonomy	same_class	13	0.6333333333333333	0.5666666666666668
oxygen	family	19	taxonomy	same_order	28	0.5769230769230769	0.21025641025641026
oxygen	order	0	prevalence	same_class	40	0.3333333333333333	0.26865671641791045
oxygen	order	0	taxonomy	same_class	40	0.3333333333333333	0.06060606060606061
oxygen	order	1	prevalence	same_class	39	0.3333333333333333	0.25396825396825395
oxygen	order	1	taxonomy	same_class	39	0.4444444444444444	0.32780291603821016
oxygen	order	2	prevalence	same_class	43	0.3333333333333333	0.29914529914529914
oxygen	order	2	taxonomy	same_class	43	0.5142857142857142	0.3682340647857889
oxygen	order	3	prevalence	same_class	40	0.3333333333333333	0.29107981220657275
oxygen	order	3	taxonomy	same_class	40	0.3279569892473118	0.289027149321267
oxygen	order	4	prevalence	same_class	40	0.3333333333333333	0.2801932367149758
oxygen	order	4	taxonomy	same_class	40	0.31417624521072796	0.2746831712348954
oxygen	order	5	prevalence	same_class	29	0.3333333333333333	0.3018867924528302
oxygen	order	5	prevalence	same_phylum	10	0.5	0.09090909090909091
oxygen	order	5	taxonomy	same_class	29	0.38888888888888884	0.26875085698615114
oxygen	order	5	taxonomy	same_phylum	10	0.0	0.0
oxygen	order	6	prevalence	same_class	43	0.3333333333333333	0.273972602739726
oxygen	order	6	taxonomy	same_class	43	0.37777777777777777	0.3399612965650702
oxygen	order	7	prevalence	same_class	40	0.3333333333333333	0.2962962962962963
oxygen	order	7	taxonomy	same_class	40	0.4375	0.2698412698412698
oxygen	order	8	prevalence	same_class	40	0.3333333333333333	0.23655913978494625
oxygen	order	8	taxonomy	same_class	40	0.39285714285714285	0.2445887445887446
oxygen	order	9	prevalence	same_class	40	0.3333333333333333	0.29107981220657275
oxygen	order	9	taxonomy	same_class	40	0.32565284178187404	0.3398692810457516
oxygen	order	10	prevalence	same_class	40	0.3333333333333333	0.2626262626262626
oxygen	order	10	taxonomy	same_class	40	0.1692307692307692	0.1603864734299517
oxygen	order	11	prevalence	same_class	40	0.3333333333333333	0.25
oxygen	order	11	taxonomy	same_class	40	0.4166666666666667	0.27972027972027974
oxygen	order	12	prevalence	same_class	40	0.3333333333333333	0.30630630630630634
oxygen	order	12	taxonomy	same_class	40	0.4264705882352941	0.3253968253968254
oxygen	order	13	prevalence	same_class	39	0.3333333333333333	0.3153153153153153
oxygen	order	13	taxonomy	same_class	39	0.41904761904761906	0.22424242424242424
oxygen	order	14	prevalence	same_class	40	0.3333333333333333	0.26865671641791045
oxygen	order	14	taxonomy	same_class	40	0.23961840628507294	0.1165843262617456
oxygen	order	15	prevalence	same_class	40	0.3333333333333333	0.3013698630136986
oxygen	order	15	taxonomy	same_class	40	0.23232323232323235	0.24338624338624337
oxygen	order	16	prevalence	same_class	40	0.3333333333333333	0.20689655172413793
oxygen	order	16	taxonomy	same_class	40	0.3462962962962963	0.2541125541125541
oxygen	order	17	prevalence	same_class	39	0.3333333333333333	0.27860696517412936
oxygen	order	17	taxonomy	same_class	39	0.4047619047619048	0.32264957264957267
oxygen	order	18	prevalence	same_class	39	0.3333333333333333	0.2604166666666667
oxygen	order	18	taxonomy	same_class	39	0.19999999999999998	0.1851851851851852
oxygen	order	19	prevalence	same_class	33	0.3333333333333333	0.23529411764705885
oxygen	order	19	prevalence	same_phylum	10	0.5	0.09090909090909091
oxygen	order	19	taxonomy	same_class	33	0.4166666666666667	0.26330532212885155
oxygen	order	19	taxonomy	same_phylum	10	0.0	0.0
temperature	within	0	prevalence	same_family	19	0.3333333333333333	0.2828282828282828
temperature	within	0	prevalence	same_genus	14	0.5	0.4166666666666667
temperature	within	0	prevalence	same_order	5	0.5	0.4444444444444444
temperature	within	0	taxonomy	same_family	19	0.5119047619047619	0.49333333333333335
temperature	within	0	taxonomy	same_genus	14	0.825	0.5857142857142857
temperature	within	0	taxonomy	same_order	5	0.125	0.1111111111111111
temperature	within	1	prevalence	same_family	16	0.5	0.4482758620689655
temperature	within	1	prevalence	same_genus	14	0.5	0.36363636363636365
temperature	within	1	prevalence	same_order	8	0.5	0.4666666666666667
temperature	within	1	taxonomy	same_family	16	0.48717948717948717	0.2901960784313726
temperature	within	1	taxonomy	same_genus	14	0.9166666666666667	0.9251336898395721
temperature	within	1	taxonomy	same_order	8	0.42857142857142855	0.42857142857142855
temperature	within	2	prevalence	same_family	19	0.3333333333333333	0.29411764705882354
temperature	within	2	prevalence	same_genus	10	0.5	0.2857142857142857
temperature	within	2	prevalence	same_order	9	0.3333333333333333	0.26666666666666666
temperature	within	2	taxonomy	same_family	19	0.5333333333333333	0.4318181818181818
temperature	within	2	taxonomy	same_genus	10	0.7083333333333333	0.48888888888888893
temperature	within	2	taxonomy	same_order	9	0.7222222222222222	0.6313131313131314
temperature	within	3	prevalence	same_family	17	0.3333333333333333	0.3010752688172043
temperature	within	3	prevalence	same_genus	17	0.5	0.45161290322580644
temperature	within	3	prevalence	same_order	4	0.5	0.42857142857142855
temperature	within	3	taxonomy	same_family	17	0.6666666666666666	0.42857142857142855
temperature	within	3	taxonomy	same_genus	17	0.8928571428571428	0.7733333333333333
temperature	within	3	taxonomy	same_order	4	0.8333333333333333	0.6
temperature	within	4	prevalence	same_family	15	0.3333333333333333	0.28205128205128205
temperature	within	4	prevalence	same_genus	20	0.3333333333333333	0.2745098039215686
temperature	within	4	prevalence	same_order	3	0.5	0.25
temperature	within	4	taxonomy	same_family	15	0.393939393939394	0.2692307692307692
temperature	within	4	taxonomy	same_genus	20	0.6666666666666666	0.6551724137931035
temperature	within	4	taxonomy	same_order	3	0.75	0.5555555555555555
temperature	within	5	prevalence	same_family	16	0.5	0.4838709677419355
temperature	within	5	prevalence	same_genus	17	0.5	0.39285714285714285
temperature	within	5	prevalence	same_order	5	0.5	0.375
temperature	within	5	taxonomy	same_family	16	0.8	0.3833333333333333
temperature	within	5	taxonomy	same_genus	17	0.9545454545454546	0.9377289377289377
temperature	within	5	taxonomy	same_order	5	0.16666666666666666	0.16666666666666666
temperature	within	6	prevalence	same_family	19	0.5	0.42424242424242425
temperature	within	6	prevalence	same_genus	14	0.5	0.46153846153846156
temperature	within	6	prevalence	same_order	5	1.0	1.0
temperature	within	6	taxonomy	same_family	19	0.6214285714285714	0.4166666666666667
temperature	within	6	taxonomy	same_genus	14	0.9583333333333333	0.8782608695652174
temperature	within	6	taxonomy	same_order	5	0.6	0.25
temperature	within	7	prevalence	same_family	18	0.3333333333333333	0.2916666666666667
temperature	within	7	prevalence	same_genus	14	0.5	0.44
temperature	within	7	prevalence	same_order	6	1.0	1.0
temperature	within	7	taxonomy	same_family	18	0.6746031746031745	0.4161793372319688
temperature	within	7	taxonomy	same_genus	14	0.7878787878787878	0.7878787878787878
temperature	within	7	taxonomy	same_order	6	0.3333333333333333	0.16666666666666666
temperature	within	8	prevalence	same_family	19	0.5	0.4864864864864865
temperature	within	8	prevalence	same_genus	14	0.5	0.44
temperature	within	8	prevalence	same_order	5	0.5	0.4444444444444444
temperature	within	8	taxonomy	same_family	19	0.3055555555555556	0.24444444444444444
temperature	within	8	taxonomy	same_genus	14	0.9090909090909092	0.5857142857142857
temperature	within	8	taxonomy	same_order	5	1.0	1.0
temperature	within	9	prevalence	same_family	13	0.3333333333333333	0.2898550724637681
temperature	within	9	prevalence	same_genus	12	0.5	0.42857142857142855
temperature	within	9	prevalence	same_order	13	0.5	0.43478260869565216
temperature	within	9	taxonomy	same_family	13	0.5333333333333333	0.35555555555555557
temperature	within	9	taxonomy	same_genus	12	0.7777777777777777	0.562962962962963
temperature	within	9	taxonomy	same_order	13	0.2	0.19047619047619047
temperature	within	10	prevalence	same_family	16	0.3333333333333333	0.3111111111111111
temperature	within	10	prevalence	same_genus	16	0.5	0.4666666666666667
temperature	within	10	prevalence	same_order	6	1.0	1.0
temperature	within	10	taxonomy	same_family	16	0.19047619047619047	0.2318840579710145
temperature	within	10	taxonomy	same_genus	16	0.6785714285714286	0.46296296296296297
temperature	within	10	taxonomy	same_order	6	1.0	1.0
temperature	within	11	prevalence	same_family	18	0.3333333333333333	0.2795698924731183
temperature	within	11	prevalence	same_genus	9	0.5	0.47058823529411764
temperature	within	11	prevalence	same_order	11	0.5	0.45
temperature	within	11	taxonomy	same_family	18	0.7884615384615384	0.6035353535353535
temperature	within	11	taxonomy	same_genus	9	1.0	1.0
temperature	within	11	taxonomy	same_order	11	0.4722222222222222	0.3717948717948718
temperature	within	12	prevalence	same_family	21	0.5	0.4473684210526316
temperature	within	12	prevalence	same_genus	13	0.5	0.4090909090909091
temperature	within	12	prevalence	same_order	4	0.5	0.42857142857142855
temperature	within	12	taxonomy	same_family	21	0.6397058823529411	0.36507936507936506
temperature	within	12	taxonomy	same_genus	13	0.9444444444444444	0.9150326797385621
temperature	within	12	taxonomy	same_order	4	1.0	1.0
temperature	within	13	prevalence	same_family	18	0.3333333333333333	0.26666666666666666
temperature	within	13	prevalence	same_genus	14	0.5	0.3333333333333333
temperature	within	13	prevalence	same_order	6	1.0	1.0
temperature	within	13	taxonomy	same_family	18	0.7944444444444446	0.6606837606837607
temperature	within	13	taxonomy	same_genus	14	0.9285714285714286	0.9282051282051282
temperature	within	13	taxonomy	same_order	6	0.5	0.2222222222222222
temperature	within	14	prevalence	same_family	18	0.5	0.41935483870967744
temperature	within	14	prevalence	same_genus	11	0.3333333333333333	0.3
temperature	within	14	prevalence	same_order	9	0.5	0.4
temperature	within	14	taxonomy	same_family	18	0.4307692307692308	0.3212121212121212
temperature	within	14	taxonomy	same_genus	11	0.5925925925925926	0.4411764705882353
temperature	within	14	taxonomy	same_order	9	0.8333333333333333	0.775
temperature	within	15	prevalence	same_family	21	0.3333333333333333	0.3076923076923077
temperature	within	15	prevalence	same_genus	6	0.5	0.4
temperature	within	15	prevalence	same_order	11	0.5	0.42105263157894735
temperature	within	15	taxonomy	same_family	21	0.7222222222222222	0.5166666666666667
temperature	within	15	taxonomy	same_genus	6	0.75	0.7777777777777777
temperature	within	15	taxonomy	same_order	11	0.7708333333333333	0.5333333333333333
temperature	within	16	prevalence	same_family	21	0.3333333333333333	0.2777777777777778
temperature	within	16	prevalence	same_genus	13	0.5	0.4090909090909091
temperature	within	16	prevalence	same_order	4	0.5	0.42857142857142855
temperature	within	16	taxonomy	same_family	21	0.4222222222222222	0.4287317620650954
temperature	within	16	taxonomy	same_genus	13	0.7638888888888888	0.7450980392156863
temperature	within	16	taxonomy	same_order	4	0.0	0.0
temperature	within	17	prevalence	same_family	22	0.5	0.4358974358974359
temperature	within	17	prevalence	same_genus	13	0.5	0.43478260869565216
temperature	within	17	prevalence	same_order	3	0.5	0.4
temperature	within	17	taxonomy	same_family	22	0.6058823529411765	0.37222222222222223
temperature	within	17	taxonomy	same_genus	13	0.95	0.9022556390977443
temperature	within	17	taxonomy	same_order	3	0.5	0.3333333333333333
temperature	within	18	prevalence	same_family	20	0.3333333333333333	0.2626262626262626
temperature	within	18	prevalence	same_genus	9	0.5	0.4375
temperature	within	18	prevalence	same_order	9	1.0	1.0
temperature	within	18	taxonomy	same_family	20	0.4230769230769231	0.4444444444444445
temperature	within	18	taxonomy	same_genus	9	0.75	0.8
temperature	within	18	taxonomy	same_order	9	0.6666666666666666	0.26666666666666666
temperature	within	19	prevalence	same_family	23	0.3333333333333333	0.2926829268292683
temperature	within	19	prevalence	same_genus	10	0.5	0.47368421052631576
temperature	within	19	prevalence	same_order	5	0.5	0.4444444444444444
temperature	within	19	taxonomy	same_family	23	0.8148148148148149	0.5384615384615384
temperature	within	19	taxonomy	same_genus	10	0.8333333333333333	0.43333333333333335
temperature	within	19	taxonomy	same_order	5	0.75	0.5833333333333333
temperature	genus	0	prevalence	same_family	27	0.3333333333333333	0.29931972789115646
temperature	genus	0	prevalence	same_order	15	0.3333333333333333	0.2318840579710145
temperature	genus	0	taxonomy	same_family	27	0.49242424242424243	0.4484848484848485
temperature	genus	0	taxonomy	same_order	15	0.4583333333333333	0.4166666666666667
temperature	genus	1	prevalence	same_family	26	0.3333333333333333	0.2978723404255319
temperature	genus	1	prevalence	same_order	12	0.3333333333333333	0.19607843137254902
temperature	genus	1	taxonomy	same_family	26	0.42857142857142855	0.35873015873015873
temperature	genus	1	taxonomy	same_order	12	0.9333333333333332	0.8518518518518517
temperature	genus	2	prevalence	same_family	31	0.3333333333333333	0.30409356725146197
temperature	genus	2	prevalence	same_order	7	0.5	0.4166666666666667
temperature	genus	2	taxonomy	same_family	31	0.5683760683760682	0.4155210643015521
temperature	genus	2	taxonomy	same_order	7	0.65	0.5185185185185185
temperature	genus	3	prevalence	same_family	25	0.3333333333333333	0.2280701754385965
temperature	genus	3	prevalence	same_order	13	0.3333333333333333	0.1851851851851852
temperature	genus	3	taxonomy	same_family	25	0.3194139194139194	0.31666666666666665
temperature	genus	3	taxonomy	same_order	13	0.6333333333333333	0.6190476190476191
temperature	genus	4	prevalence	same_family	31	0.5	0.48333333333333334
temperature	genus	4	prevalence	same_order	7	0.5	0.36363636363636365
temperature	genus	4	taxonomy	same_family	31	0.646551724137931	0.40041928721174
temperature	genus	4	taxonomy	same_order	7	0.7083333333333333	0.5079365079365079
temperature	genus	5	prevalence	same_family	26	0.3333333333333333	0.25396825396825395
temperature	genus	5	prevalence	same_order	12	0.3333333333333333	0.19607843137254902
temperature	genus	5	taxonomy	same_family	26	0.5	0.47683733890630436
temperature	genus	5	taxonomy	same_order	12	0.7999999999999999	0.6648351648351648
temperature	genus	6	prevalence	same_family	33	0.3333333333333333	0.2937853107344633
temperature	genus	6	prevalence	same_order	6	0.5	0.45454545454545453
temperature	genus	6	taxonomy	same_family	33	0.5042735042735043	0.4248777078965758
temperature	genus	6	taxonomy	same_order	6	0.9	0.7777777777777777
temperature	genus	7	prevalence	same_family	25	0.3333333333333333	0.27906976744186046
temperature	genus	7	prevalence	same_order	13	0.3333333333333333	0.125
temperature	genus	7	taxonomy	same_family	25	0.35185185185185186	0.375
temperature	genus	7	taxonomy	same_order	13	0.7777777777777778	0.7634920634920634
temperature	genus	8	prevalence	same_family	25	0.3333333333333333	0.2601626016260163
temperature	genus	8	prevalence	same_order	13	0.5	0.4583333333333333
temperature	genus	8	taxonomy	same_family	25	0.6625	0.6338259441707718
temperature	genus	8	taxonomy	same_order	13	0.45454545454545453	0.31746031746031744
temperature	genus	9	prevalence	same_family	29	0.3333333333333333	0.2638888888888889
temperature	genus	9	prevalence	same_order	9	0.5	0.4375
temperature	genus	9	taxonomy	same_family	29	0.5614035087719299	0.5615069615069616
temperature	genus	9	taxonomy	same_order	9	0.7142857142857143	0.55
temperature	genus	10	prevalence	same_family	22	0.3333333333333333	0.2702702702702703
temperature	genus	10	prevalence	same_order	17	0.5	0.39285714285714285
temperature	genus	10	taxonomy	same_family	22	0.35555555555555557	0.26936026936026936
temperature	genus	10	taxonomy	same_order	17	1.0	1.0
temperature	genus	11	prevalence	same_family	25	0.3333333333333333	0.2878787878787879
temperature	genus	11	prevalence	same_order	13	0.5	0.4583333333333333
temperature	genus	11	taxonomy	same_family	25	0.4456140350877193	0.45925925925925926
temperature	genus	11	taxonomy	same_order	13	0.5681818181818181	0.3925925925925926
temperature	genus	12	prevalence	same_family	29	0.3333333333333333	0.272108843537415
temperature	genus	12	prevalence	same_order	9	0.5	0.4375
temperature	genus	12	taxonomy	same_family	29	0.48333333333333334	0.29642857142857143
temperature	genus	12	taxonomy	same_order	9	1.0	1.0
temperature	genus	13	prevalence	same_family	27	0.3333333333333333	0.26666666666666666
temperature	genus	13	prevalence	same_order	11	0.3333333333333333	0.3
temperature	genus	13	taxonomy	same_family	27	0.7751322751322752	0.6254480286738352
temperature	genus	13	taxonomy	same_order	11	1.0	1.0
temperature	genus	14	prevalence	same_family	33	0.5	0.45901639344262296
temperature	genus	14	prevalence	same_order	5	0.5	0.4444444444444444
temperature	genus	14	taxonomy	same_family	33	0.7392857142857143	0.47463175122749596
temperature	genus	14	taxonomy	same_order	5	0.875	0.7619047619047619
temperature	genus	15	prevalence	same_family	26	0.3333333333333333	0.24390243902439024
temperature	genus	15	prevalence	same_order	13	0.3333333333333333	0.21052631578947367
temperature	genus	15	taxonomy	same_family	26	0.5	0.4556060606060606
temperature	genus	15	taxonomy	same_order	13	0.6666666666666666	0.3968253968253968
temperature	genus	16	prevalence	same_family	29	0.3333333333333333	0.30864197530864196
temperature	genus	16	prevalence	same_order	9	0.5	0.4
temperature	genus	16	taxonomy	same_family	29	0.43555555555555553	0.38139534883720927
temperature	genus	16	taxonomy	same_order	9	0.25	0.2222222222222222
temperature	genus	17	prevalence	same_family	25	0.3333333333333333	0.27906976744186046
temperature	genus	17	prevalence	same_order	13	0.5	0.4583333333333333
temperature	genus	17	taxonomy	same_family	25	0.7962962962962963	0.6041666666666666
temperature	genus	17	taxonomy	same_order	13	0.6136363636363636	0.4473684210526316
temperature	genus	18	prevalence	same_family	24	0.5	0.4782608695652174
temperature	genus	18	prevalence	same_order	14	0.3333333333333333	0.2222222222222222
temperature	genus	18	taxonomy	same_family	24	0.5454545454545454	0.335978835978836
temperature	genus	18	taxonomy	same_order	14	0.8095238095238096	0.7833333333333333
temperature	genus	19	prevalence	same_family	29	0.5	0.43137254901960786
temperature	genus	19	prevalence	same_order	10	0.5	0.23076923076923078
temperature	genus	19	taxonomy	same_family	29	0.6071428571428572	0.3672014260249554
temperature	genus	19	taxonomy	same_order	10	0.6666666666666666	0.4777777777777778
temperature	family	0	prevalence	same_class	10	0.0	0.0
temperature	family	0	prevalence	same_order	30	0.3333333333333333	0.2893081761006289
temperature	family	0	taxonomy	same_class	10	1.0	1.0
temperature	family	0	taxonomy	same_order	30	0.5710144927536231	0.5645390070921986
temperature	family	1	prevalence	same_class	20	0.5	0.48717948717948717
temperature	family	1	prevalence	same_order	22	0.3333333333333333	0.3
temperature	family	1	taxonomy	same_class	20	0.23684210526315788	0.3103448275862069
temperature	family	1	taxonomy	same_order	22	0.6666666666666666	0.6576576576576577
temperature	family	2	prevalence	same_order	42	0.3333333333333333	0.27230046948356806
temperature	family	2	taxonomy	same_order	42	0.38058748403575987	0.35683760683760685
temperature	family	3	prevalence	same_class	10	0.5	0.47368421052631576
temperature	family	3	prevalence	same_order	28	0.3333333333333333	0.2777777777777778
temperature	family	3	taxonomy	same_class	10	0.5	0.47368421052631576
temperature	family	3	taxonomy	same_order	28	0.8333333333333334	0.8888888888888888
temperature	family	4	prevalence	same_class	13	0.3333333333333333	0.25396825396825395
temperature	family	4	prevalence	same_order	26	0.3333333333333333	0.2898550724637681
temperature	family	4	taxonomy	same_class	13	0.375	0.3544973544973545
temperature	family	4	taxonomy	same_order	26	0.5499999999999999	0.3501400560224089
temperature	family	5	prevalence	same_class	13	0.3333333333333333	0.3055555555555555
temperature	family	5	prevalence	same_order	26	0.3333333333333333	0.27272727272727276
temperature	family	5	taxonomy	same_class	13	0.3333333333333333	0.047619047619047616
temperature	family	5	taxonomy	same_order	26	0.8037037037037038	0.6619644723092999
temperature	family	6	prevalence	same_order	39	0.3333333333333333	0.24731182795698925
temperature	family	6	taxonomy	same_order	39	0.5108695652173912	0.4405797101449275
temperature	family	7	prevalence	same_class	19	0.5	0.45714285714285713
temperature	family	7	prevalence	same_order	21	0.5	0.46153846153846156
temperature	family	7	taxonomy	same_class	19	0.41666666666666663	0.391025641025641
temperature	family	7	taxonomy	same_order	21	0.2222222222222222	0.20512820512820515
temperature	family	8	prevalence	same_class	20	0.5	0.48717948717948717
temperature	family	8	prevalence	same_order	26	0.3333333333333333	0.25396825396825395
temperature	family	8	taxonomy	same_class	20	0.23684210526315788	0.3103448275862069
temperature	family	8	taxonomy	same_order	26	0.3601190476190476	0.33723196881091616
temperature	family	9	prevalence	same_order	39	0.3333333333333333	0.28431372549019607
temperature	family	9	taxonomy	same_order	39	0.4850574712643678	0.40045248868778277
temperature	family	10	prevalence	same_order	28	0.3333333333333333	0.2608695652173913
temperature	family	10	prevalence	same_phylum	10	0.3333333333333333	0.19047619047619047
temperature	family	10	taxonomy	same_order	28	0.4351851851851852	0.4655677655677655
temperature	family	10	taxonomy	same_phylum	10	0.3333333333333333	0.2222222222222222
temperature	family	11	prevalence	same_class	9	0.5	0.47058823529411764
temperature	family	11	prevalence	same_order	31	0.3333333333333333	0.23611111111111113
temperature	family	11	taxonomy	same_class	9	0.5	0.1
temperature	family	11	taxonomy	same_order	31	0.6647058823529411	0.5140882509303561
temperature	family	12	prevalence	same_class	9	0.5	0.47058823529411764
temperature	family	12	prevalence	same_order	29	0.3333333333333333	0.3018867924528302
temperature	family	12	taxonomy	same_class	9	0.5	0.1
temperature	family	12	taxonomy	same_order	29	0.5972222222222222	0.5972222222222222
temperature	family	13	prevalence	same_class	20	0.5	0.4594594594594595
temperature	family	13	prevalence	same_order	19	0.3333333333333333	0.2828282828282828
temperature	family	13	taxonomy	same_class	20	0.5	0.4594594594594595
temperature	family	13	taxonomy	same_order	19	0.6309523809523809	0.527065527065527
temperature	family	14	prevalence	same_class	10	0.5	0.47368421052631576
temperature	family	14	prevalence	same_order	29	0.3333333333333333	0.28758169934640526
temperature	family	14	taxonomy	same_class	10	0.5	0.47368421052631576
temperature	family	14	taxonomy	same_order	29	0.5	0.38235294117647056
temperature	family	15	prevalence	same_order	38	0.3333333333333333	0.23728813559322035
temperature	family	15	taxonomy	same_order	38	0.7444444444444445	0.6583333333333333
temperature	family	16	prevalence	same_class	10	0.5	0.4444444444444444
temperature	family	16	prevalence	same_order	21	0.3333333333333333	0.2549019607843137
temperature	family	16	prevalence	same_phylum	10	0.3333333333333333	0.19047619047619047
temperature	family	16	taxonomy	same_class	10	0.5	0.4444444444444444
temperature	family	16	taxonomy	same_order	21	0.7307692307692308	0.6893939393939394
temperature	family	16	taxonomy	same_phylum	10	0.3333333333333333	0.2222222222222222
temperature	family	17	prevalence	same_order	38	0.3333333333333333	0.2708333333333333
temperature	family	17	taxonomy	same_order	38	0.717948717948718	0.6393939393939393
temperature	family	18	prevalence	same_class	10	0.5	0.47368421052631576
temperature	family	18	prevalence	same_order	36	0.3333333333333333	0.2916666666666667
temperature	family	18	taxonomy	same_class	10	0.5	0.47368421052631576
temperature	family	18	taxonomy	same_order	36	0.7380952380952381	0.5477382520860782
temperature	family	19	prevalence	same_class	13	0.3333333333333333	0.2898550724637681
temperature	family	19	prevalence	same_order	28	0.3333333333333333	0.21138211382113822
temperature	family	19	taxonomy	same_class	13	0.4666666666666666	0.43333333333333335
temperature	family	19	taxonomy	same_order	28	0.764102564102564	0.7069479965899403
temperature	order	0	prevalence	same_class	40	0.3333333333333333	0.29107981220657275
temperature	order	0	taxonomy	same_class	40	0.6	0.25620915032679736
temperature	order	1	prevalence	same_class	39	0.3333333333333333	0.3153153153153153
temperature	order	1	taxonomy	same_class	39	0.5206349206349207	0.20942760942760943
temperature	order	2	prevalence	same_class	43	0.3333333333333333	0.26851851851851855
temperature	order	2	taxonomy	same_class	43	0.7632183908045977	0.6289715886354542
temperature	order	3	prevalence	same_class	40	0.3333333333333333	0.22950819672131148
temperature	order	3	taxonomy	same_class	40	0.7190476190476192	0.6262281256588657
temperature	order	4	prevalence	same_class	40	0.3333333333333333	0.26865671641791045
temperature	order	4	taxonomy	same_class	40	0.43209876543209874	0.3230059327620303
temperature	order	5	prevalence	same_class	29	0.3333333333333333	0.28758169934640526
temperature	order	5	prevalence	same_phylum	10	0.3333333333333333	0.19047619047619047
temperature	order	5	taxonomy	same_class	29	0.29545454545454547	0.2735042735042735
temperature	order	5	taxonomy	same_phylum	10	0.3333333333333333	0.2222222222222222
temperature	order	6	prevalence	same_class	43	0.3333333333333333	0.20430107526881722
temperature	order	6	taxonomy	same_class	43	0.6736842105263158	0.6361602982292638
temperature	order	7	prevalence	same_class	40	0.3333333333333333	0.2222222222222222
temperature	order	7	taxonomy	same_class	40	0.6904761904761904	0.6417112299465241
temperature	order	8	prevalence	same_class	40	0.3333333333333333	0.2222222222222222
temperature	order	8	taxonomy	same_class	40	0.3333333333333333	0.2318840579710145
temperature	order	9	prevalence	same_class	40	0.3333333333333333	0.3013698630136986
temperature	order	9	taxonomy	same_class	40	0.5252525252525252	0.48899371069182385
temperature	order	10	prevalence	same_class	40	0.5	0.4666666666666667
temperature	order	10	taxonomy	same_class	40	0.5428571428571429	0.3259259259259259
temperature	order	11	prevalence	same_class	40	0.3333333333333333	0.24338624338624337
temperature	order	11	taxonomy	same_class	40	0.47826086956521735	0.4035705896171013
temperature	order	12	prevalence	same_class	40	0.3333333333333333	0.2745098039215686
temperature	order	12	taxonomy	same_class	40	0.4523809523809524	0.4008620689655172
temperature	order	13	prevalence	same_class	39	0.3333333333333333	0.3055555555555555
temperature	order	13	taxonomy	same_class	39	0.5616161616161616	0.31236897274633124
temperature	order	14	prevalence	same_class	40	0.3333333333333333	0.3203463203463203
temperature	order	14	taxonomy	same_class	40	0.16666666666666666	0.030303030303030304
temperature	order	15	prevalence	same_class	40	0.5	0.4805194805194805
temperature	order	15	taxonomy	same_class	40	0.5	0.4805194805194805
temperature	order	16	prevalence	same_class	40	0.3333333333333333	0.30630630630630634
temperature	order	16	taxonomy	same_class	40	0.35490196078431374	0.24303030303030304
temperature	order	17	prevalence	same_class	39	0.3333333333333333	0.26666666666666666
temperature	order	17	taxonomy	same_class	39	0.6752136752136751	0.6497584541062802
temperature	order	18	prevalence	same_class	39	0.5	0.4507042253521127
temperature	order	18	taxonomy	same_class	39	0.65625	0.43253968253968256
temperature	order	19	prevalence	same_class	33	0.3333333333333333	0.2807017543859649
temperature	order	19	prevalence	same_phylum	10	0.3333333333333333	0.19047619047619047
temperature	order	19	taxonomy	same_class	33	0.39166666666666666	0.32461873638344224
temperature	order	19	taxonomy	same_phylum	10	0.3333333333333333	0.2222222222222222
